[  3%] Building CXX object CMakeFiles/hub75_clock.dir/src/animations/airplane.cpp.o
In file included from /usr/include/c++/12/vector:64,
                 from /home/ikonis/rpi-rgb-led-matrix/include/led-matrix.h:27,
                 from /home/ikonis/hub75-clock/clock-cpp/include/Animation.h:4,
                 from /home/ikonis/hub75-clock/clock-cpp/src/animations/airplane.cpp:1:
/usr/include/c++/12/bits/stl_vector.h: In copy constructor ‘std::vector<_Tp, _Alloc>::vector(const std::vector<_Tp, _Alloc>&) [with _Tp = nlohmann::json_abi_v3_11_2::basic_json<>; _Alloc = std::allocator<nlohmann::json_abi_v3_11_2::basic_json<> >]’:
/usr/include/c++/12/bits/stl_vector.h:601:38: note: parameter passing for argument of type ‘__gnu_cxx::__normal_iterator<const nlohmann::json_abi_v3_11_2::basic_json<>*, std::vector<nlohmann::json_abi_v3_11_2::basic_json<>, std::allocator<nlohmann::json_abi_v3_11_2::basic_json<> > > >’ changed in GCC 7.1
  601 |           std::__uninitialized_copy_a(__x.begin(), __x.end(),
      |           ~~~~~~~~~~~~~~~~~~~~~~~~~~~^~~~~~~~~~~~~~~~~~~~~~~~
  602 |                                       this->_M_impl._M_start,
      |                                       ~~~~~~~~~~~~~~~~~~~~~~~
  603 |                                       _M_get_Tp_allocator());
      |                                       ~~~~~~~~~~~~~~~~~~~~~~
In file included from /usr/include/c++/12/vector:63:
/usr/include/c++/12/bits/stl_uninitialized.h: In function ‘_ForwardIterator std::__uninitialized_copy_a(_InputIterator, _InputIterator, _ForwardIterator, allocator<_Tp>&) [with _InputIterator = __gnu_cxx::__normal_iterator<const nlohmann::json_abi_v3_11_2::basic_json<>*, vector<nlohmann::json_abi_v3_11_2::basic_json<>, allocator<nlohmann::json_abi_v3_11_2::basic_json<> > > >; _ForwardIterator = nlohmann::json_abi_v3_11_2::basic_json<>*; _Tp = nlohmann::json_abi_v3_11_2::basic_json<>]’:
/usr/include/c++/12/bits/stl_uninitialized.h:365:5: note: parameter passing for argument of type ‘__gnu_cxx::__normal_iterator<const nlohmann::json_abi_v3_11_2::basic_json<>*, std::vector<nlohmann::json_abi_v3_11_2::basic_json<>, std::allocator<nlohmann::json_abi_v3_11_2::basic_json<> > > >’ changed in GCC 7.1
  365 |     __uninitialized_copy_a(_InputIterator __first, _InputIterator __last,
      |     ^~~~~~~~~~~~~~~~~~~~~~
/usr/include/c++/12/bits/stl_uninitialized.h:365:5: note: parameter passing for argument of type ‘__gnu_cxx::__normal_iterator<const nlohmann::json_abi_v3_11_2::basic_json<>*, std::vector<nlohmann::json_abi_v3_11_2::basic_json<>, std::allocator<nlohmann::json_abi_v3_11_2::basic_json<> > > >’ changed in GCC 7.1
/usr/include/c++/12/bits/stl_uninitialized.h:372:37: note: parameter passing for argument of type ‘__gnu_cxx::__normal_iterator<const nlohmann::json_abi_v3_11_2::basic_json<>*, std::vector<nlohmann::json_abi_v3_11_2::basic_json<>, std::allocator<nlohmann::json_abi_v3_11_2::basic_json<> > > >’ changed in GCC 7.1
  372 |       return std::uninitialized_copy(__first, __last, __result);
      |              ~~~~~~~~~~~~~~~~~~~~~~~^~~~~~~~~~~~~~~~~~~~~~~~~~~
/usr/include/c++/12/bits/stl_uninitialized.h: In function ‘_ForwardIterator std::uninitialized_copy(_InputIterator, _InputIterator, _ForwardIterator) [with _InputIterator = __gnu_cxx::__normal_iterator<const nlohmann::json_abi_v3_11_2::basic_json<>*, vector<nlohmann::json_abi_v3_11_2::basic_json<>, allocator<nlohmann::json_abi_v3_11_2::basic_json<> > > >; _ForwardIterator = nlohmann::json_abi_v3_11_2::basic_json<>*]’:
/usr/include/c++/12/bits/stl_uninitialized.h:163:5: note: parameter passing for argument of type ‘__gnu_cxx::__normal_iterator<const nlohmann::json_abi_v3_11_2::basic_json<>*, std::vector<nlohmann::json_abi_v3_11_2::basic_json<>, std::allocator<nlohmann::json_abi_v3_11_2::basic_json<> > > >’ changed in GCC 7.1
  163 |     uninitialized_copy(_InputIterator __first, _InputIterator __last,
      |     ^~~~~~~~~~~~~~~~~~
/usr/include/c++/12/bits/stl_uninitialized.h:163:5: note: parameter passing for argument of type ‘__gnu_cxx::__normal_iterator<const nlohmann::json_abi_v3_11_2::basic_json<>*, std::vector<nlohmann::json_abi_v3_11_2::basic_json<>, std::allocator<nlohmann::json_abi_v3_11_2::basic_json<> > > >’ changed in GCC 7.1
/usr/include/c++/12/bits/stl_uninitialized.h:185:22: note: parameter passing for argument of type ‘__gnu_cxx::__normal_iterator<const nlohmann::json_abi_v3_11_2::basic_json<>*, std::vector<nlohmann::json_abi_v3_11_2::basic_json<>, std::allocator<nlohmann::json_abi_v3_11_2::basic_json<> > > >’ changed in GCC 7.1
  184 |       return std::__uninitialized_copy<__can_memmove && __assignable>::
      |              ~~~~~~~~~~~~~~~~~~~~~~~~~~~~~~~~~~~~~~~~~~~~~~~~~~~~~~~~~~
  185 |         __uninit_copy(__first, __last, __result);
      |         ~~~~~~~~~~~~~^~~~~~~~~~~~~~~~~~~~~~~~~~~
/usr/include/c++/12/bits/stl_uninitialized.h: In static member function ‘static _ForwardIterator std::__uninitialized_copy<_TrivialValueTypes>::__uninit_copy(_InputIterator, _InputIterator, _ForwardIterator) [with _InputIterator = __gnu_cxx::__normal_iterator<const nlohmann::json_abi_v3_11_2::basic_json<>*, std::vector<nlohmann::json_abi_v3_11_2::basic_json<>, std::allocator<nlohmann::json_abi_v3_11_2::basic_json<> > > >; _ForwardIterator = nlohmann::json_abi_v3_11_2::basic_json<>*; bool _TrivialValueTypes = false]’:
/usr/include/c++/12/bits/stl_uninitialized.h:135:9: note: parameter passing for argument of type ‘__gnu_cxx::__normal_iterator<const nlohmann::json_abi_v3_11_2::basic_json<>*, std::vector<nlohmann::json_abi_v3_11_2::basic_json<>, std::allocator<nlohmann::json_abi_v3_11_2::basic_json<> > > >’ changed in GCC 7.1
  135 |         __uninit_copy(_InputIterator __first, _InputIterator __last,
      |         ^~~~~~~~~~~~~
/usr/include/c++/12/bits/stl_uninitialized.h:135:9: note: parameter passing for argument of type ‘__gnu_cxx::__normal_iterator<const nlohmann::json_abi_v3_11_2::basic_json<>*, std::vector<nlohmann::json_abi_v3_11_2::basic_json<>, std::allocator<nlohmann::json_abi_v3_11_2::basic_json<> > > >’ changed in GCC 7.1
/usr/include/c++/12/bits/stl_uninitialized.h:137:39: note: parameter passing for argument of type ‘__gnu_cxx::__normal_iterator<const nlohmann::json_abi_v3_11_2::basic_json<>*, std::vector<nlohmann::json_abi_v3_11_2::basic_json<>, std::allocator<nlohmann::json_abi_v3_11_2::basic_json<> > > >’ changed in GCC 7.1
  137 |         { return std::__do_uninit_copy(__first, __last, __result); }
      |                  ~~~~~~~~~~~~~~~~~~~~~^~~~~~~~~~~~~~~~~~~~~~~~~~~
/usr/include/c++/12/bits/stl_uninitialized.h: In function ‘_ForwardIterator std::__do_uninit_copy(_InputIterator, _InputIterator, _ForwardIterator) [with _InputIterator = __gnu_cxx::__normal_iterator<const nlohmann::json_abi_v3_11_2::basic_json<>*, vector<nlohmann::json_abi_v3_11_2::basic_json<>, allocator<nlohmann::json_abi_v3_11_2::basic_json<> > > >; _ForwardIterator = nlohmann::json_abi_v3_11_2::basic_json<>*]’:
/usr/include/c++/12/bits/stl_uninitialized.h:113:5: note: parameter passing for argument of type ‘__gnu_cxx::__normal_iterator<const nlohmann::json_abi_v3_11_2::basic_json<>*, std::vector<nlohmann::json_abi_v3_11_2::basic_json<>, std::allocator<nlohmann::json_abi_v3_11_2::basic_json<> > > >’ changed in GCC 7.1
  113 |     __do_uninit_copy(_InputIterator __first, _InputIterator __last,
      |     ^~~~~~~~~~~~~~~~
/usr/include/c++/12/bits/stl_uninitialized.h:113:5: note: parameter passing for argument of type ‘__gnu_cxx::__normal_iterator<const nlohmann::json_abi_v3_11_2::basic_json<>*, std::vector<nlohmann::json_abi_v3_11_2::basic_json<>, std::allocator<nlohmann::json_abi_v3_11_2::basic_json<> > > >’ changed in GCC 7.1
[  7%] Building CXX object CMakeFiles/hub75_clock.dir/src/animations/bird_flock.cpp.o
In file included from /usr/include/c++/12/vector:64,
                 from /home/ikonis/rpi-rgb-led-matrix/include/led-matrix.h:27,
                 from /home/ikonis/hub75-clock/clock-cpp/include/Animation.h:4,
                 from /home/ikonis/hub75-clock/clock-cpp/src/animations/bird_flock.cpp:1:
/usr/include/c++/12/bits/stl_vector.h: In copy constructor ‘std::vector<_Tp, _Alloc>::vector(const std::vector<_Tp, _Alloc>&) [with _Tp = nlohmann::json_abi_v3_11_2::basic_json<>; _Alloc = std::allocator<nlohmann::json_abi_v3_11_2::basic_json<> >]’:
/usr/include/c++/12/bits/stl_vector.h:601:38: note: parameter passing for argument of type ‘__gnu_cxx::__normal_iterator<const nlohmann::json_abi_v3_11_2::basic_json<>*, std::vector<nlohmann::json_abi_v3_11_2::basic_json<>, std::allocator<nlohmann::json_abi_v3_11_2::basic_json<> > > >’ changed in GCC 7.1
  601 |           std::__uninitialized_copy_a(__x.begin(), __x.end(),
      |           ~~~~~~~~~~~~~~~~~~~~~~~~~~~^~~~~~~~~~~~~~~~~~~~~~~~
  602 |                                       this->_M_impl._M_start,
      |                                       ~~~~~~~~~~~~~~~~~~~~~~~
  603 |                                       _M_get_Tp_allocator());
      |                                       ~~~~~~~~~~~~~~~~~~~~~~
In file included from /usr/include/c++/12/vector:63:
/usr/include/c++/12/bits/stl_uninitialized.h: In function ‘_ForwardIterator std::__uninitialized_copy_a(_InputIterator, _InputIterator, _ForwardIterator, allocator<_Tp>&) [with _InputIterator = __gnu_cxx::__normal_iterator<const nlohmann::json_abi_v3_11_2::basic_json<>*, vector<nlohmann::json_abi_v3_11_2::basic_json<>, allocator<nlohmann::json_abi_v3_11_2::basic_json<> > > >; _ForwardIterator = nlohmann::json_abi_v3_11_2::basic_json<>*; _Tp = nlohmann::json_abi_v3_11_2::basic_json<>]’:
/usr/include/c++/12/bits/stl_uninitialized.h:365:5: note: parameter passing for argument of type ‘__gnu_cxx::__normal_iterator<const nlohmann::json_abi_v3_11_2::basic_json<>*, std::vector<nlohmann::json_abi_v3_11_2::basic_json<>, std::allocator<nlohmann::json_abi_v3_11_2::basic_json<> > > >’ changed in GCC 7.1
  365 |     __uninitialized_copy_a(_InputIterator __first, _InputIterator __last,
      |     ^~~~~~~~~~~~~~~~~~~~~~
/usr/include/c++/12/bits/stl_uninitialized.h:365:5: note: parameter passing for argument of type ‘__gnu_cxx::__normal_iterator<const nlohmann::json_abi_v3_11_2::basic_json<>*, std::vector<nlohmann::json_abi_v3_11_2::basic_json<>, std::allocator<nlohmann::json_abi_v3_11_2::basic_json<> > > >’ changed in GCC 7.1
/usr/include/c++/12/bits/stl_uninitialized.h:372:37: note: parameter passing for argument of type ‘__gnu_cxx::__normal_iterator<const nlohmann::json_abi_v3_11_2::basic_json<>*, std::vector<nlohmann::json_abi_v3_11_2::basic_json<>, std::allocator<nlohmann::json_abi_v3_11_2::basic_json<> > > >’ changed in GCC 7.1
  372 |       return std::uninitialized_copy(__first, __last, __result);
      |              ~~~~~~~~~~~~~~~~~~~~~~~^~~~~~~~~~~~~~~~~~~~~~~~~~~
/usr/include/c++/12/bits/stl_uninitialized.h: In function ‘_ForwardIterator std::uninitialized_copy(_InputIterator, _InputIterator, _ForwardIterator) [with _InputIterator = __gnu_cxx::__normal_iterator<const nlohmann::json_abi_v3_11_2::basic_json<>*, vector<nlohmann::json_abi_v3_11_2::basic_json<>, allocator<nlohmann::json_abi_v3_11_2::basic_json<> > > >; _ForwardIterator = nlohmann::json_abi_v3_11_2::basic_json<>*]’:
/usr/include/c++/12/bits/stl_uninitialized.h:163:5: note: parameter passing for argument of type ‘__gnu_cxx::__normal_iterator<const nlohmann::json_abi_v3_11_2::basic_json<>*, std::vector<nlohmann::json_abi_v3_11_2::basic_json<>, std::allocator<nlohmann::json_abi_v3_11_2::basic_json<> > > >’ changed in GCC 7.1
  163 |     uninitialized_copy(_InputIterator __first, _InputIterator __last,
      |     ^~~~~~~~~~~~~~~~~~
/usr/include/c++/12/bits/stl_uninitialized.h:163:5: note: parameter passing for argument of type ‘__gnu_cxx::__normal_iterator<const nlohmann::json_abi_v3_11_2::basic_json<>*, std::vector<nlohmann::json_abi_v3_11_2::basic_json<>, std::allocator<nlohmann::json_abi_v3_11_2::basic_json<> > > >’ changed in GCC 7.1
/usr/include/c++/12/bits/stl_uninitialized.h:185:22: note: parameter passing for argument of type ‘__gnu_cxx::__normal_iterator<const nlohmann::json_abi_v3_11_2::basic_json<>*, std::vector<nlohmann::json_abi_v3_11_2::basic_json<>, std::allocator<nlohmann::json_abi_v3_11_2::basic_json<> > > >’ changed in GCC 7.1
  184 |       return std::__uninitialized_copy<__can_memmove && __assignable>::
      |              ~~~~~~~~~~~~~~~~~~~~~~~~~~~~~~~~~~~~~~~~~~~~~~~~~~~~~~~~~~
  185 |         __uninit_copy(__first, __last, __result);
      |         ~~~~~~~~~~~~~^~~~~~~~~~~~~~~~~~~~~~~~~~~
/usr/include/c++/12/bits/stl_uninitialized.h: In static member function ‘static _ForwardIterator std::__uninitialized_copy<_TrivialValueTypes>::__uninit_copy(_InputIterator, _InputIterator, _ForwardIterator) [with _InputIterator = __gnu_cxx::__normal_iterator<const nlohmann::json_abi_v3_11_2::basic_json<>*, std::vector<nlohmann::json_abi_v3_11_2::basic_json<>, std::allocator<nlohmann::json_abi_v3_11_2::basic_json<> > > >; _ForwardIterator = nlohmann::json_abi_v3_11_2::basic_json<>*; bool _TrivialValueTypes = false]’:
/usr/include/c++/12/bits/stl_uninitialized.h:135:9: note: parameter passing for argument of type ‘__gnu_cxx::__normal_iterator<const nlohmann::json_abi_v3_11_2::basic_json<>*, std::vector<nlohmann::json_abi_v3_11_2::basic_json<>, std::allocator<nlohmann::json_abi_v3_11_2::basic_json<> > > >’ changed in GCC 7.1
  135 |         __uninit_copy(_InputIterator __first, _InputIterator __last,
      |         ^~~~~~~~~~~~~
/usr/include/c++/12/bits/stl_uninitialized.h:135:9: note: parameter passing for argument of type ‘__gnu_cxx::__normal_iterator<const nlohmann::json_abi_v3_11_2::basic_json<>*, std::vector<nlohmann::json_abi_v3_11_2::basic_json<>, std::allocator<nlohmann::json_abi_v3_11_2::basic_json<> > > >’ changed in GCC 7.1
/usr/include/c++/12/bits/stl_uninitialized.h:137:39: note: parameter passing for argument of type ‘__gnu_cxx::__normal_iterator<const nlohmann::json_abi_v3_11_2::basic_json<>*, std::vector<nlohmann::json_abi_v3_11_2::basic_json<>, std::allocator<nlohmann::json_abi_v3_11_2::basic_json<> > > >’ changed in GCC 7.1
  137 |         { return std::__do_uninit_copy(__first, __last, __result); }
      |                  ~~~~~~~~~~~~~~~~~~~~~^~~~~~~~~~~~~~~~~~~~~~~~~~~
/usr/include/c++/12/bits/stl_uninitialized.h: In function ‘_ForwardIterator std::__do_uninit_copy(_InputIterator, _InputIterator, _ForwardIterator) [with _InputIterator = __gnu_cxx::__normal_iterator<const nlohmann::json_abi_v3_11_2::basic_json<>*, vector<nlohmann::json_abi_v3_11_2::basic_json<>, allocator<nlohmann::json_abi_v3_11_2::basic_json<> > > >; _ForwardIterator = nlohmann::json_abi_v3_11_2::basic_json<>*]’:
/usr/include/c++/12/bits/stl_uninitialized.h:113:5: note: parameter passing for argument of type ‘__gnu_cxx::__normal_iterator<const nlohmann::json_abi_v3_11_2::basic_json<>*, std::vector<nlohmann::json_abi_v3_11_2::basic_json<>, std::allocator<nlohmann::json_abi_v3_11_2::basic_json<> > > >’ changed in GCC 7.1
  113 |     __do_uninit_copy(_InputIterator __first, _InputIterator __last,
      |     ^~~~~~~~~~~~~~~~
/usr/include/c++/12/bits/stl_uninitialized.h:113:5: note: parameter passing for argument of type ‘__gnu_cxx::__normal_iterator<const nlohmann::json_abi_v3_11_2::basic_json<>*, std::vector<nlohmann::json_abi_v3_11_2::basic_json<>, std::allocator<nlohmann::json_abi_v3_11_2::basic_json<> > > >’ changed in GCC 7.1
[ 11%] Building CXX object CMakeFiles/hub75_clock.dir/src/animations/butterfly.cpp.o
In file included from /usr/include/c++/12/vector:64,
                 from /home/ikonis/rpi-rgb-led-matrix/include/led-matrix.h:27,
                 from /home/ikonis/hub75-clock/clock-cpp/include/Animation.h:4,
                 from /home/ikonis/hub75-clock/clock-cpp/src/animations/butterfly.cpp:1:
/usr/include/c++/12/bits/stl_vector.h: In copy constructor ‘std::vector<_Tp, _Alloc>::vector(const std::vector<_Tp, _Alloc>&) [with _Tp = nlohmann::json_abi_v3_11_2::basic_json<>; _Alloc = std::allocator<nlohmann::json_abi_v3_11_2::basic_json<> >]’:
/usr/include/c++/12/bits/stl_vector.h:601:38: note: parameter passing for argument of type ‘__gnu_cxx::__normal_iterator<const nlohmann::json_abi_v3_11_2::basic_json<>*, std::vector<nlohmann::json_abi_v3_11_2::basic_json<>, std::allocator<nlohmann::json_abi_v3_11_2::basic_json<> > > >’ changed in GCC 7.1
  601 |           std::__uninitialized_copy_a(__x.begin(), __x.end(),
      |           ~~~~~~~~~~~~~~~~~~~~~~~~~~~^~~~~~~~~~~~~~~~~~~~~~~~
  602 |                                       this->_M_impl._M_start,
      |                                       ~~~~~~~~~~~~~~~~~~~~~~~
  603 |                                       _M_get_Tp_allocator());
      |                                       ~~~~~~~~~~~~~~~~~~~~~~
In file included from /usr/include/c++/12/vector:63:
/usr/include/c++/12/bits/stl_uninitialized.h: In function ‘_ForwardIterator std::__uninitialized_copy_a(_InputIterator, _InputIterator, _ForwardIterator, allocator<_Tp>&) [with _InputIterator = __gnu_cxx::__normal_iterator<const nlohmann::json_abi_v3_11_2::basic_json<>*, vector<nlohmann::json_abi_v3_11_2::basic_json<>, allocator<nlohmann::json_abi_v3_11_2::basic_json<> > > >; _ForwardIterator = nlohmann::json_abi_v3_11_2::basic_json<>*; _Tp = nlohmann::json_abi_v3_11_2::basic_json<>]’:
/usr/include/c++/12/bits/stl_uninitialized.h:365:5: note: parameter passing for argument of type ‘__gnu_cxx::__normal_iterator<const nlohmann::json_abi_v3_11_2::basic_json<>*, std::vector<nlohmann::json_abi_v3_11_2::basic_json<>, std::allocator<nlohmann::json_abi_v3_11_2::basic_json<> > > >’ changed in GCC 7.1
  365 |     __uninitialized_copy_a(_InputIterator __first, _InputIterator __last,
      |     ^~~~~~~~~~~~~~~~~~~~~~
/usr/include/c++/12/bits/stl_uninitialized.h:365:5: note: parameter passing for argument of type ‘__gnu_cxx::__normal_iterator<const nlohmann::json_abi_v3_11_2::basic_json<>*, std::vector<nlohmann::json_abi_v3_11_2::basic_json<>, std::allocator<nlohmann::json_abi_v3_11_2::basic_json<> > > >’ changed in GCC 7.1
/usr/include/c++/12/bits/stl_uninitialized.h:372:37: note: parameter passing for argument of type ‘__gnu_cxx::__normal_iterator<const nlohmann::json_abi_v3_11_2::basic_json<>*, std::vector<nlohmann::json_abi_v3_11_2::basic_json<>, std::allocator<nlohmann::json_abi_v3_11_2::basic_json<> > > >’ changed in GCC 7.1
  372 |       return std::uninitialized_copy(__first, __last, __result);
      |              ~~~~~~~~~~~~~~~~~~~~~~~^~~~~~~~~~~~~~~~~~~~~~~~~~~
/usr/include/c++/12/bits/stl_uninitialized.h: In function ‘_ForwardIterator std::uninitialized_copy(_InputIterator, _InputIterator, _ForwardIterator) [with _InputIterator = __gnu_cxx::__normal_iterator<const nlohmann::json_abi_v3_11_2::basic_json<>*, vector<nlohmann::json_abi_v3_11_2::basic_json<>, allocator<nlohmann::json_abi_v3_11_2::basic_json<> > > >; _ForwardIterator = nlohmann::json_abi_v3_11_2::basic_json<>*]’:
/usr/include/c++/12/bits/stl_uninitialized.h:163:5: note: parameter passing for argument of type ‘__gnu_cxx::__normal_iterator<const nlohmann::json_abi_v3_11_2::basic_json<>*, std::vector<nlohmann::json_abi_v3_11_2::basic_json<>, std::allocator<nlohmann::json_abi_v3_11_2::basic_json<> > > >’ changed in GCC 7.1
  163 |     uninitialized_copy(_InputIterator __first, _InputIterator __last,
      |     ^~~~~~~~~~~~~~~~~~
/usr/include/c++/12/bits/stl_uninitialized.h:163:5: note: parameter passing for argument of type ‘__gnu_cxx::__normal_iterator<const nlohmann::json_abi_v3_11_2::basic_json<>*, std::vector<nlohmann::json_abi_v3_11_2::basic_json<>, std::allocator<nlohmann::json_abi_v3_11_2::basic_json<> > > >’ changed in GCC 7.1
/usr/include/c++/12/bits/stl_uninitialized.h:185:22: note: parameter passing for argument of type ‘__gnu_cxx::__normal_iterator<const nlohmann::json_abi_v3_11_2::basic_json<>*, std::vector<nlohmann::json_abi_v3_11_2::basic_json<>, std::allocator<nlohmann::json_abi_v3_11_2::basic_json<> > > >’ changed in GCC 7.1
  184 |       return std::__uninitialized_copy<__can_memmove && __assignable>::
      |              ~~~~~~~~~~~~~~~~~~~~~~~~~~~~~~~~~~~~~~~~~~~~~~~~~~~~~~~~~~
  185 |         __uninit_copy(__first, __last, __result);
      |         ~~~~~~~~~~~~~^~~~~~~~~~~~~~~~~~~~~~~~~~~
/usr/include/c++/12/bits/stl_uninitialized.h: In static member function ‘static _ForwardIterator std::__uninitialized_copy<_TrivialValueTypes>::__uninit_copy(_InputIterator, _InputIterator, _ForwardIterator) [with _InputIterator = __gnu_cxx::__normal_iterator<const nlohmann::json_abi_v3_11_2::basic_json<>*, std::vector<nlohmann::json_abi_v3_11_2::basic_json<>, std::allocator<nlohmann::json_abi_v3_11_2::basic_json<> > > >; _ForwardIterator = nlohmann::json_abi_v3_11_2::basic_json<>*; bool _TrivialValueTypes = false]’:
/usr/include/c++/12/bits/stl_uninitialized.h:135:9: note: parameter passing for argument of type ‘__gnu_cxx::__normal_iterator<const nlohmann::json_abi_v3_11_2::basic_json<>*, std::vector<nlohmann::json_abi_v3_11_2::basic_json<>, std::allocator<nlohmann::json_abi_v3_11_2::basic_json<> > > >’ changed in GCC 7.1
  135 |         __uninit_copy(_InputIterator __first, _InputIterator __last,
      |         ^~~~~~~~~~~~~
/usr/include/c++/12/bits/stl_uninitialized.h:135:9: note: parameter passing for argument of type ‘__gnu_cxx::__normal_iterator<const nlohmann::json_abi_v3_11_2::basic_json<>*, std::vector<nlohmann::json_abi_v3_11_2::basic_json<>, std::allocator<nlohmann::json_abi_v3_11_2::basic_json<> > > >’ changed in GCC 7.1
/usr/include/c++/12/bits/stl_uninitialized.h:137:39: note: parameter passing for argument of type ‘__gnu_cxx::__normal_iterator<const nlohmann::json_abi_v3_11_2::basic_json<>*, std::vector<nlohmann::json_abi_v3_11_2::basic_json<>, std::allocator<nlohmann::json_abi_v3_11_2::basic_json<> > > >’ changed in GCC 7.1
  137 |         { return std::__do_uninit_copy(__first, __last, __result); }
      |                  ~~~~~~~~~~~~~~~~~~~~~^~~~~~~~~~~~~~~~~~~~~~~~~~~
/usr/include/c++/12/bits/stl_uninitialized.h: In function ‘_ForwardIterator std::__do_uninit_copy(_InputIterator, _InputIterator, _ForwardIterator) [with _InputIterator = __gnu_cxx::__normal_iterator<const nlohmann::json_abi_v3_11_2::basic_json<>*, vector<nlohmann::json_abi_v3_11_2::basic_json<>, allocator<nlohmann::json_abi_v3_11_2::basic_json<> > > >; _ForwardIterator = nlohmann::json_abi_v3_11_2::basic_json<>*]’:
/usr/include/c++/12/bits/stl_uninitialized.h:113:5: note: parameter passing for argument of type ‘__gnu_cxx::__normal_iterator<const nlohmann::json_abi_v3_11_2::basic_json<>*, std::vector<nlohmann::json_abi_v3_11_2::basic_json<>, std::allocator<nlohmann::json_abi_v3_11_2::basic_json<> > > >’ changed in GCC 7.1
  113 |     __do_uninit_copy(_InputIterator __first, _InputIterator __last,
      |     ^~~~~~~~~~~~~~~~
/usr/include/c++/12/bits/stl_uninitialized.h:113:5: note: parameter passing for argument of type ‘__gnu_cxx::__normal_iterator<const nlohmann::json_abi_v3_11_2::basic_json<>*, std::vector<nlohmann::json_abi_v3_11_2::basic_json<>, std::allocator<nlohmann::json_abi_v3_11_2::basic_json<> > > >’ changed in GCC 7.1
[ 15%] Building CXX object CMakeFiles/hub75_clock.dir/src/animations/clouds.cpp.o
In file included from /usr/include/c++/12/vector:64,
                 from /home/ikonis/rpi-rgb-led-matrix/include/led-matrix.h:27,
                 from /home/ikonis/hub75-clock/clock-cpp/include/Animation.h:4,
                 from /home/ikonis/hub75-clock/clock-cpp/src/animations/clouds.cpp:1:
/usr/include/c++/12/bits/stl_vector.h: In copy constructor ‘std::vector<_Tp, _Alloc>::vector(const std::vector<_Tp, _Alloc>&) [with _Tp = nlohmann::json_abi_v3_11_2::basic_json<>; _Alloc = std::allocator<nlohmann::json_abi_v3_11_2::basic_json<> >]’:
/usr/include/c++/12/bits/stl_vector.h:601:38: note: parameter passing for argument of type ‘__gnu_cxx::__normal_iterator<const nlohmann::json_abi_v3_11_2::basic_json<>*, std::vector<nlohmann::json_abi_v3_11_2::basic_json<>, std::allocator<nlohmann::json_abi_v3_11_2::basic_json<> > > >’ changed in GCC 7.1
  601 |           std::__uninitialized_copy_a(__x.begin(), __x.end(),
      |           ~~~~~~~~~~~~~~~~~~~~~~~~~~~^~~~~~~~~~~~~~~~~~~~~~~~
  602 |                                       this->_M_impl._M_start,
      |                                       ~~~~~~~~~~~~~~~~~~~~~~~
  603 |                                       _M_get_Tp_allocator());
      |                                       ~~~~~~~~~~~~~~~~~~~~~~
In file included from /usr/include/c++/12/vector:63:
/usr/include/c++/12/bits/stl_uninitialized.h: In function ‘_ForwardIterator std::__uninitialized_copy_a(_InputIterator, _InputIterator, _ForwardIterator, allocator<_Tp>&) [with _InputIterator = __gnu_cxx::__normal_iterator<const nlohmann::json_abi_v3_11_2::basic_json<>*, vector<nlohmann::json_abi_v3_11_2::basic_json<>, allocator<nlohmann::json_abi_v3_11_2::basic_json<> > > >; _ForwardIterator = nlohmann::json_abi_v3_11_2::basic_json<>*; _Tp = nlohmann::json_abi_v3_11_2::basic_json<>]’:
/usr/include/c++/12/bits/stl_uninitialized.h:365:5: note: parameter passing for argument of type ‘__gnu_cxx::__normal_iterator<const nlohmann::json_abi_v3_11_2::basic_json<>*, std::vector<nlohmann::json_abi_v3_11_2::basic_json<>, std::allocator<nlohmann::json_abi_v3_11_2::basic_json<> > > >’ changed in GCC 7.1
  365 |     __uninitialized_copy_a(_InputIterator __first, _InputIterator __last,
      |     ^~~~~~~~~~~~~~~~~~~~~~
/usr/include/c++/12/bits/stl_uninitialized.h:365:5: note: parameter passing for argument of type ‘__gnu_cxx::__normal_iterator<const nlohmann::json_abi_v3_11_2::basic_json<>*, std::vector<nlohmann::json_abi_v3_11_2::basic_json<>, std::allocator<nlohmann::json_abi_v3_11_2::basic_json<> > > >’ changed in GCC 7.1
/usr/include/c++/12/bits/stl_uninitialized.h:372:37: note: parameter passing for argument of type ‘__gnu_cxx::__normal_iterator<const nlohmann::json_abi_v3_11_2::basic_json<>*, std::vector<nlohmann::json_abi_v3_11_2::basic_json<>, std::allocator<nlohmann::json_abi_v3_11_2::basic_json<> > > >’ changed in GCC 7.1
  372 |       return std::uninitialized_copy(__first, __last, __result);
      |              ~~~~~~~~~~~~~~~~~~~~~~~^~~~~~~~~~~~~~~~~~~~~~~~~~~
/usr/include/c++/12/bits/stl_uninitialized.h: In function ‘_ForwardIterator std::uninitialized_copy(_InputIterator, _InputIterator, _ForwardIterator) [with _InputIterator = __gnu_cxx::__normal_iterator<const nlohmann::json_abi_v3_11_2::basic_json<>*, vector<nlohmann::json_abi_v3_11_2::basic_json<>, allocator<nlohmann::json_abi_v3_11_2::basic_json<> > > >; _ForwardIterator = nlohmann::json_abi_v3_11_2::basic_json<>*]’:
/usr/include/c++/12/bits/stl_uninitialized.h:163:5: note: parameter passing for argument of type ‘__gnu_cxx::__normal_iterator<const nlohmann::json_abi_v3_11_2::basic_json<>*, std::vector<nlohmann::json_abi_v3_11_2::basic_json<>, std::allocator<nlohmann::json_abi_v3_11_2::basic_json<> > > >’ changed in GCC 7.1
  163 |     uninitialized_copy(_InputIterator __first, _InputIterator __last,
      |     ^~~~~~~~~~~~~~~~~~
/usr/include/c++/12/bits/stl_uninitialized.h:163:5: note: parameter passing for argument of type ‘__gnu_cxx::__normal_iterator<const nlohmann::json_abi_v3_11_2::basic_json<>*, std::vector<nlohmann::json_abi_v3_11_2::basic_json<>, std::allocator<nlohmann::json_abi_v3_11_2::basic_json<> > > >’ changed in GCC 7.1
/usr/include/c++/12/bits/stl_uninitialized.h:185:22: note: parameter passing for argument of type ‘__gnu_cxx::__normal_iterator<const nlohmann::json_abi_v3_11_2::basic_json<>*, std::vector<nlohmann::json_abi_v3_11_2::basic_json<>, std::allocator<nlohmann::json_abi_v3_11_2::basic_json<> > > >’ changed in GCC 7.1
  184 |       return std::__uninitialized_copy<__can_memmove && __assignable>::
      |              ~~~~~~~~~~~~~~~~~~~~~~~~~~~~~~~~~~~~~~~~~~~~~~~~~~~~~~~~~~
  185 |         __uninit_copy(__first, __last, __result);
      |         ~~~~~~~~~~~~~^~~~~~~~~~~~~~~~~~~~~~~~~~~
/usr/include/c++/12/bits/stl_uninitialized.h: In static member function ‘static _ForwardIterator std::__uninitialized_copy<_TrivialValueTypes>::__uninit_copy(_InputIterator, _InputIterator, _ForwardIterator) [with _InputIterator = __gnu_cxx::__normal_iterator<const nlohmann::json_abi_v3_11_2::basic_json<>*, std::vector<nlohmann::json_abi_v3_11_2::basic_json<>, std::allocator<nlohmann::json_abi_v3_11_2::basic_json<> > > >; _ForwardIterator = nlohmann::json_abi_v3_11_2::basic_json<>*; bool _TrivialValueTypes = false]’:
/usr/include/c++/12/bits/stl_uninitialized.h:135:9: note: parameter passing for argument of type ‘__gnu_cxx::__normal_iterator<const nlohmann::json_abi_v3_11_2::basic_json<>*, std::vector<nlohmann::json_abi_v3_11_2::basic_json<>, std::allocator<nlohmann::json_abi_v3_11_2::basic_json<> > > >’ changed in GCC 7.1
  135 |         __uninit_copy(_InputIterator __first, _InputIterator __last,
      |         ^~~~~~~~~~~~~
/usr/include/c++/12/bits/stl_uninitialized.h:135:9: note: parameter passing for argument of type ‘__gnu_cxx::__normal_iterator<const nlohmann::json_abi_v3_11_2::basic_json<>*, std::vector<nlohmann::json_abi_v3_11_2::basic_json<>, std::allocator<nlohmann::json_abi_v3_11_2::basic_json<> > > >’ changed in GCC 7.1
/usr/include/c++/12/bits/stl_uninitialized.h:137:39: note: parameter passing for argument of type ‘__gnu_cxx::__normal_iterator<const nlohmann::json_abi_v3_11_2::basic_json<>*, std::vector<nlohmann::json_abi_v3_11_2::basic_json<>, std::allocator<nlohmann::json_abi_v3_11_2::basic_json<> > > >’ changed in GCC 7.1
  137 |         { return std::__do_uninit_copy(__first, __last, __result); }
      |                  ~~~~~~~~~~~~~~~~~~~~~^~~~~~~~~~~~~~~~~~~~~~~~~~~
/usr/include/c++/12/bits/stl_uninitialized.h: In function ‘_ForwardIterator std::__do_uninit_copy(_InputIterator, _InputIterator, _ForwardIterator) [with _InputIterator = __gnu_cxx::__normal_iterator<const nlohmann::json_abi_v3_11_2::basic_json<>*, vector<nlohmann::json_abi_v3_11_2::basic_json<>, allocator<nlohmann::json_abi_v3_11_2::basic_json<> > > >; _ForwardIterator = nlohmann::json_abi_v3_11_2::basic_json<>*]’:
/usr/include/c++/12/bits/stl_uninitialized.h:113:5: note: parameter passing for argument of type ‘__gnu_cxx::__normal_iterator<const nlohmann::json_abi_v3_11_2::basic_json<>*, std::vector<nlohmann::json_abi_v3_11_2::basic_json<>, std::allocator<nlohmann::json_abi_v3_11_2::basic_json<> > > >’ changed in GCC 7.1
  113 |     __do_uninit_copy(_InputIterator __first, _InputIterator __last,
      |     ^~~~~~~~~~~~~~~~
/usr/include/c++/12/bits/stl_uninitialized.h:113:5: note: parameter passing for argument of type ‘__gnu_cxx::__normal_iterator<const nlohmann::json_abi_v3_11_2::basic_json<>*, std::vector<nlohmann::json_abi_v3_11_2::basic_json<>, std::allocator<nlohmann::json_abi_v3_11_2::basic_json<> > > >’ changed in GCC 7.1
[ 19%] Building CXX object CMakeFiles/hub75_clock.dir/src/animations/comet.cpp.o
In file included from /usr/include/c++/12/vector:64,
                 from /home/ikonis/rpi-rgb-led-matrix/include/led-matrix.h:27,
                 from /home/ikonis/hub75-clock/clock-cpp/include/Animation.h:4,
                 from /home/ikonis/hub75-clock/clock-cpp/src/animations/comet.cpp:1:
/usr/include/c++/12/bits/stl_vector.h: In copy constructor ‘std::vector<_Tp, _Alloc>::vector(const std::vector<_Tp, _Alloc>&) [with _Tp = nlohmann::json_abi_v3_11_2::basic_json<>; _Alloc = std::allocator<nlohmann::json_abi_v3_11_2::basic_json<> >]’:
/usr/include/c++/12/bits/stl_vector.h:601:38: note: parameter passing for argument of type ‘__gnu_cxx::__normal_iterator<const nlohmann::json_abi_v3_11_2::basic_json<>*, std::vector<nlohmann::json_abi_v3_11_2::basic_json<>, std::allocator<nlohmann::json_abi_v3_11_2::basic_json<> > > >’ changed in GCC 7.1
  601 |           std::__uninitialized_copy_a(__x.begin(), __x.end(),
      |           ~~~~~~~~~~~~~~~~~~~~~~~~~~~^~~~~~~~~~~~~~~~~~~~~~~~
  602 |                                       this->_M_impl._M_start,
      |                                       ~~~~~~~~~~~~~~~~~~~~~~~
  603 |                                       _M_get_Tp_allocator());
      |                                       ~~~~~~~~~~~~~~~~~~~~~~
In file included from /usr/include/c++/12/vector:63:
/usr/include/c++/12/bits/stl_uninitialized.h: In function ‘_ForwardIterator std::__uninitialized_copy_a(_InputIterator, _InputIterator, _ForwardIterator, allocator<_Tp>&) [with _InputIterator = __gnu_cxx::__normal_iterator<const nlohmann::json_abi_v3_11_2::basic_json<>*, vector<nlohmann::json_abi_v3_11_2::basic_json<>, allocator<nlohmann::json_abi_v3_11_2::basic_json<> > > >; _ForwardIterator = nlohmann::json_abi_v3_11_2::basic_json<>*; _Tp = nlohmann::json_abi_v3_11_2::basic_json<>]’:
/usr/include/c++/12/bits/stl_uninitialized.h:365:5: note: parameter passing for argument of type ‘__gnu_cxx::__normal_iterator<const nlohmann::json_abi_v3_11_2::basic_json<>*, std::vector<nlohmann::json_abi_v3_11_2::basic_json<>, std::allocator<nlohmann::json_abi_v3_11_2::basic_json<> > > >’ changed in GCC 7.1
  365 |     __uninitialized_copy_a(_InputIterator __first, _InputIterator __last,
      |     ^~~~~~~~~~~~~~~~~~~~~~
/usr/include/c++/12/bits/stl_uninitialized.h:365:5: note: parameter passing for argument of type ‘__gnu_cxx::__normal_iterator<const nlohmann::json_abi_v3_11_2::basic_json<>*, std::vector<nlohmann::json_abi_v3_11_2::basic_json<>, std::allocator<nlohmann::json_abi_v3_11_2::basic_json<> > > >’ changed in GCC 7.1
/usr/include/c++/12/bits/stl_uninitialized.h:372:37: note: parameter passing for argument of type ‘__gnu_cxx::__normal_iterator<const nlohmann::json_abi_v3_11_2::basic_json<>*, std::vector<nlohmann::json_abi_v3_11_2::basic_json<>, std::allocator<nlohmann::json_abi_v3_11_2::basic_json<> > > >’ changed in GCC 7.1
  372 |       return std::uninitialized_copy(__first, __last, __result);
      |              ~~~~~~~~~~~~~~~~~~~~~~~^~~~~~~~~~~~~~~~~~~~~~~~~~~
/usr/include/c++/12/bits/stl_uninitialized.h: In function ‘_ForwardIterator std::uninitialized_copy(_InputIterator, _InputIterator, _ForwardIterator) [with _InputIterator = __gnu_cxx::__normal_iterator<const nlohmann::json_abi_v3_11_2::basic_json<>*, vector<nlohmann::json_abi_v3_11_2::basic_json<>, allocator<nlohmann::json_abi_v3_11_2::basic_json<> > > >; _ForwardIterator = nlohmann::json_abi_v3_11_2::basic_json<>*]’:
/usr/include/c++/12/bits/stl_uninitialized.h:163:5: note: parameter passing for argument of type ‘__gnu_cxx::__normal_iterator<const nlohmann::json_abi_v3_11_2::basic_json<>*, std::vector<nlohmann::json_abi_v3_11_2::basic_json<>, std::allocator<nlohmann::json_abi_v3_11_2::basic_json<> > > >’ changed in GCC 7.1
  163 |     uninitialized_copy(_InputIterator __first, _InputIterator __last,
      |     ^~~~~~~~~~~~~~~~~~
/usr/include/c++/12/bits/stl_uninitialized.h:163:5: note: parameter passing for argument of type ‘__gnu_cxx::__normal_iterator<const nlohmann::json_abi_v3_11_2::basic_json<>*, std::vector<nlohmann::json_abi_v3_11_2::basic_json<>, std::allocator<nlohmann::json_abi_v3_11_2::basic_json<> > > >’ changed in GCC 7.1
/usr/include/c++/12/bits/stl_uninitialized.h:185:22: note: parameter passing for argument of type ‘__gnu_cxx::__normal_iterator<const nlohmann::json_abi_v3_11_2::basic_json<>*, std::vector<nlohmann::json_abi_v3_11_2::basic_json<>, std::allocator<nlohmann::json_abi_v3_11_2::basic_json<> > > >’ changed in GCC 7.1
  184 |       return std::__uninitialized_copy<__can_memmove && __assignable>::
      |              ~~~~~~~~~~~~~~~~~~~~~~~~~~~~~~~~~~~~~~~~~~~~~~~~~~~~~~~~~~
  185 |         __uninit_copy(__first, __last, __result);
      |         ~~~~~~~~~~~~~^~~~~~~~~~~~~~~~~~~~~~~~~~~
/usr/include/c++/12/bits/stl_uninitialized.h: In static member function ‘static _ForwardIterator std::__uninitialized_copy<_TrivialValueTypes>::__uninit_copy(_InputIterator, _InputIterator, _ForwardIterator) [with _InputIterator = __gnu_cxx::__normal_iterator<const nlohmann::json_abi_v3_11_2::basic_json<>*, std::vector<nlohmann::json_abi_v3_11_2::basic_json<>, std::allocator<nlohmann::json_abi_v3_11_2::basic_json<> > > >; _ForwardIterator = nlohmann::json_abi_v3_11_2::basic_json<>*; bool _TrivialValueTypes = false]’:
/usr/include/c++/12/bits/stl_uninitialized.h:135:9: note: parameter passing for argument of type ‘__gnu_cxx::__normal_iterator<const nlohmann::json_abi_v3_11_2::basic_json<>*, std::vector<nlohmann::json_abi_v3_11_2::basic_json<>, std::allocator<nlohmann::json_abi_v3_11_2::basic_json<> > > >’ changed in GCC 7.1
  135 |         __uninit_copy(_InputIterator __first, _InputIterator __last,
      |         ^~~~~~~~~~~~~
/usr/include/c++/12/bits/stl_uninitialized.h:135:9: note: parameter passing for argument of type ‘__gnu_cxx::__normal_iterator<const nlohmann::json_abi_v3_11_2::basic_json<>*, std::vector<nlohmann::json_abi_v3_11_2::basic_json<>, std::allocator<nlohmann::json_abi_v3_11_2::basic_json<> > > >’ changed in GCC 7.1
/usr/include/c++/12/bits/stl_uninitialized.h:137:39: note: parameter passing for argument of type ‘__gnu_cxx::__normal_iterator<const nlohmann::json_abi_v3_11_2::basic_json<>*, std::vector<nlohmann::json_abi_v3_11_2::basic_json<>, std::allocator<nlohmann::json_abi_v3_11_2::basic_json<> > > >’ changed in GCC 7.1
  137 |         { return std::__do_uninit_copy(__first, __last, __result); }
      |                  ~~~~~~~~~~~~~~~~~~~~~^~~~~~~~~~~~~~~~~~~~~~~~~~~
/usr/include/c++/12/bits/stl_uninitialized.h: In function ‘_ForwardIterator std::__do_uninit_copy(_InputIterator, _InputIterator, _ForwardIterator) [with _InputIterator = __gnu_cxx::__normal_iterator<const nlohmann::json_abi_v3_11_2::basic_json<>*, vector<nlohmann::json_abi_v3_11_2::basic_json<>, allocator<nlohmann::json_abi_v3_11_2::basic_json<> > > >; _ForwardIterator = nlohmann::json_abi_v3_11_2::basic_json<>*]’:
/usr/include/c++/12/bits/stl_uninitialized.h:113:5: note: parameter passing for argument of type ‘__gnu_cxx::__normal_iterator<const nlohmann::json_abi_v3_11_2::basic_json<>*, std::vector<nlohmann::json_abi_v3_11_2::basic_json<>, std::allocator<nlohmann::json_abi_v3_11_2::basic_json<> > > >’ changed in GCC 7.1
  113 |     __do_uninit_copy(_InputIterator __first, _InputIterator __last,
      |     ^~~~~~~~~~~~~~~~
/usr/include/c++/12/bits/stl_uninitialized.h:113:5: note: parameter passing for argument of type ‘__gnu_cxx::__normal_iterator<const nlohmann::json_abi_v3_11_2::basic_json<>*, std::vector<nlohmann::json_abi_v3_11_2::basic_json<>, std::allocator<nlohmann::json_abi_v3_11_2::basic_json<> > > >’ changed in GCC 7.1
[ 23%] Building CXX object CMakeFiles/hub75_clock.dir/src/animations/easter_egg.cpp.o
In file included from /usr/include/c++/12/vector:64,
                 from /home/ikonis/rpi-rgb-led-matrix/include/led-matrix.h:27,
                 from /home/ikonis/hub75-clock/clock-cpp/include/Animation.h:4,
                 from /home/ikonis/hub75-clock/clock-cpp/src/animations/easter_egg.cpp:1:
/usr/include/c++/12/bits/stl_vector.h: In copy constructor ‘std::vector<_Tp, _Alloc>::vector(const std::vector<_Tp, _Alloc>&) [with _Tp = nlohmann::json_abi_v3_11_2::basic_json<>; _Alloc = std::allocator<nlohmann::json_abi_v3_11_2::basic_json<> >]’:
/usr/include/c++/12/bits/stl_vector.h:601:38: note: parameter passing for argument of type ‘__gnu_cxx::__normal_iterator<const nlohmann::json_abi_v3_11_2::basic_json<>*, std::vector<nlohmann::json_abi_v3_11_2::basic_json<>, std::allocator<nlohmann::json_abi_v3_11_2::basic_json<> > > >’ changed in GCC 7.1
  601 |           std::__uninitialized_copy_a(__x.begin(), __x.end(),
      |           ~~~~~~~~~~~~~~~~~~~~~~~~~~~^~~~~~~~~~~~~~~~~~~~~~~~
  602 |                                       this->_M_impl._M_start,
      |                                       ~~~~~~~~~~~~~~~~~~~~~~~
  603 |                                       _M_get_Tp_allocator());
      |                                       ~~~~~~~~~~~~~~~~~~~~~~
In file included from /usr/include/c++/12/vector:63:
/usr/include/c++/12/bits/stl_uninitialized.h: In function ‘_ForwardIterator std::__uninitialized_copy_a(_InputIterator, _InputIterator, _ForwardIterator, allocator<_Tp>&) [with _InputIterator = __gnu_cxx::__normal_iterator<const nlohmann::json_abi_v3_11_2::basic_json<>*, vector<nlohmann::json_abi_v3_11_2::basic_json<>, allocator<nlohmann::json_abi_v3_11_2::basic_json<> > > >; _ForwardIterator = nlohmann::json_abi_v3_11_2::basic_json<>*; _Tp = nlohmann::json_abi_v3_11_2::basic_json<>]’:
/usr/include/c++/12/bits/stl_uninitialized.h:365:5: note: parameter passing for argument of type ‘__gnu_cxx::__normal_iterator<const nlohmann::json_abi_v3_11_2::basic_json<>*, std::vector<nlohmann::json_abi_v3_11_2::basic_json<>, std::allocator<nlohmann::json_abi_v3_11_2::basic_json<> > > >’ changed in GCC 7.1
  365 |     __uninitialized_copy_a(_InputIterator __first, _InputIterator __last,
      |     ^~~~~~~~~~~~~~~~~~~~~~
/usr/include/c++/12/bits/stl_uninitialized.h:365:5: note: parameter passing for argument of type ‘__gnu_cxx::__normal_iterator<const nlohmann::json_abi_v3_11_2::basic_json<>*, std::vector<nlohmann::json_abi_v3_11_2::basic_json<>, std::allocator<nlohmann::json_abi_v3_11_2::basic_json<> > > >’ changed in GCC 7.1
/usr/include/c++/12/bits/stl_uninitialized.h:372:37: note: parameter passing for argument of type ‘__gnu_cxx::__normal_iterator<const nlohmann::json_abi_v3_11_2::basic_json<>*, std::vector<nlohmann::json_abi_v3_11_2::basic_json<>, std::allocator<nlohmann::json_abi_v3_11_2::basic_json<> > > >’ changed in GCC 7.1
  372 |       return std::uninitialized_copy(__first, __last, __result);
      |              ~~~~~~~~~~~~~~~~~~~~~~~^~~~~~~~~~~~~~~~~~~~~~~~~~~
/usr/include/c++/12/bits/stl_uninitialized.h: In function ‘_ForwardIterator std::uninitialized_copy(_InputIterator, _InputIterator, _ForwardIterator) [with _InputIterator = __gnu_cxx::__normal_iterator<const nlohmann::json_abi_v3_11_2::basic_json<>*, vector<nlohmann::json_abi_v3_11_2::basic_json<>, allocator<nlohmann::json_abi_v3_11_2::basic_json<> > > >; _ForwardIterator = nlohmann::json_abi_v3_11_2::basic_json<>*]’:
/usr/include/c++/12/bits/stl_uninitialized.h:163:5: note: parameter passing for argument of type ‘__gnu_cxx::__normal_iterator<const nlohmann::json_abi_v3_11_2::basic_json<>*, std::vector<nlohmann::json_abi_v3_11_2::basic_json<>, std::allocator<nlohmann::json_abi_v3_11_2::basic_json<> > > >’ changed in GCC 7.1
  163 |     uninitialized_copy(_InputIterator __first, _InputIterator __last,
      |     ^~~~~~~~~~~~~~~~~~
/usr/include/c++/12/bits/stl_uninitialized.h:163:5: note: parameter passing for argument of type ‘__gnu_cxx::__normal_iterator<const nlohmann::json_abi_v3_11_2::basic_json<>*, std::vector<nlohmann::json_abi_v3_11_2::basic_json<>, std::allocator<nlohmann::json_abi_v3_11_2::basic_json<> > > >’ changed in GCC 7.1
/usr/include/c++/12/bits/stl_uninitialized.h:185:22: note: parameter passing for argument of type ‘__gnu_cxx::__normal_iterator<const nlohmann::json_abi_v3_11_2::basic_json<>*, std::vector<nlohmann::json_abi_v3_11_2::basic_json<>, std::allocator<nlohmann::json_abi_v3_11_2::basic_json<> > > >’ changed in GCC 7.1
  184 |       return std::__uninitialized_copy<__can_memmove && __assignable>::
      |              ~~~~~~~~~~~~~~~~~~~~~~~~~~~~~~~~~~~~~~~~~~~~~~~~~~~~~~~~~~
  185 |         __uninit_copy(__first, __last, __result);
      |         ~~~~~~~~~~~~~^~~~~~~~~~~~~~~~~~~~~~~~~~~
/usr/include/c++/12/bits/stl_uninitialized.h: In static member function ‘static _ForwardIterator std::__uninitialized_copy<_TrivialValueTypes>::__uninit_copy(_InputIterator, _InputIterator, _ForwardIterator) [with _InputIterator = __gnu_cxx::__normal_iterator<const nlohmann::json_abi_v3_11_2::basic_json<>*, std::vector<nlohmann::json_abi_v3_11_2::basic_json<>, std::allocator<nlohmann::json_abi_v3_11_2::basic_json<> > > >; _ForwardIterator = nlohmann::json_abi_v3_11_2::basic_json<>*; bool _TrivialValueTypes = false]’:
/usr/include/c++/12/bits/stl_uninitialized.h:135:9: note: parameter passing for argument of type ‘__gnu_cxx::__normal_iterator<const nlohmann::json_abi_v3_11_2::basic_json<>*, std::vector<nlohmann::json_abi_v3_11_2::basic_json<>, std::allocator<nlohmann::json_abi_v3_11_2::basic_json<> > > >’ changed in GCC 7.1
  135 |         __uninit_copy(_InputIterator __first, _InputIterator __last,
      |         ^~~~~~~~~~~~~
/usr/include/c++/12/bits/stl_uninitialized.h:135:9: note: parameter passing for argument of type ‘__gnu_cxx::__normal_iterator<const nlohmann::json_abi_v3_11_2::basic_json<>*, std::vector<nlohmann::json_abi_v3_11_2::basic_json<>, std::allocator<nlohmann::json_abi_v3_11_2::basic_json<> > > >’ changed in GCC 7.1
/usr/include/c++/12/bits/stl_uninitialized.h:137:39: note: parameter passing for argument of type ‘__gnu_cxx::__normal_iterator<const nlohmann::json_abi_v3_11_2::basic_json<>*, std::vector<nlohmann::json_abi_v3_11_2::basic_json<>, std::allocator<nlohmann::json_abi_v3_11_2::basic_json<> > > >’ changed in GCC 7.1
  137 |         { return std::__do_uninit_copy(__first, __last, __result); }
      |                  ~~~~~~~~~~~~~~~~~~~~~^~~~~~~~~~~~~~~~~~~~~~~~~~~
/usr/include/c++/12/bits/stl_uninitialized.h: In function ‘_ForwardIterator std::__do_uninit_copy(_InputIterator, _InputIterator, _ForwardIterator) [with _InputIterator = __gnu_cxx::__normal_iterator<const nlohmann::json_abi_v3_11_2::basic_json<>*, vector<nlohmann::json_abi_v3_11_2::basic_json<>, allocator<nlohmann::json_abi_v3_11_2::basic_json<> > > >; _ForwardIterator = nlohmann::json_abi_v3_11_2::basic_json<>*]’:
/usr/include/c++/12/bits/stl_uninitialized.h:113:5: note: parameter passing for argument of type ‘__gnu_cxx::__normal_iterator<const nlohmann::json_abi_v3_11_2::basic_json<>*, std::vector<nlohmann::json_abi_v3_11_2::basic_json<>, std::allocator<nlohmann::json_abi_v3_11_2::basic_json<> > > >’ changed in GCC 7.1
  113 |     __do_uninit_copy(_InputIterator __first, _InputIterator __last,
      |     ^~~~~~~~~~~~~~~~
/usr/include/c++/12/bits/stl_uninitialized.h:113:5: note: parameter passing for argument of type ‘__gnu_cxx::__normal_iterator<const nlohmann::json_abi_v3_11_2::basic_json<>*, std::vector<nlohmann::json_abi_v3_11_2::basic_json<>, std::allocator<nlohmann::json_abi_v3_11_2::basic_json<> > > >’ changed in GCC 7.1
[ 26%] Building CXX object CMakeFiles/hub75_clock.dir/src/animations/firefly.cpp.o
In file included from /usr/include/c++/12/vector:64,
                 from /home/ikonis/rpi-rgb-led-matrix/include/led-matrix.h:27,
                 from /home/ikonis/hub75-clock/clock-cpp/include/Animation.h:4,
                 from /home/ikonis/hub75-clock/clock-cpp/src/animations/firefly.cpp:1:
/usr/include/c++/12/bits/stl_vector.h: In copy constructor ‘std::vector<_Tp, _Alloc>::vector(const std::vector<_Tp, _Alloc>&) [with _Tp = nlohmann::json_abi_v3_11_2::basic_json<>; _Alloc = std::allocator<nlohmann::json_abi_v3_11_2::basic_json<> >]’:
/usr/include/c++/12/bits/stl_vector.h:601:38: note: parameter passing for argument of type ‘__gnu_cxx::__normal_iterator<const nlohmann::json_abi_v3_11_2::basic_json<>*, std::vector<nlohmann::json_abi_v3_11_2::basic_json<>, std::allocator<nlohmann::json_abi_v3_11_2::basic_json<> > > >’ changed in GCC 7.1
  601 |           std::__uninitialized_copy_a(__x.begin(), __x.end(),
      |           ~~~~~~~~~~~~~~~~~~~~~~~~~~~^~~~~~~~~~~~~~~~~~~~~~~~
  602 |                                       this->_M_impl._M_start,
      |                                       ~~~~~~~~~~~~~~~~~~~~~~~
  603 |                                       _M_get_Tp_allocator());
      |                                       ~~~~~~~~~~~~~~~~~~~~~~
In file included from /usr/include/c++/12/vector:63:
/usr/include/c++/12/bits/stl_uninitialized.h: In function ‘_ForwardIterator std::__uninitialized_copy_a(_InputIterator, _InputIterator, _ForwardIterator, allocator<_Tp>&) [with _InputIterator = __gnu_cxx::__normal_iterator<const nlohmann::json_abi_v3_11_2::basic_json<>*, vector<nlohmann::json_abi_v3_11_2::basic_json<>, allocator<nlohmann::json_abi_v3_11_2::basic_json<> > > >; _ForwardIterator = nlohmann::json_abi_v3_11_2::basic_json<>*; _Tp = nlohmann::json_abi_v3_11_2::basic_json<>]’:
/usr/include/c++/12/bits/stl_uninitialized.h:365:5: note: parameter passing for argument of type ‘__gnu_cxx::__normal_iterator<const nlohmann::json_abi_v3_11_2::basic_json<>*, std::vector<nlohmann::json_abi_v3_11_2::basic_json<>, std::allocator<nlohmann::json_abi_v3_11_2::basic_json<> > > >’ changed in GCC 7.1
  365 |     __uninitialized_copy_a(_InputIterator __first, _InputIterator __last,
      |     ^~~~~~~~~~~~~~~~~~~~~~
/usr/include/c++/12/bits/stl_uninitialized.h:365:5: note: parameter passing for argument of type ‘__gnu_cxx::__normal_iterator<const nlohmann::json_abi_v3_11_2::basic_json<>*, std::vector<nlohmann::json_abi_v3_11_2::basic_json<>, std::allocator<nlohmann::json_abi_v3_11_2::basic_json<> > > >’ changed in GCC 7.1
/usr/include/c++/12/bits/stl_uninitialized.h:372:37: note: parameter passing for argument of type ‘__gnu_cxx::__normal_iterator<const nlohmann::json_abi_v3_11_2::basic_json<>*, std::vector<nlohmann::json_abi_v3_11_2::basic_json<>, std::allocator<nlohmann::json_abi_v3_11_2::basic_json<> > > >’ changed in GCC 7.1
  372 |       return std::uninitialized_copy(__first, __last, __result);
      |              ~~~~~~~~~~~~~~~~~~~~~~~^~~~~~~~~~~~~~~~~~~~~~~~~~~
/usr/include/c++/12/bits/stl_uninitialized.h: In function ‘_ForwardIterator std::uninitialized_copy(_InputIterator, _InputIterator, _ForwardIterator) [with _InputIterator = __gnu_cxx::__normal_iterator<const nlohmann::json_abi_v3_11_2::basic_json<>*, vector<nlohmann::json_abi_v3_11_2::basic_json<>, allocator<nlohmann::json_abi_v3_11_2::basic_json<> > > >; _ForwardIterator = nlohmann::json_abi_v3_11_2::basic_json<>*]’:
/usr/include/c++/12/bits/stl_uninitialized.h:163:5: note: parameter passing for argument of type ‘__gnu_cxx::__normal_iterator<const nlohmann::json_abi_v3_11_2::basic_json<>*, std::vector<nlohmann::json_abi_v3_11_2::basic_json<>, std::allocator<nlohmann::json_abi_v3_11_2::basic_json<> > > >’ changed in GCC 7.1
  163 |     uninitialized_copy(_InputIterator __first, _InputIterator __last,
      |     ^~~~~~~~~~~~~~~~~~
/usr/include/c++/12/bits/stl_uninitialized.h:163:5: note: parameter passing for argument of type ‘__gnu_cxx::__normal_iterator<const nlohmann::json_abi_v3_11_2::basic_json<>*, std::vector<nlohmann::json_abi_v3_11_2::basic_json<>, std::allocator<nlohmann::json_abi_v3_11_2::basic_json<> > > >’ changed in GCC 7.1
/usr/include/c++/12/bits/stl_uninitialized.h:185:22: note: parameter passing for argument of type ‘__gnu_cxx::__normal_iterator<const nlohmann::json_abi_v3_11_2::basic_json<>*, std::vector<nlohmann::json_abi_v3_11_2::basic_json<>, std::allocator<nlohmann::json_abi_v3_11_2::basic_json<> > > >’ changed in GCC 7.1
  184 |       return std::__uninitialized_copy<__can_memmove && __assignable>::
      |              ~~~~~~~~~~~~~~~~~~~~~~~~~~~~~~~~~~~~~~~~~~~~~~~~~~~~~~~~~~
  185 |         __uninit_copy(__first, __last, __result);
      |         ~~~~~~~~~~~~~^~~~~~~~~~~~~~~~~~~~~~~~~~~
/usr/include/c++/12/bits/stl_uninitialized.h: In static member function ‘static _ForwardIterator std::__uninitialized_copy<_TrivialValueTypes>::__uninit_copy(_InputIterator, _InputIterator, _ForwardIterator) [with _InputIterator = __gnu_cxx::__normal_iterator<const nlohmann::json_abi_v3_11_2::basic_json<>*, std::vector<nlohmann::json_abi_v3_11_2::basic_json<>, std::allocator<nlohmann::json_abi_v3_11_2::basic_json<> > > >; _ForwardIterator = nlohmann::json_abi_v3_11_2::basic_json<>*; bool _TrivialValueTypes = false]’:
/usr/include/c++/12/bits/stl_uninitialized.h:135:9: note: parameter passing for argument of type ‘__gnu_cxx::__normal_iterator<const nlohmann::json_abi_v3_11_2::basic_json<>*, std::vector<nlohmann::json_abi_v3_11_2::basic_json<>, std::allocator<nlohmann::json_abi_v3_11_2::basic_json<> > > >’ changed in GCC 7.1
  135 |         __uninit_copy(_InputIterator __first, _InputIterator __last,
      |         ^~~~~~~~~~~~~
/usr/include/c++/12/bits/stl_uninitialized.h:135:9: note: parameter passing for argument of type ‘__gnu_cxx::__normal_iterator<const nlohmann::json_abi_v3_11_2::basic_json<>*, std::vector<nlohmann::json_abi_v3_11_2::basic_json<>, std::allocator<nlohmann::json_abi_v3_11_2::basic_json<> > > >’ changed in GCC 7.1
/usr/include/c++/12/bits/stl_uninitialized.h:137:39: note: parameter passing for argument of type ‘__gnu_cxx::__normal_iterator<const nlohmann::json_abi_v3_11_2::basic_json<>*, std::vector<nlohmann::json_abi_v3_11_2::basic_json<>, std::allocator<nlohmann::json_abi_v3_11_2::basic_json<> > > >’ changed in GCC 7.1
  137 |         { return std::__do_uninit_copy(__first, __last, __result); }
      |                  ~~~~~~~~~~~~~~~~~~~~~^~~~~~~~~~~~~~~~~~~~~~~~~~~
/usr/include/c++/12/bits/stl_uninitialized.h: In function ‘_ForwardIterator std::__do_uninit_copy(_InputIterator, _InputIterator, _ForwardIterator) [with _InputIterator = __gnu_cxx::__normal_iterator<const nlohmann::json_abi_v3_11_2::basic_json<>*, vector<nlohmann::json_abi_v3_11_2::basic_json<>, allocator<nlohmann::json_abi_v3_11_2::basic_json<> > > >; _ForwardIterator = nlohmann::json_abi_v3_11_2::basic_json<>*]’:
/usr/include/c++/12/bits/stl_uninitialized.h:113:5: note: parameter passing for argument of type ‘__gnu_cxx::__normal_iterator<const nlohmann::json_abi_v3_11_2::basic_json<>*, std::vector<nlohmann::json_abi_v3_11_2::basic_json<>, std::allocator<nlohmann::json_abi_v3_11_2::basic_json<> > > >’ changed in GCC 7.1
  113 |     __do_uninit_copy(_InputIterator __first, _InputIterator __last,
      |     ^~~~~~~~~~~~~~~~
/usr/include/c++/12/bits/stl_uninitialized.h:113:5: note: parameter passing for argument of type ‘__gnu_cxx::__normal_iterator<const nlohmann::json_abi_v3_11_2::basic_json<>*, std::vector<nlohmann::json_abi_v3_11_2::basic_json<>, std::allocator<nlohmann::json_abi_v3_11_2::basic_json<> > > >’ changed in GCC 7.1
[ 30%] Building CXX object CMakeFiles/hub75_clock.dir/src/animations/fireworks.cpp.o
In file included from /usr/include/c++/12/vector:64,
                 from /home/ikonis/rpi-rgb-led-matrix/include/led-matrix.h:27,
                 from /home/ikonis/hub75-clock/clock-cpp/include/Animation.h:4,
                 from /home/ikonis/hub75-clock/clock-cpp/src/animations/fireworks.cpp:1:
/usr/include/c++/12/bits/stl_vector.h: In copy constructor ‘std::vector<_Tp, _Alloc>::vector(const std::vector<_Tp, _Alloc>&) [with _Tp = nlohmann::json_abi_v3_11_2::basic_json<>; _Alloc = std::allocator<nlohmann::json_abi_v3_11_2::basic_json<> >]’:
/usr/include/c++/12/bits/stl_vector.h:601:38: note: parameter passing for argument of type ‘__gnu_cxx::__normal_iterator<const nlohmann::json_abi_v3_11_2::basic_json<>*, std::vector<nlohmann::json_abi_v3_11_2::basic_json<>, std::allocator<nlohmann::json_abi_v3_11_2::basic_json<> > > >’ changed in GCC 7.1
  601 |           std::__uninitialized_copy_a(__x.begin(), __x.end(),
      |           ~~~~~~~~~~~~~~~~~~~~~~~~~~~^~~~~~~~~~~~~~~~~~~~~~~~
  602 |                                       this->_M_impl._M_start,
      |                                       ~~~~~~~~~~~~~~~~~~~~~~~
  603 |                                       _M_get_Tp_allocator());
      |                                       ~~~~~~~~~~~~~~~~~~~~~~
In file included from /usr/include/c++/12/vector:63:
/usr/include/c++/12/bits/stl_uninitialized.h: In function ‘_ForwardIterator std::__uninitialized_copy_a(_InputIterator, _InputIterator, _ForwardIterator, allocator<_Tp>&) [with _InputIterator = __gnu_cxx::__normal_iterator<const nlohmann::json_abi_v3_11_2::basic_json<>*, vector<nlohmann::json_abi_v3_11_2::basic_json<>, allocator<nlohmann::json_abi_v3_11_2::basic_json<> > > >; _ForwardIterator = nlohmann::json_abi_v3_11_2::basic_json<>*; _Tp = nlohmann::json_abi_v3_11_2::basic_json<>]’:
/usr/include/c++/12/bits/stl_uninitialized.h:365:5: note: parameter passing for argument of type ‘__gnu_cxx::__normal_iterator<const nlohmann::json_abi_v3_11_2::basic_json<>*, std::vector<nlohmann::json_abi_v3_11_2::basic_json<>, std::allocator<nlohmann::json_abi_v3_11_2::basic_json<> > > >’ changed in GCC 7.1
  365 |     __uninitialized_copy_a(_InputIterator __first, _InputIterator __last,
      |     ^~~~~~~~~~~~~~~~~~~~~~
/usr/include/c++/12/bits/stl_uninitialized.h:365:5: note: parameter passing for argument of type ‘__gnu_cxx::__normal_iterator<const nlohmann::json_abi_v3_11_2::basic_json<>*, std::vector<nlohmann::json_abi_v3_11_2::basic_json<>, std::allocator<nlohmann::json_abi_v3_11_2::basic_json<> > > >’ changed in GCC 7.1
/usr/include/c++/12/bits/stl_uninitialized.h:372:37: note: parameter passing for argument of type ‘__gnu_cxx::__normal_iterator<const nlohmann::json_abi_v3_11_2::basic_json<>*, std::vector<nlohmann::json_abi_v3_11_2::basic_json<>, std::allocator<nlohmann::json_abi_v3_11_2::basic_json<> > > >’ changed in GCC 7.1
  372 |       return std::uninitialized_copy(__first, __last, __result);
      |              ~~~~~~~~~~~~~~~~~~~~~~~^~~~~~~~~~~~~~~~~~~~~~~~~~~
/usr/include/c++/12/bits/stl_uninitialized.h: In function ‘_ForwardIterator std::uninitialized_copy(_InputIterator, _InputIterator, _ForwardIterator) [with _InputIterator = __gnu_cxx::__normal_iterator<const nlohmann::json_abi_v3_11_2::basic_json<>*, vector<nlohmann::json_abi_v3_11_2::basic_json<>, allocator<nlohmann::json_abi_v3_11_2::basic_json<> > > >; _ForwardIterator = nlohmann::json_abi_v3_11_2::basic_json<>*]’:
/usr/include/c++/12/bits/stl_uninitialized.h:163:5: note: parameter passing for argument of type ‘__gnu_cxx::__normal_iterator<const nlohmann::json_abi_v3_11_2::basic_json<>*, std::vector<nlohmann::json_abi_v3_11_2::basic_json<>, std::allocator<nlohmann::json_abi_v3_11_2::basic_json<> > > >’ changed in GCC 7.1
  163 |     uninitialized_copy(_InputIterator __first, _InputIterator __last,
      |     ^~~~~~~~~~~~~~~~~~
/usr/include/c++/12/bits/stl_uninitialized.h:163:5: note: parameter passing for argument of type ‘__gnu_cxx::__normal_iterator<const nlohmann::json_abi_v3_11_2::basic_json<>*, std::vector<nlohmann::json_abi_v3_11_2::basic_json<>, std::allocator<nlohmann::json_abi_v3_11_2::basic_json<> > > >’ changed in GCC 7.1
/usr/include/c++/12/bits/stl_uninitialized.h:185:22: note: parameter passing for argument of type ‘__gnu_cxx::__normal_iterator<const nlohmann::json_abi_v3_11_2::basic_json<>*, std::vector<nlohmann::json_abi_v3_11_2::basic_json<>, std::allocator<nlohmann::json_abi_v3_11_2::basic_json<> > > >’ changed in GCC 7.1
  184 |       return std::__uninitialized_copy<__can_memmove && __assignable>::
      |              ~~~~~~~~~~~~~~~~~~~~~~~~~~~~~~~~~~~~~~~~~~~~~~~~~~~~~~~~~~
  185 |         __uninit_copy(__first, __last, __result);
      |         ~~~~~~~~~~~~~^~~~~~~~~~~~~~~~~~~~~~~~~~~
/usr/include/c++/12/bits/stl_uninitialized.h: In static member function ‘static _ForwardIterator std::__uninitialized_copy<_TrivialValueTypes>::__uninit_copy(_InputIterator, _InputIterator, _ForwardIterator) [with _InputIterator = __gnu_cxx::__normal_iterator<const nlohmann::json_abi_v3_11_2::basic_json<>*, std::vector<nlohmann::json_abi_v3_11_2::basic_json<>, std::allocator<nlohmann::json_abi_v3_11_2::basic_json<> > > >; _ForwardIterator = nlohmann::json_abi_v3_11_2::basic_json<>*; bool _TrivialValueTypes = false]’:
/usr/include/c++/12/bits/stl_uninitialized.h:135:9: note: parameter passing for argument of type ‘__gnu_cxx::__normal_iterator<const nlohmann::json_abi_v3_11_2::basic_json<>*, std::vector<nlohmann::json_abi_v3_11_2::basic_json<>, std::allocator<nlohmann::json_abi_v3_11_2::basic_json<> > > >’ changed in GCC 7.1
  135 |         __uninit_copy(_InputIterator __first, _InputIterator __last,
      |         ^~~~~~~~~~~~~
/usr/include/c++/12/bits/stl_uninitialized.h:135:9: note: parameter passing for argument of type ‘__gnu_cxx::__normal_iterator<const nlohmann::json_abi_v3_11_2::basic_json<>*, std::vector<nlohmann::json_abi_v3_11_2::basic_json<>, std::allocator<nlohmann::json_abi_v3_11_2::basic_json<> > > >’ changed in GCC 7.1
/usr/include/c++/12/bits/stl_uninitialized.h:137:39: note: parameter passing for argument of type ‘__gnu_cxx::__normal_iterator<const nlohmann::json_abi_v3_11_2::basic_json<>*, std::vector<nlohmann::json_abi_v3_11_2::basic_json<>, std::allocator<nlohmann::json_abi_v3_11_2::basic_json<> > > >’ changed in GCC 7.1
  137 |         { return std::__do_uninit_copy(__first, __last, __result); }
      |                  ~~~~~~~~~~~~~~~~~~~~~^~~~~~~~~~~~~~~~~~~~~~~~~~~
/usr/include/c++/12/bits/stl_uninitialized.h: In function ‘_ForwardIterator std::__do_uninit_copy(_InputIterator, _InputIterator, _ForwardIterator) [with _InputIterator = __gnu_cxx::__normal_iterator<const nlohmann::json_abi_v3_11_2::basic_json<>*, vector<nlohmann::json_abi_v3_11_2::basic_json<>, allocator<nlohmann::json_abi_v3_11_2::basic_json<> > > >; _ForwardIterator = nlohmann::json_abi_v3_11_2::basic_json<>*]’:
/usr/include/c++/12/bits/stl_uninitialized.h:113:5: note: parameter passing for argument of type ‘__gnu_cxx::__normal_iterator<const nlohmann::json_abi_v3_11_2::basic_json<>*, std::vector<nlohmann::json_abi_v3_11_2::basic_json<>, std::allocator<nlohmann::json_abi_v3_11_2::basic_json<> > > >’ changed in GCC 7.1
  113 |     __do_uninit_copy(_InputIterator __first, _InputIterator __last,
      |     ^~~~~~~~~~~~~~~~
/usr/include/c++/12/bits/stl_uninitialized.h:113:5: note: parameter passing for argument of type ‘__gnu_cxx::__normal_iterator<const nlohmann::json_abi_v3_11_2::basic_json<>*, std::vector<nlohmann::json_abi_v3_11_2::basic_json<>, std::allocator<nlohmann::json_abi_v3_11_2::basic_json<> > > >’ changed in GCC 7.1
[ 34%] Building CXX object CMakeFiles/hub75_clock.dir/src/animations/ghost.cpp.o
In file included from /usr/include/c++/12/vector:64,
                 from /home/ikonis/rpi-rgb-led-matrix/include/led-matrix.h:27,
                 from /home/ikonis/hub75-clock/clock-cpp/include/Animation.h:4,
                 from /home/ikonis/hub75-clock/clock-cpp/src/animations/ghost.cpp:1:
/usr/include/c++/12/bits/stl_vector.h: In copy constructor ‘std::vector<_Tp, _Alloc>::vector(const std::vector<_Tp, _Alloc>&) [with _Tp = nlohmann::json_abi_v3_11_2::basic_json<>; _Alloc = std::allocator<nlohmann::json_abi_v3_11_2::basic_json<> >]’:
/usr/include/c++/12/bits/stl_vector.h:601:38: note: parameter passing for argument of type ‘__gnu_cxx::__normal_iterator<const nlohmann::json_abi_v3_11_2::basic_json<>*, std::vector<nlohmann::json_abi_v3_11_2::basic_json<>, std::allocator<nlohmann::json_abi_v3_11_2::basic_json<> > > >’ changed in GCC 7.1
  601 |           std::__uninitialized_copy_a(__x.begin(), __x.end(),
      |           ~~~~~~~~~~~~~~~~~~~~~~~~~~~^~~~~~~~~~~~~~~~~~~~~~~~
  602 |                                       this->_M_impl._M_start,
      |                                       ~~~~~~~~~~~~~~~~~~~~~~~
  603 |                                       _M_get_Tp_allocator());
      |                                       ~~~~~~~~~~~~~~~~~~~~~~
In file included from /usr/include/c++/12/vector:63:
/usr/include/c++/12/bits/stl_uninitialized.h: In function ‘_ForwardIterator std::__uninitialized_copy_a(_InputIterator, _InputIterator, _ForwardIterator, allocator<_Tp>&) [with _InputIterator = __gnu_cxx::__normal_iterator<const nlohmann::json_abi_v3_11_2::basic_json<>*, vector<nlohmann::json_abi_v3_11_2::basic_json<>, allocator<nlohmann::json_abi_v3_11_2::basic_json<> > > >; _ForwardIterator = nlohmann::json_abi_v3_11_2::basic_json<>*; _Tp = nlohmann::json_abi_v3_11_2::basic_json<>]’:
/usr/include/c++/12/bits/stl_uninitialized.h:365:5: note: parameter passing for argument of type ‘__gnu_cxx::__normal_iterator<const nlohmann::json_abi_v3_11_2::basic_json<>*, std::vector<nlohmann::json_abi_v3_11_2::basic_json<>, std::allocator<nlohmann::json_abi_v3_11_2::basic_json<> > > >’ changed in GCC 7.1
  365 |     __uninitialized_copy_a(_InputIterator __first, _InputIterator __last,
      |     ^~~~~~~~~~~~~~~~~~~~~~
/usr/include/c++/12/bits/stl_uninitialized.h:365:5: note: parameter passing for argument of type ‘__gnu_cxx::__normal_iterator<const nlohmann::json_abi_v3_11_2::basic_json<>*, std::vector<nlohmann::json_abi_v3_11_2::basic_json<>, std::allocator<nlohmann::json_abi_v3_11_2::basic_json<> > > >’ changed in GCC 7.1
/usr/include/c++/12/bits/stl_uninitialized.h:372:37: note: parameter passing for argument of type ‘__gnu_cxx::__normal_iterator<const nlohmann::json_abi_v3_11_2::basic_json<>*, std::vector<nlohmann::json_abi_v3_11_2::basic_json<>, std::allocator<nlohmann::json_abi_v3_11_2::basic_json<> > > >’ changed in GCC 7.1
  372 |       return std::uninitialized_copy(__first, __last, __result);
      |              ~~~~~~~~~~~~~~~~~~~~~~~^~~~~~~~~~~~~~~~~~~~~~~~~~~
/usr/include/c++/12/bits/stl_uninitialized.h: In function ‘_ForwardIterator std::uninitialized_copy(_InputIterator, _InputIterator, _ForwardIterator) [with _InputIterator = __gnu_cxx::__normal_iterator<const nlohmann::json_abi_v3_11_2::basic_json<>*, vector<nlohmann::json_abi_v3_11_2::basic_json<>, allocator<nlohmann::json_abi_v3_11_2::basic_json<> > > >; _ForwardIterator = nlohmann::json_abi_v3_11_2::basic_json<>*]’:
/usr/include/c++/12/bits/stl_uninitialized.h:163:5: note: parameter passing for argument of type ‘__gnu_cxx::__normal_iterator<const nlohmann::json_abi_v3_11_2::basic_json<>*, std::vector<nlohmann::json_abi_v3_11_2::basic_json<>, std::allocator<nlohmann::json_abi_v3_11_2::basic_json<> > > >’ changed in GCC 7.1
  163 |     uninitialized_copy(_InputIterator __first, _InputIterator __last,
      |     ^~~~~~~~~~~~~~~~~~
/usr/include/c++/12/bits/stl_uninitialized.h:163:5: note: parameter passing for argument of type ‘__gnu_cxx::__normal_iterator<const nlohmann::json_abi_v3_11_2::basic_json<>*, std::vector<nlohmann::json_abi_v3_11_2::basic_json<>, std::allocator<nlohmann::json_abi_v3_11_2::basic_json<> > > >’ changed in GCC 7.1
/usr/include/c++/12/bits/stl_uninitialized.h:185:22: note: parameter passing for argument of type ‘__gnu_cxx::__normal_iterator<const nlohmann::json_abi_v3_11_2::basic_json<>*, std::vector<nlohmann::json_abi_v3_11_2::basic_json<>, std::allocator<nlohmann::json_abi_v3_11_2::basic_json<> > > >’ changed in GCC 7.1
  184 |       return std::__uninitialized_copy<__can_memmove && __assignable>::
      |              ~~~~~~~~~~~~~~~~~~~~~~~~~~~~~~~~~~~~~~~~~~~~~~~~~~~~~~~~~~
  185 |         __uninit_copy(__first, __last, __result);
      |         ~~~~~~~~~~~~~^~~~~~~~~~~~~~~~~~~~~~~~~~~
/usr/include/c++/12/bits/stl_uninitialized.h: In static member function ‘static _ForwardIterator std::__uninitialized_copy<_TrivialValueTypes>::__uninit_copy(_InputIterator, _InputIterator, _ForwardIterator) [with _InputIterator = __gnu_cxx::__normal_iterator<const nlohmann::json_abi_v3_11_2::basic_json<>*, std::vector<nlohmann::json_abi_v3_11_2::basic_json<>, std::allocator<nlohmann::json_abi_v3_11_2::basic_json<> > > >; _ForwardIterator = nlohmann::json_abi_v3_11_2::basic_json<>*; bool _TrivialValueTypes = false]’:
/usr/include/c++/12/bits/stl_uninitialized.h:135:9: note: parameter passing for argument of type ‘__gnu_cxx::__normal_iterator<const nlohmann::json_abi_v3_11_2::basic_json<>*, std::vector<nlohmann::json_abi_v3_11_2::basic_json<>, std::allocator<nlohmann::json_abi_v3_11_2::basic_json<> > > >’ changed in GCC 7.1
  135 |         __uninit_copy(_InputIterator __first, _InputIterator __last,
      |         ^~~~~~~~~~~~~
/usr/include/c++/12/bits/stl_uninitialized.h:135:9: note: parameter passing for argument of type ‘__gnu_cxx::__normal_iterator<const nlohmann::json_abi_v3_11_2::basic_json<>*, std::vector<nlohmann::json_abi_v3_11_2::basic_json<>, std::allocator<nlohmann::json_abi_v3_11_2::basic_json<> > > >’ changed in GCC 7.1
/usr/include/c++/12/bits/stl_uninitialized.h:137:39: note: parameter passing for argument of type ‘__gnu_cxx::__normal_iterator<const nlohmann::json_abi_v3_11_2::basic_json<>*, std::vector<nlohmann::json_abi_v3_11_2::basic_json<>, std::allocator<nlohmann::json_abi_v3_11_2::basic_json<> > > >’ changed in GCC 7.1
  137 |         { return std::__do_uninit_copy(__first, __last, __result); }
      |                  ~~~~~~~~~~~~~~~~~~~~~^~~~~~~~~~~~~~~~~~~~~~~~~~~
/usr/include/c++/12/bits/stl_uninitialized.h: In function ‘_ForwardIterator std::__do_uninit_copy(_InputIterator, _InputIterator, _ForwardIterator) [with _InputIterator = __gnu_cxx::__normal_iterator<const nlohmann::json_abi_v3_11_2::basic_json<>*, vector<nlohmann::json_abi_v3_11_2::basic_json<>, allocator<nlohmann::json_abi_v3_11_2::basic_json<> > > >; _ForwardIterator = nlohmann::json_abi_v3_11_2::basic_json<>*]’:
/usr/include/c++/12/bits/stl_uninitialized.h:113:5: note: parameter passing for argument of type ‘__gnu_cxx::__normal_iterator<const nlohmann::json_abi_v3_11_2::basic_json<>*, std::vector<nlohmann::json_abi_v3_11_2::basic_json<>, std::allocator<nlohmann::json_abi_v3_11_2::basic_json<> > > >’ changed in GCC 7.1
  113 |     __do_uninit_copy(_InputIterator __first, _InputIterator __last,
      |     ^~~~~~~~~~~~~~~~
/usr/include/c++/12/bits/stl_uninitialized.h:113:5: note: parameter passing for argument of type ‘__gnu_cxx::__normal_iterator<const nlohmann::json_abi_v3_11_2::basic_json<>*, std::vector<nlohmann::json_abi_v3_11_2::basic_json<>, std::allocator<nlohmann::json_abi_v3_11_2::basic_json<> > > >’ changed in GCC 7.1
[ 38%] Building CXX object CMakeFiles/hub75_clock.dir/src/animations/hot_air_balloon.cpp.o
In file included from /usr/include/c++/12/vector:64,
                 from /home/ikonis/rpi-rgb-led-matrix/include/led-matrix.h:27,
                 from /home/ikonis/hub75-clock/clock-cpp/include/Animation.h:4,
                 from /home/ikonis/hub75-clock/clock-cpp/src/animations/hot_air_balloon.cpp:1:
/usr/include/c++/12/bits/stl_vector.h: In copy constructor ‘std::vector<_Tp, _Alloc>::vector(const std::vector<_Tp, _Alloc>&) [with _Tp = nlohmann::json_abi_v3_11_2::basic_json<>; _Alloc = std::allocator<nlohmann::json_abi_v3_11_2::basic_json<> >]’:
/usr/include/c++/12/bits/stl_vector.h:601:38: note: parameter passing for argument of type ‘__gnu_cxx::__normal_iterator<const nlohmann::json_abi_v3_11_2::basic_json<>*, std::vector<nlohmann::json_abi_v3_11_2::basic_json<>, std::allocator<nlohmann::json_abi_v3_11_2::basic_json<> > > >’ changed in GCC 7.1
  601 |           std::__uninitialized_copy_a(__x.begin(), __x.end(),
      |           ~~~~~~~~~~~~~~~~~~~~~~~~~~~^~~~~~~~~~~~~~~~~~~~~~~~
  602 |                                       this->_M_impl._M_start,
      |                                       ~~~~~~~~~~~~~~~~~~~~~~~
  603 |                                       _M_get_Tp_allocator());
      |                                       ~~~~~~~~~~~~~~~~~~~~~~
In file included from /usr/include/c++/12/vector:63:
/usr/include/c++/12/bits/stl_uninitialized.h: In function ‘_ForwardIterator std::__uninitialized_copy_a(_InputIterator, _InputIterator, _ForwardIterator, allocator<_Tp>&) [with _InputIterator = __gnu_cxx::__normal_iterator<const nlohmann::json_abi_v3_11_2::basic_json<>*, vector<nlohmann::json_abi_v3_11_2::basic_json<>, allocator<nlohmann::json_abi_v3_11_2::basic_json<> > > >; _ForwardIterator = nlohmann::json_abi_v3_11_2::basic_json<>*; _Tp = nlohmann::json_abi_v3_11_2::basic_json<>]’:
/usr/include/c++/12/bits/stl_uninitialized.h:365:5: note: parameter passing for argument of type ‘__gnu_cxx::__normal_iterator<const nlohmann::json_abi_v3_11_2::basic_json<>*, std::vector<nlohmann::json_abi_v3_11_2::basic_json<>, std::allocator<nlohmann::json_abi_v3_11_2::basic_json<> > > >’ changed in GCC 7.1
  365 |     __uninitialized_copy_a(_InputIterator __first, _InputIterator __last,
      |     ^~~~~~~~~~~~~~~~~~~~~~
/usr/include/c++/12/bits/stl_uninitialized.h:365:5: note: parameter passing for argument of type ‘__gnu_cxx::__normal_iterator<const nlohmann::json_abi_v3_11_2::basic_json<>*, std::vector<nlohmann::json_abi_v3_11_2::basic_json<>, std::allocator<nlohmann::json_abi_v3_11_2::basic_json<> > > >’ changed in GCC 7.1
/usr/include/c++/12/bits/stl_uninitialized.h:372:37: note: parameter passing for argument of type ‘__gnu_cxx::__normal_iterator<const nlohmann::json_abi_v3_11_2::basic_json<>*, std::vector<nlohmann::json_abi_v3_11_2::basic_json<>, std::allocator<nlohmann::json_abi_v3_11_2::basic_json<> > > >’ changed in GCC 7.1
  372 |       return std::uninitialized_copy(__first, __last, __result);
      |              ~~~~~~~~~~~~~~~~~~~~~~~^~~~~~~~~~~~~~~~~~~~~~~~~~~
/usr/include/c++/12/bits/stl_uninitialized.h: In function ‘_ForwardIterator std::uninitialized_copy(_InputIterator, _InputIterator, _ForwardIterator) [with _InputIterator = __gnu_cxx::__normal_iterator<const nlohmann::json_abi_v3_11_2::basic_json<>*, vector<nlohmann::json_abi_v3_11_2::basic_json<>, allocator<nlohmann::json_abi_v3_11_2::basic_json<> > > >; _ForwardIterator = nlohmann::json_abi_v3_11_2::basic_json<>*]’:
/usr/include/c++/12/bits/stl_uninitialized.h:163:5: note: parameter passing for argument of type ‘__gnu_cxx::__normal_iterator<const nlohmann::json_abi_v3_11_2::basic_json<>*, std::vector<nlohmann::json_abi_v3_11_2::basic_json<>, std::allocator<nlohmann::json_abi_v3_11_2::basic_json<> > > >’ changed in GCC 7.1
  163 |     uninitialized_copy(_InputIterator __first, _InputIterator __last,
      |     ^~~~~~~~~~~~~~~~~~
/usr/include/c++/12/bits/stl_uninitialized.h:163:5: note: parameter passing for argument of type ‘__gnu_cxx::__normal_iterator<const nlohmann::json_abi_v3_11_2::basic_json<>*, std::vector<nlohmann::json_abi_v3_11_2::basic_json<>, std::allocator<nlohmann::json_abi_v3_11_2::basic_json<> > > >’ changed in GCC 7.1
/usr/include/c++/12/bits/stl_uninitialized.h:185:22: note: parameter passing for argument of type ‘__gnu_cxx::__normal_iterator<const nlohmann::json_abi_v3_11_2::basic_json<>*, std::vector<nlohmann::json_abi_v3_11_2::basic_json<>, std::allocator<nlohmann::json_abi_v3_11_2::basic_json<> > > >’ changed in GCC 7.1
  184 |       return std::__uninitialized_copy<__can_memmove && __assignable>::
      |              ~~~~~~~~~~~~~~~~~~~~~~~~~~~~~~~~~~~~~~~~~~~~~~~~~~~~~~~~~~
  185 |         __uninit_copy(__first, __last, __result);
      |         ~~~~~~~~~~~~~^~~~~~~~~~~~~~~~~~~~~~~~~~~
/usr/include/c++/12/bits/stl_uninitialized.h: In static member function ‘static _ForwardIterator std::__uninitialized_copy<_TrivialValueTypes>::__uninit_copy(_InputIterator, _InputIterator, _ForwardIterator) [with _InputIterator = __gnu_cxx::__normal_iterator<const nlohmann::json_abi_v3_11_2::basic_json<>*, std::vector<nlohmann::json_abi_v3_11_2::basic_json<>, std::allocator<nlohmann::json_abi_v3_11_2::basic_json<> > > >; _ForwardIterator = nlohmann::json_abi_v3_11_2::basic_json<>*; bool _TrivialValueTypes = false]’:
/usr/include/c++/12/bits/stl_uninitialized.h:135:9: note: parameter passing for argument of type ‘__gnu_cxx::__normal_iterator<const nlohmann::json_abi_v3_11_2::basic_json<>*, std::vector<nlohmann::json_abi_v3_11_2::basic_json<>, std::allocator<nlohmann::json_abi_v3_11_2::basic_json<> > > >’ changed in GCC 7.1
  135 |         __uninit_copy(_InputIterator __first, _InputIterator __last,
      |         ^~~~~~~~~~~~~
/usr/include/c++/12/bits/stl_uninitialized.h:135:9: note: parameter passing for argument of type ‘__gnu_cxx::__normal_iterator<const nlohmann::json_abi_v3_11_2::basic_json<>*, std::vector<nlohmann::json_abi_v3_11_2::basic_json<>, std::allocator<nlohmann::json_abi_v3_11_2::basic_json<> > > >’ changed in GCC 7.1
/usr/include/c++/12/bits/stl_uninitialized.h:137:39: note: parameter passing for argument of type ‘__gnu_cxx::__normal_iterator<const nlohmann::json_abi_v3_11_2::basic_json<>*, std::vector<nlohmann::json_abi_v3_11_2::basic_json<>, std::allocator<nlohmann::json_abi_v3_11_2::basic_json<> > > >’ changed in GCC 7.1
  137 |         { return std::__do_uninit_copy(__first, __last, __result); }
      |                  ~~~~~~~~~~~~~~~~~~~~~^~~~~~~~~~~~~~~~~~~~~~~~~~~
/usr/include/c++/12/bits/stl_uninitialized.h: In function ‘_ForwardIterator std::__do_uninit_copy(_InputIterator, _InputIterator, _ForwardIterator) [with _InputIterator = __gnu_cxx::__normal_iterator<const nlohmann::json_abi_v3_11_2::basic_json<>*, vector<nlohmann::json_abi_v3_11_2::basic_json<>, allocator<nlohmann::json_abi_v3_11_2::basic_json<> > > >; _ForwardIterator = nlohmann::json_abi_v3_11_2::basic_json<>*]’:
/usr/include/c++/12/bits/stl_uninitialized.h:113:5: note: parameter passing for argument of type ‘__gnu_cxx::__normal_iterator<const nlohmann::json_abi_v3_11_2::basic_json<>*, std::vector<nlohmann::json_abi_v3_11_2::basic_json<>, std::allocator<nlohmann::json_abi_v3_11_2::basic_json<> > > >’ changed in GCC 7.1
  113 |     __do_uninit_copy(_InputIterator __first, _InputIterator __last,
      |     ^~~~~~~~~~~~~~~~
/usr/include/c++/12/bits/stl_uninitialized.h:113:5: note: parameter passing for argument of type ‘__gnu_cxx::__normal_iterator<const nlohmann::json_abi_v3_11_2::basic_json<>*, std::vector<nlohmann::json_abi_v3_11_2::basic_json<>, std::allocator<nlohmann::json_abi_v3_11_2::basic_json<> > > >’ changed in GCC 7.1
[ 42%] Building CXX object CMakeFiles/hub75_clock.dir/src/animations/jack_o_lantern.cpp.o
In file included from /usr/include/c++/12/vector:64,
                 from /home/ikonis/rpi-rgb-led-matrix/include/led-matrix.h:27,
                 from /home/ikonis/hub75-clock/clock-cpp/include/Animation.h:4,
                 from /home/ikonis/hub75-clock/clock-cpp/src/animations/jack_o_lantern.cpp:1:
/usr/include/c++/12/bits/stl_vector.h: In copy constructor ‘std::vector<_Tp, _Alloc>::vector(const std::vector<_Tp, _Alloc>&) [with _Tp = nlohmann::json_abi_v3_11_2::basic_json<>; _Alloc = std::allocator<nlohmann::json_abi_v3_11_2::basic_json<> >]’:
/usr/include/c++/12/bits/stl_vector.h:601:38: note: parameter passing for argument of type ‘__gnu_cxx::__normal_iterator<const nlohmann::json_abi_v3_11_2::basic_json<>*, std::vector<nlohmann::json_abi_v3_11_2::basic_json<>, std::allocator<nlohmann::json_abi_v3_11_2::basic_json<> > > >’ changed in GCC 7.1
  601 |           std::__uninitialized_copy_a(__x.begin(), __x.end(),
      |           ~~~~~~~~~~~~~~~~~~~~~~~~~~~^~~~~~~~~~~~~~~~~~~~~~~~
  602 |                                       this->_M_impl._M_start,
      |                                       ~~~~~~~~~~~~~~~~~~~~~~~
  603 |                                       _M_get_Tp_allocator());
      |                                       ~~~~~~~~~~~~~~~~~~~~~~
In file included from /usr/include/c++/12/vector:63:
/usr/include/c++/12/bits/stl_uninitialized.h: In function ‘_ForwardIterator std::__uninitialized_copy_a(_InputIterator, _InputIterator, _ForwardIterator, allocator<_Tp>&) [with _InputIterator = __gnu_cxx::__normal_iterator<const nlohmann::json_abi_v3_11_2::basic_json<>*, vector<nlohmann::json_abi_v3_11_2::basic_json<>, allocator<nlohmann::json_abi_v3_11_2::basic_json<> > > >; _ForwardIterator = nlohmann::json_abi_v3_11_2::basic_json<>*; _Tp = nlohmann::json_abi_v3_11_2::basic_json<>]’:
/usr/include/c++/12/bits/stl_uninitialized.h:365:5: note: parameter passing for argument of type ‘__gnu_cxx::__normal_iterator<const nlohmann::json_abi_v3_11_2::basic_json<>*, std::vector<nlohmann::json_abi_v3_11_2::basic_json<>, std::allocator<nlohmann::json_abi_v3_11_2::basic_json<> > > >’ changed in GCC 7.1
  365 |     __uninitialized_copy_a(_InputIterator __first, _InputIterator __last,
      |     ^~~~~~~~~~~~~~~~~~~~~~
/usr/include/c++/12/bits/stl_uninitialized.h:365:5: note: parameter passing for argument of type ‘__gnu_cxx::__normal_iterator<const nlohmann::json_abi_v3_11_2::basic_json<>*, std::vector<nlohmann::json_abi_v3_11_2::basic_json<>, std::allocator<nlohmann::json_abi_v3_11_2::basic_json<> > > >’ changed in GCC 7.1
/usr/include/c++/12/bits/stl_uninitialized.h:372:37: note: parameter passing for argument of type ‘__gnu_cxx::__normal_iterator<const nlohmann::json_abi_v3_11_2::basic_json<>*, std::vector<nlohmann::json_abi_v3_11_2::basic_json<>, std::allocator<nlohmann::json_abi_v3_11_2::basic_json<> > > >’ changed in GCC 7.1
  372 |       return std::uninitialized_copy(__first, __last, __result);
      |              ~~~~~~~~~~~~~~~~~~~~~~~^~~~~~~~~~~~~~~~~~~~~~~~~~~
/usr/include/c++/12/bits/stl_uninitialized.h: In function ‘_ForwardIterator std::uninitialized_copy(_InputIterator, _InputIterator, _ForwardIterator) [with _InputIterator = __gnu_cxx::__normal_iterator<const nlohmann::json_abi_v3_11_2::basic_json<>*, vector<nlohmann::json_abi_v3_11_2::basic_json<>, allocator<nlohmann::json_abi_v3_11_2::basic_json<> > > >; _ForwardIterator = nlohmann::json_abi_v3_11_2::basic_json<>*]’:
/usr/include/c++/12/bits/stl_uninitialized.h:163:5: note: parameter passing for argument of type ‘__gnu_cxx::__normal_iterator<const nlohmann::json_abi_v3_11_2::basic_json<>*, std::vector<nlohmann::json_abi_v3_11_2::basic_json<>, std::allocator<nlohmann::json_abi_v3_11_2::basic_json<> > > >’ changed in GCC 7.1
  163 |     uninitialized_copy(_InputIterator __first, _InputIterator __last,
      |     ^~~~~~~~~~~~~~~~~~
/usr/include/c++/12/bits/stl_uninitialized.h:163:5: note: parameter passing for argument of type ‘__gnu_cxx::__normal_iterator<const nlohmann::json_abi_v3_11_2::basic_json<>*, std::vector<nlohmann::json_abi_v3_11_2::basic_json<>, std::allocator<nlohmann::json_abi_v3_11_2::basic_json<> > > >’ changed in GCC 7.1
/usr/include/c++/12/bits/stl_uninitialized.h:185:22: note: parameter passing for argument of type ‘__gnu_cxx::__normal_iterator<const nlohmann::json_abi_v3_11_2::basic_json<>*, std::vector<nlohmann::json_abi_v3_11_2::basic_json<>, std::allocator<nlohmann::json_abi_v3_11_2::basic_json<> > > >’ changed in GCC 7.1
  184 |       return std::__uninitialized_copy<__can_memmove && __assignable>::
      |              ~~~~~~~~~~~~~~~~~~~~~~~~~~~~~~~~~~~~~~~~~~~~~~~~~~~~~~~~~~
  185 |         __uninit_copy(__first, __last, __result);
      |         ~~~~~~~~~~~~~^~~~~~~~~~~~~~~~~~~~~~~~~~~
/usr/include/c++/12/bits/stl_uninitialized.h: In static member function ‘static _ForwardIterator std::__uninitialized_copy<_TrivialValueTypes>::__uninit_copy(_InputIterator, _InputIterator, _ForwardIterator) [with _InputIterator = __gnu_cxx::__normal_iterator<const nlohmann::json_abi_v3_11_2::basic_json<>*, std::vector<nlohmann::json_abi_v3_11_2::basic_json<>, std::allocator<nlohmann::json_abi_v3_11_2::basic_json<> > > >; _ForwardIterator = nlohmann::json_abi_v3_11_2::basic_json<>*; bool _TrivialValueTypes = false]’:
/usr/include/c++/12/bits/stl_uninitialized.h:135:9: note: parameter passing for argument of type ‘__gnu_cxx::__normal_iterator<const nlohmann::json_abi_v3_11_2::basic_json<>*, std::vector<nlohmann::json_abi_v3_11_2::basic_json<>, std::allocator<nlohmann::json_abi_v3_11_2::basic_json<> > > >’ changed in GCC 7.1
  135 |         __uninit_copy(_InputIterator __first, _InputIterator __last,
      |         ^~~~~~~~~~~~~
/usr/include/c++/12/bits/stl_uninitialized.h:135:9: note: parameter passing for argument of type ‘__gnu_cxx::__normal_iterator<const nlohmann::json_abi_v3_11_2::basic_json<>*, std::vector<nlohmann::json_abi_v3_11_2::basic_json<>, std::allocator<nlohmann::json_abi_v3_11_2::basic_json<> > > >’ changed in GCC 7.1
/usr/include/c++/12/bits/stl_uninitialized.h:137:39: note: parameter passing for argument of type ‘__gnu_cxx::__normal_iterator<const nlohmann::json_abi_v3_11_2::basic_json<>*, std::vector<nlohmann::json_abi_v3_11_2::basic_json<>, std::allocator<nlohmann::json_abi_v3_11_2::basic_json<> > > >’ changed in GCC 7.1
  137 |         { return std::__do_uninit_copy(__first, __last, __result); }
      |                  ~~~~~~~~~~~~~~~~~~~~~^~~~~~~~~~~~~~~~~~~~~~~~~~~
/usr/include/c++/12/bits/stl_uninitialized.h: In function ‘_ForwardIterator std::__do_uninit_copy(_InputIterator, _InputIterator, _ForwardIterator) [with _InputIterator = __gnu_cxx::__normal_iterator<const nlohmann::json_abi_v3_11_2::basic_json<>*, vector<nlohmann::json_abi_v3_11_2::basic_json<>, allocator<nlohmann::json_abi_v3_11_2::basic_json<> > > >; _ForwardIterator = nlohmann::json_abi_v3_11_2::basic_json<>*]’:
/usr/include/c++/12/bits/stl_uninitialized.h:113:5: note: parameter passing for argument of type ‘__gnu_cxx::__normal_iterator<const nlohmann::json_abi_v3_11_2::basic_json<>*, std::vector<nlohmann::json_abi_v3_11_2::basic_json<>, std::allocator<nlohmann::json_abi_v3_11_2::basic_json<> > > >’ changed in GCC 7.1
  113 |     __do_uninit_copy(_InputIterator __first, _InputIterator __last,
      |     ^~~~~~~~~~~~~~~~
/usr/include/c++/12/bits/stl_uninitialized.h:113:5: note: parameter passing for argument of type ‘__gnu_cxx::__normal_iterator<const nlohmann::json_abi_v3_11_2::basic_json<>*, std::vector<nlohmann::json_abi_v3_11_2::basic_json<>, std::allocator<nlohmann::json_abi_v3_11_2::basic_json<> > > >’ changed in GCC 7.1
[ 46%] Building CXX object CMakeFiles/hub75_clock.dir/src/animations/meteor.cpp.o
In file included from /usr/include/c++/12/vector:64,
                 from /home/ikonis/rpi-rgb-led-matrix/include/led-matrix.h:27,
                 from /home/ikonis/hub75-clock/clock-cpp/include/Animation.h:4,
                 from /home/ikonis/hub75-clock/clock-cpp/src/animations/meteor.cpp:1:
/usr/include/c++/12/bits/stl_vector.h: In copy constructor ‘std::vector<_Tp, _Alloc>::vector(const std::vector<_Tp, _Alloc>&) [with _Tp = nlohmann::json_abi_v3_11_2::basic_json<>; _Alloc = std::allocator<nlohmann::json_abi_v3_11_2::basic_json<> >]’:
/usr/include/c++/12/bits/stl_vector.h:601:38: note: parameter passing for argument of type ‘__gnu_cxx::__normal_iterator<const nlohmann::json_abi_v3_11_2::basic_json<>*, std::vector<nlohmann::json_abi_v3_11_2::basic_json<>, std::allocator<nlohmann::json_abi_v3_11_2::basic_json<> > > >’ changed in GCC 7.1
  601 |           std::__uninitialized_copy_a(__x.begin(), __x.end(),
      |           ~~~~~~~~~~~~~~~~~~~~~~~~~~~^~~~~~~~~~~~~~~~~~~~~~~~
  602 |                                       this->_M_impl._M_start,
      |                                       ~~~~~~~~~~~~~~~~~~~~~~~
  603 |                                       _M_get_Tp_allocator());
      |                                       ~~~~~~~~~~~~~~~~~~~~~~
In file included from /usr/include/c++/12/vector:63:
/usr/include/c++/12/bits/stl_uninitialized.h: In function ‘_ForwardIterator std::__uninitialized_copy_a(_InputIterator, _InputIterator, _ForwardIterator, allocator<_Tp>&) [with _InputIterator = __gnu_cxx::__normal_iterator<const nlohmann::json_abi_v3_11_2::basic_json<>*, vector<nlohmann::json_abi_v3_11_2::basic_json<>, allocator<nlohmann::json_abi_v3_11_2::basic_json<> > > >; _ForwardIterator = nlohmann::json_abi_v3_11_2::basic_json<>*; _Tp = nlohmann::json_abi_v3_11_2::basic_json<>]’:
/usr/include/c++/12/bits/stl_uninitialized.h:365:5: note: parameter passing for argument of type ‘__gnu_cxx::__normal_iterator<const nlohmann::json_abi_v3_11_2::basic_json<>*, std::vector<nlohmann::json_abi_v3_11_2::basic_json<>, std::allocator<nlohmann::json_abi_v3_11_2::basic_json<> > > >’ changed in GCC 7.1
  365 |     __uninitialized_copy_a(_InputIterator __first, _InputIterator __last,
      |     ^~~~~~~~~~~~~~~~~~~~~~
/usr/include/c++/12/bits/stl_uninitialized.h:365:5: note: parameter passing for argument of type ‘__gnu_cxx::__normal_iterator<const nlohmann::json_abi_v3_11_2::basic_json<>*, std::vector<nlohmann::json_abi_v3_11_2::basic_json<>, std::allocator<nlohmann::json_abi_v3_11_2::basic_json<> > > >’ changed in GCC 7.1
/usr/include/c++/12/bits/stl_uninitialized.h:372:37: note: parameter passing for argument of type ‘__gnu_cxx::__normal_iterator<const nlohmann::json_abi_v3_11_2::basic_json<>*, std::vector<nlohmann::json_abi_v3_11_2::basic_json<>, std::allocator<nlohmann::json_abi_v3_11_2::basic_json<> > > >’ changed in GCC 7.1
  372 |       return std::uninitialized_copy(__first, __last, __result);
      |              ~~~~~~~~~~~~~~~~~~~~~~~^~~~~~~~~~~~~~~~~~~~~~~~~~~
/usr/include/c++/12/bits/stl_uninitialized.h: In function ‘_ForwardIterator std::uninitialized_copy(_InputIterator, _InputIterator, _ForwardIterator) [with _InputIterator = __gnu_cxx::__normal_iterator<const nlohmann::json_abi_v3_11_2::basic_json<>*, vector<nlohmann::json_abi_v3_11_2::basic_json<>, allocator<nlohmann::json_abi_v3_11_2::basic_json<> > > >; _ForwardIterator = nlohmann::json_abi_v3_11_2::basic_json<>*]’:
/usr/include/c++/12/bits/stl_uninitialized.h:163:5: note: parameter passing for argument of type ‘__gnu_cxx::__normal_iterator<const nlohmann::json_abi_v3_11_2::basic_json<>*, std::vector<nlohmann::json_abi_v3_11_2::basic_json<>, std::allocator<nlohmann::json_abi_v3_11_2::basic_json<> > > >’ changed in GCC 7.1
  163 |     uninitialized_copy(_InputIterator __first, _InputIterator __last,
      |     ^~~~~~~~~~~~~~~~~~
/usr/include/c++/12/bits/stl_uninitialized.h:163:5: note: parameter passing for argument of type ‘__gnu_cxx::__normal_iterator<const nlohmann::json_abi_v3_11_2::basic_json<>*, std::vector<nlohmann::json_abi_v3_11_2::basic_json<>, std::allocator<nlohmann::json_abi_v3_11_2::basic_json<> > > >’ changed in GCC 7.1
/usr/include/c++/12/bits/stl_uninitialized.h:185:22: note: parameter passing for argument of type ‘__gnu_cxx::__normal_iterator<const nlohmann::json_abi_v3_11_2::basic_json<>*, std::vector<nlohmann::json_abi_v3_11_2::basic_json<>, std::allocator<nlohmann::json_abi_v3_11_2::basic_json<> > > >’ changed in GCC 7.1
  184 |       return std::__uninitialized_copy<__can_memmove && __assignable>::
      |              ~~~~~~~~~~~~~~~~~~~~~~~~~~~~~~~~~~~~~~~~~~~~~~~~~~~~~~~~~~
  185 |         __uninit_copy(__first, __last, __result);
      |         ~~~~~~~~~~~~~^~~~~~~~~~~~~~~~~~~~~~~~~~~
/usr/include/c++/12/bits/stl_uninitialized.h: In static member function ‘static _ForwardIterator std::__uninitialized_copy<_TrivialValueTypes>::__uninit_copy(_InputIterator, _InputIterator, _ForwardIterator) [with _InputIterator = __gnu_cxx::__normal_iterator<const nlohmann::json_abi_v3_11_2::basic_json<>*, std::vector<nlohmann::json_abi_v3_11_2::basic_json<>, std::allocator<nlohmann::json_abi_v3_11_2::basic_json<> > > >; _ForwardIterator = nlohmann::json_abi_v3_11_2::basic_json<>*; bool _TrivialValueTypes = false]’:
/usr/include/c++/12/bits/stl_uninitialized.h:135:9: note: parameter passing for argument of type ‘__gnu_cxx::__normal_iterator<const nlohmann::json_abi_v3_11_2::basic_json<>*, std::vector<nlohmann::json_abi_v3_11_2::basic_json<>, std::allocator<nlohmann::json_abi_v3_11_2::basic_json<> > > >’ changed in GCC 7.1
  135 |         __uninit_copy(_InputIterator __first, _InputIterator __last,
      |         ^~~~~~~~~~~~~
/usr/include/c++/12/bits/stl_uninitialized.h:135:9: note: parameter passing for argument of type ‘__gnu_cxx::__normal_iterator<const nlohmann::json_abi_v3_11_2::basic_json<>*, std::vector<nlohmann::json_abi_v3_11_2::basic_json<>, std::allocator<nlohmann::json_abi_v3_11_2::basic_json<> > > >’ changed in GCC 7.1
/usr/include/c++/12/bits/stl_uninitialized.h:137:39: note: parameter passing for argument of type ‘__gnu_cxx::__normal_iterator<const nlohmann::json_abi_v3_11_2::basic_json<>*, std::vector<nlohmann::json_abi_v3_11_2::basic_json<>, std::allocator<nlohmann::json_abi_v3_11_2::basic_json<> > > >’ changed in GCC 7.1
  137 |         { return std::__do_uninit_copy(__first, __last, __result); }
      |                  ~~~~~~~~~~~~~~~~~~~~~^~~~~~~~~~~~~~~~~~~~~~~~~~~
/usr/include/c++/12/bits/stl_uninitialized.h: In function ‘_ForwardIterator std::__do_uninit_copy(_InputIterator, _InputIterator, _ForwardIterator) [with _InputIterator = __gnu_cxx::__normal_iterator<const nlohmann::json_abi_v3_11_2::basic_json<>*, vector<nlohmann::json_abi_v3_11_2::basic_json<>, allocator<nlohmann::json_abi_v3_11_2::basic_json<> > > >; _ForwardIterator = nlohmann::json_abi_v3_11_2::basic_json<>*]’:
/usr/include/c++/12/bits/stl_uninitialized.h:113:5: note: parameter passing for argument of type ‘__gnu_cxx::__normal_iterator<const nlohmann::json_abi_v3_11_2::basic_json<>*, std::vector<nlohmann::json_abi_v3_11_2::basic_json<>, std::allocator<nlohmann::json_abi_v3_11_2::basic_json<> > > >’ changed in GCC 7.1
  113 |     __do_uninit_copy(_InputIterator __first, _InputIterator __last,
      |     ^~~~~~~~~~~~~~~~
/usr/include/c++/12/bits/stl_uninitialized.h:113:5: note: parameter passing for argument of type ‘__gnu_cxx::__normal_iterator<const nlohmann::json_abi_v3_11_2::basic_json<>*, std::vector<nlohmann::json_abi_v3_11_2::basic_json<>, std::allocator<nlohmann::json_abi_v3_11_2::basic_json<> > > >’ changed in GCC 7.1
[ 50%] Building CXX object CMakeFiles/hub75_clock.dir/src/animations/rainbow.cpp.o
In file included from /usr/include/c++/12/vector:64,
                 from /home/ikonis/rpi-rgb-led-matrix/include/led-matrix.h:27,
                 from /home/ikonis/hub75-clock/clock-cpp/include/Animation.h:4,
                 from /home/ikonis/hub75-clock/clock-cpp/src/animations/rainbow.cpp:1:
/usr/include/c++/12/bits/stl_vector.h: In copy constructor ‘std::vector<_Tp, _Alloc>::vector(const std::vector<_Tp, _Alloc>&) [with _Tp = nlohmann::json_abi_v3_11_2::basic_json<>; _Alloc = std::allocator<nlohmann::json_abi_v3_11_2::basic_json<> >]’:
/usr/include/c++/12/bits/stl_vector.h:601:38: note: parameter passing for argument of type ‘__gnu_cxx::__normal_iterator<const nlohmann::json_abi_v3_11_2::basic_json<>*, std::vector<nlohmann::json_abi_v3_11_2::basic_json<>, std::allocator<nlohmann::json_abi_v3_11_2::basic_json<> > > >’ changed in GCC 7.1
  601 |           std::__uninitialized_copy_a(__x.begin(), __x.end(),
      |           ~~~~~~~~~~~~~~~~~~~~~~~~~~~^~~~~~~~~~~~~~~~~~~~~~~~
  602 |                                       this->_M_impl._M_start,
      |                                       ~~~~~~~~~~~~~~~~~~~~~~~
  603 |                                       _M_get_Tp_allocator());
      |                                       ~~~~~~~~~~~~~~~~~~~~~~
In file included from /usr/include/c++/12/vector:63:
/usr/include/c++/12/bits/stl_uninitialized.h: In function ‘_ForwardIterator std::__uninitialized_copy_a(_InputIterator, _InputIterator, _ForwardIterator, allocator<_Tp>&) [with _InputIterator = __gnu_cxx::__normal_iterator<const nlohmann::json_abi_v3_11_2::basic_json<>*, vector<nlohmann::json_abi_v3_11_2::basic_json<>, allocator<nlohmann::json_abi_v3_11_2::basic_json<> > > >; _ForwardIterator = nlohmann::json_abi_v3_11_2::basic_json<>*; _Tp = nlohmann::json_abi_v3_11_2::basic_json<>]’:
/usr/include/c++/12/bits/stl_uninitialized.h:365:5: note: parameter passing for argument of type ‘__gnu_cxx::__normal_iterator<const nlohmann::json_abi_v3_11_2::basic_json<>*, std::vector<nlohmann::json_abi_v3_11_2::basic_json<>, std::allocator<nlohmann::json_abi_v3_11_2::basic_json<> > > >’ changed in GCC 7.1
  365 |     __uninitialized_copy_a(_InputIterator __first, _InputIterator __last,
      |     ^~~~~~~~~~~~~~~~~~~~~~
/usr/include/c++/12/bits/stl_uninitialized.h:365:5: note: parameter passing for argument of type ‘__gnu_cxx::__normal_iterator<const nlohmann::json_abi_v3_11_2::basic_json<>*, std::vector<nlohmann::json_abi_v3_11_2::basic_json<>, std::allocator<nlohmann::json_abi_v3_11_2::basic_json<> > > >’ changed in GCC 7.1
/usr/include/c++/12/bits/stl_uninitialized.h:372:37: note: parameter passing for argument of type ‘__gnu_cxx::__normal_iterator<const nlohmann::json_abi_v3_11_2::basic_json<>*, std::vector<nlohmann::json_abi_v3_11_2::basic_json<>, std::allocator<nlohmann::json_abi_v3_11_2::basic_json<> > > >’ changed in GCC 7.1
  372 |       return std::uninitialized_copy(__first, __last, __result);
      |              ~~~~~~~~~~~~~~~~~~~~~~~^~~~~~~~~~~~~~~~~~~~~~~~~~~
/usr/include/c++/12/bits/stl_uninitialized.h: In function ‘_ForwardIterator std::uninitialized_copy(_InputIterator, _InputIterator, _ForwardIterator) [with _InputIterator = __gnu_cxx::__normal_iterator<const nlohmann::json_abi_v3_11_2::basic_json<>*, vector<nlohmann::json_abi_v3_11_2::basic_json<>, allocator<nlohmann::json_abi_v3_11_2::basic_json<> > > >; _ForwardIterator = nlohmann::json_abi_v3_11_2::basic_json<>*]’:
/usr/include/c++/12/bits/stl_uninitialized.h:163:5: note: parameter passing for argument of type ‘__gnu_cxx::__normal_iterator<const nlohmann::json_abi_v3_11_2::basic_json<>*, std::vector<nlohmann::json_abi_v3_11_2::basic_json<>, std::allocator<nlohmann::json_abi_v3_11_2::basic_json<> > > >’ changed in GCC 7.1
  163 |     uninitialized_copy(_InputIterator __first, _InputIterator __last,
      |     ^~~~~~~~~~~~~~~~~~
/usr/include/c++/12/bits/stl_uninitialized.h:163:5: note: parameter passing for argument of type ‘__gnu_cxx::__normal_iterator<const nlohmann::json_abi_v3_11_2::basic_json<>*, std::vector<nlohmann::json_abi_v3_11_2::basic_json<>, std::allocator<nlohmann::json_abi_v3_11_2::basic_json<> > > >’ changed in GCC 7.1
/usr/include/c++/12/bits/stl_uninitialized.h:185:22: note: parameter passing for argument of type ‘__gnu_cxx::__normal_iterator<const nlohmann::json_abi_v3_11_2::basic_json<>*, std::vector<nlohmann::json_abi_v3_11_2::basic_json<>, std::allocator<nlohmann::json_abi_v3_11_2::basic_json<> > > >’ changed in GCC 7.1
  184 |       return std::__uninitialized_copy<__can_memmove && __assignable>::
      |              ~~~~~~~~~~~~~~~~~~~~~~~~~~~~~~~~~~~~~~~~~~~~~~~~~~~~~~~~~~
  185 |         __uninit_copy(__first, __last, __result);
      |         ~~~~~~~~~~~~~^~~~~~~~~~~~~~~~~~~~~~~~~~~
/usr/include/c++/12/bits/stl_uninitialized.h: In static member function ‘static _ForwardIterator std::__uninitialized_copy<_TrivialValueTypes>::__uninit_copy(_InputIterator, _InputIterator, _ForwardIterator) [with _InputIterator = __gnu_cxx::__normal_iterator<const nlohmann::json_abi_v3_11_2::basic_json<>*, std::vector<nlohmann::json_abi_v3_11_2::basic_json<>, std::allocator<nlohmann::json_abi_v3_11_2::basic_json<> > > >; _ForwardIterator = nlohmann::json_abi_v3_11_2::basic_json<>*; bool _TrivialValueTypes = false]’:
/usr/include/c++/12/bits/stl_uninitialized.h:135:9: note: parameter passing for argument of type ‘__gnu_cxx::__normal_iterator<const nlohmann::json_abi_v3_11_2::basic_json<>*, std::vector<nlohmann::json_abi_v3_11_2::basic_json<>, std::allocator<nlohmann::json_abi_v3_11_2::basic_json<> > > >’ changed in GCC 7.1
  135 |         __uninit_copy(_InputIterator __first, _InputIterator __last,
      |         ^~~~~~~~~~~~~
/usr/include/c++/12/bits/stl_uninitialized.h:135:9: note: parameter passing for argument of type ‘__gnu_cxx::__normal_iterator<const nlohmann::json_abi_v3_11_2::basic_json<>*, std::vector<nlohmann::json_abi_v3_11_2::basic_json<>, std::allocator<nlohmann::json_abi_v3_11_2::basic_json<> > > >’ changed in GCC 7.1
/usr/include/c++/12/bits/stl_uninitialized.h:137:39: note: parameter passing for argument of type ‘__gnu_cxx::__normal_iterator<const nlohmann::json_abi_v3_11_2::basic_json<>*, std::vector<nlohmann::json_abi_v3_11_2::basic_json<>, std::allocator<nlohmann::json_abi_v3_11_2::basic_json<> > > >’ changed in GCC 7.1
  137 |         { return std::__do_uninit_copy(__first, __last, __result); }
      |                  ~~~~~~~~~~~~~~~~~~~~~^~~~~~~~~~~~~~~~~~~~~~~~~~~
/usr/include/c++/12/bits/stl_uninitialized.h: In function ‘_ForwardIterator std::__do_uninit_copy(_InputIterator, _InputIterator, _ForwardIterator) [with _InputIterator = __gnu_cxx::__normal_iterator<const nlohmann::json_abi_v3_11_2::basic_json<>*, vector<nlohmann::json_abi_v3_11_2::basic_json<>, allocator<nlohmann::json_abi_v3_11_2::basic_json<> > > >; _ForwardIterator = nlohmann::json_abi_v3_11_2::basic_json<>*]’:
/usr/include/c++/12/bits/stl_uninitialized.h:113:5: note: parameter passing for argument of type ‘__gnu_cxx::__normal_iterator<const nlohmann::json_abi_v3_11_2::basic_json<>*, std::vector<nlohmann::json_abi_v3_11_2::basic_json<>, std::allocator<nlohmann::json_abi_v3_11_2::basic_json<> > > >’ changed in GCC 7.1
  113 |     __do_uninit_copy(_InputIterator __first, _InputIterator __last,
      |     ^~~~~~~~~~~~~~~~
/usr/include/c++/12/bits/stl_uninitialized.h:113:5: note: parameter passing for argument of type ‘__gnu_cxx::__normal_iterator<const nlohmann::json_abi_v3_11_2::basic_json<>*, std::vector<nlohmann::json_abi_v3_11_2::basic_json<>, std::allocator<nlohmann::json_abi_v3_11_2::basic_json<> > > >’ changed in GCC 7.1
[ 53%] Building CXX object CMakeFiles/hub75_clock.dir/src/animations/rocket.cpp.o
In file included from /usr/include/c++/12/vector:64,
                 from /home/ikonis/rpi-rgb-led-matrix/include/led-matrix.h:27,
                 from /home/ikonis/hub75-clock/clock-cpp/include/Animation.h:4,
                 from /home/ikonis/hub75-clock/clock-cpp/src/animations/rocket.cpp:1:
/usr/include/c++/12/bits/stl_vector.h: In copy constructor ‘std::vector<_Tp, _Alloc>::vector(const std::vector<_Tp, _Alloc>&) [with _Tp = nlohmann::json_abi_v3_11_2::basic_json<>; _Alloc = std::allocator<nlohmann::json_abi_v3_11_2::basic_json<> >]’:
/usr/include/c++/12/bits/stl_vector.h:601:38: note: parameter passing for argument of type ‘__gnu_cxx::__normal_iterator<const nlohmann::json_abi_v3_11_2::basic_json<>*, std::vector<nlohmann::json_abi_v3_11_2::basic_json<>, std::allocator<nlohmann::json_abi_v3_11_2::basic_json<> > > >’ changed in GCC 7.1
  601 |           std::__uninitialized_copy_a(__x.begin(), __x.end(),
      |           ~~~~~~~~~~~~~~~~~~~~~~~~~~~^~~~~~~~~~~~~~~~~~~~~~~~
  602 |                                       this->_M_impl._M_start,
      |                                       ~~~~~~~~~~~~~~~~~~~~~~~
  603 |                                       _M_get_Tp_allocator());
      |                                       ~~~~~~~~~~~~~~~~~~~~~~
In file included from /usr/include/c++/12/vector:63:
/usr/include/c++/12/bits/stl_uninitialized.h: In function ‘_ForwardIterator std::__uninitialized_copy_a(_InputIterator, _InputIterator, _ForwardIterator, allocator<_Tp>&) [with _InputIterator = __gnu_cxx::__normal_iterator<const nlohmann::json_abi_v3_11_2::basic_json<>*, vector<nlohmann::json_abi_v3_11_2::basic_json<>, allocator<nlohmann::json_abi_v3_11_2::basic_json<> > > >; _ForwardIterator = nlohmann::json_abi_v3_11_2::basic_json<>*; _Tp = nlohmann::json_abi_v3_11_2::basic_json<>]’:
/usr/include/c++/12/bits/stl_uninitialized.h:365:5: note: parameter passing for argument of type ‘__gnu_cxx::__normal_iterator<const nlohmann::json_abi_v3_11_2::basic_json<>*, std::vector<nlohmann::json_abi_v3_11_2::basic_json<>, std::allocator<nlohmann::json_abi_v3_11_2::basic_json<> > > >’ changed in GCC 7.1
  365 |     __uninitialized_copy_a(_InputIterator __first, _InputIterator __last,
      |     ^~~~~~~~~~~~~~~~~~~~~~
/usr/include/c++/12/bits/stl_uninitialized.h:365:5: note: parameter passing for argument of type ‘__gnu_cxx::__normal_iterator<const nlohmann::json_abi_v3_11_2::basic_json<>*, std::vector<nlohmann::json_abi_v3_11_2::basic_json<>, std::allocator<nlohmann::json_abi_v3_11_2::basic_json<> > > >’ changed in GCC 7.1
/usr/include/c++/12/bits/stl_uninitialized.h:372:37: note: parameter passing for argument of type ‘__gnu_cxx::__normal_iterator<const nlohmann::json_abi_v3_11_2::basic_json<>*, std::vector<nlohmann::json_abi_v3_11_2::basic_json<>, std::allocator<nlohmann::json_abi_v3_11_2::basic_json<> > > >’ changed in GCC 7.1
  372 |       return std::uninitialized_copy(__first, __last, __result);
      |              ~~~~~~~~~~~~~~~~~~~~~~~^~~~~~~~~~~~~~~~~~~~~~~~~~~
/usr/include/c++/12/bits/stl_uninitialized.h: In function ‘_ForwardIterator std::uninitialized_copy(_InputIterator, _InputIterator, _ForwardIterator) [with _InputIterator = __gnu_cxx::__normal_iterator<const nlohmann::json_abi_v3_11_2::basic_json<>*, vector<nlohmann::json_abi_v3_11_2::basic_json<>, allocator<nlohmann::json_abi_v3_11_2::basic_json<> > > >; _ForwardIterator = nlohmann::json_abi_v3_11_2::basic_json<>*]’:
/usr/include/c++/12/bits/stl_uninitialized.h:163:5: note: parameter passing for argument of type ‘__gnu_cxx::__normal_iterator<const nlohmann::json_abi_v3_11_2::basic_json<>*, std::vector<nlohmann::json_abi_v3_11_2::basic_json<>, std::allocator<nlohmann::json_abi_v3_11_2::basic_json<> > > >’ changed in GCC 7.1
  163 |     uninitialized_copy(_InputIterator __first, _InputIterator __last,
      |     ^~~~~~~~~~~~~~~~~~
/usr/include/c++/12/bits/stl_uninitialized.h:163:5: note: parameter passing for argument of type ‘__gnu_cxx::__normal_iterator<const nlohmann::json_abi_v3_11_2::basic_json<>*, std::vector<nlohmann::json_abi_v3_11_2::basic_json<>, std::allocator<nlohmann::json_abi_v3_11_2::basic_json<> > > >’ changed in GCC 7.1
/usr/include/c++/12/bits/stl_uninitialized.h:185:22: note: parameter passing for argument of type ‘__gnu_cxx::__normal_iterator<const nlohmann::json_abi_v3_11_2::basic_json<>*, std::vector<nlohmann::json_abi_v3_11_2::basic_json<>, std::allocator<nlohmann::json_abi_v3_11_2::basic_json<> > > >’ changed in GCC 7.1
  184 |       return std::__uninitialized_copy<__can_memmove && __assignable>::
      |              ~~~~~~~~~~~~~~~~~~~~~~~~~~~~~~~~~~~~~~~~~~~~~~~~~~~~~~~~~~
  185 |         __uninit_copy(__first, __last, __result);
      |         ~~~~~~~~~~~~~^~~~~~~~~~~~~~~~~~~~~~~~~~~
/usr/include/c++/12/bits/stl_uninitialized.h: In static member function ‘static _ForwardIterator std::__uninitialized_copy<_TrivialValueTypes>::__uninit_copy(_InputIterator, _InputIterator, _ForwardIterator) [with _InputIterator = __gnu_cxx::__normal_iterator<const nlohmann::json_abi_v3_11_2::basic_json<>*, std::vector<nlohmann::json_abi_v3_11_2::basic_json<>, std::allocator<nlohmann::json_abi_v3_11_2::basic_json<> > > >; _ForwardIterator = nlohmann::json_abi_v3_11_2::basic_json<>*; bool _TrivialValueTypes = false]’:
/usr/include/c++/12/bits/stl_uninitialized.h:135:9: note: parameter passing for argument of type ‘__gnu_cxx::__normal_iterator<const nlohmann::json_abi_v3_11_2::basic_json<>*, std::vector<nlohmann::json_abi_v3_11_2::basic_json<>, std::allocator<nlohmann::json_abi_v3_11_2::basic_json<> > > >’ changed in GCC 7.1
  135 |         __uninit_copy(_InputIterator __first, _InputIterator __last,
      |         ^~~~~~~~~~~~~
/usr/include/c++/12/bits/stl_uninitialized.h:135:9: note: parameter passing for argument of type ‘__gnu_cxx::__normal_iterator<const nlohmann::json_abi_v3_11_2::basic_json<>*, std::vector<nlohmann::json_abi_v3_11_2::basic_json<>, std::allocator<nlohmann::json_abi_v3_11_2::basic_json<> > > >’ changed in GCC 7.1
/usr/include/c++/12/bits/stl_uninitialized.h:137:39: note: parameter passing for argument of type ‘__gnu_cxx::__normal_iterator<const nlohmann::json_abi_v3_11_2::basic_json<>*, std::vector<nlohmann::json_abi_v3_11_2::basic_json<>, std::allocator<nlohmann::json_abi_v3_11_2::basic_json<> > > >’ changed in GCC 7.1
  137 |         { return std::__do_uninit_copy(__first, __last, __result); }
      |                  ~~~~~~~~~~~~~~~~~~~~~^~~~~~~~~~~~~~~~~~~~~~~~~~~
/usr/include/c++/12/bits/stl_uninitialized.h: In function ‘_ForwardIterator std::__do_uninit_copy(_InputIterator, _InputIterator, _ForwardIterator) [with _InputIterator = __gnu_cxx::__normal_iterator<const nlohmann::json_abi_v3_11_2::basic_json<>*, vector<nlohmann::json_abi_v3_11_2::basic_json<>, allocator<nlohmann::json_abi_v3_11_2::basic_json<> > > >; _ForwardIterator = nlohmann::json_abi_v3_11_2::basic_json<>*]’:
/usr/include/c++/12/bits/stl_uninitialized.h:113:5: note: parameter passing for argument of type ‘__gnu_cxx::__normal_iterator<const nlohmann::json_abi_v3_11_2::basic_json<>*, std::vector<nlohmann::json_abi_v3_11_2::basic_json<>, std::allocator<nlohmann::json_abi_v3_11_2::basic_json<> > > >’ changed in GCC 7.1
  113 |     __do_uninit_copy(_InputIterator __first, _InputIterator __last,
      |     ^~~~~~~~~~~~~~~~
/usr/include/c++/12/bits/stl_uninitialized.h:113:5: note: parameter passing for argument of type ‘__gnu_cxx::__normal_iterator<const nlohmann::json_abi_v3_11_2::basic_json<>*, std::vector<nlohmann::json_abi_v3_11_2::basic_json<>, std::allocator<nlohmann::json_abi_v3_11_2::basic_json<> > > >’ changed in GCC 7.1
[ 57%] Building CXX object CMakeFiles/hub75_clock.dir/src/animations/santa.cpp.o
In file included from /usr/include/c++/12/vector:64,
                 from /home/ikonis/rpi-rgb-led-matrix/include/led-matrix.h:27,
                 from /home/ikonis/hub75-clock/clock-cpp/include/Animation.h:4,
                 from /home/ikonis/hub75-clock/clock-cpp/src/animations/santa.cpp:1:
/usr/include/c++/12/bits/stl_vector.h: In copy constructor ‘std::vector<_Tp, _Alloc>::vector(const std::vector<_Tp, _Alloc>&) [with _Tp = nlohmann::json_abi_v3_11_2::basic_json<>; _Alloc = std::allocator<nlohmann::json_abi_v3_11_2::basic_json<> >]’:
/usr/include/c++/12/bits/stl_vector.h:601:38: note: parameter passing for argument of type ‘__gnu_cxx::__normal_iterator<const nlohmann::json_abi_v3_11_2::basic_json<>*, std::vector<nlohmann::json_abi_v3_11_2::basic_json<>, std::allocator<nlohmann::json_abi_v3_11_2::basic_json<> > > >’ changed in GCC 7.1
  601 |           std::__uninitialized_copy_a(__x.begin(), __x.end(),
      |           ~~~~~~~~~~~~~~~~~~~~~~~~~~~^~~~~~~~~~~~~~~~~~~~~~~~
  602 |                                       this->_M_impl._M_start,
      |                                       ~~~~~~~~~~~~~~~~~~~~~~~
  603 |                                       _M_get_Tp_allocator());
      |                                       ~~~~~~~~~~~~~~~~~~~~~~
In file included from /usr/include/c++/12/vector:63:
/usr/include/c++/12/bits/stl_uninitialized.h: In function ‘_ForwardIterator std::__uninitialized_copy_a(_InputIterator, _InputIterator, _ForwardIterator, allocator<_Tp>&) [with _InputIterator = __gnu_cxx::__normal_iterator<const nlohmann::json_abi_v3_11_2::basic_json<>*, vector<nlohmann::json_abi_v3_11_2::basic_json<>, allocator<nlohmann::json_abi_v3_11_2::basic_json<> > > >; _ForwardIterator = nlohmann::json_abi_v3_11_2::basic_json<>*; _Tp = nlohmann::json_abi_v3_11_2::basic_json<>]’:
/usr/include/c++/12/bits/stl_uninitialized.h:365:5: note: parameter passing for argument of type ‘__gnu_cxx::__normal_iterator<const nlohmann::json_abi_v3_11_2::basic_json<>*, std::vector<nlohmann::json_abi_v3_11_2::basic_json<>, std::allocator<nlohmann::json_abi_v3_11_2::basic_json<> > > >’ changed in GCC 7.1
  365 |     __uninitialized_copy_a(_InputIterator __first, _InputIterator __last,
      |     ^~~~~~~~~~~~~~~~~~~~~~
/usr/include/c++/12/bits/stl_uninitialized.h:365:5: note: parameter passing for argument of type ‘__gnu_cxx::__normal_iterator<const nlohmann::json_abi_v3_11_2::basic_json<>*, std::vector<nlohmann::json_abi_v3_11_2::basic_json<>, std::allocator<nlohmann::json_abi_v3_11_2::basic_json<> > > >’ changed in GCC 7.1
/usr/include/c++/12/bits/stl_uninitialized.h:372:37: note: parameter passing for argument of type ‘__gnu_cxx::__normal_iterator<const nlohmann::json_abi_v3_11_2::basic_json<>*, std::vector<nlohmann::json_abi_v3_11_2::basic_json<>, std::allocator<nlohmann::json_abi_v3_11_2::basic_json<> > > >’ changed in GCC 7.1
  372 |       return std::uninitialized_copy(__first, __last, __result);
      |              ~~~~~~~~~~~~~~~~~~~~~~~^~~~~~~~~~~~~~~~~~~~~~~~~~~
/usr/include/c++/12/bits/stl_uninitialized.h: In function ‘_ForwardIterator std::uninitialized_copy(_InputIterator, _InputIterator, _ForwardIterator) [with _InputIterator = __gnu_cxx::__normal_iterator<const nlohmann::json_abi_v3_11_2::basic_json<>*, vector<nlohmann::json_abi_v3_11_2::basic_json<>, allocator<nlohmann::json_abi_v3_11_2::basic_json<> > > >; _ForwardIterator = nlohmann::json_abi_v3_11_2::basic_json<>*]’:
/usr/include/c++/12/bits/stl_uninitialized.h:163:5: note: parameter passing for argument of type ‘__gnu_cxx::__normal_iterator<const nlohmann::json_abi_v3_11_2::basic_json<>*, std::vector<nlohmann::json_abi_v3_11_2::basic_json<>, std::allocator<nlohmann::json_abi_v3_11_2::basic_json<> > > >’ changed in GCC 7.1
  163 |     uninitialized_copy(_InputIterator __first, _InputIterator __last,
      |     ^~~~~~~~~~~~~~~~~~
/usr/include/c++/12/bits/stl_uninitialized.h:163:5: note: parameter passing for argument of type ‘__gnu_cxx::__normal_iterator<const nlohmann::json_abi_v3_11_2::basic_json<>*, std::vector<nlohmann::json_abi_v3_11_2::basic_json<>, std::allocator<nlohmann::json_abi_v3_11_2::basic_json<> > > >’ changed in GCC 7.1
/usr/include/c++/12/bits/stl_uninitialized.h:185:22: note: parameter passing for argument of type ‘__gnu_cxx::__normal_iterator<const nlohmann::json_abi_v3_11_2::basic_json<>*, std::vector<nlohmann::json_abi_v3_11_2::basic_json<>, std::allocator<nlohmann::json_abi_v3_11_2::basic_json<> > > >’ changed in GCC 7.1
  184 |       return std::__uninitialized_copy<__can_memmove && __assignable>::
      |              ~~~~~~~~~~~~~~~~~~~~~~~~~~~~~~~~~~~~~~~~~~~~~~~~~~~~~~~~~~
  185 |         __uninit_copy(__first, __last, __result);
      |         ~~~~~~~~~~~~~^~~~~~~~~~~~~~~~~~~~~~~~~~~
/usr/include/c++/12/bits/stl_uninitialized.h: In static member function ‘static _ForwardIterator std::__uninitialized_copy<_TrivialValueTypes>::__uninit_copy(_InputIterator, _InputIterator, _ForwardIterator) [with _InputIterator = __gnu_cxx::__normal_iterator<const nlohmann::json_abi_v3_11_2::basic_json<>*, std::vector<nlohmann::json_abi_v3_11_2::basic_json<>, std::allocator<nlohmann::json_abi_v3_11_2::basic_json<> > > >; _ForwardIterator = nlohmann::json_abi_v3_11_2::basic_json<>*; bool _TrivialValueTypes = false]’:
/usr/include/c++/12/bits/stl_uninitialized.h:135:9: note: parameter passing for argument of type ‘__gnu_cxx::__normal_iterator<const nlohmann::json_abi_v3_11_2::basic_json<>*, std::vector<nlohmann::json_abi_v3_11_2::basic_json<>, std::allocator<nlohmann::json_abi_v3_11_2::basic_json<> > > >’ changed in GCC 7.1
  135 |         __uninit_copy(_InputIterator __first, _InputIterator __last,
      |         ^~~~~~~~~~~~~
/usr/include/c++/12/bits/stl_uninitialized.h:135:9: note: parameter passing for argument of type ‘__gnu_cxx::__normal_iterator<const nlohmann::json_abi_v3_11_2::basic_json<>*, std::vector<nlohmann::json_abi_v3_11_2::basic_json<>, std::allocator<nlohmann::json_abi_v3_11_2::basic_json<> > > >’ changed in GCC 7.1
/usr/include/c++/12/bits/stl_uninitialized.h:137:39: note: parameter passing for argument of type ‘__gnu_cxx::__normal_iterator<const nlohmann::json_abi_v3_11_2::basic_json<>*, std::vector<nlohmann::json_abi_v3_11_2::basic_json<>, std::allocator<nlohmann::json_abi_v3_11_2::basic_json<> > > >’ changed in GCC 7.1
  137 |         { return std::__do_uninit_copy(__first, __last, __result); }
      |                  ~~~~~~~~~~~~~~~~~~~~~^~~~~~~~~~~~~~~~~~~~~~~~~~~
/usr/include/c++/12/bits/stl_uninitialized.h: In function ‘_ForwardIterator std::__do_uninit_copy(_InputIterator, _InputIterator, _ForwardIterator) [with _InputIterator = __gnu_cxx::__normal_iterator<const nlohmann::json_abi_v3_11_2::basic_json<>*, vector<nlohmann::json_abi_v3_11_2::basic_json<>, allocator<nlohmann::json_abi_v3_11_2::basic_json<> > > >; _ForwardIterator = nlohmann::json_abi_v3_11_2::basic_json<>*]’:
/usr/include/c++/12/bits/stl_uninitialized.h:113:5: note: parameter passing for argument of type ‘__gnu_cxx::__normal_iterator<const nlohmann::json_abi_v3_11_2::basic_json<>*, std::vector<nlohmann::json_abi_v3_11_2::basic_json<>, std::allocator<nlohmann::json_abi_v3_11_2::basic_json<> > > >’ changed in GCC 7.1
  113 |     __do_uninit_copy(_InputIterator __first, _InputIterator __last,
      |     ^~~~~~~~~~~~~~~~
/usr/include/c++/12/bits/stl_uninitialized.h:113:5: note: parameter passing for argument of type ‘__gnu_cxx::__normal_iterator<const nlohmann::json_abi_v3_11_2::basic_json<>*, std::vector<nlohmann::json_abi_v3_11_2::basic_json<>, std::allocator<nlohmann::json_abi_v3_11_2::basic_json<> > > >’ changed in GCC 7.1
[ 61%] Building CXX object CMakeFiles/hub75_clock.dir/src/animations/satellite.cpp.o
In file included from /usr/include/c++/12/vector:64,
                 from /home/ikonis/rpi-rgb-led-matrix/include/led-matrix.h:27,
                 from /home/ikonis/hub75-clock/clock-cpp/include/Animation.h:4,
                 from /home/ikonis/hub75-clock/clock-cpp/src/animations/satellite.cpp:1:
/usr/include/c++/12/bits/stl_vector.h: In copy constructor ‘std::vector<_Tp, _Alloc>::vector(const std::vector<_Tp, _Alloc>&) [with _Tp = nlohmann::json_abi_v3_11_2::basic_json<>; _Alloc = std::allocator<nlohmann::json_abi_v3_11_2::basic_json<> >]’:
/usr/include/c++/12/bits/stl_vector.h:601:38: note: parameter passing for argument of type ‘__gnu_cxx::__normal_iterator<const nlohmann::json_abi_v3_11_2::basic_json<>*, std::vector<nlohmann::json_abi_v3_11_2::basic_json<>, std::allocator<nlohmann::json_abi_v3_11_2::basic_json<> > > >’ changed in GCC 7.1
  601 |           std::__uninitialized_copy_a(__x.begin(), __x.end(),
      |           ~~~~~~~~~~~~~~~~~~~~~~~~~~~^~~~~~~~~~~~~~~~~~~~~~~~
  602 |                                       this->_M_impl._M_start,
      |                                       ~~~~~~~~~~~~~~~~~~~~~~~
  603 |                                       _M_get_Tp_allocator());
      |                                       ~~~~~~~~~~~~~~~~~~~~~~
In file included from /usr/include/c++/12/vector:63:
/usr/include/c++/12/bits/stl_uninitialized.h: In function ‘_ForwardIterator std::__uninitialized_copy_a(_InputIterator, _InputIterator, _ForwardIterator, allocator<_Tp>&) [with _InputIterator = __gnu_cxx::__normal_iterator<const nlohmann::json_abi_v3_11_2::basic_json<>*, vector<nlohmann::json_abi_v3_11_2::basic_json<>, allocator<nlohmann::json_abi_v3_11_2::basic_json<> > > >; _ForwardIterator = nlohmann::json_abi_v3_11_2::basic_json<>*; _Tp = nlohmann::json_abi_v3_11_2::basic_json<>]’:
/usr/include/c++/12/bits/stl_uninitialized.h:365:5: note: parameter passing for argument of type ‘__gnu_cxx::__normal_iterator<const nlohmann::json_abi_v3_11_2::basic_json<>*, std::vector<nlohmann::json_abi_v3_11_2::basic_json<>, std::allocator<nlohmann::json_abi_v3_11_2::basic_json<> > > >’ changed in GCC 7.1
  365 |     __uninitialized_copy_a(_InputIterator __first, _InputIterator __last,
      |     ^~~~~~~~~~~~~~~~~~~~~~
/usr/include/c++/12/bits/stl_uninitialized.h:365:5: note: parameter passing for argument of type ‘__gnu_cxx::__normal_iterator<const nlohmann::json_abi_v3_11_2::basic_json<>*, std::vector<nlohmann::json_abi_v3_11_2::basic_json<>, std::allocator<nlohmann::json_abi_v3_11_2::basic_json<> > > >’ changed in GCC 7.1
/usr/include/c++/12/bits/stl_uninitialized.h:372:37: note: parameter passing for argument of type ‘__gnu_cxx::__normal_iterator<const nlohmann::json_abi_v3_11_2::basic_json<>*, std::vector<nlohmann::json_abi_v3_11_2::basic_json<>, std::allocator<nlohmann::json_abi_v3_11_2::basic_json<> > > >’ changed in GCC 7.1
  372 |       return std::uninitialized_copy(__first, __last, __result);
      |              ~~~~~~~~~~~~~~~~~~~~~~~^~~~~~~~~~~~~~~~~~~~~~~~~~~
/usr/include/c++/12/bits/stl_uninitialized.h: In function ‘_ForwardIterator std::uninitialized_copy(_InputIterator, _InputIterator, _ForwardIterator) [with _InputIterator = __gnu_cxx::__normal_iterator<const nlohmann::json_abi_v3_11_2::basic_json<>*, vector<nlohmann::json_abi_v3_11_2::basic_json<>, allocator<nlohmann::json_abi_v3_11_2::basic_json<> > > >; _ForwardIterator = nlohmann::json_abi_v3_11_2::basic_json<>*]’:
/usr/include/c++/12/bits/stl_uninitialized.h:163:5: note: parameter passing for argument of type ‘__gnu_cxx::__normal_iterator<const nlohmann::json_abi_v3_11_2::basic_json<>*, std::vector<nlohmann::json_abi_v3_11_2::basic_json<>, std::allocator<nlohmann::json_abi_v3_11_2::basic_json<> > > >’ changed in GCC 7.1
  163 |     uninitialized_copy(_InputIterator __first, _InputIterator __last,
      |     ^~~~~~~~~~~~~~~~~~
/usr/include/c++/12/bits/stl_uninitialized.h:163:5: note: parameter passing for argument of type ‘__gnu_cxx::__normal_iterator<const nlohmann::json_abi_v3_11_2::basic_json<>*, std::vector<nlohmann::json_abi_v3_11_2::basic_json<>, std::allocator<nlohmann::json_abi_v3_11_2::basic_json<> > > >’ changed in GCC 7.1
/usr/include/c++/12/bits/stl_uninitialized.h:185:22: note: parameter passing for argument of type ‘__gnu_cxx::__normal_iterator<const nlohmann::json_abi_v3_11_2::basic_json<>*, std::vector<nlohmann::json_abi_v3_11_2::basic_json<>, std::allocator<nlohmann::json_abi_v3_11_2::basic_json<> > > >’ changed in GCC 7.1
  184 |       return std::__uninitialized_copy<__can_memmove && __assignable>::
      |              ~~~~~~~~~~~~~~~~~~~~~~~~~~~~~~~~~~~~~~~~~~~~~~~~~~~~~~~~~~
  185 |         __uninit_copy(__first, __last, __result);
      |         ~~~~~~~~~~~~~^~~~~~~~~~~~~~~~~~~~~~~~~~~
/usr/include/c++/12/bits/stl_uninitialized.h: In static member function ‘static _ForwardIterator std::__uninitialized_copy<_TrivialValueTypes>::__uninit_copy(_InputIterator, _InputIterator, _ForwardIterator) [with _InputIterator = __gnu_cxx::__normal_iterator<const nlohmann::json_abi_v3_11_2::basic_json<>*, std::vector<nlohmann::json_abi_v3_11_2::basic_json<>, std::allocator<nlohmann::json_abi_v3_11_2::basic_json<> > > >; _ForwardIterator = nlohmann::json_abi_v3_11_2::basic_json<>*; bool _TrivialValueTypes = false]’:
/usr/include/c++/12/bits/stl_uninitialized.h:135:9: note: parameter passing for argument of type ‘__gnu_cxx::__normal_iterator<const nlohmann::json_abi_v3_11_2::basic_json<>*, std::vector<nlohmann::json_abi_v3_11_2::basic_json<>, std::allocator<nlohmann::json_abi_v3_11_2::basic_json<> > > >’ changed in GCC 7.1
  135 |         __uninit_copy(_InputIterator __first, _InputIterator __last,
      |         ^~~~~~~~~~~~~
/usr/include/c++/12/bits/stl_uninitialized.h:135:9: note: parameter passing for argument of type ‘__gnu_cxx::__normal_iterator<const nlohmann::json_abi_v3_11_2::basic_json<>*, std::vector<nlohmann::json_abi_v3_11_2::basic_json<>, std::allocator<nlohmann::json_abi_v3_11_2::basic_json<> > > >’ changed in GCC 7.1
/usr/include/c++/12/bits/stl_uninitialized.h:137:39: note: parameter passing for argument of type ‘__gnu_cxx::__normal_iterator<const nlohmann::json_abi_v3_11_2::basic_json<>*, std::vector<nlohmann::json_abi_v3_11_2::basic_json<>, std::allocator<nlohmann::json_abi_v3_11_2::basic_json<> > > >’ changed in GCC 7.1
  137 |         { return std::__do_uninit_copy(__first, __last, __result); }
      |                  ~~~~~~~~~~~~~~~~~~~~~^~~~~~~~~~~~~~~~~~~~~~~~~~~
/usr/include/c++/12/bits/stl_uninitialized.h: In function ‘_ForwardIterator std::__do_uninit_copy(_InputIterator, _InputIterator, _ForwardIterator) [with _InputIterator = __gnu_cxx::__normal_iterator<const nlohmann::json_abi_v3_11_2::basic_json<>*, vector<nlohmann::json_abi_v3_11_2::basic_json<>, allocator<nlohmann::json_abi_v3_11_2::basic_json<> > > >; _ForwardIterator = nlohmann::json_abi_v3_11_2::basic_json<>*]’:
/usr/include/c++/12/bits/stl_uninitialized.h:113:5: note: parameter passing for argument of type ‘__gnu_cxx::__normal_iterator<const nlohmann::json_abi_v3_11_2::basic_json<>*, std::vector<nlohmann::json_abi_v3_11_2::basic_json<>, std::allocator<nlohmann::json_abi_v3_11_2::basic_json<> > > >’ changed in GCC 7.1
  113 |     __do_uninit_copy(_InputIterator __first, _InputIterator __last,
      |     ^~~~~~~~~~~~~~~~
/usr/include/c++/12/bits/stl_uninitialized.h:113:5: note: parameter passing for argument of type ‘__gnu_cxx::__normal_iterator<const nlohmann::json_abi_v3_11_2::basic_json<>*, std::vector<nlohmann::json_abi_v3_11_2::basic_json<>, std::allocator<nlohmann::json_abi_v3_11_2::basic_json<> > > >’ changed in GCC 7.1
[ 65%] Building CXX object CMakeFiles/hub75_clock.dir/src/animations/shooting_star.cpp.o
In file included from /usr/include/c++/12/vector:64,
                 from /home/ikonis/rpi-rgb-led-matrix/include/led-matrix.h:27,
                 from /home/ikonis/hub75-clock/clock-cpp/include/Animation.h:4,
                 from /home/ikonis/hub75-clock/clock-cpp/src/animations/shooting_star.cpp:1:
/usr/include/c++/12/bits/stl_vector.h: In copy constructor ‘std::vector<_Tp, _Alloc>::vector(const std::vector<_Tp, _Alloc>&) [with _Tp = nlohmann::json_abi_v3_11_2::basic_json<>; _Alloc = std::allocator<nlohmann::json_abi_v3_11_2::basic_json<> >]’:
/usr/include/c++/12/bits/stl_vector.h:601:38: note: parameter passing for argument of type ‘__gnu_cxx::__normal_iterator<const nlohmann::json_abi_v3_11_2::basic_json<>*, std::vector<nlohmann::json_abi_v3_11_2::basic_json<>, std::allocator<nlohmann::json_abi_v3_11_2::basic_json<> > > >’ changed in GCC 7.1
  601 |           std::__uninitialized_copy_a(__x.begin(), __x.end(),
      |           ~~~~~~~~~~~~~~~~~~~~~~~~~~~^~~~~~~~~~~~~~~~~~~~~~~~
  602 |                                       this->_M_impl._M_start,
      |                                       ~~~~~~~~~~~~~~~~~~~~~~~
  603 |                                       _M_get_Tp_allocator());
      |                                       ~~~~~~~~~~~~~~~~~~~~~~
In file included from /usr/include/c++/12/vector:63:
/usr/include/c++/12/bits/stl_uninitialized.h: In function ‘_ForwardIterator std::__uninitialized_copy_a(_InputIterator, _InputIterator, _ForwardIterator, allocator<_Tp>&) [with _InputIterator = __gnu_cxx::__normal_iterator<const nlohmann::json_abi_v3_11_2::basic_json<>*, vector<nlohmann::json_abi_v3_11_2::basic_json<>, allocator<nlohmann::json_abi_v3_11_2::basic_json<> > > >; _ForwardIterator = nlohmann::json_abi_v3_11_2::basic_json<>*; _Tp = nlohmann::json_abi_v3_11_2::basic_json<>]’:
/usr/include/c++/12/bits/stl_uninitialized.h:365:5: note: parameter passing for argument of type ‘__gnu_cxx::__normal_iterator<const nlohmann::json_abi_v3_11_2::basic_json<>*, std::vector<nlohmann::json_abi_v3_11_2::basic_json<>, std::allocator<nlohmann::json_abi_v3_11_2::basic_json<> > > >’ changed in GCC 7.1
  365 |     __uninitialized_copy_a(_InputIterator __first, _InputIterator __last,
      |     ^~~~~~~~~~~~~~~~~~~~~~
/usr/include/c++/12/bits/stl_uninitialized.h:365:5: note: parameter passing for argument of type ‘__gnu_cxx::__normal_iterator<const nlohmann::json_abi_v3_11_2::basic_json<>*, std::vector<nlohmann::json_abi_v3_11_2::basic_json<>, std::allocator<nlohmann::json_abi_v3_11_2::basic_json<> > > >’ changed in GCC 7.1
/usr/include/c++/12/bits/stl_uninitialized.h:372:37: note: parameter passing for argument of type ‘__gnu_cxx::__normal_iterator<const nlohmann::json_abi_v3_11_2::basic_json<>*, std::vector<nlohmann::json_abi_v3_11_2::basic_json<>, std::allocator<nlohmann::json_abi_v3_11_2::basic_json<> > > >’ changed in GCC 7.1
  372 |       return std::uninitialized_copy(__first, __last, __result);
      |              ~~~~~~~~~~~~~~~~~~~~~~~^~~~~~~~~~~~~~~~~~~~~~~~~~~
/usr/include/c++/12/bits/stl_uninitialized.h: In function ‘_ForwardIterator std::uninitialized_copy(_InputIterator, _InputIterator, _ForwardIterator) [with _InputIterator = __gnu_cxx::__normal_iterator<const nlohmann::json_abi_v3_11_2::basic_json<>*, vector<nlohmann::json_abi_v3_11_2::basic_json<>, allocator<nlohmann::json_abi_v3_11_2::basic_json<> > > >; _ForwardIterator = nlohmann::json_abi_v3_11_2::basic_json<>*]’:
/usr/include/c++/12/bits/stl_uninitialized.h:163:5: note: parameter passing for argument of type ‘__gnu_cxx::__normal_iterator<const nlohmann::json_abi_v3_11_2::basic_json<>*, std::vector<nlohmann::json_abi_v3_11_2::basic_json<>, std::allocator<nlohmann::json_abi_v3_11_2::basic_json<> > > >’ changed in GCC 7.1
  163 |     uninitialized_copy(_InputIterator __first, _InputIterator __last,
      |     ^~~~~~~~~~~~~~~~~~
/usr/include/c++/12/bits/stl_uninitialized.h:163:5: note: parameter passing for argument of type ‘__gnu_cxx::__normal_iterator<const nlohmann::json_abi_v3_11_2::basic_json<>*, std::vector<nlohmann::json_abi_v3_11_2::basic_json<>, std::allocator<nlohmann::json_abi_v3_11_2::basic_json<> > > >’ changed in GCC 7.1
/usr/include/c++/12/bits/stl_uninitialized.h:185:22: note: parameter passing for argument of type ‘__gnu_cxx::__normal_iterator<const nlohmann::json_abi_v3_11_2::basic_json<>*, std::vector<nlohmann::json_abi_v3_11_2::basic_json<>, std::allocator<nlohmann::json_abi_v3_11_2::basic_json<> > > >’ changed in GCC 7.1
  184 |       return std::__uninitialized_copy<__can_memmove && __assignable>::
      |              ~~~~~~~~~~~~~~~~~~~~~~~~~~~~~~~~~~~~~~~~~~~~~~~~~~~~~~~~~~
  185 |         __uninit_copy(__first, __last, __result);
      |         ~~~~~~~~~~~~~^~~~~~~~~~~~~~~~~~~~~~~~~~~
/usr/include/c++/12/bits/stl_uninitialized.h: In static member function ‘static _ForwardIterator std::__uninitialized_copy<_TrivialValueTypes>::__uninit_copy(_InputIterator, _InputIterator, _ForwardIterator) [with _InputIterator = __gnu_cxx::__normal_iterator<const nlohmann::json_abi_v3_11_2::basic_json<>*, std::vector<nlohmann::json_abi_v3_11_2::basic_json<>, std::allocator<nlohmann::json_abi_v3_11_2::basic_json<> > > >; _ForwardIterator = nlohmann::json_abi_v3_11_2::basic_json<>*; bool _TrivialValueTypes = false]’:
/usr/include/c++/12/bits/stl_uninitialized.h:135:9: note: parameter passing for argument of type ‘__gnu_cxx::__normal_iterator<const nlohmann::json_abi_v3_11_2::basic_json<>*, std::vector<nlohmann::json_abi_v3_11_2::basic_json<>, std::allocator<nlohmann::json_abi_v3_11_2::basic_json<> > > >’ changed in GCC 7.1
  135 |         __uninit_copy(_InputIterator __first, _InputIterator __last,
      |         ^~~~~~~~~~~~~
/usr/include/c++/12/bits/stl_uninitialized.h:135:9: note: parameter passing for argument of type ‘__gnu_cxx::__normal_iterator<const nlohmann::json_abi_v3_11_2::basic_json<>*, std::vector<nlohmann::json_abi_v3_11_2::basic_json<>, std::allocator<nlohmann::json_abi_v3_11_2::basic_json<> > > >’ changed in GCC 7.1
/usr/include/c++/12/bits/stl_uninitialized.h:137:39: note: parameter passing for argument of type ‘__gnu_cxx::__normal_iterator<const nlohmann::json_abi_v3_11_2::basic_json<>*, std::vector<nlohmann::json_abi_v3_11_2::basic_json<>, std::allocator<nlohmann::json_abi_v3_11_2::basic_json<> > > >’ changed in GCC 7.1
  137 |         { return std::__do_uninit_copy(__first, __last, __result); }
      |                  ~~~~~~~~~~~~~~~~~~~~~^~~~~~~~~~~~~~~~~~~~~~~~~~~
/usr/include/c++/12/bits/stl_uninitialized.h: In function ‘_ForwardIterator std::__do_uninit_copy(_InputIterator, _InputIterator, _ForwardIterator) [with _InputIterator = __gnu_cxx::__normal_iterator<const nlohmann::json_abi_v3_11_2::basic_json<>*, vector<nlohmann::json_abi_v3_11_2::basic_json<>, allocator<nlohmann::json_abi_v3_11_2::basic_json<> > > >; _ForwardIterator = nlohmann::json_abi_v3_11_2::basic_json<>*]’:
/usr/include/c++/12/bits/stl_uninitialized.h:113:5: note: parameter passing for argument of type ‘__gnu_cxx::__normal_iterator<const nlohmann::json_abi_v3_11_2::basic_json<>*, std::vector<nlohmann::json_abi_v3_11_2::basic_json<>, std::allocator<nlohmann::json_abi_v3_11_2::basic_json<> > > >’ changed in GCC 7.1
  113 |     __do_uninit_copy(_InputIterator __first, _InputIterator __last,
      |     ^~~~~~~~~~~~~~~~
/usr/include/c++/12/bits/stl_uninitialized.h:113:5: note: parameter passing for argument of type ‘__gnu_cxx::__normal_iterator<const nlohmann::json_abi_v3_11_2::basic_json<>*, std::vector<nlohmann::json_abi_v3_11_2::basic_json<>, std::allocator<nlohmann::json_abi_v3_11_2::basic_json<> > > >’ changed in GCC 7.1
[ 69%] Building CXX object CMakeFiles/hub75_clock.dir/src/animations/snowman.cpp.o
In file included from /usr/include/c++/12/vector:64,
                 from /home/ikonis/rpi-rgb-led-matrix/include/led-matrix.h:27,
                 from /home/ikonis/hub75-clock/clock-cpp/include/Animation.h:4,
                 from /home/ikonis/hub75-clock/clock-cpp/src/animations/snowman.cpp:1:
/usr/include/c++/12/bits/stl_vector.h: In copy constructor ‘std::vector<_Tp, _Alloc>::vector(const std::vector<_Tp, _Alloc>&) [with _Tp = nlohmann::json_abi_v3_11_2::basic_json<>; _Alloc = std::allocator<nlohmann::json_abi_v3_11_2::basic_json<> >]’:
/usr/include/c++/12/bits/stl_vector.h:601:38: note: parameter passing for argument of type ‘__gnu_cxx::__normal_iterator<const nlohmann::json_abi_v3_11_2::basic_json<>*, std::vector<nlohmann::json_abi_v3_11_2::basic_json<>, std::allocator<nlohmann::json_abi_v3_11_2::basic_json<> > > >’ changed in GCC 7.1
  601 |           std::__uninitialized_copy_a(__x.begin(), __x.end(),
      |           ~~~~~~~~~~~~~~~~~~~~~~~~~~~^~~~~~~~~~~~~~~~~~~~~~~~
  602 |                                       this->_M_impl._M_start,
      |                                       ~~~~~~~~~~~~~~~~~~~~~~~
  603 |                                       _M_get_Tp_allocator());
      |                                       ~~~~~~~~~~~~~~~~~~~~~~
In file included from /usr/include/c++/12/vector:63:
/usr/include/c++/12/bits/stl_uninitialized.h: In function ‘_ForwardIterator std::__uninitialized_copy_a(_InputIterator, _InputIterator, _ForwardIterator, allocator<_Tp>&) [with _InputIterator = __gnu_cxx::__normal_iterator<const nlohmann::json_abi_v3_11_2::basic_json<>*, vector<nlohmann::json_abi_v3_11_2::basic_json<>, allocator<nlohmann::json_abi_v3_11_2::basic_json<> > > >; _ForwardIterator = nlohmann::json_abi_v3_11_2::basic_json<>*; _Tp = nlohmann::json_abi_v3_11_2::basic_json<>]’:
/usr/include/c++/12/bits/stl_uninitialized.h:365:5: note: parameter passing for argument of type ‘__gnu_cxx::__normal_iterator<const nlohmann::json_abi_v3_11_2::basic_json<>*, std::vector<nlohmann::json_abi_v3_11_2::basic_json<>, std::allocator<nlohmann::json_abi_v3_11_2::basic_json<> > > >’ changed in GCC 7.1
  365 |     __uninitialized_copy_a(_InputIterator __first, _InputIterator __last,
      |     ^~~~~~~~~~~~~~~~~~~~~~
/usr/include/c++/12/bits/stl_uninitialized.h:365:5: note: parameter passing for argument of type ‘__gnu_cxx::__normal_iterator<const nlohmann::json_abi_v3_11_2::basic_json<>*, std::vector<nlohmann::json_abi_v3_11_2::basic_json<>, std::allocator<nlohmann::json_abi_v3_11_2::basic_json<> > > >’ changed in GCC 7.1
/usr/include/c++/12/bits/stl_uninitialized.h:372:37: note: parameter passing for argument of type ‘__gnu_cxx::__normal_iterator<const nlohmann::json_abi_v3_11_2::basic_json<>*, std::vector<nlohmann::json_abi_v3_11_2::basic_json<>, std::allocator<nlohmann::json_abi_v3_11_2::basic_json<> > > >’ changed in GCC 7.1
  372 |       return std::uninitialized_copy(__first, __last, __result);
      |              ~~~~~~~~~~~~~~~~~~~~~~~^~~~~~~~~~~~~~~~~~~~~~~~~~~
/usr/include/c++/12/bits/stl_uninitialized.h: In function ‘_ForwardIterator std::uninitialized_copy(_InputIterator, _InputIterator, _ForwardIterator) [with _InputIterator = __gnu_cxx::__normal_iterator<const nlohmann::json_abi_v3_11_2::basic_json<>*, vector<nlohmann::json_abi_v3_11_2::basic_json<>, allocator<nlohmann::json_abi_v3_11_2::basic_json<> > > >; _ForwardIterator = nlohmann::json_abi_v3_11_2::basic_json<>*]’:
/usr/include/c++/12/bits/stl_uninitialized.h:163:5: note: parameter passing for argument of type ‘__gnu_cxx::__normal_iterator<const nlohmann::json_abi_v3_11_2::basic_json<>*, std::vector<nlohmann::json_abi_v3_11_2::basic_json<>, std::allocator<nlohmann::json_abi_v3_11_2::basic_json<> > > >’ changed in GCC 7.1
  163 |     uninitialized_copy(_InputIterator __first, _InputIterator __last,
      |     ^~~~~~~~~~~~~~~~~~
/usr/include/c++/12/bits/stl_uninitialized.h:163:5: note: parameter passing for argument of type ‘__gnu_cxx::__normal_iterator<const nlohmann::json_abi_v3_11_2::basic_json<>*, std::vector<nlohmann::json_abi_v3_11_2::basic_json<>, std::allocator<nlohmann::json_abi_v3_11_2::basic_json<> > > >’ changed in GCC 7.1
/usr/include/c++/12/bits/stl_uninitialized.h:185:22: note: parameter passing for argument of type ‘__gnu_cxx::__normal_iterator<const nlohmann::json_abi_v3_11_2::basic_json<>*, std::vector<nlohmann::json_abi_v3_11_2::basic_json<>, std::allocator<nlohmann::json_abi_v3_11_2::basic_json<> > > >’ changed in GCC 7.1
  184 |       return std::__uninitialized_copy<__can_memmove && __assignable>::
      |              ~~~~~~~~~~~~~~~~~~~~~~~~~~~~~~~~~~~~~~~~~~~~~~~~~~~~~~~~~~
  185 |         __uninit_copy(__first, __last, __result);
      |         ~~~~~~~~~~~~~^~~~~~~~~~~~~~~~~~~~~~~~~~~
/usr/include/c++/12/bits/stl_uninitialized.h: In static member function ‘static _ForwardIterator std::__uninitialized_copy<_TrivialValueTypes>::__uninit_copy(_InputIterator, _InputIterator, _ForwardIterator) [with _InputIterator = __gnu_cxx::__normal_iterator<const nlohmann::json_abi_v3_11_2::basic_json<>*, std::vector<nlohmann::json_abi_v3_11_2::basic_json<>, std::allocator<nlohmann::json_abi_v3_11_2::basic_json<> > > >; _ForwardIterator = nlohmann::json_abi_v3_11_2::basic_json<>*; bool _TrivialValueTypes = false]’:
/usr/include/c++/12/bits/stl_uninitialized.h:135:9: note: parameter passing for argument of type ‘__gnu_cxx::__normal_iterator<const nlohmann::json_abi_v3_11_2::basic_json<>*, std::vector<nlohmann::json_abi_v3_11_2::basic_json<>, std::allocator<nlohmann::json_abi_v3_11_2::basic_json<> > > >’ changed in GCC 7.1
  135 |         __uninit_copy(_InputIterator __first, _InputIterator __last,
      |         ^~~~~~~~~~~~~
/usr/include/c++/12/bits/stl_uninitialized.h:135:9: note: parameter passing for argument of type ‘__gnu_cxx::__normal_iterator<const nlohmann::json_abi_v3_11_2::basic_json<>*, std::vector<nlohmann::json_abi_v3_11_2::basic_json<>, std::allocator<nlohmann::json_abi_v3_11_2::basic_json<> > > >’ changed in GCC 7.1
/usr/include/c++/12/bits/stl_uninitialized.h:137:39: note: parameter passing for argument of type ‘__gnu_cxx::__normal_iterator<const nlohmann::json_abi_v3_11_2::basic_json<>*, std::vector<nlohmann::json_abi_v3_11_2::basic_json<>, std::allocator<nlohmann::json_abi_v3_11_2::basic_json<> > > >’ changed in GCC 7.1
  137 |         { return std::__do_uninit_copy(__first, __last, __result); }
      |                  ~~~~~~~~~~~~~~~~~~~~~^~~~~~~~~~~~~~~~~~~~~~~~~~~
/usr/include/c++/12/bits/stl_uninitialized.h: In function ‘_ForwardIterator std::__do_uninit_copy(_InputIterator, _InputIterator, _ForwardIterator) [with _InputIterator = __gnu_cxx::__normal_iterator<const nlohmann::json_abi_v3_11_2::basic_json<>*, vector<nlohmann::json_abi_v3_11_2::basic_json<>, allocator<nlohmann::json_abi_v3_11_2::basic_json<> > > >; _ForwardIterator = nlohmann::json_abi_v3_11_2::basic_json<>*]’:
/usr/include/c++/12/bits/stl_uninitialized.h:113:5: note: parameter passing for argument of type ‘__gnu_cxx::__normal_iterator<const nlohmann::json_abi_v3_11_2::basic_json<>*, std::vector<nlohmann::json_abi_v3_11_2::basic_json<>, std::allocator<nlohmann::json_abi_v3_11_2::basic_json<> > > >’ changed in GCC 7.1
  113 |     __do_uninit_copy(_InputIterator __first, _InputIterator __last,
      |     ^~~~~~~~~~~~~~~~
/usr/include/c++/12/bits/stl_uninitialized.h:113:5: note: parameter passing for argument of type ‘__gnu_cxx::__normal_iterator<const nlohmann::json_abi_v3_11_2::basic_json<>*, std::vector<nlohmann::json_abi_v3_11_2::basic_json<>, std::allocator<nlohmann::json_abi_v3_11_2::basic_json<> > > >’ changed in GCC 7.1
[ 73%] Building CXX object CMakeFiles/hub75_clock.dir/src/animations/submarine.cpp.o
In file included from /usr/include/c++/12/vector:64,
                 from /home/ikonis/rpi-rgb-led-matrix/include/led-matrix.h:27,
                 from /home/ikonis/hub75-clock/clock-cpp/include/Animation.h:4,
                 from /home/ikonis/hub75-clock/clock-cpp/src/animations/submarine.cpp:1:
/usr/include/c++/12/bits/stl_vector.h: In copy constructor ‘std::vector<_Tp, _Alloc>::vector(const std::vector<_Tp, _Alloc>&) [with _Tp = nlohmann::json_abi_v3_11_2::basic_json<>; _Alloc = std::allocator<nlohmann::json_abi_v3_11_2::basic_json<> >]’:
/usr/include/c++/12/bits/stl_vector.h:601:38: note: parameter passing for argument of type ‘__gnu_cxx::__normal_iterator<const nlohmann::json_abi_v3_11_2::basic_json<>*, std::vector<nlohmann::json_abi_v3_11_2::basic_json<>, std::allocator<nlohmann::json_abi_v3_11_2::basic_json<> > > >’ changed in GCC 7.1
  601 |           std::__uninitialized_copy_a(__x.begin(), __x.end(),
      |           ~~~~~~~~~~~~~~~~~~~~~~~~~~~^~~~~~~~~~~~~~~~~~~~~~~~
  602 |                                       this->_M_impl._M_start,
      |                                       ~~~~~~~~~~~~~~~~~~~~~~~
  603 |                                       _M_get_Tp_allocator());
      |                                       ~~~~~~~~~~~~~~~~~~~~~~
In file included from /usr/include/c++/12/vector:63:
/usr/include/c++/12/bits/stl_uninitialized.h: In function ‘_ForwardIterator std::__uninitialized_copy_a(_InputIterator, _InputIterator, _ForwardIterator, allocator<_Tp>&) [with _InputIterator = __gnu_cxx::__normal_iterator<const nlohmann::json_abi_v3_11_2::basic_json<>*, vector<nlohmann::json_abi_v3_11_2::basic_json<>, allocator<nlohmann::json_abi_v3_11_2::basic_json<> > > >; _ForwardIterator = nlohmann::json_abi_v3_11_2::basic_json<>*; _Tp = nlohmann::json_abi_v3_11_2::basic_json<>]’:
/usr/include/c++/12/bits/stl_uninitialized.h:365:5: note: parameter passing for argument of type ‘__gnu_cxx::__normal_iterator<const nlohmann::json_abi_v3_11_2::basic_json<>*, std::vector<nlohmann::json_abi_v3_11_2::basic_json<>, std::allocator<nlohmann::json_abi_v3_11_2::basic_json<> > > >’ changed in GCC 7.1
  365 |     __uninitialized_copy_a(_InputIterator __first, _InputIterator __last,
      |     ^~~~~~~~~~~~~~~~~~~~~~
/usr/include/c++/12/bits/stl_uninitialized.h:365:5: note: parameter passing for argument of type ‘__gnu_cxx::__normal_iterator<const nlohmann::json_abi_v3_11_2::basic_json<>*, std::vector<nlohmann::json_abi_v3_11_2::basic_json<>, std::allocator<nlohmann::json_abi_v3_11_2::basic_json<> > > >’ changed in GCC 7.1
/usr/include/c++/12/bits/stl_uninitialized.h:372:37: note: parameter passing for argument of type ‘__gnu_cxx::__normal_iterator<const nlohmann::json_abi_v3_11_2::basic_json<>*, std::vector<nlohmann::json_abi_v3_11_2::basic_json<>, std::allocator<nlohmann::json_abi_v3_11_2::basic_json<> > > >’ changed in GCC 7.1
  372 |       return std::uninitialized_copy(__first, __last, __result);
      |              ~~~~~~~~~~~~~~~~~~~~~~~^~~~~~~~~~~~~~~~~~~~~~~~~~~
/usr/include/c++/12/bits/stl_uninitialized.h: In function ‘_ForwardIterator std::uninitialized_copy(_InputIterator, _InputIterator, _ForwardIterator) [with _InputIterator = __gnu_cxx::__normal_iterator<const nlohmann::json_abi_v3_11_2::basic_json<>*, vector<nlohmann::json_abi_v3_11_2::basic_json<>, allocator<nlohmann::json_abi_v3_11_2::basic_json<> > > >; _ForwardIterator = nlohmann::json_abi_v3_11_2::basic_json<>*]’:
/usr/include/c++/12/bits/stl_uninitialized.h:163:5: note: parameter passing for argument of type ‘__gnu_cxx::__normal_iterator<const nlohmann::json_abi_v3_11_2::basic_json<>*, std::vector<nlohmann::json_abi_v3_11_2::basic_json<>, std::allocator<nlohmann::json_abi_v3_11_2::basic_json<> > > >’ changed in GCC 7.1
  163 |     uninitialized_copy(_InputIterator __first, _InputIterator __last,
      |     ^~~~~~~~~~~~~~~~~~
/usr/include/c++/12/bits/stl_uninitialized.h:163:5: note: parameter passing for argument of type ‘__gnu_cxx::__normal_iterator<const nlohmann::json_abi_v3_11_2::basic_json<>*, std::vector<nlohmann::json_abi_v3_11_2::basic_json<>, std::allocator<nlohmann::json_abi_v3_11_2::basic_json<> > > >’ changed in GCC 7.1
/usr/include/c++/12/bits/stl_uninitialized.h:185:22: note: parameter passing for argument of type ‘__gnu_cxx::__normal_iterator<const nlohmann::json_abi_v3_11_2::basic_json<>*, std::vector<nlohmann::json_abi_v3_11_2::basic_json<>, std::allocator<nlohmann::json_abi_v3_11_2::basic_json<> > > >’ changed in GCC 7.1
  184 |       return std::__uninitialized_copy<__can_memmove && __assignable>::
      |              ~~~~~~~~~~~~~~~~~~~~~~~~~~~~~~~~~~~~~~~~~~~~~~~~~~~~~~~~~~
  185 |         __uninit_copy(__first, __last, __result);
      |         ~~~~~~~~~~~~~^~~~~~~~~~~~~~~~~~~~~~~~~~~
/usr/include/c++/12/bits/stl_uninitialized.h: In static member function ‘static _ForwardIterator std::__uninitialized_copy<_TrivialValueTypes>::__uninit_copy(_InputIterator, _InputIterator, _ForwardIterator) [with _InputIterator = __gnu_cxx::__normal_iterator<const nlohmann::json_abi_v3_11_2::basic_json<>*, std::vector<nlohmann::json_abi_v3_11_2::basic_json<>, std::allocator<nlohmann::json_abi_v3_11_2::basic_json<> > > >; _ForwardIterator = nlohmann::json_abi_v3_11_2::basic_json<>*; bool _TrivialValueTypes = false]’:
/usr/include/c++/12/bits/stl_uninitialized.h:135:9: note: parameter passing for argument of type ‘__gnu_cxx::__normal_iterator<const nlohmann::json_abi_v3_11_2::basic_json<>*, std::vector<nlohmann::json_abi_v3_11_2::basic_json<>, std::allocator<nlohmann::json_abi_v3_11_2::basic_json<> > > >’ changed in GCC 7.1
  135 |         __uninit_copy(_InputIterator __first, _InputIterator __last,
      |         ^~~~~~~~~~~~~
/usr/include/c++/12/bits/stl_uninitialized.h:135:9: note: parameter passing for argument of type ‘__gnu_cxx::__normal_iterator<const nlohmann::json_abi_v3_11_2::basic_json<>*, std::vector<nlohmann::json_abi_v3_11_2::basic_json<>, std::allocator<nlohmann::json_abi_v3_11_2::basic_json<> > > >’ changed in GCC 7.1
/usr/include/c++/12/bits/stl_uninitialized.h:137:39: note: parameter passing for argument of type ‘__gnu_cxx::__normal_iterator<const nlohmann::json_abi_v3_11_2::basic_json<>*, std::vector<nlohmann::json_abi_v3_11_2::basic_json<>, std::allocator<nlohmann::json_abi_v3_11_2::basic_json<> > > >’ changed in GCC 7.1
  137 |         { return std::__do_uninit_copy(__first, __last, __result); }
      |                  ~~~~~~~~~~~~~~~~~~~~~^~~~~~~~~~~~~~~~~~~~~~~~~~~
/usr/include/c++/12/bits/stl_uninitialized.h: In function ‘_ForwardIterator std::__do_uninit_copy(_InputIterator, _InputIterator, _ForwardIterator) [with _InputIterator = __gnu_cxx::__normal_iterator<const nlohmann::json_abi_v3_11_2::basic_json<>*, vector<nlohmann::json_abi_v3_11_2::basic_json<>, allocator<nlohmann::json_abi_v3_11_2::basic_json<> > > >; _ForwardIterator = nlohmann::json_abi_v3_11_2::basic_json<>*]’:
/usr/include/c++/12/bits/stl_uninitialized.h:113:5: note: parameter passing for argument of type ‘__gnu_cxx::__normal_iterator<const nlohmann::json_abi_v3_11_2::basic_json<>*, std::vector<nlohmann::json_abi_v3_11_2::basic_json<>, std::allocator<nlohmann::json_abi_v3_11_2::basic_json<> > > >’ changed in GCC 7.1
  113 |     __do_uninit_copy(_InputIterator __first, _InputIterator __last,
      |     ^~~~~~~~~~~~~~~~
/usr/include/c++/12/bits/stl_uninitialized.h:113:5: note: parameter passing for argument of type ‘__gnu_cxx::__normal_iterator<const nlohmann::json_abi_v3_11_2::basic_json<>*, std::vector<nlohmann::json_abi_v3_11_2::basic_json<>, std::allocator<nlohmann::json_abi_v3_11_2::basic_json<> > > >’ changed in GCC 7.1
[ 76%] Building CXX object CMakeFiles/hub75_clock.dir/src/animations/tumbleweed.cpp.o
In file included from /usr/include/c++/12/vector:64,
                 from /home/ikonis/rpi-rgb-led-matrix/include/led-matrix.h:27,
                 from /home/ikonis/hub75-clock/clock-cpp/include/Animation.h:4,
                 from /home/ikonis/hub75-clock/clock-cpp/src/animations/tumbleweed.cpp:1:
/usr/include/c++/12/bits/stl_vector.h: In copy constructor ‘std::vector<_Tp, _Alloc>::vector(const std::vector<_Tp, _Alloc>&) [with _Tp = nlohmann::json_abi_v3_11_2::basic_json<>; _Alloc = std::allocator<nlohmann::json_abi_v3_11_2::basic_json<> >]’:
/usr/include/c++/12/bits/stl_vector.h:601:38: note: parameter passing for argument of type ‘__gnu_cxx::__normal_iterator<const nlohmann::json_abi_v3_11_2::basic_json<>*, std::vector<nlohmann::json_abi_v3_11_2::basic_json<>, std::allocator<nlohmann::json_abi_v3_11_2::basic_json<> > > >’ changed in GCC 7.1
  601 |           std::__uninitialized_copy_a(__x.begin(), __x.end(),
      |           ~~~~~~~~~~~~~~~~~~~~~~~~~~~^~~~~~~~~~~~~~~~~~~~~~~~
  602 |                                       this->_M_impl._M_start,
      |                                       ~~~~~~~~~~~~~~~~~~~~~~~
  603 |                                       _M_get_Tp_allocator());
      |                                       ~~~~~~~~~~~~~~~~~~~~~~
In file included from /usr/include/c++/12/vector:63:
/usr/include/c++/12/bits/stl_uninitialized.h: In function ‘_ForwardIterator std::__uninitialized_copy_a(_InputIterator, _InputIterator, _ForwardIterator, allocator<_Tp>&) [with _InputIterator = __gnu_cxx::__normal_iterator<const nlohmann::json_abi_v3_11_2::basic_json<>*, vector<nlohmann::json_abi_v3_11_2::basic_json<>, allocator<nlohmann::json_abi_v3_11_2::basic_json<> > > >; _ForwardIterator = nlohmann::json_abi_v3_11_2::basic_json<>*; _Tp = nlohmann::json_abi_v3_11_2::basic_json<>]’:
/usr/include/c++/12/bits/stl_uninitialized.h:365:5: note: parameter passing for argument of type ‘__gnu_cxx::__normal_iterator<const nlohmann::json_abi_v3_11_2::basic_json<>*, std::vector<nlohmann::json_abi_v3_11_2::basic_json<>, std::allocator<nlohmann::json_abi_v3_11_2::basic_json<> > > >’ changed in GCC 7.1
  365 |     __uninitialized_copy_a(_InputIterator __first, _InputIterator __last,
      |     ^~~~~~~~~~~~~~~~~~~~~~
/usr/include/c++/12/bits/stl_uninitialized.h:365:5: note: parameter passing for argument of type ‘__gnu_cxx::__normal_iterator<const nlohmann::json_abi_v3_11_2::basic_json<>*, std::vector<nlohmann::json_abi_v3_11_2::basic_json<>, std::allocator<nlohmann::json_abi_v3_11_2::basic_json<> > > >’ changed in GCC 7.1
/usr/include/c++/12/bits/stl_uninitialized.h:372:37: note: parameter passing for argument of type ‘__gnu_cxx::__normal_iterator<const nlohmann::json_abi_v3_11_2::basic_json<>*, std::vector<nlohmann::json_abi_v3_11_2::basic_json<>, std::allocator<nlohmann::json_abi_v3_11_2::basic_json<> > > >’ changed in GCC 7.1
  372 |       return std::uninitialized_copy(__first, __last, __result);
      |              ~~~~~~~~~~~~~~~~~~~~~~~^~~~~~~~~~~~~~~~~~~~~~~~~~~
/usr/include/c++/12/bits/stl_uninitialized.h: In function ‘_ForwardIterator std::uninitialized_copy(_InputIterator, _InputIterator, _ForwardIterator) [with _InputIterator = __gnu_cxx::__normal_iterator<const nlohmann::json_abi_v3_11_2::basic_json<>*, vector<nlohmann::json_abi_v3_11_2::basic_json<>, allocator<nlohmann::json_abi_v3_11_2::basic_json<> > > >; _ForwardIterator = nlohmann::json_abi_v3_11_2::basic_json<>*]’:
/usr/include/c++/12/bits/stl_uninitialized.h:163:5: note: parameter passing for argument of type ‘__gnu_cxx::__normal_iterator<const nlohmann::json_abi_v3_11_2::basic_json<>*, std::vector<nlohmann::json_abi_v3_11_2::basic_json<>, std::allocator<nlohmann::json_abi_v3_11_2::basic_json<> > > >’ changed in GCC 7.1
  163 |     uninitialized_copy(_InputIterator __first, _InputIterator __last,
      |     ^~~~~~~~~~~~~~~~~~
/usr/include/c++/12/bits/stl_uninitialized.h:163:5: note: parameter passing for argument of type ‘__gnu_cxx::__normal_iterator<const nlohmann::json_abi_v3_11_2::basic_json<>*, std::vector<nlohmann::json_abi_v3_11_2::basic_json<>, std::allocator<nlohmann::json_abi_v3_11_2::basic_json<> > > >’ changed in GCC 7.1
/usr/include/c++/12/bits/stl_uninitialized.h:185:22: note: parameter passing for argument of type ‘__gnu_cxx::__normal_iterator<const nlohmann::json_abi_v3_11_2::basic_json<>*, std::vector<nlohmann::json_abi_v3_11_2::basic_json<>, std::allocator<nlohmann::json_abi_v3_11_2::basic_json<> > > >’ changed in GCC 7.1
  184 |       return std::__uninitialized_copy<__can_memmove && __assignable>::
      |              ~~~~~~~~~~~~~~~~~~~~~~~~~~~~~~~~~~~~~~~~~~~~~~~~~~~~~~~~~~
  185 |         __uninit_copy(__first, __last, __result);
      |         ~~~~~~~~~~~~~^~~~~~~~~~~~~~~~~~~~~~~~~~~
/usr/include/c++/12/bits/stl_uninitialized.h: In static member function ‘static _ForwardIterator std::__uninitialized_copy<_TrivialValueTypes>::__uninit_copy(_InputIterator, _InputIterator, _ForwardIterator) [with _InputIterator = __gnu_cxx::__normal_iterator<const nlohmann::json_abi_v3_11_2::basic_json<>*, std::vector<nlohmann::json_abi_v3_11_2::basic_json<>, std::allocator<nlohmann::json_abi_v3_11_2::basic_json<> > > >; _ForwardIterator = nlohmann::json_abi_v3_11_2::basic_json<>*; bool _TrivialValueTypes = false]’:
/usr/include/c++/12/bits/stl_uninitialized.h:135:9: note: parameter passing for argument of type ‘__gnu_cxx::__normal_iterator<const nlohmann::json_abi_v3_11_2::basic_json<>*, std::vector<nlohmann::json_abi_v3_11_2::basic_json<>, std::allocator<nlohmann::json_abi_v3_11_2::basic_json<> > > >’ changed in GCC 7.1
  135 |         __uninit_copy(_InputIterator __first, _InputIterator __last,
      |         ^~~~~~~~~~~~~
/usr/include/c++/12/bits/stl_uninitialized.h:135:9: note: parameter passing for argument of type ‘__gnu_cxx::__normal_iterator<const nlohmann::json_abi_v3_11_2::basic_json<>*, std::vector<nlohmann::json_abi_v3_11_2::basic_json<>, std::allocator<nlohmann::json_abi_v3_11_2::basic_json<> > > >’ changed in GCC 7.1
/usr/include/c++/12/bits/stl_uninitialized.h:137:39: note: parameter passing for argument of type ‘__gnu_cxx::__normal_iterator<const nlohmann::json_abi_v3_11_2::basic_json<>*, std::vector<nlohmann::json_abi_v3_11_2::basic_json<>, std::allocator<nlohmann::json_abi_v3_11_2::basic_json<> > > >’ changed in GCC 7.1
  137 |         { return std::__do_uninit_copy(__first, __last, __result); }
      |                  ~~~~~~~~~~~~~~~~~~~~~^~~~~~~~~~~~~~~~~~~~~~~~~~~
/usr/include/c++/12/bits/stl_uninitialized.h: In function ‘_ForwardIterator std::__do_uninit_copy(_InputIterator, _InputIterator, _ForwardIterator) [with _InputIterator = __gnu_cxx::__normal_iterator<const nlohmann::json_abi_v3_11_2::basic_json<>*, vector<nlohmann::json_abi_v3_11_2::basic_json<>, allocator<nlohmann::json_abi_v3_11_2::basic_json<> > > >; _ForwardIterator = nlohmann::json_abi_v3_11_2::basic_json<>*]’:
/usr/include/c++/12/bits/stl_uninitialized.h:113:5: note: parameter passing for argument of type ‘__gnu_cxx::__normal_iterator<const nlohmann::json_abi_v3_11_2::basic_json<>*, std::vector<nlohmann::json_abi_v3_11_2::basic_json<>, std::allocator<nlohmann::json_abi_v3_11_2::basic_json<> > > >’ changed in GCC 7.1
  113 |     __do_uninit_copy(_InputIterator __first, _InputIterator __last,
      |     ^~~~~~~~~~~~~~~~
/usr/include/c++/12/bits/stl_uninitialized.h:113:5: note: parameter passing for argument of type ‘__gnu_cxx::__normal_iterator<const nlohmann::json_abi_v3_11_2::basic_json<>*, std::vector<nlohmann::json_abi_v3_11_2::basic_json<>, std::allocator<nlohmann::json_abi_v3_11_2::basic_json<> > > >’ changed in GCC 7.1
[ 80%] Building CXX object CMakeFiles/hub75_clock.dir/src/animations/ufo.cpp.o
In file included from /usr/include/c++/12/vector:64,
                 from /home/ikonis/rpi-rgb-led-matrix/include/led-matrix.h:27,
                 from /home/ikonis/hub75-clock/clock-cpp/include/Animation.h:4,
                 from /home/ikonis/hub75-clock/clock-cpp/src/animations/ufo.cpp:1:
/usr/include/c++/12/bits/stl_vector.h: In copy constructor ‘std::vector<_Tp, _Alloc>::vector(const std::vector<_Tp, _Alloc>&) [with _Tp = nlohmann::json_abi_v3_11_2::basic_json<>; _Alloc = std::allocator<nlohmann::json_abi_v3_11_2::basic_json<> >]’:
/usr/include/c++/12/bits/stl_vector.h:601:38: note: parameter passing for argument of type ‘__gnu_cxx::__normal_iterator<const nlohmann::json_abi_v3_11_2::basic_json<>*, std::vector<nlohmann::json_abi_v3_11_2::basic_json<>, std::allocator<nlohmann::json_abi_v3_11_2::basic_json<> > > >’ changed in GCC 7.1
  601 |           std::__uninitialized_copy_a(__x.begin(), __x.end(),
      |           ~~~~~~~~~~~~~~~~~~~~~~~~~~~^~~~~~~~~~~~~~~~~~~~~~~~
  602 |                                       this->_M_impl._M_start,
      |                                       ~~~~~~~~~~~~~~~~~~~~~~~
  603 |                                       _M_get_Tp_allocator());
      |                                       ~~~~~~~~~~~~~~~~~~~~~~
In file included from /usr/include/c++/12/vector:63:
/usr/include/c++/12/bits/stl_uninitialized.h: In function ‘_ForwardIterator std::__uninitialized_copy_a(_InputIterator, _InputIterator, _ForwardIterator, allocator<_Tp>&) [with _InputIterator = __gnu_cxx::__normal_iterator<const nlohmann::json_abi_v3_11_2::basic_json<>*, vector<nlohmann::json_abi_v3_11_2::basic_json<>, allocator<nlohmann::json_abi_v3_11_2::basic_json<> > > >; _ForwardIterator = nlohmann::json_abi_v3_11_2::basic_json<>*; _Tp = nlohmann::json_abi_v3_11_2::basic_json<>]’:
/usr/include/c++/12/bits/stl_uninitialized.h:365:5: note: parameter passing for argument of type ‘__gnu_cxx::__normal_iterator<const nlohmann::json_abi_v3_11_2::basic_json<>*, std::vector<nlohmann::json_abi_v3_11_2::basic_json<>, std::allocator<nlohmann::json_abi_v3_11_2::basic_json<> > > >’ changed in GCC 7.1
  365 |     __uninitialized_copy_a(_InputIterator __first, _InputIterator __last,
      |     ^~~~~~~~~~~~~~~~~~~~~~
/usr/include/c++/12/bits/stl_uninitialized.h:365:5: note: parameter passing for argument of type ‘__gnu_cxx::__normal_iterator<const nlohmann::json_abi_v3_11_2::basic_json<>*, std::vector<nlohmann::json_abi_v3_11_2::basic_json<>, std::allocator<nlohmann::json_abi_v3_11_2::basic_json<> > > >’ changed in GCC 7.1
/usr/include/c++/12/bits/stl_uninitialized.h:372:37: note: parameter passing for argument of type ‘__gnu_cxx::__normal_iterator<const nlohmann::json_abi_v3_11_2::basic_json<>*, std::vector<nlohmann::json_abi_v3_11_2::basic_json<>, std::allocator<nlohmann::json_abi_v3_11_2::basic_json<> > > >’ changed in GCC 7.1
  372 |       return std::uninitialized_copy(__first, __last, __result);
      |              ~~~~~~~~~~~~~~~~~~~~~~~^~~~~~~~~~~~~~~~~~~~~~~~~~~
/usr/include/c++/12/bits/stl_uninitialized.h: In function ‘_ForwardIterator std::uninitialized_copy(_InputIterator, _InputIterator, _ForwardIterator) [with _InputIterator = __gnu_cxx::__normal_iterator<const nlohmann::json_abi_v3_11_2::basic_json<>*, vector<nlohmann::json_abi_v3_11_2::basic_json<>, allocator<nlohmann::json_abi_v3_11_2::basic_json<> > > >; _ForwardIterator = nlohmann::json_abi_v3_11_2::basic_json<>*]’:
/usr/include/c++/12/bits/stl_uninitialized.h:163:5: note: parameter passing for argument of type ‘__gnu_cxx::__normal_iterator<const nlohmann::json_abi_v3_11_2::basic_json<>*, std::vector<nlohmann::json_abi_v3_11_2::basic_json<>, std::allocator<nlohmann::json_abi_v3_11_2::basic_json<> > > >’ changed in GCC 7.1
  163 |     uninitialized_copy(_InputIterator __first, _InputIterator __last,
      |     ^~~~~~~~~~~~~~~~~~
/usr/include/c++/12/bits/stl_uninitialized.h:163:5: note: parameter passing for argument of type ‘__gnu_cxx::__normal_iterator<const nlohmann::json_abi_v3_11_2::basic_json<>*, std::vector<nlohmann::json_abi_v3_11_2::basic_json<>, std::allocator<nlohmann::json_abi_v3_11_2::basic_json<> > > >’ changed in GCC 7.1
/usr/include/c++/12/bits/stl_uninitialized.h:185:22: note: parameter passing for argument of type ‘__gnu_cxx::__normal_iterator<const nlohmann::json_abi_v3_11_2::basic_json<>*, std::vector<nlohmann::json_abi_v3_11_2::basic_json<>, std::allocator<nlohmann::json_abi_v3_11_2::basic_json<> > > >’ changed in GCC 7.1
  184 |       return std::__uninitialized_copy<__can_memmove && __assignable>::
      |              ~~~~~~~~~~~~~~~~~~~~~~~~~~~~~~~~~~~~~~~~~~~~~~~~~~~~~~~~~~
  185 |         __uninit_copy(__first, __last, __result);
      |         ~~~~~~~~~~~~~^~~~~~~~~~~~~~~~~~~~~~~~~~~
/usr/include/c++/12/bits/stl_uninitialized.h: In static member function ‘static _ForwardIterator std::__uninitialized_copy<_TrivialValueTypes>::__uninit_copy(_InputIterator, _InputIterator, _ForwardIterator) [with _InputIterator = __gnu_cxx::__normal_iterator<const nlohmann::json_abi_v3_11_2::basic_json<>*, std::vector<nlohmann::json_abi_v3_11_2::basic_json<>, std::allocator<nlohmann::json_abi_v3_11_2::basic_json<> > > >; _ForwardIterator = nlohmann::json_abi_v3_11_2::basic_json<>*; bool _TrivialValueTypes = false]’:
/usr/include/c++/12/bits/stl_uninitialized.h:135:9: note: parameter passing for argument of type ‘__gnu_cxx::__normal_iterator<const nlohmann::json_abi_v3_11_2::basic_json<>*, std::vector<nlohmann::json_abi_v3_11_2::basic_json<>, std::allocator<nlohmann::json_abi_v3_11_2::basic_json<> > > >’ changed in GCC 7.1
  135 |         __uninit_copy(_InputIterator __first, _InputIterator __last,
      |         ^~~~~~~~~~~~~
/usr/include/c++/12/bits/stl_uninitialized.h:135:9: note: parameter passing for argument of type ‘__gnu_cxx::__normal_iterator<const nlohmann::json_abi_v3_11_2::basic_json<>*, std::vector<nlohmann::json_abi_v3_11_2::basic_json<>, std::allocator<nlohmann::json_abi_v3_11_2::basic_json<> > > >’ changed in GCC 7.1
/usr/include/c++/12/bits/stl_uninitialized.h:137:39: note: parameter passing for argument of type ‘__gnu_cxx::__normal_iterator<const nlohmann::json_abi_v3_11_2::basic_json<>*, std::vector<nlohmann::json_abi_v3_11_2::basic_json<>, std::allocator<nlohmann::json_abi_v3_11_2::basic_json<> > > >’ changed in GCC 7.1
  137 |         { return std::__do_uninit_copy(__first, __last, __result); }
      |                  ~~~~~~~~~~~~~~~~~~~~~^~~~~~~~~~~~~~~~~~~~~~~~~~~
/usr/include/c++/12/bits/stl_uninitialized.h: In function ‘_ForwardIterator std::__do_uninit_copy(_InputIterator, _InputIterator, _ForwardIterator) [with _InputIterator = __gnu_cxx::__normal_iterator<const nlohmann::json_abi_v3_11_2::basic_json<>*, vector<nlohmann::json_abi_v3_11_2::basic_json<>, allocator<nlohmann::json_abi_v3_11_2::basic_json<> > > >; _ForwardIterator = nlohmann::json_abi_v3_11_2::basic_json<>*]’:
/usr/include/c++/12/bits/stl_uninitialized.h:113:5: note: parameter passing for argument of type ‘__gnu_cxx::__normal_iterator<const nlohmann::json_abi_v3_11_2::basic_json<>*, std::vector<nlohmann::json_abi_v3_11_2::basic_json<>, std::allocator<nlohmann::json_abi_v3_11_2::basic_json<> > > >’ changed in GCC 7.1
  113 |     __do_uninit_copy(_InputIterator __first, _InputIterator __last,
      |     ^~~~~~~~~~~~~~~~
/usr/include/c++/12/bits/stl_uninitialized.h:113:5: note: parameter passing for argument of type ‘__gnu_cxx::__normal_iterator<const nlohmann::json_abi_v3_11_2::basic_json<>*, std::vector<nlohmann::json_abi_v3_11_2::basic_json<>, std::allocator<nlohmann::json_abi_v3_11_2::basic_json<> > > >’ changed in GCC 7.1
[ 84%] Linking CXX executable hub75_clock
[100%] Built target hub75_clock
