ISO-10303-21;
HEADER;
/* Generated by software containing ST-Developer
 * from STEP Tools, Inc. (www.steptools.com) 
 */

FILE_DESCRIPTION(
/* description */ (''),
/* implementation_level */ '2;1');

FILE_NAME(
/* name */ 'Back Cover (only barrel jack).step',
/* time_stamp */ '2026-05-12T09:56:10-05:00',
/* author */ (''),
/* organization */ (''),
/* preprocessor_version */ 'ST-DEVELOPER v20.1',
/* originating_system */ 'Autodesk Translation Framework v15.8.0.0',
/* authorisation */ '');

FILE_SCHEMA (('AUTOMOTIVE_DESIGN { 1 0 10303 214 3 1 1 }'));
ENDSEC;

DATA;
#10=MECHANICAL_DESIGN_GEOMETRIC_PRESENTATION_REPRESENTATION('',(#13),#5925);
#11=SHAPE_REPRESENTATION_RELATIONSHIP('SRR','None',#5932,#12);
#12=ADVANCED_BREP_SHAPE_REPRESENTATION('',(#14),#5924);
#13=STYLED_ITEM('',(#5941),#14);
#14=MANIFOLD_SOLID_BREP('Back Cover (only barrel jack)',#3204);
#15=ELLIPSE('',#3478,8.27238075278377,5.50000000000001);
#16=ELLIPSE('',#3480,6.86893611260341,3.00000000000001);
#17=ELLIPSE('',#3481,6.86893611260341,3.00000000000001);
#18=ELLIPSE('',#3483,8.27238075278377,5.50000000000001);
#19=ELLIPSE('',#3484,8.27238075278376,5.5);
#20=ELLIPSE('',#3486,6.86893611260341,3.);
#21=ELLIPSE('',#3488,8.27238075278376,5.5);
#22=ELLIPSE('',#3507,9.02441536667319,6.);
#23=ELLIPSE('',#3512,9.02441536667319,6.);
#24=B_SPLINE_CURVE_WITH_KNOTS('',3,(#5340,#5341,#5342,#5343,#5344,#5345,
#5346),.UNSPECIFIED.,.F.,.F.,(4,3,4),(0.228798598583978,0.244094738298268,
0.24723049410684),.UNSPECIFIED.);
#25=B_SPLINE_CURVE_WITH_KNOTS('',3,(#5360,#5361,#5362,#5363,#5364,#5365),
 .UNSPECIFIED.,.F.,.F.,(4,2,4),(-0.00313449078684584,1.30104260698261E-18,
0.0152793558933031),.UNSPECIFIED.);
#26=B_SPLINE_CURVE_WITH_KNOTS('',3,(#5366,#5367,#5368,#5369,#5370,#5371,
#5372,#5373,#5374,#5375,#5376,#5377,#5378,#5379,#5380,#5381,#5382,#5383,
#5384,#5385,#5386,#5387,#5388,#5389,#5390,#5391,#5392,#5393),
 .UNSPECIFIED.,.F.,.F.,(4,3,3,3,3,3,3,3,3,4),(0.0152793558933031,0.0444964106860947,
0.0503780581129057,0.0828392427265413,0.117455939535975,0.137072018299217,
0.14371046170005,0.176097036135539,0.206698494549568,0.228798598583978),
 .UNSPECIFIED.);
#27=B_SPLINE_CURVE_WITH_KNOTS('',3,(#5501,#5502,#5503,#5504,#5505,#5506,
#5507),.UNSPECIFIED.,.F.,.F.,(4,3,4),(0.229062520860478,0.244254753759156,
0.247489612487155),.UNSPECIFIED.);
#28=B_SPLINE_CURVE_WITH_KNOTS('',3,(#5519,#5520,#5521,#5522,#5523,#5524,
#5525),.UNSPECIFIED.,.F.,.F.,(4,3,4),(-0.0032352010251783,0.,0.0151950610088026),
 .UNSPECIFIED.);
#29=B_SPLINE_CURVE_WITH_KNOTS('',3,(#5526,#5527,#5528,#5529,#5530,#5531,
#5532,#5533,#5534,#5535,#5536,#5537,#5538,#5539,#5540,#5541,#5542,#5543,
#5544,#5545,#5546,#5547,#5548,#5549,#5550),.UNSPECIFIED.,.F.,.F.,(4,3,3,
3,3,3,3,3,4),(0.0151950610088026,0.0456639590606519,0.0783749647713475,
0.107121853448221,0.124515733455187,0.157899122156337,0.189679169848548,
0.219268685520137,0.229062520860478),.UNSPECIFIED.);
#30=B_SPLINE_CURVE_WITH_KNOTS('',3,(#5675,#5676,#5677,#5678,#5679,#5680,
#5681,#5682,#5683,#5684,#5685,#5686,#5687,#5688,#5689,#5690,#5691),
 .UNSPECIFIED.,.F.,.F.,(4,1,1,1,1,1,1,1,1,1,1,1,1,1,4),(-1.99917740797978,
-1.85637902169551,-1.71358063541124,-1.4279838628427,-1.14238709027416,
-1.07098789713203,-0.999588703989894,-0.928189510847759,-0.856790317705624,
-0.713991931421354,-0.571193545137085,-0.428395158852815,-0.285596772568545,
-0.142798386284275,-5.26640147766015E-15),.UNSPECIFIED.);
#31=B_SPLINE_CURVE_WITH_KNOTS('',3,(#5692,#5693,#5694,#5695,#5696,#5697,
#5698,#5699,#5700,#5701,#5702,#5703,#5704,#5705,#5706,#5707,#5708),
 .UNSPECIFIED.,.F.,.F.,(4,1,1,1,1,1,1,1,1,1,1,1,1,1,4),(5.26640147766015E-15,
0.142798386284275,0.285596772568545,0.428395158852815,0.571193545137085,
0.713991931421354,0.856790317705624,0.928189510847759,0.999588703989894,
1.07098789713203,1.14238709027416,1.4279838628427,1.71358063541124,1.85637902169551,
1.99917740797978),.UNSPECIFIED.);
#32=B_SPLINE_CURVE_WITH_KNOTS('',3,(#5827,#5828,#5829,#5830,#5831,#5832,
#5833,#5834,#5835,#5836,#5837,#5838,#5839,#5840,#5841),.UNSPECIFIED.,.F.,
 .F.,(4,1,1,1,1,1,1,1,1,1,1,1,4),(-1.99912547063786,-1.71353611768959,-1.57074144121546,
-1.42794676474133,-1.39224809562279,-1.35654942650426,-1.28515208826719,
-1.14235741179306,-0.856768058844796,-0.571178705896531,-0.285589352948265,
-0.142794676474133,0.),.UNSPECIFIED.);
#33=B_SPLINE_CURVE_WITH_KNOTS('',3,(#5843,#5844,#5845,#5846,#5847,#5848,
#5849,#5850,#5851),.UNSPECIFIED.,.F.,.F.,(4,1,1,1,1,1,4),(0.,0.142794676474133,
0.285589352948265,0.571178705896531,0.856768058844796,1.14235741179306,
1.1841475500206),.UNSPECIFIED.);
#34=B_SPLINE_CURVE_WITH_KNOTS('',3,(#5852,#5853,#5854,#5855,#5856,#5857,
#5858,#5859,#5860,#5861),.UNSPECIFIED.,.F.,.F.,(4,1,1,1,1,1,1,4),(1.1841475500206,
1.28515208826719,1.35654942650426,1.39224809562279,1.42794676474133,1.57074144121546,
1.71353611768959,1.99912547063786),.UNSPECIFIED.);
#35=B_SPLINE_SURFACE_WITH_KNOTS('',3,3,((#5254,#5255,#5256,#5257,#5258,
#5259,#5260,#5261,#5262,#5263,#5264,#5265),(#5266,#5267,#5268,#5269,#5270,
#5271,#5272,#5273,#5274,#5275,#5276,#5277),(#5278,#5279,#5280,#5281,#5282,
#5283,#5284,#5285,#5286,#5287,#5288,#5289),(#5290,#5291,#5292,#5293,#5294,
#5295,#5296,#5297,#5298,#5299,#5300,#5301),(#5302,#5303,#5304,#5305,#5306,
#5307,#5308,#5309,#5310,#5311,#5312,#5313),(#5314,#5315,#5316,#5317,#5318,
#5319,#5320,#5321,#5322,#5323,#5324,#5325),(#5326,#5327,#5328,#5329,#5330,
#5331,#5332,#5333,#5334,#5335,#5336,#5337)),.UNSPECIFIED.,.F.,.F.,.F.,(4,
1,1,1,4),(4,1,1,1,1,1,1,1,1,4),(0.,0.285714285714286,0.571428571428571,
0.714285714285714,1.),(-0.229276203213962,0.285030233931427,0.799336671076816,
1.31364310822221,1.82794954536759,2.34225598251298,2.59940920108568,2.85656241965837,
3.11371563823107,3.37086885680376),.UNSPECIFIED.);
#36=B_SPLINE_SURFACE_WITH_KNOTS('',3,3,((#5394,#5395,#5396,#5397,#5398,
#5399,#5400,#5401,#5402,#5403,#5404,#5405,#5406,#5407,#5408),(#5409,#5410,
#5411,#5412,#5413,#5414,#5415,#5416,#5417,#5418,#5419,#5420,#5421,#5422,
#5423),(#5424,#5425,#5426,#5427,#5428,#5429,#5430,#5431,#5432,#5433,#5434,
#5435,#5436,#5437,#5438),(#5439,#5440,#5441,#5442,#5443,#5444,#5445,#5446,
#5447,#5448,#5449,#5450,#5451,#5452,#5453),(#5454,#5455,#5456,#5457,#5458,
#5459,#5460,#5461,#5462,#5463,#5464,#5465,#5466,#5467,#5468),(#5469,#5470,
#5471,#5472,#5473,#5474,#5475,#5476,#5477,#5478,#5479,#5480,#5481,#5482,
#5483),(#5484,#5485,#5486,#5487,#5488,#5489,#5490,#5491,#5492,#5493,#5494,
#5495,#5496,#5497,#5498)),.UNSPECIFIED.,.F.,.F.,.F.,(4,1,1,1,4),(4,1,1,
1,1,1,1,1,1,1,1,1,4),(0.,0.285714285714286,0.571428571428571,0.714285714285714,
1.),(2.91234120637826,3.16949088837915,3.42664057038004,3.68379025238092,
3.94093993438181,4.00522735488203,4.06951477538226,4.1980896163827,4.45523929838359,
4.96953866238537,5.48383802638714,5.99813739038892,6.51243675439069),
 .UNSPECIFIED.);
#37=B_SPLINE_SURFACE_WITH_KNOTS('',3,3,((#5556,#5557,#5558,#5559,#5560,
#5561,#5562,#5563,#5564,#5565,#5566,#5567,#5568,#5569,#5570,#5571,#5572),
(#5573,#5574,#5575,#5576,#5577,#5578,#5579,#5580,#5581,#5582,#5583,#5584,
#5585,#5586,#5587,#5588,#5589),(#5590,#5591,#5592,#5593,#5594,#5595,#5596,
#5597,#5598,#5599,#5600,#5601,#5602,#5603,#5604,#5605,#5606),(#5607,#5608,
#5609,#5610,#5611,#5612,#5613,#5614,#5615,#5616,#5617,#5618,#5619,#5620,
#5621,#5622,#5623),(#5624,#5625,#5626,#5627,#5628,#5629,#5630,#5631,#5632,
#5633,#5634,#5635,#5636,#5637,#5638,#5639,#5640),(#5641,#5642,#5643,#5644,
#5645,#5646,#5647,#5648,#5649,#5650,#5651,#5652,#5653,#5654,#5655,#5656,
#5657),(#5658,#5659,#5660,#5661,#5662,#5663,#5664,#5665,#5666,#5667,#5668,
#5669,#5670,#5671,#5672,#5673,#5674)),.UNSPECIFIED.,.F.,.F.,.F.,(4,1,1,
1,4),(4,1,1,1,1,1,1,1,1,1,1,1,1,1,4),(0.,0.285714285714286,0.571428571428571,
0.857142857142857,1.),(5.26640147766015E-15,0.142798386284275,0.285596772568545,
0.428395158852815,0.571193545137085,0.713991931421354,0.856790317705624,
0.928189510847759,0.999588703989894,1.07098789713203,1.14238709027416,1.4279838628427,
1.71358063541124,1.85637902169551,1.99917740797978),.UNSPECIFIED.);
#38=B_SPLINE_SURFACE_WITH_KNOTS('',3,3,((#5722,#5723,#5724,#5725,#5726,
#5727,#5728,#5729,#5730,#5731,#5732,#5733,#5734,#5735,#5736),(#5737,#5738,
#5739,#5740,#5741,#5742,#5743,#5744,#5745,#5746,#5747,#5748,#5749,#5750,
#5751),(#5752,#5753,#5754,#5755,#5756,#5757,#5758,#5759,#5760,#5761,#5762,
#5763,#5764,#5765,#5766),(#5767,#5768,#5769,#5770,#5771,#5772,#5773,#5774,
#5775,#5776,#5777,#5778,#5779,#5780,#5781),(#5782,#5783,#5784,#5785,#5786,
#5787,#5788,#5789,#5790,#5791,#5792,#5793,#5794,#5795,#5796),(#5797,#5798,
#5799,#5800,#5801,#5802,#5803,#5804,#5805,#5806,#5807,#5808,#5809,#5810,
#5811),(#5812,#5813,#5814,#5815,#5816,#5817,#5818,#5819,#5820,#5821,#5822,
#5823,#5824,#5825,#5826)),.UNSPECIFIED.,.F.,.F.,.F.,(4,1,1,1,4),(4,1,1,
1,1,1,1,1,1,1,1,1,4),(0.,0.285714285714286,0.571428571428571,0.857142857142857,
1.),(0.,0.142794676474133,0.285589352948265,0.571178705896531,0.856768058844796,
1.14235741179306,1.28515208826719,1.35654942650426,1.39224809562279,1.42794676474133,
1.57074144121546,1.71353611768959,1.99912547063786),.UNSPECIFIED.);
#39=SPHERICAL_SURFACE('',#3471,7.99999999999999);
#40=SPHERICAL_SURFACE('',#3475,8.00000000000001);
#41=SPHERICAL_SURFACE('',#3516,8.00000000000001);
#42=SPHERICAL_SURFACE('',#3518,7.99999999999999);
#43=SPHERICAL_SURFACE('',#3523,6.);
#44=SPHERICAL_SURFACE('',#3526,6.);
#45=CYLINDRICAL_SURFACE('',#3228,2.09999999999999);
#46=CYLINDRICAL_SURFACE('',#3232,2.1);
#47=CYLINDRICAL_SURFACE('',#3249,1.5);
#48=CYLINDRICAL_SURFACE('',#3276,1.5);
#49=CYLINDRICAL_SURFACE('',#3285,1.5);
#50=CYLINDRICAL_SURFACE('',#3294,1.5);
#51=CYLINDRICAL_SURFACE('',#3303,1.5);
#52=CYLINDRICAL_SURFACE('',#3312,1.5);
#53=CYLINDRICAL_SURFACE('',#3321,1.5);
#54=CYLINDRICAL_SURFACE('',#3330,1.5);
#55=CYLINDRICAL_SURFACE('',#3338,1.5);
#56=CYLINDRICAL_SURFACE('',#3414,1.5);
#57=CYLINDRICAL_SURFACE('',#3415,1.5);
#58=CYLINDRICAL_SURFACE('',#3416,1.5);
#59=CYLINDRICAL_SURFACE('',#3417,1.5);
#60=CYLINDRICAL_SURFACE('',#3418,1.5);
#61=CYLINDRICAL_SURFACE('',#3419,1.5);
#62=CYLINDRICAL_SURFACE('',#3420,1.5);
#63=CYLINDRICAL_SURFACE('',#3421,1.5);
#64=CYLINDRICAL_SURFACE('',#3423,1.5);
#65=CYLINDRICAL_SURFACE('',#3437,2.10000000000001);
#66=CYLINDRICAL_SURFACE('',#3440,2.10000000000001);
#67=CYLINDRICAL_SURFACE('',#3442,8.);
#68=CYLINDRICAL_SURFACE('',#3449,8.);
#69=CYLINDRICAL_SURFACE('',#3451,8.);
#70=CYLINDRICAL_SURFACE('',#3457,8.);
#71=CYLINDRICAL_SURFACE('',#3460,6.);
#72=CYLINDRICAL_SURFACE('',#3464,6.);
#73=CYLINDRICAL_SURFACE('',#3466,6.);
#74=CYLINDRICAL_SURFACE('',#3489,8.);
#75=CYLINDRICAL_SURFACE('',#3490,8.);
#76=CYLINDRICAL_SURFACE('',#3493,3.00000000000001);
#77=CYLINDRICAL_SURFACE('',#3497,8.);
#78=CYLINDRICAL_SURFACE('',#3499,3.);
#79=CYLINDRICAL_SURFACE('',#3505,1.6);
#80=CYLINDRICAL_SURFACE('',#3510,1.60000000000001);
#81=CYLINDRICAL_SURFACE('',#3513,6.);
#82=CYLINDRICAL_SURFACE('',#3515,5.50000000000001);
#83=CYLINDRICAL_SURFACE('',#3520,8.);
#84=CYLINDRICAL_SURFACE('',#3528,6.);
#85=CYLINDRICAL_SURFACE('',#3529,6.);
#86=CONICAL_SURFACE('',#3226,2.39999999999999,0.785398163397438);
#87=CONICAL_SURFACE('',#3230,2.4,0.785398163397448);
#88=CONICAL_SURFACE('',#3240,1.8,0.785398163397445);
#89=CONICAL_SURFACE('',#3244,1.8,0.785398163397441);
#90=CONICAL_SURFACE('',#3269,1.8,0.785398163397445);
#91=CONICAL_SURFACE('',#3272,1.8,0.785398163397441);
#92=CONICAL_SURFACE('',#3278,1.8,0.785398163397445);
#93=CONICAL_SURFACE('',#3281,1.8,0.785398163397441);
#94=CONICAL_SURFACE('',#3287,1.8,0.785398163397445);
#95=CONICAL_SURFACE('',#3290,1.8,0.785398163397441);
#96=CONICAL_SURFACE('',#3296,1.8,0.785398163397445);
#97=CONICAL_SURFACE('',#3299,1.8,0.785398163397441);
#98=CONICAL_SURFACE('',#3305,1.8,0.785398163397445);
#99=CONICAL_SURFACE('',#3308,1.8,0.785398163397441);
#100=CONICAL_SURFACE('',#3314,1.8,0.785398163397445);
#101=CONICAL_SURFACE('',#3317,1.8,0.785398163397441);
#102=CONICAL_SURFACE('',#3323,1.8,0.785398163397441);
#103=CONICAL_SURFACE('',#3326,1.8,0.785398163397441);
#104=CONICAL_SURFACE('',#3333,1.8,0.785398163397441);
#105=CONICAL_SURFACE('',#3336,1.8,0.785398163397445);
#106=CONICAL_SURFACE('',#3341,1.8,0.785398163397445);
#107=CONICAL_SURFACE('',#3344,1.8,0.785398163397441);
#108=CONICAL_SURFACE('',#3366,1.8,0.785398163397445);
#109=CONICAL_SURFACE('',#3368,1.8,0.785398163397441);
#110=CONICAL_SURFACE('',#3372,1.8,0.785398163397445);
#111=CONICAL_SURFACE('',#3374,1.8,0.785398163397441);
#112=CONICAL_SURFACE('',#3378,1.8,0.785398163397445);
#113=CONICAL_SURFACE('',#3380,1.8,0.785398163397441);
#114=CONICAL_SURFACE('',#3384,1.8,0.785398163397445);
#115=CONICAL_SURFACE('',#3386,1.8,0.785398163397441);
#116=CONICAL_SURFACE('',#3390,1.8,0.785398163397445);
#117=CONICAL_SURFACE('',#3392,1.8,0.785398163397441);
#118=CONICAL_SURFACE('',#3396,1.8,0.785398163397445);
#119=CONICAL_SURFACE('',#3398,1.8,0.785398163397441);
#120=CONICAL_SURFACE('',#3402,1.8,0.785398163397445);
#121=CONICAL_SURFACE('',#3404,1.8,0.785398163397441);
#122=CONICAL_SURFACE('',#3408,1.8,0.785398163397441);
#123=CONICAL_SURFACE('',#3410,1.8,0.785398163397441);
#124=CONICAL_SURFACE('',#3435,2.4,0.785398163397441);
#125=CONICAL_SURFACE('',#3438,2.40000000000001,0.785398163397437);
#126=FACE_BOUND('',#472,.T.);
#127=FACE_BOUND('',#476,.T.);
#128=FACE_BOUND('',#485,.T.);
#129=FACE_BOUND('',#488,.T.);
#130=FACE_BOUND('',#496,.T.);
#131=FACE_BOUND('',#497,.T.);
#132=FACE_BOUND('',#498,.T.);
#133=FACE_BOUND('',#499,.T.);
#134=FACE_BOUND('',#500,.T.);
#135=FACE_BOUND('',#501,.T.);
#136=FACE_BOUND('',#502,.T.);
#137=FACE_BOUND('',#503,.T.);
#138=FACE_BOUND('',#504,.T.);
#139=FACE_BOUND('',#505,.T.);
#140=FACE_BOUND('',#559,.T.);
#141=FACE_BOUND('',#560,.T.);
#142=FACE_BOUND('',#561,.T.);
#143=FACE_BOUND('',#562,.T.);
#144=FACE_BOUND('',#563,.T.);
#145=FACE_BOUND('',#564,.T.);
#146=FACE_BOUND('',#565,.T.);
#147=FACE_BOUND('',#566,.T.);
#148=FACE_BOUND('',#567,.T.);
#149=FACE_BOUND('',#568,.T.);
#150=FACE_BOUND('',#621,.T.);
#151=FACE_BOUND('',#622,.T.);
#152=FACE_BOUND('',#624,.T.);
#153=FACE_BOUND('',#633,.T.);
#154=FACE_BOUND('',#634,.T.);
#155=FACE_BOUND('',#638,.T.);
#156=FACE_BOUND('',#644,.T.);
#157=FACE_BOUND('',#665,.T.);
#158=FACE_BOUND('',#667,.T.);
#159=FACE_BOUND('',#672,.T.);
#160=CIRCLE('',#3221,2.7);
#161=CIRCLE('',#3225,2.69999999999998);
#162=CIRCLE('',#3227,2.09999999999999);
#163=CIRCLE('',#3229,2.09999999999999);
#164=CIRCLE('',#3231,2.1);
#165=CIRCLE('',#3233,2.1);
#166=CIRCLE('',#3241,2.1);
#167=CIRCLE('',#3242,1.5);
#168=CIRCLE('',#3245,2.1);
#169=CIRCLE('',#3246,1.5);
#170=CIRCLE('',#3250,1.5);
#171=CIRCLE('',#3252,2.1);
#172=CIRCLE('',#3253,2.1);
#173=CIRCLE('',#3254,2.1);
#174=CIRCLE('',#3255,2.1);
#175=CIRCLE('',#3256,2.1);
#176=CIRCLE('',#3257,2.1);
#177=CIRCLE('',#3258,2.1);
#178=CIRCLE('',#3259,2.1);
#179=CIRCLE('',#3260,5.50000000000001);
#180=CIRCLE('',#3261,2.1);
#181=CIRCLE('',#3262,2.1);
#182=CIRCLE('',#3263,2.1);
#183=CIRCLE('',#3264,2.1);
#184=CIRCLE('',#3265,2.1);
#185=CIRCLE('',#3266,2.1);
#186=CIRCLE('',#3267,2.1);
#187=CIRCLE('',#3268,2.1);
#188=CIRCLE('',#3270,1.5);
#189=CIRCLE('',#3273,1.5);
#190=CIRCLE('',#3277,1.5);
#191=CIRCLE('',#3279,1.5);
#192=CIRCLE('',#3282,1.5);
#193=CIRCLE('',#3286,1.5);
#194=CIRCLE('',#3288,1.5);
#195=CIRCLE('',#3291,1.5);
#196=CIRCLE('',#3295,1.5);
#197=CIRCLE('',#3297,1.5);
#198=CIRCLE('',#3300,1.5);
#199=CIRCLE('',#3304,1.5);
#200=CIRCLE('',#3306,1.5);
#201=CIRCLE('',#3309,1.5);
#202=CIRCLE('',#3313,1.5);
#203=CIRCLE('',#3315,1.5);
#204=CIRCLE('',#3318,1.5);
#205=CIRCLE('',#3322,1.5);
#206=CIRCLE('',#3324,1.5);
#207=CIRCLE('',#3327,1.5);
#208=CIRCLE('',#3331,1.5);
#209=CIRCLE('',#3334,1.5);
#210=CIRCLE('',#3337,1.5);
#211=CIRCLE('',#3339,1.5);
#212=CIRCLE('',#3342,2.1);
#213=CIRCLE('',#3345,2.1);
#214=CIRCLE('',#3346,1.5);
#215=CIRCLE('',#3349,2.1);
#216=CIRCLE('',#3350,2.1);
#217=CIRCLE('',#3351,2.1);
#218=CIRCLE('',#3352,2.1);
#219=CIRCLE('',#3353,2.1);
#220=CIRCLE('',#3354,2.1);
#221=CIRCLE('',#3355,2.1);
#222=CIRCLE('',#3356,2.1);
#223=CIRCLE('',#3357,5.50000000000001);
#224=CIRCLE('',#3358,2.1);
#225=CIRCLE('',#3359,2.1);
#226=CIRCLE('',#3360,2.1);
#227=CIRCLE('',#3361,2.1);
#228=CIRCLE('',#3362,2.1);
#229=CIRCLE('',#3363,2.1);
#230=CIRCLE('',#3364,2.1);
#231=CIRCLE('',#3365,2.1);
#232=CIRCLE('',#3369,1.5);
#233=CIRCLE('',#3375,1.5);
#234=CIRCLE('',#3381,1.5);
#235=CIRCLE('',#3387,1.5);
#236=CIRCLE('',#3393,1.5);
#237=CIRCLE('',#3399,1.5);
#238=CIRCLE('',#3405,1.5);
#239=CIRCLE('',#3411,1.5);
#240=CIRCLE('',#3426,8.);
#241=CIRCLE('',#3427,8.);
#242=CIRCLE('',#3428,2.70000000000001);
#243=CIRCLE('',#3429,2.7);
#244=CIRCLE('',#3431,6.);
#245=CIRCLE('',#3432,2.10000000000001);
#246=CIRCLE('',#3436,2.10000000000001);
#247=CIRCLE('',#3439,2.10000000000001);
#248=CIRCLE('',#3441,2.10000000000001);
#249=CIRCLE('',#3443,8.00000000000001);
#250=CIRCLE('',#3444,8.);
#251=CIRCLE('',#3446,8.);
#252=CIRCLE('',#3447,1.6);
#253=CIRCLE('',#3448,1.60000000000001);
#254=CIRCLE('',#3450,8.);
#255=CIRCLE('',#3452,8.00000000000001);
#256=CIRCLE('',#3453,8.);
#257=CIRCLE('',#3455,6.);
#258=CIRCLE('',#3458,8.00000000000001);
#259=CIRCLE('',#3459,8.);
#260=CIRCLE('',#3461,6.);
#261=CIRCLE('',#3465,6.);
#262=CIRCLE('',#3467,6.);
#263=CIRCLE('',#3468,6.);
#264=CIRCLE('',#3472,7.99999999999999);
#265=CIRCLE('',#3473,8.00000000000001);
#266=CIRCLE('',#3476,7.99999999999999);
#267=CIRCLE('',#3477,8.00000000000001);
#268=CIRCLE('',#3479,2.49999999999999);
#269=CIRCLE('',#3482,2.5);
#270=CIRCLE('',#3485,2.50000000000001);
#271=CIRCLE('',#3487,2.49999999999999);
#272=CIRCLE('',#3491,7.99999999999999);
#273=CIRCLE('',#3494,3.00000000000001);
#274=CIRCLE('',#3498,8.);
#275=CIRCLE('',#3500,3.);
#276=CIRCLE('',#3502,1.60000000000001);
#277=CIRCLE('',#3504,1.6);
#278=CIRCLE('',#3514,6.00000000000001);
#279=CIRCLE('',#3517,8.00000000000001);
#280=CIRCLE('',#3519,7.99999999999999);
#281=CIRCLE('',#3524,6.);
#282=CIRCLE('',#3525,6.);
#283=CIRCLE('',#3527,5.99999999999999);
#284=FACE_OUTER_BOUND('',#469,.T.);
#285=FACE_OUTER_BOUND('',#470,.T.);
#286=FACE_OUTER_BOUND('',#471,.T.);
#287=FACE_OUTER_BOUND('',#473,.T.);
#288=FACE_OUTER_BOUND('',#474,.T.);
#289=FACE_OUTER_BOUND('',#475,.T.);
#290=FACE_OUTER_BOUND('',#477,.T.);
#291=FACE_OUTER_BOUND('',#478,.T.);
#292=FACE_OUTER_BOUND('',#479,.T.);
#293=FACE_OUTER_BOUND('',#480,.T.);
#294=FACE_OUTER_BOUND('',#481,.T.);
#295=FACE_OUTER_BOUND('',#482,.T.);
#296=FACE_OUTER_BOUND('',#483,.T.);
#297=FACE_OUTER_BOUND('',#484,.T.);
#298=FACE_OUTER_BOUND('',#486,.T.);
#299=FACE_OUTER_BOUND('',#487,.T.);
#300=FACE_OUTER_BOUND('',#489,.T.);
#301=FACE_OUTER_BOUND('',#490,.T.);
#302=FACE_OUTER_BOUND('',#491,.T.);
#303=FACE_OUTER_BOUND('',#492,.T.);
#304=FACE_OUTER_BOUND('',#493,.T.);
#305=FACE_OUTER_BOUND('',#494,.T.);
#306=FACE_OUTER_BOUND('',#495,.T.);
#307=FACE_OUTER_BOUND('',#506,.T.);
#308=FACE_OUTER_BOUND('',#507,.T.);
#309=FACE_OUTER_BOUND('',#508,.T.);
#310=FACE_OUTER_BOUND('',#509,.T.);
#311=FACE_OUTER_BOUND('',#510,.T.);
#312=FACE_OUTER_BOUND('',#511,.T.);
#313=FACE_OUTER_BOUND('',#512,.T.);
#314=FACE_OUTER_BOUND('',#513,.T.);
#315=FACE_OUTER_BOUND('',#514,.T.);
#316=FACE_OUTER_BOUND('',#515,.T.);
#317=FACE_OUTER_BOUND('',#516,.T.);
#318=FACE_OUTER_BOUND('',#517,.T.);
#319=FACE_OUTER_BOUND('',#518,.T.);
#320=FACE_OUTER_BOUND('',#519,.T.);
#321=FACE_OUTER_BOUND('',#520,.T.);
#322=FACE_OUTER_BOUND('',#521,.T.);
#323=FACE_OUTER_BOUND('',#522,.T.);
#324=FACE_OUTER_BOUND('',#523,.T.);
#325=FACE_OUTER_BOUND('',#524,.T.);
#326=FACE_OUTER_BOUND('',#525,.T.);
#327=FACE_OUTER_BOUND('',#526,.T.);
#328=FACE_OUTER_BOUND('',#527,.T.);
#329=FACE_OUTER_BOUND('',#528,.T.);
#330=FACE_OUTER_BOUND('',#529,.T.);
#331=FACE_OUTER_BOUND('',#530,.T.);
#332=FACE_OUTER_BOUND('',#531,.T.);
#333=FACE_OUTER_BOUND('',#532,.T.);
#334=FACE_OUTER_BOUND('',#533,.T.);
#335=FACE_OUTER_BOUND('',#534,.T.);
#336=FACE_OUTER_BOUND('',#535,.T.);
#337=FACE_OUTER_BOUND('',#536,.T.);
#338=FACE_OUTER_BOUND('',#537,.T.);
#339=FACE_OUTER_BOUND('',#538,.T.);
#340=FACE_OUTER_BOUND('',#539,.T.);
#341=FACE_OUTER_BOUND('',#540,.T.);
#342=FACE_OUTER_BOUND('',#541,.T.);
#343=FACE_OUTER_BOUND('',#542,.T.);
#344=FACE_OUTER_BOUND('',#543,.T.);
#345=FACE_OUTER_BOUND('',#544,.T.);
#346=FACE_OUTER_BOUND('',#545,.T.);
#347=FACE_OUTER_BOUND('',#546,.T.);
#348=FACE_OUTER_BOUND('',#547,.T.);
#349=FACE_OUTER_BOUND('',#548,.T.);
#350=FACE_OUTER_BOUND('',#549,.T.);
#351=FACE_OUTER_BOUND('',#550,.T.);
#352=FACE_OUTER_BOUND('',#551,.T.);
#353=FACE_OUTER_BOUND('',#552,.T.);
#354=FACE_OUTER_BOUND('',#553,.T.);
#355=FACE_OUTER_BOUND('',#554,.T.);
#356=FACE_OUTER_BOUND('',#555,.T.);
#357=FACE_OUTER_BOUND('',#556,.T.);
#358=FACE_OUTER_BOUND('',#557,.T.);
#359=FACE_OUTER_BOUND('',#558,.T.);
#360=FACE_OUTER_BOUND('',#569,.T.);
#361=FACE_OUTER_BOUND('',#570,.T.);
#362=FACE_OUTER_BOUND('',#571,.T.);
#363=FACE_OUTER_BOUND('',#572,.T.);
#364=FACE_OUTER_BOUND('',#573,.T.);
#365=FACE_OUTER_BOUND('',#574,.T.);
#366=FACE_OUTER_BOUND('',#575,.T.);
#367=FACE_OUTER_BOUND('',#576,.T.);
#368=FACE_OUTER_BOUND('',#577,.T.);
#369=FACE_OUTER_BOUND('',#578,.T.);
#370=FACE_OUTER_BOUND('',#579,.T.);
#371=FACE_OUTER_BOUND('',#580,.T.);
#372=FACE_OUTER_BOUND('',#581,.T.);
#373=FACE_OUTER_BOUND('',#582,.T.);
#374=FACE_OUTER_BOUND('',#583,.T.);
#375=FACE_OUTER_BOUND('',#584,.T.);
#376=FACE_OUTER_BOUND('',#585,.T.);
#377=FACE_OUTER_BOUND('',#586,.T.);
#378=FACE_OUTER_BOUND('',#587,.T.);
#379=FACE_OUTER_BOUND('',#588,.T.);
#380=FACE_OUTER_BOUND('',#589,.T.);
#381=FACE_OUTER_BOUND('',#590,.T.);
#382=FACE_OUTER_BOUND('',#591,.T.);
#383=FACE_OUTER_BOUND('',#592,.T.);
#384=FACE_OUTER_BOUND('',#593,.T.);
#385=FACE_OUTER_BOUND('',#594,.T.);
#386=FACE_OUTER_BOUND('',#595,.T.);
#387=FACE_OUTER_BOUND('',#596,.T.);
#388=FACE_OUTER_BOUND('',#597,.T.);
#389=FACE_OUTER_BOUND('',#598,.T.);
#390=FACE_OUTER_BOUND('',#599,.T.);
#391=FACE_OUTER_BOUND('',#600,.T.);
#392=FACE_OUTER_BOUND('',#601,.T.);
#393=FACE_OUTER_BOUND('',#602,.T.);
#394=FACE_OUTER_BOUND('',#603,.T.);
#395=FACE_OUTER_BOUND('',#604,.T.);
#396=FACE_OUTER_BOUND('',#605,.T.);
#397=FACE_OUTER_BOUND('',#606,.T.);
#398=FACE_OUTER_BOUND('',#607,.T.);
#399=FACE_OUTER_BOUND('',#608,.T.);
#400=FACE_OUTER_BOUND('',#609,.T.);
#401=FACE_OUTER_BOUND('',#610,.T.);
#402=FACE_OUTER_BOUND('',#611,.T.);
#403=FACE_OUTER_BOUND('',#612,.T.);
#404=FACE_OUTER_BOUND('',#613,.T.);
#405=FACE_OUTER_BOUND('',#614,.T.);
#406=FACE_OUTER_BOUND('',#615,.T.);
#407=FACE_OUTER_BOUND('',#616,.T.);
#408=FACE_OUTER_BOUND('',#617,.T.);
#409=FACE_OUTER_BOUND('',#618,.T.);
#410=FACE_OUTER_BOUND('',#619,.T.);
#411=FACE_OUTER_BOUND('',#620,.T.);
#412=FACE_OUTER_BOUND('',#623,.T.);
#413=FACE_OUTER_BOUND('',#625,.T.);
#414=FACE_OUTER_BOUND('',#626,.T.);
#415=FACE_OUTER_BOUND('',#627,.T.);
#416=FACE_OUTER_BOUND('',#628,.T.);
#417=FACE_OUTER_BOUND('',#629,.T.);
#418=FACE_OUTER_BOUND('',#630,.T.);
#419=FACE_OUTER_BOUND('',#631,.T.);
#420=FACE_OUTER_BOUND('',#632,.T.);
#421=FACE_OUTER_BOUND('',#635,.T.);
#422=FACE_OUTER_BOUND('',#636,.T.);
#423=FACE_OUTER_BOUND('',#637,.T.);
#424=FACE_OUTER_BOUND('',#639,.T.);
#425=FACE_OUTER_BOUND('',#640,.T.);
#426=FACE_OUTER_BOUND('',#641,.T.);
#427=FACE_OUTER_BOUND('',#642,.T.);
#428=FACE_OUTER_BOUND('',#643,.T.);
#429=FACE_OUTER_BOUND('',#645,.T.);
#430=FACE_OUTER_BOUND('',#646,.T.);
#431=FACE_OUTER_BOUND('',#647,.T.);
#432=FACE_OUTER_BOUND('',#648,.T.);
#433=FACE_OUTER_BOUND('',#649,.T.);
#434=FACE_OUTER_BOUND('',#650,.T.);
#435=FACE_OUTER_BOUND('',#651,.T.);
#436=FACE_OUTER_BOUND('',#652,.T.);
#437=FACE_OUTER_BOUND('',#653,.T.);
#438=FACE_OUTER_BOUND('',#654,.T.);
#439=FACE_OUTER_BOUND('',#655,.T.);
#440=FACE_OUTER_BOUND('',#656,.T.);
#441=FACE_OUTER_BOUND('',#657,.T.);
#442=FACE_OUTER_BOUND('',#658,.T.);
#443=FACE_OUTER_BOUND('',#659,.T.);
#444=FACE_OUTER_BOUND('',#660,.T.);
#445=FACE_OUTER_BOUND('',#661,.T.);
#446=FACE_OUTER_BOUND('',#662,.T.);
#447=FACE_OUTER_BOUND('',#663,.T.);
#448=FACE_OUTER_BOUND('',#664,.T.);
#449=FACE_OUTER_BOUND('',#666,.T.);
#450=FACE_OUTER_BOUND('',#668,.T.);
#451=FACE_OUTER_BOUND('',#669,.T.);
#452=FACE_OUTER_BOUND('',#670,.T.);
#453=FACE_OUTER_BOUND('',#671,.T.);
#454=FACE_OUTER_BOUND('',#673,.T.);
#455=FACE_OUTER_BOUND('',#674,.T.);
#456=FACE_OUTER_BOUND('',#675,.T.);
#457=FACE_OUTER_BOUND('',#676,.T.);
#458=FACE_OUTER_BOUND('',#677,.T.);
#459=FACE_OUTER_BOUND('',#678,.T.);
#460=FACE_OUTER_BOUND('',#679,.T.);
#461=FACE_OUTER_BOUND('',#680,.T.);
#462=FACE_OUTER_BOUND('',#681,.T.);
#463=FACE_OUTER_BOUND('',#682,.T.);
#464=FACE_OUTER_BOUND('',#683,.T.);
#465=FACE_OUTER_BOUND('',#684,.T.);
#466=FACE_OUTER_BOUND('',#685,.T.);
#467=FACE_OUTER_BOUND('',#686,.T.);
#468=FACE_OUTER_BOUND('',#687,.T.);
#469=EDGE_LOOP('',(#2023,#2024,#2025,#2026));
#470=EDGE_LOOP('',(#2027,#2028,#2029,#2030));
#471=EDGE_LOOP('',(#2031,#2032,#2033,#2034,#2035));
#472=EDGE_LOOP('',(#2036));
#473=EDGE_LOOP('',(#2037,#2038,#2039,#2040));
#474=EDGE_LOOP('',(#2041,#2042,#2043,#2044));
#475=EDGE_LOOP('',(#2045,#2046,#2047,#2048,#2049));
#476=EDGE_LOOP('',(#2050));
#477=EDGE_LOOP('',(#2051,#2052,#2053,#2054));
#478=EDGE_LOOP('',(#2055,#2056,#2057,#2058));
#479=EDGE_LOOP('',(#2059,#2060,#2061,#2062));
#480=EDGE_LOOP('',(#2063,#2064,#2065,#2066));
#481=EDGE_LOOP('',(#2067,#2068,#2069,#2070));
#482=EDGE_LOOP('',(#2071,#2072,#2073,#2074));
#483=EDGE_LOOP('',(#2075,#2076,#2077,#2078));
#484=EDGE_LOOP('',(#2079,#2080,#2081,#2082,#2083));
#485=EDGE_LOOP('',(#2084));
#486=EDGE_LOOP('',(#2085,#2086,#2087,#2088));
#487=EDGE_LOOP('',(#2089,#2090,#2091,#2092,#2093));
#488=EDGE_LOOP('',(#2094));
#489=EDGE_LOOP('',(#2095,#2096,#2097,#2098));
#490=EDGE_LOOP('',(#2099,#2100,#2101,#2102));
#491=EDGE_LOOP('',(#2103,#2104,#2105,#2106));
#492=EDGE_LOOP('',(#2107,#2108,#2109,#2110));
#493=EDGE_LOOP('',(#2111,#2112,#2113,#2114));
#494=EDGE_LOOP('',(#2115,#2116,#2117,#2118));
#495=EDGE_LOOP('',(#2119,#2120,#2121,#2122));
#496=EDGE_LOOP('',(#2123,#2124,#2125,#2126));
#497=EDGE_LOOP('',(#2127,#2128,#2129,#2130));
#498=EDGE_LOOP('',(#2131,#2132,#2133,#2134));
#499=EDGE_LOOP('',(#2135,#2136,#2137,#2138));
#500=EDGE_LOOP('',(#2139));
#501=EDGE_LOOP('',(#2140,#2141,#2142,#2143));
#502=EDGE_LOOP('',(#2144,#2145,#2146,#2147));
#503=EDGE_LOOP('',(#2148,#2149,#2150,#2151));
#504=EDGE_LOOP('',(#2152,#2153,#2154,#2155));
#505=EDGE_LOOP('',(#2156,#2157,#2158,#2159));
#506=EDGE_LOOP('',(#2160,#2161,#2162,#2163));
#507=EDGE_LOOP('',(#2164,#2165,#2166,#2167));
#508=EDGE_LOOP('',(#2168,#2169,#2170,#2171));
#509=EDGE_LOOP('',(#2172,#2173,#2174,#2175));
#510=EDGE_LOOP('',(#2176,#2177,#2178,#2179));
#511=EDGE_LOOP('',(#2180,#2181,#2182,#2183));
#512=EDGE_LOOP('',(#2184,#2185,#2186,#2187));
#513=EDGE_LOOP('',(#2188,#2189,#2190,#2191));
#514=EDGE_LOOP('',(#2192,#2193,#2194,#2195));
#515=EDGE_LOOP('',(#2196,#2197,#2198,#2199));
#516=EDGE_LOOP('',(#2200,#2201,#2202,#2203));
#517=EDGE_LOOP('',(#2204,#2205,#2206,#2207));
#518=EDGE_LOOP('',(#2208,#2209,#2210,#2211));
#519=EDGE_LOOP('',(#2212,#2213,#2214,#2215));
#520=EDGE_LOOP('',(#2216,#2217,#2218,#2219));
#521=EDGE_LOOP('',(#2220,#2221,#2222,#2223));
#522=EDGE_LOOP('',(#2224,#2225,#2226,#2227));
#523=EDGE_LOOP('',(#2228,#2229,#2230,#2231));
#524=EDGE_LOOP('',(#2232,#2233,#2234,#2235));
#525=EDGE_LOOP('',(#2236,#2237,#2238,#2239));
#526=EDGE_LOOP('',(#2240,#2241,#2242,#2243));
#527=EDGE_LOOP('',(#2244,#2245,#2246,#2247));
#528=EDGE_LOOP('',(#2248,#2249,#2250,#2251));
#529=EDGE_LOOP('',(#2252,#2253,#2254,#2255));
#530=EDGE_LOOP('',(#2256,#2257,#2258,#2259));
#531=EDGE_LOOP('',(#2260,#2261,#2262,#2263));
#532=EDGE_LOOP('',(#2264,#2265,#2266,#2267));
#533=EDGE_LOOP('',(#2268,#2269,#2270,#2271));
#534=EDGE_LOOP('',(#2272,#2273,#2274,#2275));
#535=EDGE_LOOP('',(#2276,#2277,#2278,#2279));
#536=EDGE_LOOP('',(#2280,#2281,#2282,#2283));
#537=EDGE_LOOP('',(#2284,#2285,#2286,#2287));
#538=EDGE_LOOP('',(#2288,#2289,#2290,#2291));
#539=EDGE_LOOP('',(#2292,#2293,#2294,#2295));
#540=EDGE_LOOP('',(#2296,#2297,#2298,#2299));
#541=EDGE_LOOP('',(#2300,#2301,#2302,#2303));
#542=EDGE_LOOP('',(#2304,#2305,#2306,#2307));
#543=EDGE_LOOP('',(#2308,#2309,#2310,#2311));
#544=EDGE_LOOP('',(#2312,#2313,#2314,#2315));
#545=EDGE_LOOP('',(#2316,#2317,#2318,#2319));
#546=EDGE_LOOP('',(#2320,#2321,#2322,#2323));
#547=EDGE_LOOP('',(#2324,#2325,#2326,#2327));
#548=EDGE_LOOP('',(#2328,#2329,#2330,#2331));
#549=EDGE_LOOP('',(#2332,#2333,#2334,#2335));
#550=EDGE_LOOP('',(#2336,#2337,#2338,#2339));
#551=EDGE_LOOP('',(#2340,#2341,#2342,#2343));
#552=EDGE_LOOP('',(#2344,#2345,#2346,#2347));
#553=EDGE_LOOP('',(#2348,#2349,#2350,#2351));
#554=EDGE_LOOP('',(#2352,#2353,#2354,#2355));
#555=EDGE_LOOP('',(#2356,#2357,#2358,#2359));
#556=EDGE_LOOP('',(#2360,#2361,#2362,#2363));
#557=EDGE_LOOP('',(#2364,#2365,#2366,#2367));
#558=EDGE_LOOP('',(#2368,#2369,#2370,#2371,#2372,#2373,#2374,#2375));
#559=EDGE_LOOP('',(#2376,#2377,#2378,#2379));
#560=EDGE_LOOP('',(#2380,#2381,#2382,#2383));
#561=EDGE_LOOP('',(#2384,#2385,#2386,#2387));
#562=EDGE_LOOP('',(#2388,#2389,#2390,#2391));
#563=EDGE_LOOP('',(#2392));
#564=EDGE_LOOP('',(#2393,#2394,#2395,#2396));
#565=EDGE_LOOP('',(#2397,#2398,#2399,#2400));
#566=EDGE_LOOP('',(#2401,#2402,#2403,#2404));
#567=EDGE_LOOP('',(#2405,#2406,#2407,#2408));
#568=EDGE_LOOP('',(#2409,#2410,#2411,#2412));
#569=EDGE_LOOP('',(#2413,#2414,#2415,#2416));
#570=EDGE_LOOP('',(#2417,#2418,#2419,#2420));
#571=EDGE_LOOP('',(#2421,#2422,#2423,#2424));
#572=EDGE_LOOP('',(#2425,#2426,#2427,#2428));
#573=EDGE_LOOP('',(#2429,#2430,#2431,#2432));
#574=EDGE_LOOP('',(#2433,#2434,#2435,#2436));
#575=EDGE_LOOP('',(#2437,#2438,#2439,#2440));
#576=EDGE_LOOP('',(#2441,#2442,#2443,#2444));
#577=EDGE_LOOP('',(#2445,#2446,#2447,#2448));
#578=EDGE_LOOP('',(#2449,#2450,#2451,#2452));
#579=EDGE_LOOP('',(#2453,#2454,#2455,#2456));
#580=EDGE_LOOP('',(#2457,#2458,#2459,#2460));
#581=EDGE_LOOP('',(#2461,#2462,#2463,#2464));
#582=EDGE_LOOP('',(#2465,#2466,#2467,#2468));
#583=EDGE_LOOP('',(#2469,#2470,#2471,#2472));
#584=EDGE_LOOP('',(#2473,#2474,#2475,#2476));
#585=EDGE_LOOP('',(#2477,#2478,#2479,#2480));
#586=EDGE_LOOP('',(#2481,#2482,#2483,#2484));
#587=EDGE_LOOP('',(#2485,#2486,#2487,#2488));
#588=EDGE_LOOP('',(#2489,#2490,#2491,#2492));
#589=EDGE_LOOP('',(#2493,#2494,#2495,#2496));
#590=EDGE_LOOP('',(#2497,#2498,#2499,#2500));
#591=EDGE_LOOP('',(#2501,#2502,#2503,#2504));
#592=EDGE_LOOP('',(#2505,#2506,#2507,#2508));
#593=EDGE_LOOP('',(#2509,#2510,#2511,#2512));
#594=EDGE_LOOP('',(#2513,#2514,#2515,#2516));
#595=EDGE_LOOP('',(#2517,#2518,#2519,#2520));
#596=EDGE_LOOP('',(#2521,#2522,#2523,#2524));
#597=EDGE_LOOP('',(#2525,#2526,#2527,#2528));
#598=EDGE_LOOP('',(#2529,#2530,#2531,#2532));
#599=EDGE_LOOP('',(#2533,#2534,#2535,#2536));
#600=EDGE_LOOP('',(#2537,#2538,#2539,#2540));
#601=EDGE_LOOP('',(#2541,#2542,#2543,#2544));
#602=EDGE_LOOP('',(#2545,#2546,#2547,#2548));
#603=EDGE_LOOP('',(#2549,#2550,#2551,#2552));
#604=EDGE_LOOP('',(#2553,#2554,#2555,#2556));
#605=EDGE_LOOP('',(#2557,#2558,#2559,#2560));
#606=EDGE_LOOP('',(#2561,#2562,#2563,#2564));
#607=EDGE_LOOP('',(#2565,#2566,#2567,#2568));
#608=EDGE_LOOP('',(#2569,#2570,#2571,#2572));
#609=EDGE_LOOP('',(#2573,#2574,#2575,#2576));
#610=EDGE_LOOP('',(#2577,#2578,#2579,#2580));
#611=EDGE_LOOP('',(#2581,#2582,#2583,#2584));
#612=EDGE_LOOP('',(#2585,#2586,#2587,#2588));
#613=EDGE_LOOP('',(#2589,#2590,#2591,#2592));
#614=EDGE_LOOP('',(#2593,#2594,#2595,#2596));
#615=EDGE_LOOP('',(#2597,#2598,#2599,#2600));
#616=EDGE_LOOP('',(#2601,#2602,#2603,#2604));
#617=EDGE_LOOP('',(#2605,#2606,#2607,#2608));
#618=EDGE_LOOP('',(#2609,#2610,#2611,#2612));
#619=EDGE_LOOP('',(#2613,#2614,#2615,#2616));
#620=EDGE_LOOP('',(#2617,#2618,#2619,#2620,#2621,#2622,#2623,#2624,#2625,
#2626,#2627,#2628));
#621=EDGE_LOOP('',(#2629));
#622=EDGE_LOOP('',(#2630));
#623=EDGE_LOOP('',(#2631,#2632,#2633,#2634,#2635));
#624=EDGE_LOOP('',(#2636));
#625=EDGE_LOOP('',(#2637,#2638,#2639,#2640));
#626=EDGE_LOOP('',(#2641,#2642,#2643,#2644));
#627=EDGE_LOOP('',(#2645,#2646,#2647,#2648));
#628=EDGE_LOOP('',(#2649,#2650,#2651,#2652));
#629=EDGE_LOOP('',(#2653,#2654,#2655,#2656));
#630=EDGE_LOOP('',(#2657,#2658,#2659,#2660));
#631=EDGE_LOOP('',(#2661,#2662,#2663,#2664));
#632=EDGE_LOOP('',(#2665,#2666,#2667,#2668,#2669,#2670,#2671,#2672,#2673,
#2674,#2675,#2676,#2677,#2678));
#633=EDGE_LOOP('',(#2679));
#634=EDGE_LOOP('',(#2680));
#635=EDGE_LOOP('',(#2681,#2682,#2683,#2684));
#636=EDGE_LOOP('',(#2685,#2686,#2687,#2688,#2689,#2690));
#637=EDGE_LOOP('',(#2691,#2692,#2693,#2694,#2695));
#638=EDGE_LOOP('',(#2696));
#639=EDGE_LOOP('',(#2697,#2698,#2699,#2700));
#640=EDGE_LOOP('',(#2701,#2702,#2703,#2704,#2705,#2706));
#641=EDGE_LOOP('',(#2707,#2708,#2709,#2710));
#642=EDGE_LOOP('',(#2711,#2712,#2713,#2714,#2715));
#643=EDGE_LOOP('',(#2716,#2717,#2718,#2719,#2720,#2721,#2722,#2723,#2724));
#644=EDGE_LOOP('',(#2725,#2726,#2727,#2728));
#645=EDGE_LOOP('',(#2729,#2730,#2731,#2732));
#646=EDGE_LOOP('',(#2733,#2734,#2735,#2736));
#647=EDGE_LOOP('',(#2737,#2738,#2739,#2740,#2741));
#648=EDGE_LOOP('',(#2742,#2743,#2744,#2745));
#649=EDGE_LOOP('',(#2746,#2747,#2748));
#650=EDGE_LOOP('',(#2749,#2750,#2751,#2752,#2753));
#651=EDGE_LOOP('',(#2754,#2755,#2756));
#652=EDGE_LOOP('',(#2757,#2758,#2759,#2760,#2761,#2762,#2763,#2764,#2765));
#653=EDGE_LOOP('',(#2766,#2767,#2768,#2769,#2770,#2771,#2772,#2773));
#654=EDGE_LOOP('',(#2774,#2775,#2776,#2777,#2778,#2779,#2780,#2781,#2782,
#2783,#2784,#2785));
#655=EDGE_LOOP('',(#2786,#2787,#2788,#2789));
#656=EDGE_LOOP('',(#2790,#2791,#2792,#2793,#2794,#2795));
#657=EDGE_LOOP('',(#2796,#2797,#2798,#2799,#2800,#2801));
#658=EDGE_LOOP('',(#2802,#2803,#2804,#2805,#2806,#2807));
#659=EDGE_LOOP('',(#2808,#2809,#2810,#2811,#2812));
#660=EDGE_LOOP('',(#2813,#2814,#2815));
#661=EDGE_LOOP('',(#2816,#2817,#2818));
#662=EDGE_LOOP('',(#2819,#2820,#2821,#2822,#2823,#2824));
#663=EDGE_LOOP('',(#2825,#2826,#2827,#2828,#2829,#2830));
#664=EDGE_LOOP('',(#2831));
#665=EDGE_LOOP('',(#2832));
#666=EDGE_LOOP('',(#2833));
#667=EDGE_LOOP('',(#2834));
#668=EDGE_LOOP('',(#2835,#2836,#2837,#2838));
#669=EDGE_LOOP('',(#2839,#2840,#2841,#2842,#2843));
#670=EDGE_LOOP('',(#2844,#2845,#2846,#2847,#2848,#2849,#2850,#2851));
#671=EDGE_LOOP('',(#2852,#2853,#2854,#2855,#2856,#2857,#2858,#2859,#2860,
#2861,#2862));
#672=EDGE_LOOP('',(#2863,#2864,#2865,#2866));
#673=EDGE_LOOP('',(#2867,#2868,#2869,#2870));
#674=EDGE_LOOP('',(#2871,#2872,#2873,#2874,#2875));
#675=EDGE_LOOP('',(#2876,#2877,#2878,#2879));
#676=EDGE_LOOP('',(#2880,#2881,#2882,#2883));
#677=EDGE_LOOP('',(#2884,#2885,#2886));
#678=EDGE_LOOP('',(#2887,#2888,#2889));
#679=EDGE_LOOP('',(#2890,#2891,#2892,#2893));
#680=EDGE_LOOP('',(#2894,#2895,#2896,#2897));
#681=EDGE_LOOP('',(#2898,#2899,#2900,#2901));
#682=EDGE_LOOP('',(#2902,#2903,#2904));
#683=EDGE_LOOP('',(#2905,#2906,#2907));
#684=EDGE_LOOP('',(#2908,#2909,#2910,#2911));
#685=EDGE_LOOP('',(#2912,#2913,#2914,#2915));
#686=EDGE_LOOP('',(#2916,#2917,#2918,#2919,#2920));
#687=EDGE_LOOP('',(#2921,#2922,#2923,#2924));
#688=LINE('',#4473,#995);
#689=LINE('',#4475,#996);
#690=LINE('',#4477,#997);
#691=LINE('',#4478,#998);
#692=LINE('',#4481,#999);
#693=LINE('',#4483,#1000);
#694=LINE('',#4484,#1001);
#695=LINE('',#4487,#1002);
#696=LINE('',#4489,#1003);
#697=LINE('',#4490,#1004);
#698=LINE('',#4496,#1005);
#699=LINE('',#4498,#1006);
#700=LINE('',#4500,#1007);
#701=LINE('',#4501,#1008);
#702=LINE('',#4504,#1009);
#703=LINE('',#4506,#1010);
#704=LINE('',#4507,#1011);
#705=LINE('',#4510,#1012);
#706=LINE('',#4512,#1013);
#707=LINE('',#4513,#1014);
#708=LINE('',#4518,#1015);
#709=LINE('',#4523,#1016);
#710=LINE('',#4526,#1017);
#711=LINE('',#4531,#1018);
#712=LINE('',#4534,#1019);
#713=LINE('',#4535,#1020);
#714=LINE('',#4538,#1021);
#715=LINE('',#4539,#1022);
#716=LINE('',#4542,#1023);
#717=LINE('',#4543,#1024);
#718=LINE('',#4545,#1025);
#719=LINE('',#4548,#1026);
#720=LINE('',#4549,#1027);
#721=LINE('',#4551,#1028);
#722=LINE('',#4555,#1029);
#723=LINE('',#4559,#1030);
#724=LINE('',#4564,#1031);
#725=LINE('',#4565,#1032);
#726=LINE('',#4566,#1033);
#727=LINE('',#4570,#1034);
#728=LINE('',#4574,#1035);
#729=LINE('',#4575,#1036);
#730=LINE('',#4578,#1037);
#731=LINE('',#4580,#1038);
#732=LINE('',#4581,#1039);
#733=LINE('',#4584,#1040);
#734=LINE('',#4589,#1041);
#735=LINE('',#4591,#1042);
#736=LINE('',#4593,#1043);
#737=LINE('',#4594,#1044);
#738=LINE('',#4599,#1045);
#739=LINE('',#4602,#1046);
#740=LINE('',#4607,#1047);
#741=LINE('',#4610,#1048);
#742=LINE('',#4615,#1049);
#743=LINE('',#4618,#1050);
#744=LINE('',#4623,#1051);
#745=LINE('',#4626,#1052);
#746=LINE('',#4631,#1053);
#747=LINE('',#4635,#1054);
#748=LINE('',#4641,#1055);
#749=LINE('',#4644,#1056);
#750=LINE('',#4649,#1057);
#751=LINE('',#4652,#1058);
#752=LINE('',#4657,#1059);
#753=LINE('',#4660,#1060);
#754=LINE('',#4663,#1061);
#755=LINE('',#4665,#1062);
#756=LINE('',#4669,#1063);
#757=LINE('',#4670,#1064);
#758=LINE('',#4673,#1065);
#759=LINE('',#4676,#1066);
#760=LINE('',#4679,#1067);
#761=LINE('',#4681,#1068);
#762=LINE('',#4682,#1069);
#763=LINE('',#4685,#1070);
#764=LINE('',#4689,#1071);
#765=LINE('',#4691,#1072);
#766=LINE('',#4695,#1073);
#767=LINE('',#4696,#1074);
#768=LINE('',#4699,#1075);
#769=LINE('',#4702,#1076);
#770=LINE('',#4705,#1077);
#771=LINE('',#4707,#1078);
#772=LINE('',#4708,#1079);
#773=LINE('',#4711,#1080);
#774=LINE('',#4715,#1081);
#775=LINE('',#4717,#1082);
#776=LINE('',#4721,#1083);
#777=LINE('',#4722,#1084);
#778=LINE('',#4725,#1085);
#779=LINE('',#4728,#1086);
#780=LINE('',#4731,#1087);
#781=LINE('',#4733,#1088);
#782=LINE('',#4734,#1089);
#783=LINE('',#4737,#1090);
#784=LINE('',#4741,#1091);
#785=LINE('',#4743,#1092);
#786=LINE('',#4747,#1093);
#787=LINE('',#4748,#1094);
#788=LINE('',#4751,#1095);
#789=LINE('',#4754,#1096);
#790=LINE('',#4757,#1097);
#791=LINE('',#4759,#1098);
#792=LINE('',#4760,#1099);
#793=LINE('',#4763,#1100);
#794=LINE('',#4767,#1101);
#795=LINE('',#4769,#1102);
#796=LINE('',#4773,#1103);
#797=LINE('',#4774,#1104);
#798=LINE('',#4777,#1105);
#799=LINE('',#4780,#1106);
#800=LINE('',#4783,#1107);
#801=LINE('',#4785,#1108);
#802=LINE('',#4786,#1109);
#803=LINE('',#4789,#1110);
#804=LINE('',#4793,#1111);
#805=LINE('',#4795,#1112);
#806=LINE('',#4799,#1113);
#807=LINE('',#4800,#1114);
#808=LINE('',#4803,#1115);
#809=LINE('',#4806,#1116);
#810=LINE('',#4809,#1117);
#811=LINE('',#4811,#1118);
#812=LINE('',#4812,#1119);
#813=LINE('',#4815,#1120);
#814=LINE('',#4819,#1121);
#815=LINE('',#4821,#1122);
#816=LINE('',#4825,#1123);
#817=LINE('',#4826,#1124);
#818=LINE('',#4829,#1125);
#819=LINE('',#4832,#1126);
#820=LINE('',#4835,#1127);
#821=LINE('',#4837,#1128);
#822=LINE('',#4838,#1129);
#823=LINE('',#4841,#1130);
#824=LINE('',#4845,#1131);
#825=LINE('',#4847,#1132);
#826=LINE('',#4848,#1133);
#827=LINE('',#4851,#1134);
#828=LINE('',#4855,#1135);
#829=LINE('',#4856,#1136);
#830=LINE('',#4861,#1137);
#831=LINE('',#4864,#1138);
#832=LINE('',#4867,#1139);
#833=LINE('',#4868,#1140);
#834=LINE('',#4871,#1141);
#835=LINE('',#4874,#1142);
#836=LINE('',#4877,#1143);
#837=LINE('',#4878,#1144);
#838=LINE('',#4882,#1145);
#839=LINE('',#4886,#1146);
#840=LINE('',#4887,#1147);
#841=LINE('',#4891,#1148);
#842=LINE('',#4893,#1149);
#843=LINE('',#4895,#1150);
#844=LINE('',#4897,#1151);
#845=LINE('',#4899,#1152);
#846=LINE('',#4901,#1153);
#847=LINE('',#4903,#1154);
#848=LINE('',#4904,#1155);
#849=LINE('',#4909,#1156);
#850=LINE('',#4912,#1157);
#851=LINE('',#4917,#1158);
#852=LINE('',#4920,#1159);
#853=LINE('',#4925,#1160);
#854=LINE('',#4928,#1161);
#855=LINE('',#4933,#1162);
#856=LINE('',#4936,#1163);
#857=LINE('',#4943,#1164);
#858=LINE('',#4946,#1165);
#859=LINE('',#4951,#1166);
#860=LINE('',#4954,#1167);
#861=LINE('',#4959,#1168);
#862=LINE('',#4962,#1169);
#863=LINE('',#4967,#1170);
#864=LINE('',#4970,#1171);
#865=LINE('',#4972,#1172);
#866=LINE('',#4973,#1173);
#867=LINE('',#4976,#1174);
#868=LINE('',#4977,#1175);
#869=LINE('',#4979,#1176);
#870=LINE('',#4983,#1177);
#871=LINE('',#4985,#1178);
#872=LINE('',#4986,#1179);
#873=LINE('',#4989,#1180);
#874=LINE('',#4990,#1181);
#875=LINE('',#4992,#1182);
#876=LINE('',#4996,#1183);
#877=LINE('',#4998,#1184);
#878=LINE('',#4999,#1185);
#879=LINE('',#5002,#1186);
#880=LINE('',#5003,#1187);
#881=LINE('',#5005,#1188);
#882=LINE('',#5009,#1189);
#883=LINE('',#5011,#1190);
#884=LINE('',#5012,#1191);
#885=LINE('',#5015,#1192);
#886=LINE('',#5016,#1193);
#887=LINE('',#5018,#1194);
#888=LINE('',#5022,#1195);
#889=LINE('',#5024,#1196);
#890=LINE('',#5025,#1197);
#891=LINE('',#5028,#1198);
#892=LINE('',#5029,#1199);
#893=LINE('',#5031,#1200);
#894=LINE('',#5035,#1201);
#895=LINE('',#5037,#1202);
#896=LINE('',#5038,#1203);
#897=LINE('',#5041,#1204);
#898=LINE('',#5042,#1205);
#899=LINE('',#5044,#1206);
#900=LINE('',#5048,#1207);
#901=LINE('',#5050,#1208);
#902=LINE('',#5051,#1209);
#903=LINE('',#5054,#1210);
#904=LINE('',#5055,#1211);
#905=LINE('',#5057,#1212);
#906=LINE('',#5061,#1213);
#907=LINE('',#5063,#1214);
#908=LINE('',#5064,#1215);
#909=LINE('',#5067,#1216);
#910=LINE('',#5068,#1217);
#911=LINE('',#5070,#1218);
#912=LINE('',#5074,#1219);
#913=LINE('',#5084,#1220);
#914=LINE('',#5088,#1221);
#915=LINE('',#5090,#1222);
#916=LINE('',#5091,#1223);
#917=LINE('',#5094,#1224);
#918=LINE('',#5096,#1225);
#919=LINE('',#5098,#1226);
#920=LINE('',#5103,#1227);
#921=LINE('',#5105,#1228);
#922=LINE('',#5107,#1229);
#923=LINE('',#5108,#1230);
#924=LINE('',#5117,#1231);
#925=LINE('',#5118,#1232);
#926=LINE('',#5122,#1233);
#927=LINE('',#5126,#1234);
#928=LINE('',#5127,#1235);
#929=LINE('',#5128,#1236);
#930=LINE('',#5131,#1237);
#931=LINE('',#5134,#1238);
#932=LINE('',#5137,#1239);
#933=LINE('',#5142,#1240);
#934=LINE('',#5148,#1241);
#935=LINE('',#5151,#1242);
#936=LINE('',#5154,#1243);
#937=LINE('',#5156,#1244);
#938=LINE('',#5158,#1245);
#939=LINE('',#5160,#1246);
#940=LINE('',#5162,#1247);
#941=LINE('',#5164,#1248);
#942=LINE('',#5166,#1249);
#943=LINE('',#5168,#1250);
#944=LINE('',#5170,#1251);
#945=LINE('',#5172,#1252);
#946=LINE('',#5174,#1253);
#947=LINE('',#5177,#1254);
#948=LINE('',#5186,#1255);
#949=LINE('',#5187,#1256);
#950=LINE('',#5191,#1257);
#951=LINE('',#5194,#1258);
#952=LINE('',#5198,#1259);
#953=LINE('',#5200,#1260);
#954=LINE('',#5206,#1261);
#955=LINE('',#5209,#1262);
#956=LINE('',#5212,#1263);
#957=LINE('',#5215,#1264);
#958=LINE('',#5216,#1265);
#959=LINE('',#5219,#1266);
#960=LINE('',#5221,#1267);
#961=LINE('',#5222,#1268);
#962=LINE('',#5223,#1269);
#963=LINE('',#5231,#1270);
#964=LINE('',#5234,#1271);
#965=LINE('',#5236,#1272);
#966=LINE('',#5238,#1273);
#967=LINE('',#5239,#1274);
#968=LINE('',#5241,#1275);
#969=LINE('',#5248,#1276);
#970=LINE('',#5249,#1277);
#971=LINE('',#5552,#1278);
#972=LINE('',#5553,#1279);
#973=LINE('',#5554,#1280);
#974=LINE('',#5555,#1281);
#975=LINE('',#5711,#1282);
#976=LINE('',#5713,#1283);
#977=LINE('',#5716,#1284);
#978=LINE('',#5717,#1285);
#979=LINE('',#5721,#1286);
#980=LINE('',#5863,#1287);
#981=LINE('',#5866,#1288);
#982=LINE('',#5871,#1289);
#983=LINE('',#5879,#1290);
#984=LINE('',#5882,#1291);
#985=LINE('',#5885,#1292);
#986=LINE('',#5888,#1293);
#987=LINE('',#5890,#1294);
#988=LINE('',#5892,#1295);
#989=LINE('',#5893,#1296);
#990=LINE('',#5895,#1297);
#991=LINE('',#5896,#1298);
#992=LINE('',#5898,#1299);
#993=LINE('',#5904,#1300);
#994=LINE('',#5920,#1301);
#995=VECTOR('',#3536,10.);
#996=VECTOR('',#3537,10.);
#997=VECTOR('',#3538,10.);
#998=VECTOR('',#3539,10.);
#999=VECTOR('',#3542,10.);
#1000=VECTOR('',#3543,10.);
#1001=VECTOR('',#3544,10.);
#1002=VECTOR('',#3547,10.);
#1003=VECTOR('',#3548,10.);
#1004=VECTOR('',#3549,10.);
#1005=VECTOR('',#3554,10.);
#1006=VECTOR('',#3555,10.);
#1007=VECTOR('',#3556,10.);
#1008=VECTOR('',#3557,10.);
#1009=VECTOR('',#3560,10.);
#1010=VECTOR('',#3561,10.);
#1011=VECTOR('',#3562,10.);
#1012=VECTOR('',#3565,10.);
#1013=VECTOR('',#3566,10.);
#1014=VECTOR('',#3567,10.);
#1015=VECTOR('',#3572,2.39999999999999);
#1016=VECTOR('',#3579,1.64999999999999);
#1017=VECTOR('',#3582,2.4);
#1018=VECTOR('',#3589,1.65);
#1019=VECTOR('',#3592,10.);
#1020=VECTOR('',#3593,10.);
#1021=VECTOR('',#3596,10.);
#1022=VECTOR('',#3597,10.);
#1023=VECTOR('',#3600,10.);
#1024=VECTOR('',#3601,10.);
#1025=VECTOR('',#3604,10.);
#1026=VECTOR('',#3607,10.);
#1027=VECTOR('',#3608,10.);
#1028=VECTOR('',#3611,10.);
#1029=VECTOR('',#3614,10.);
#1030=VECTOR('',#3617,10.);
#1031=VECTOR('',#3622,10.);
#1032=VECTOR('',#3623,10.);
#1033=VECTOR('',#3624,10.);
#1034=VECTOR('',#3627,10.);
#1035=VECTOR('',#3634,10.);
#1036=VECTOR('',#3635,10.);
#1037=VECTOR('',#3638,10.);
#1038=VECTOR('',#3639,10.);
#1039=VECTOR('',#3640,10.);
#1040=VECTOR('',#3643,10.);
#1041=VECTOR('',#3648,10.);
#1042=VECTOR('',#3649,10.);
#1043=VECTOR('',#3650,10.);
#1044=VECTOR('',#3651,10.);
#1045=VECTOR('',#3654,10.);
#1046=VECTOR('',#3657,10.);
#1047=VECTOR('',#3660,10.);
#1048=VECTOR('',#3663,10.);
#1049=VECTOR('',#3666,10.);
#1050=VECTOR('',#3669,10.);
#1051=VECTOR('',#3672,10.);
#1052=VECTOR('',#3675,10.);
#1053=VECTOR('',#3678,10.);
#1054=VECTOR('',#3681,10.);
#1055=VECTOR('',#3686,10.);
#1056=VECTOR('',#3689,10.);
#1057=VECTOR('',#3692,10.);
#1058=VECTOR('',#3695,10.);
#1059=VECTOR('',#3698,10.);
#1060=VECTOR('',#3701,10.);
#1061=VECTOR('',#3704,10.);
#1062=VECTOR('',#3705,10.);
#1063=VECTOR('',#3710,10.);
#1064=VECTOR('',#3711,10.);
#1065=VECTOR('',#3714,10.);
#1066=VECTOR('',#3719,10.);
#1067=VECTOR('',#3722,10.);
#1068=VECTOR('',#3723,10.);
#1069=VECTOR('',#3724,10.);
#1070=VECTOR('',#3727,10.);
#1071=VECTOR('',#3732,10.);
#1072=VECTOR('',#3733,10.);
#1073=VECTOR('',#3738,10.);
#1074=VECTOR('',#3739,10.);
#1075=VECTOR('',#3742,10.);
#1076=VECTOR('',#3747,10.);
#1077=VECTOR('',#3750,10.);
#1078=VECTOR('',#3751,10.);
#1079=VECTOR('',#3752,10.);
#1080=VECTOR('',#3755,10.);
#1081=VECTOR('',#3760,10.);
#1082=VECTOR('',#3761,10.);
#1083=VECTOR('',#3766,10.);
#1084=VECTOR('',#3767,10.);
#1085=VECTOR('',#3770,10.);
#1086=VECTOR('',#3775,10.);
#1087=VECTOR('',#3778,10.);
#1088=VECTOR('',#3779,10.);
#1089=VECTOR('',#3780,10.);
#1090=VECTOR('',#3783,10.);
#1091=VECTOR('',#3788,10.);
#1092=VECTOR('',#3789,10.);
#1093=VECTOR('',#3794,10.);
#1094=VECTOR('',#3795,10.);
#1095=VECTOR('',#3798,10.);
#1096=VECTOR('',#3803,10.);
#1097=VECTOR('',#3806,10.);
#1098=VECTOR('',#3807,10.);
#1099=VECTOR('',#3808,10.);
#1100=VECTOR('',#3811,10.);
#1101=VECTOR('',#3816,10.);
#1102=VECTOR('',#3817,10.);
#1103=VECTOR('',#3822,10.);
#1104=VECTOR('',#3823,10.);
#1105=VECTOR('',#3826,10.);
#1106=VECTOR('',#3831,10.);
#1107=VECTOR('',#3834,10.);
#1108=VECTOR('',#3835,10.);
#1109=VECTOR('',#3836,10.);
#1110=VECTOR('',#3839,10.);
#1111=VECTOR('',#3844,10.);
#1112=VECTOR('',#3845,10.);
#1113=VECTOR('',#3850,10.);
#1114=VECTOR('',#3851,10.);
#1115=VECTOR('',#3854,10.);
#1116=VECTOR('',#3859,10.);
#1117=VECTOR('',#3862,10.);
#1118=VECTOR('',#3863,10.);
#1119=VECTOR('',#3864,10.);
#1120=VECTOR('',#3867,10.);
#1121=VECTOR('',#3872,10.);
#1122=VECTOR('',#3873,10.);
#1123=VECTOR('',#3878,10.);
#1124=VECTOR('',#3879,10.);
#1125=VECTOR('',#3882,10.);
#1126=VECTOR('',#3887,10.);
#1127=VECTOR('',#3890,10.);
#1128=VECTOR('',#3891,10.);
#1129=VECTOR('',#3892,2.5);
#1130=VECTOR('',#3895,10.);
#1131=VECTOR('',#3900,10.);
#1132=VECTOR('',#3901,10.);
#1133=VECTOR('',#3902,10.);
#1134=VECTOR('',#3905,10.);
#1135=VECTOR('',#3910,10.);
#1136=VECTOR('',#3911,10.);
#1137=VECTOR('',#3918,10.);
#1138=VECTOR('',#3921,10.);
#1139=VECTOR('',#3924,10.);
#1140=VECTOR('',#3925,10.);
#1141=VECTOR('',#3928,10.);
#1142=VECTOR('',#3931,10.);
#1143=VECTOR('',#3934,10.);
#1144=VECTOR('',#3935,10.);
#1145=VECTOR('',#3938,10.);
#1146=VECTOR('',#3945,10.);
#1147=VECTOR('',#3946,10.);
#1148=VECTOR('',#3949,10.);
#1149=VECTOR('',#3950,10.);
#1150=VECTOR('',#3951,10.);
#1151=VECTOR('',#3952,10.);
#1152=VECTOR('',#3953,10.);
#1153=VECTOR('',#3954,10.);
#1154=VECTOR('',#3955,10.);
#1155=VECTOR('',#3956,10.);
#1156=VECTOR('',#3959,10.);
#1157=VECTOR('',#3962,10.);
#1158=VECTOR('',#3965,10.);
#1159=VECTOR('',#3968,10.);
#1160=VECTOR('',#3971,10.);
#1161=VECTOR('',#3974,10.);
#1162=VECTOR('',#3977,10.);
#1163=VECTOR('',#3980,10.);
#1164=VECTOR('',#3985,10.);
#1165=VECTOR('',#3988,10.);
#1166=VECTOR('',#3991,10.);
#1167=VECTOR('',#3994,10.);
#1168=VECTOR('',#3997,10.);
#1169=VECTOR('',#4000,10.);
#1170=VECTOR('',#4003,10.);
#1171=VECTOR('',#4006,10.);
#1172=VECTOR('',#4009,10.);
#1173=VECTOR('',#4010,10.);
#1174=VECTOR('',#4013,10.);
#1175=VECTOR('',#4014,10.);
#1176=VECTOR('',#4017,10.);
#1177=VECTOR('',#4024,10.);
#1178=VECTOR('',#4027,10.);
#1179=VECTOR('',#4028,10.);
#1180=VECTOR('',#4031,10.);
#1181=VECTOR('',#4032,10.);
#1182=VECTOR('',#4035,10.);
#1183=VECTOR('',#4042,10.);
#1184=VECTOR('',#4045,10.);
#1185=VECTOR('',#4046,10.);
#1186=VECTOR('',#4049,10.);
#1187=VECTOR('',#4050,10.);
#1188=VECTOR('',#4053,10.);
#1189=VECTOR('',#4060,10.);
#1190=VECTOR('',#4063,10.);
#1191=VECTOR('',#4064,10.);
#1192=VECTOR('',#4067,10.);
#1193=VECTOR('',#4068,10.);
#1194=VECTOR('',#4071,10.);
#1195=VECTOR('',#4078,2.5);
#1196=VECTOR('',#4081,10.);
#1197=VECTOR('',#4082,10.);
#1198=VECTOR('',#4085,10.);
#1199=VECTOR('',#4086,10.);
#1200=VECTOR('',#4089,10.);
#1201=VECTOR('',#4096,10.);
#1202=VECTOR('',#4099,10.);
#1203=VECTOR('',#4100,10.);
#1204=VECTOR('',#4103,10.);
#1205=VECTOR('',#4104,10.);
#1206=VECTOR('',#4107,10.);
#1207=VECTOR('',#4114,10.);
#1208=VECTOR('',#4117,10.);
#1209=VECTOR('',#4118,10.);
#1210=VECTOR('',#4121,10.);
#1211=VECTOR('',#4122,10.);
#1212=VECTOR('',#4125,10.);
#1213=VECTOR('',#4132,10.);
#1214=VECTOR('',#4135,10.);
#1215=VECTOR('',#4136,10.);
#1216=VECTOR('',#4139,10.);
#1217=VECTOR('',#4140,10.);
#1218=VECTOR('',#4143,10.);
#1219=VECTOR('',#4150,2.5);
#1220=VECTOR('',#4169,10.);
#1221=VECTOR('',#4174,10.);
#1222=VECTOR('',#4175,10.);
#1223=VECTOR('',#4176,10.);
#1224=VECTOR('',#4179,10.);
#1225=VECTOR('',#4180,10.);
#1226=VECTOR('',#4181,10.);
#1227=VECTOR('',#4186,10.);
#1228=VECTOR('',#4187,10.);
#1229=VECTOR('',#4188,10.);
#1230=VECTOR('',#4189,10.);
#1231=VECTOR('',#4198,10.);
#1232=VECTOR('',#4199,10.);
#1233=VECTOR('',#4204,10.);
#1234=VECTOR('',#4207,10.);
#1235=VECTOR('',#4208,10.);
#1236=VECTOR('',#4209,10.);
#1237=VECTOR('',#4212,2.4);
#1238=VECTOR('',#4217,2.10000000000001);
#1239=VECTOR('',#4220,2.40000000000001);
#1240=VECTOR('',#4227,2.10000000000001);
#1241=VECTOR('',#4232,10.);
#1242=VECTOR('',#4235,10.);
#1243=VECTOR('',#4238,10.);
#1244=VECTOR('',#4239,10.);
#1245=VECTOR('',#4240,10.);
#1246=VECTOR('',#4241,10.);
#1247=VECTOR('',#4242,10.);
#1248=VECTOR('',#4243,10.);
#1249=VECTOR('',#4244,10.);
#1250=VECTOR('',#4245,10.);
#1251=VECTOR('',#4246,10.);
#1252=VECTOR('',#4247,10.);
#1253=VECTOR('',#4248,10.);
#1254=VECTOR('',#4251,10.);
#1255=VECTOR('',#4260,10.);
#1256=VECTOR('',#4261,10.);
#1257=VECTOR('',#4264,10.);
#1258=VECTOR('',#4267,10.);
#1259=VECTOR('',#4272,10.);
#1260=VECTOR('',#4275,10.);
#1261=VECTOR('',#4282,10.);
#1262=VECTOR('',#4285,10.);
#1263=VECTOR('',#4288,10.);
#1264=VECTOR('',#4293,10.);
#1265=VECTOR('',#4294,10.);
#1266=VECTOR('',#4297,10.);
#1267=VECTOR('',#4298,10.);
#1268=VECTOR('',#4299,10.);
#1269=VECTOR('',#4300,10.);
#1270=VECTOR('',#4309,10.);
#1271=VECTOR('',#4312,10.);
#1272=VECTOR('',#4315,10.);
#1273=VECTOR('',#4316,10.);
#1274=VECTOR('',#4317,10.);
#1275=VECTOR('',#4320,10.);
#1276=VECTOR('',#4329,10.);
#1277=VECTOR('',#4330,10.);
#1278=VECTOR('',#4361,10.);
#1279=VECTOR('',#4362,10.);
#1280=VECTOR('',#4363,10.);
#1281=VECTOR('',#4364,10.);
#1282=VECTOR('',#4367,10.);
#1283=VECTOR('',#4370,10.);
#1284=VECTOR('',#4373,10.);
#1285=VECTOR('',#4374,10.);
#1286=VECTOR('',#4379,3.00000000000001);
#1287=VECTOR('',#4382,10.);
#1288=VECTOR('',#4387,10.);
#1289=VECTOR('',#4394,3.);
#1290=VECTOR('',#4405,2.1);
#1291=VECTOR('',#4408,10.);
#1292=VECTOR('',#4411,10.);
#1293=VECTOR('',#4414,10.);
#1294=VECTOR('',#4415,10.);
#1295=VECTOR('',#4416,10.);
#1296=VECTOR('',#4417,10.);
#1297=VECTOR('',#4420,10.);
#1298=VECTOR('',#4421,10.);
#1299=VECTOR('',#4424,2.10000000000001);
#1300=VECTOR('',#4435,5.50000000000001);
#1301=VECTOR('',#4466,10.);
#1302=VERTEX_POINT('',#4471);
#1303=VERTEX_POINT('',#4472);
#1304=VERTEX_POINT('',#4474);
#1305=VERTEX_POINT('',#4476);
#1306=VERTEX_POINT('',#4480);
#1307=VERTEX_POINT('',#4482);
#1308=VERTEX_POINT('',#4486);
#1309=VERTEX_POINT('',#4488);
#1310=VERTEX_POINT('',#4491);
#1311=VERTEX_POINT('',#4494);
#1312=VERTEX_POINT('',#4495);
#1313=VERTEX_POINT('',#4497);
#1314=VERTEX_POINT('',#4499);
#1315=VERTEX_POINT('',#4503);
#1316=VERTEX_POINT('',#4505);
#1317=VERTEX_POINT('',#4509);
#1318=VERTEX_POINT('',#4511);
#1319=VERTEX_POINT('',#4514);
#1320=VERTEX_POINT('',#4517);
#1321=VERTEX_POINT('',#4521);
#1322=VERTEX_POINT('',#4525);
#1323=VERTEX_POINT('',#4529);
#1324=VERTEX_POINT('',#4533);
#1325=VERTEX_POINT('',#4537);
#1326=VERTEX_POINT('',#4541);
#1327=VERTEX_POINT('',#4547);
#1328=VERTEX_POINT('',#4553);
#1329=VERTEX_POINT('',#4554);
#1330=VERTEX_POINT('',#4556);
#1331=VERTEX_POINT('',#4558);
#1332=VERTEX_POINT('',#4562);
#1333=VERTEX_POINT('',#4563);
#1334=VERTEX_POINT('',#4568);
#1335=VERTEX_POINT('',#4569);
#1336=VERTEX_POINT('',#4577);
#1337=VERTEX_POINT('',#4579);
#1338=VERTEX_POINT('',#4583);
#1339=VERTEX_POINT('',#4587);
#1340=VERTEX_POINT('',#4588);
#1341=VERTEX_POINT('',#4590);
#1342=VERTEX_POINT('',#4592);
#1343=VERTEX_POINT('',#4595);
#1344=VERTEX_POINT('',#4596);
#1345=VERTEX_POINT('',#4598);
#1346=VERTEX_POINT('',#4600);
#1347=VERTEX_POINT('',#4603);
#1348=VERTEX_POINT('',#4604);
#1349=VERTEX_POINT('',#4606);
#1350=VERTEX_POINT('',#4608);
#1351=VERTEX_POINT('',#4611);
#1352=VERTEX_POINT('',#4612);
#1353=VERTEX_POINT('',#4614);
#1354=VERTEX_POINT('',#4616);
#1355=VERTEX_POINT('',#4619);
#1356=VERTEX_POINT('',#4620);
#1357=VERTEX_POINT('',#4622);
#1358=VERTEX_POINT('',#4624);
#1359=VERTEX_POINT('',#4627);
#1360=VERTEX_POINT('',#4629);
#1361=VERTEX_POINT('',#4630);
#1362=VERTEX_POINT('',#4632);
#1363=VERTEX_POINT('',#4634);
#1364=VERTEX_POINT('',#4637);
#1365=VERTEX_POINT('',#4638);
#1366=VERTEX_POINT('',#4640);
#1367=VERTEX_POINT('',#4642);
#1368=VERTEX_POINT('',#4645);
#1369=VERTEX_POINT('',#4646);
#1370=VERTEX_POINT('',#4648);
#1371=VERTEX_POINT('',#4650);
#1372=VERTEX_POINT('',#4653);
#1373=VERTEX_POINT('',#4654);
#1374=VERTEX_POINT('',#4656);
#1375=VERTEX_POINT('',#4658);
#1376=VERTEX_POINT('',#4662);
#1377=VERTEX_POINT('',#4664);
#1378=VERTEX_POINT('',#4668);
#1379=VERTEX_POINT('',#4672);
#1380=VERTEX_POINT('',#4678);
#1381=VERTEX_POINT('',#4680);
#1382=VERTEX_POINT('',#4684);
#1383=VERTEX_POINT('',#4688);
#1384=VERTEX_POINT('',#4690);
#1385=VERTEX_POINT('',#4694);
#1386=VERTEX_POINT('',#4698);
#1387=VERTEX_POINT('',#4704);
#1388=VERTEX_POINT('',#4706);
#1389=VERTEX_POINT('',#4710);
#1390=VERTEX_POINT('',#4714);
#1391=VERTEX_POINT('',#4716);
#1392=VERTEX_POINT('',#4720);
#1393=VERTEX_POINT('',#4724);
#1394=VERTEX_POINT('',#4730);
#1395=VERTEX_POINT('',#4732);
#1396=VERTEX_POINT('',#4736);
#1397=VERTEX_POINT('',#4740);
#1398=VERTEX_POINT('',#4742);
#1399=VERTEX_POINT('',#4746);
#1400=VERTEX_POINT('',#4750);
#1401=VERTEX_POINT('',#4756);
#1402=VERTEX_POINT('',#4758);
#1403=VERTEX_POINT('',#4762);
#1404=VERTEX_POINT('',#4766);
#1405=VERTEX_POINT('',#4768);
#1406=VERTEX_POINT('',#4772);
#1407=VERTEX_POINT('',#4776);
#1408=VERTEX_POINT('',#4782);
#1409=VERTEX_POINT('',#4784);
#1410=VERTEX_POINT('',#4788);
#1411=VERTEX_POINT('',#4792);
#1412=VERTEX_POINT('',#4794);
#1413=VERTEX_POINT('',#4798);
#1414=VERTEX_POINT('',#4802);
#1415=VERTEX_POINT('',#4808);
#1416=VERTEX_POINT('',#4810);
#1417=VERTEX_POINT('',#4814);
#1418=VERTEX_POINT('',#4818);
#1419=VERTEX_POINT('',#4820);
#1420=VERTEX_POINT('',#4824);
#1421=VERTEX_POINT('',#4828);
#1422=VERTEX_POINT('',#4834);
#1423=VERTEX_POINT('',#4836);
#1424=VERTEX_POINT('',#4840);
#1425=VERTEX_POINT('',#4844);
#1426=VERTEX_POINT('',#4846);
#1427=VERTEX_POINT('',#4850);
#1428=VERTEX_POINT('',#4854);
#1429=VERTEX_POINT('',#4860);
#1430=VERTEX_POINT('',#4862);
#1431=VERTEX_POINT('',#4866);
#1432=VERTEX_POINT('',#4870);
#1433=VERTEX_POINT('',#4872);
#1434=VERTEX_POINT('',#4876);
#1435=VERTEX_POINT('',#4880);
#1436=VERTEX_POINT('',#4881);
#1437=VERTEX_POINT('',#4889);
#1438=VERTEX_POINT('',#4890);
#1439=VERTEX_POINT('',#4892);
#1440=VERTEX_POINT('',#4894);
#1441=VERTEX_POINT('',#4896);
#1442=VERTEX_POINT('',#4898);
#1443=VERTEX_POINT('',#4900);
#1444=VERTEX_POINT('',#4902);
#1445=VERTEX_POINT('',#4905);
#1446=VERTEX_POINT('',#4906);
#1447=VERTEX_POINT('',#4908);
#1448=VERTEX_POINT('',#4910);
#1449=VERTEX_POINT('',#4913);
#1450=VERTEX_POINT('',#4914);
#1451=VERTEX_POINT('',#4916);
#1452=VERTEX_POINT('',#4918);
#1453=VERTEX_POINT('',#4921);
#1454=VERTEX_POINT('',#4922);
#1455=VERTEX_POINT('',#4924);
#1456=VERTEX_POINT('',#4926);
#1457=VERTEX_POINT('',#4929);
#1458=VERTEX_POINT('',#4930);
#1459=VERTEX_POINT('',#4932);
#1460=VERTEX_POINT('',#4934);
#1461=VERTEX_POINT('',#4937);
#1462=VERTEX_POINT('',#4939);
#1463=VERTEX_POINT('',#4940);
#1464=VERTEX_POINT('',#4942);
#1465=VERTEX_POINT('',#4944);
#1466=VERTEX_POINT('',#4947);
#1467=VERTEX_POINT('',#4948);
#1468=VERTEX_POINT('',#4950);
#1469=VERTEX_POINT('',#4952);
#1470=VERTEX_POINT('',#4955);
#1471=VERTEX_POINT('',#4956);
#1472=VERTEX_POINT('',#4958);
#1473=VERTEX_POINT('',#4960);
#1474=VERTEX_POINT('',#4963);
#1475=VERTEX_POINT('',#4964);
#1476=VERTEX_POINT('',#4966);
#1477=VERTEX_POINT('',#4968);
#1478=VERTEX_POINT('',#4975);
#1479=VERTEX_POINT('',#4988);
#1480=VERTEX_POINT('',#5001);
#1481=VERTEX_POINT('',#5014);
#1482=VERTEX_POINT('',#5027);
#1483=VERTEX_POINT('',#5040);
#1484=VERTEX_POINT('',#5053);
#1485=VERTEX_POINT('',#5066);
#1486=VERTEX_POINT('',#5087);
#1487=VERTEX_POINT('',#5089);
#1488=VERTEX_POINT('',#5093);
#1489=VERTEX_POINT('',#5095);
#1490=VERTEX_POINT('',#5097);
#1491=VERTEX_POINT('',#5100);
#1492=VERTEX_POINT('',#5102);
#1493=VERTEX_POINT('',#5104);
#1494=VERTEX_POINT('',#5106);
#1495=VERTEX_POINT('',#5109);
#1496=VERTEX_POINT('',#5111);
#1497=VERTEX_POINT('',#5114);
#1498=VERTEX_POINT('',#5116);
#1499=VERTEX_POINT('',#5119);
#1500=VERTEX_POINT('',#5124);
#1501=VERTEX_POINT('',#5125);
#1502=VERTEX_POINT('',#5130);
#1503=VERTEX_POINT('',#5136);
#1504=VERTEX_POINT('',#5140);
#1505=VERTEX_POINT('',#5144);
#1506=VERTEX_POINT('',#5145);
#1507=VERTEX_POINT('',#5147);
#1508=VERTEX_POINT('',#5149);
#1509=VERTEX_POINT('',#5153);
#1510=VERTEX_POINT('',#5155);
#1511=VERTEX_POINT('',#5157);
#1512=VERTEX_POINT('',#5159);
#1513=VERTEX_POINT('',#5161);
#1514=VERTEX_POINT('',#5163);
#1515=VERTEX_POINT('',#5165);
#1516=VERTEX_POINT('',#5167);
#1517=VERTEX_POINT('',#5169);
#1518=VERTEX_POINT('',#5171);
#1519=VERTEX_POINT('',#5173);
#1520=VERTEX_POINT('',#5175);
#1521=VERTEX_POINT('',#5178);
#1522=VERTEX_POINT('',#5180);
#1523=VERTEX_POINT('',#5183);
#1524=VERTEX_POINT('',#5184);
#1525=VERTEX_POINT('',#5189);
#1526=VERTEX_POINT('',#5190);
#1527=VERTEX_POINT('',#5193);
#1528=VERTEX_POINT('',#5197);
#1529=VERTEX_POINT('',#5203);
#1530=VERTEX_POINT('',#5205);
#1531=VERTEX_POINT('',#5207);
#1532=VERTEX_POINT('',#5211);
#1533=VERTEX_POINT('',#5218);
#1534=VERTEX_POINT('',#5220);
#1535=VERTEX_POINT('',#5227);
#1536=VERTEX_POINT('',#5228);
#1537=VERTEX_POINT('',#5230);
#1538=VERTEX_POINT('',#5232);
#1539=VERTEX_POINT('',#5237);
#1540=VERTEX_POINT('',#5243);
#1541=VERTEX_POINT('',#5247);
#1542=VERTEX_POINT('',#5251);
#1543=VERTEX_POINT('',#5338);
#1544=VERTEX_POINT('',#5339);
#1545=VERTEX_POINT('',#5347);
#1546=VERTEX_POINT('',#5349);
#1547=VERTEX_POINT('',#5351);
#1548=VERTEX_POINT('',#5353);
#1549=VERTEX_POINT('',#5355);
#1550=VERTEX_POINT('',#5357);
#1551=VERTEX_POINT('',#5359);
#1552=VERTEX_POINT('',#5499);
#1553=VERTEX_POINT('',#5500);
#1554=VERTEX_POINT('',#5508);
#1555=VERTEX_POINT('',#5510);
#1556=VERTEX_POINT('',#5512);
#1557=VERTEX_POINT('',#5514);
#1558=VERTEX_POINT('',#5516);
#1559=VERTEX_POINT('',#5518);
#1560=VERTEX_POINT('',#5710);
#1561=VERTEX_POINT('',#5715);
#1562=VERTEX_POINT('',#5719);
#1563=VERTEX_POINT('',#5842);
#1564=VERTEX_POINT('',#5869);
#1565=VERTEX_POINT('',#5873);
#1566=VERTEX_POINT('',#5876);
#1567=VERTEX_POINT('',#5881);
#1568=VERTEX_POINT('',#5883);
#1569=VERTEX_POINT('',#5887);
#1570=VERTEX_POINT('',#5889);
#1571=VERTEX_POINT('',#5891);
#1572=EDGE_CURVE('',#1302,#1303,#688,.T.);
#1573=EDGE_CURVE('',#1303,#1304,#689,.T.);
#1574=EDGE_CURVE('',#1304,#1305,#690,.T.);
#1575=EDGE_CURVE('',#1305,#1302,#691,.T.);
#1576=EDGE_CURVE('',#1306,#1303,#692,.F.);
#1577=EDGE_CURVE('',#1307,#1306,#693,.F.);
#1578=EDGE_CURVE('',#1304,#1307,#694,.T.);
#1579=EDGE_CURVE('',#1302,#1308,#695,.T.);
#1580=EDGE_CURVE('',#1308,#1309,#696,.F.);
#1581=EDGE_CURVE('',#1306,#1309,#697,.T.);
#1582=EDGE_CURVE('',#1310,#1310,#160,.T.);
#1583=EDGE_CURVE('',#1311,#1312,#698,.T.);
#1584=EDGE_CURVE('',#1312,#1313,#699,.T.);
#1585=EDGE_CURVE('',#1313,#1314,#700,.T.);
#1586=EDGE_CURVE('',#1314,#1311,#701,.T.);
#1587=EDGE_CURVE('',#1315,#1314,#702,.T.);
#1588=EDGE_CURVE('',#1316,#1315,#703,.F.);
#1589=EDGE_CURVE('',#1311,#1316,#704,.T.);
#1590=EDGE_CURVE('',#1317,#1313,#705,.T.);
#1591=EDGE_CURVE('',#1318,#1317,#706,.T.);
#1592=EDGE_CURVE('',#1315,#1318,#707,.T.);
#1593=EDGE_CURVE('',#1319,#1319,#161,.T.);
#1594=EDGE_CURVE('',#1319,#1320,#708,.T.);
#1595=EDGE_CURVE('',#1320,#1320,#162,.T.);
#1596=EDGE_CURVE('',#1321,#1321,#163,.T.);
#1597=EDGE_CURVE('',#1321,#1320,#709,.T.);
#1598=EDGE_CURVE('',#1310,#1322,#710,.T.);
#1599=EDGE_CURVE('',#1322,#1322,#164,.T.);
#1600=EDGE_CURVE('',#1323,#1323,#165,.T.);
#1601=EDGE_CURVE('',#1323,#1322,#711,.T.);
#1602=EDGE_CURVE('',#1324,#1318,#712,.F.);
#1603=EDGE_CURVE('',#1316,#1324,#713,.T.);
#1604=EDGE_CURVE('',#1325,#1305,#714,.T.);
#1605=EDGE_CURVE('',#1308,#1325,#715,.F.);
#1606=EDGE_CURVE('',#1326,#1325,#716,.T.);
#1607=EDGE_CURVE('',#1309,#1326,#717,.F.);
#1608=EDGE_CURVE('',#1326,#1307,#718,.T.);
#1609=EDGE_CURVE('',#1327,#1312,#719,.T.);
#1610=EDGE_CURVE('',#1317,#1327,#720,.F.);
#1611=EDGE_CURVE('',#1327,#1324,#721,.T.);
#1612=EDGE_CURVE('',#1328,#1329,#722,.T.);
#1613=EDGE_CURVE('',#1329,#1330,#166,.T.);
#1614=EDGE_CURVE('',#1330,#1331,#723,.T.);
#1615=EDGE_CURVE('',#1331,#1328,#167,.T.);
#1616=EDGE_CURVE('',#1332,#1333,#724,.T.);
#1617=EDGE_CURVE('',#1333,#1329,#725,.T.);
#1618=EDGE_CURVE('',#1328,#1332,#726,.T.);
#1619=EDGE_CURVE('',#1334,#1335,#727,.T.);
#1620=EDGE_CURVE('',#1335,#1333,#168,.T.);
#1621=EDGE_CURVE('',#1332,#1334,#169,.T.);
#1622=EDGE_CURVE('',#1330,#1335,#728,.T.);
#1623=EDGE_CURVE('',#1334,#1331,#729,.T.);
#1624=EDGE_CURVE('',#1328,#1336,#730,.T.);
#1625=EDGE_CURVE('',#1337,#1336,#731,.T.);
#1626=EDGE_CURVE('',#1332,#1337,#732,.T.);
#1627=EDGE_CURVE('',#1331,#1338,#733,.T.);
#1628=EDGE_CURVE('',#1336,#1338,#170,.T.);
#1629=EDGE_CURVE('',#1339,#1340,#734,.T.);
#1630=EDGE_CURVE('',#1339,#1341,#735,.T.);
#1631=EDGE_CURVE('',#1342,#1341,#736,.T.);
#1632=EDGE_CURVE('',#1340,#1342,#737,.T.);
#1633=EDGE_CURVE('',#1343,#1344,#171,.T.);
#1634=EDGE_CURVE('',#1345,#1343,#738,.T.);
#1635=EDGE_CURVE('',#1346,#1345,#172,.T.);
#1636=EDGE_CURVE('',#1344,#1346,#739,.T.);
#1637=EDGE_CURVE('',#1347,#1348,#173,.T.);
#1638=EDGE_CURVE('',#1349,#1347,#740,.T.);
#1639=EDGE_CURVE('',#1350,#1349,#174,.T.);
#1640=EDGE_CURVE('',#1348,#1350,#741,.T.);
#1641=EDGE_CURVE('',#1351,#1352,#175,.T.);
#1642=EDGE_CURVE('',#1353,#1351,#742,.T.);
#1643=EDGE_CURVE('',#1354,#1353,#176,.T.);
#1644=EDGE_CURVE('',#1352,#1354,#743,.T.);
#1645=EDGE_CURVE('',#1355,#1356,#177,.T.);
#1646=EDGE_CURVE('',#1357,#1355,#744,.T.);
#1647=EDGE_CURVE('',#1358,#1357,#178,.T.);
#1648=EDGE_CURVE('',#1356,#1358,#745,.T.);
#1649=EDGE_CURVE('',#1359,#1359,#179,.T.);
#1650=EDGE_CURVE('',#1360,#1361,#746,.T.);
#1651=EDGE_CURVE('',#1362,#1360,#180,.T.);
#1652=EDGE_CURVE('',#1363,#1362,#747,.T.);
#1653=EDGE_CURVE('',#1361,#1363,#181,.T.);
#1654=EDGE_CURVE('',#1364,#1365,#182,.T.);
#1655=EDGE_CURVE('',#1366,#1364,#748,.T.);
#1656=EDGE_CURVE('',#1367,#1366,#183,.T.);
#1657=EDGE_CURVE('',#1365,#1367,#749,.T.);
#1658=EDGE_CURVE('',#1368,#1369,#184,.T.);
#1659=EDGE_CURVE('',#1370,#1368,#750,.T.);
#1660=EDGE_CURVE('',#1371,#1370,#185,.T.);
#1661=EDGE_CURVE('',#1369,#1371,#751,.T.);
#1662=EDGE_CURVE('',#1372,#1373,#186,.T.);
#1663=EDGE_CURVE('',#1374,#1372,#752,.T.);
#1664=EDGE_CURVE('',#1375,#1374,#187,.T.);
#1665=EDGE_CURVE('',#1373,#1375,#753,.T.);
#1666=EDGE_CURVE('',#1376,#1343,#754,.T.);
#1667=EDGE_CURVE('',#1344,#1377,#755,.T.);
#1668=EDGE_CURVE('',#1377,#1376,#188,.T.);
#1669=EDGE_CURVE('',#1378,#1345,#756,.T.);
#1670=EDGE_CURVE('',#1376,#1378,#757,.T.);
#1671=EDGE_CURVE('',#1379,#1346,#758,.T.);
#1672=EDGE_CURVE('',#1378,#1379,#189,.T.);
#1673=EDGE_CURVE('',#1379,#1377,#759,.T.);
#1674=EDGE_CURVE('',#1376,#1380,#760,.T.);
#1675=EDGE_CURVE('',#1381,#1380,#761,.T.);
#1676=EDGE_CURVE('',#1378,#1381,#762,.T.);
#1677=EDGE_CURVE('',#1377,#1382,#763,.T.);
#1678=EDGE_CURVE('',#1380,#1382,#190,.T.);
#1679=EDGE_CURVE('',#1383,#1372,#764,.T.);
#1680=EDGE_CURVE('',#1373,#1384,#765,.T.);
#1681=EDGE_CURVE('',#1384,#1383,#191,.T.);
#1682=EDGE_CURVE('',#1385,#1374,#766,.T.);
#1683=EDGE_CURVE('',#1383,#1385,#767,.T.);
#1684=EDGE_CURVE('',#1386,#1375,#768,.T.);
#1685=EDGE_CURVE('',#1385,#1386,#192,.T.);
#1686=EDGE_CURVE('',#1386,#1384,#769,.T.);
#1687=EDGE_CURVE('',#1383,#1387,#770,.T.);
#1688=EDGE_CURVE('',#1388,#1387,#771,.T.);
#1689=EDGE_CURVE('',#1385,#1388,#772,.T.);
#1690=EDGE_CURVE('',#1384,#1389,#773,.T.);
#1691=EDGE_CURVE('',#1387,#1389,#193,.T.);
#1692=EDGE_CURVE('',#1390,#1347,#774,.T.);
#1693=EDGE_CURVE('',#1348,#1391,#775,.T.);
#1694=EDGE_CURVE('',#1391,#1390,#194,.T.);
#1695=EDGE_CURVE('',#1392,#1349,#776,.T.);
#1696=EDGE_CURVE('',#1390,#1392,#777,.T.);
#1697=EDGE_CURVE('',#1393,#1350,#778,.T.);
#1698=EDGE_CURVE('',#1392,#1393,#195,.T.);
#1699=EDGE_CURVE('',#1393,#1391,#779,.T.);
#1700=EDGE_CURVE('',#1390,#1394,#780,.T.);
#1701=EDGE_CURVE('',#1395,#1394,#781,.T.);
#1702=EDGE_CURVE('',#1392,#1395,#782,.T.);
#1703=EDGE_CURVE('',#1391,#1396,#783,.T.);
#1704=EDGE_CURVE('',#1394,#1396,#196,.T.);
#1705=EDGE_CURVE('',#1397,#1368,#784,.T.);
#1706=EDGE_CURVE('',#1369,#1398,#785,.T.);
#1707=EDGE_CURVE('',#1398,#1397,#197,.T.);
#1708=EDGE_CURVE('',#1399,#1370,#786,.T.);
#1709=EDGE_CURVE('',#1397,#1399,#787,.T.);
#1710=EDGE_CURVE('',#1400,#1371,#788,.T.);
#1711=EDGE_CURVE('',#1399,#1400,#198,.T.);
#1712=EDGE_CURVE('',#1400,#1398,#789,.T.);
#1713=EDGE_CURVE('',#1397,#1401,#790,.T.);
#1714=EDGE_CURVE('',#1402,#1401,#791,.T.);
#1715=EDGE_CURVE('',#1399,#1402,#792,.T.);
#1716=EDGE_CURVE('',#1398,#1403,#793,.T.);
#1717=EDGE_CURVE('',#1401,#1403,#199,.T.);
#1718=EDGE_CURVE('',#1404,#1351,#794,.T.);
#1719=EDGE_CURVE('',#1352,#1405,#795,.T.);
#1720=EDGE_CURVE('',#1405,#1404,#200,.T.);
#1721=EDGE_CURVE('',#1406,#1353,#796,.T.);
#1722=EDGE_CURVE('',#1404,#1406,#797,.T.);
#1723=EDGE_CURVE('',#1407,#1354,#798,.T.);
#1724=EDGE_CURVE('',#1406,#1407,#201,.T.);
#1725=EDGE_CURVE('',#1407,#1405,#799,.T.);
#1726=EDGE_CURVE('',#1404,#1408,#800,.T.);
#1727=EDGE_CURVE('',#1409,#1408,#801,.T.);
#1728=EDGE_CURVE('',#1406,#1409,#802,.T.);
#1729=EDGE_CURVE('',#1405,#1410,#803,.T.);
#1730=EDGE_CURVE('',#1408,#1410,#202,.T.);
#1731=EDGE_CURVE('',#1411,#1364,#804,.T.);
#1732=EDGE_CURVE('',#1365,#1412,#805,.T.);
#1733=EDGE_CURVE('',#1412,#1411,#203,.T.);
#1734=EDGE_CURVE('',#1413,#1366,#806,.T.);
#1735=EDGE_CURVE('',#1411,#1413,#807,.T.);
#1736=EDGE_CURVE('',#1414,#1367,#808,.T.);
#1737=EDGE_CURVE('',#1413,#1414,#204,.T.);
#1738=EDGE_CURVE('',#1414,#1412,#809,.T.);
#1739=EDGE_CURVE('',#1411,#1415,#810,.T.);
#1740=EDGE_CURVE('',#1416,#1415,#811,.T.);
#1741=EDGE_CURVE('',#1413,#1416,#812,.T.);
#1742=EDGE_CURVE('',#1412,#1417,#813,.T.);
#1743=EDGE_CURVE('',#1415,#1417,#205,.T.);
#1744=EDGE_CURVE('',#1418,#1355,#814,.T.);
#1745=EDGE_CURVE('',#1356,#1419,#815,.T.);
#1746=EDGE_CURVE('',#1419,#1418,#206,.T.);
#1747=EDGE_CURVE('',#1420,#1357,#816,.T.);
#1748=EDGE_CURVE('',#1418,#1420,#817,.T.);
#1749=EDGE_CURVE('',#1421,#1358,#818,.T.);
#1750=EDGE_CURVE('',#1420,#1421,#207,.T.);
#1751=EDGE_CURVE('',#1421,#1419,#819,.T.);
#1752=EDGE_CURVE('',#1418,#1422,#820,.T.);
#1753=EDGE_CURVE('',#1423,#1422,#821,.T.);
#1754=EDGE_CURVE('',#1420,#1423,#822,.T.);
#1755=EDGE_CURVE('',#1419,#1424,#823,.T.);
#1756=EDGE_CURVE('',#1422,#1424,#208,.T.);
#1757=EDGE_CURVE('',#1361,#1425,#824,.T.);
#1758=EDGE_CURVE('',#1425,#1426,#825,.T.);
#1759=EDGE_CURVE('',#1426,#1360,#826,.T.);
#1760=EDGE_CURVE('',#1363,#1427,#827,.T.);
#1761=EDGE_CURVE('',#1427,#1425,#209,.T.);
#1762=EDGE_CURVE('',#1362,#1428,#828,.T.);
#1763=EDGE_CURVE('',#1428,#1427,#829,.T.);
#1764=EDGE_CURVE('',#1426,#1428,#210,.T.);
#1765=EDGE_CURVE('',#1426,#1429,#830,.T.);
#1766=EDGE_CURVE('',#1430,#1429,#211,.T.);
#1767=EDGE_CURVE('',#1428,#1430,#831,.T.);
#1768=EDGE_CURVE('',#1425,#1431,#832,.T.);
#1769=EDGE_CURVE('',#1429,#1431,#833,.T.);
#1770=EDGE_CURVE('',#1429,#1432,#834,.T.);
#1771=EDGE_CURVE('',#1432,#1433,#212,.T.);
#1772=EDGE_CURVE('',#1433,#1430,#835,.T.);
#1773=EDGE_CURVE('',#1431,#1434,#836,.T.);
#1774=EDGE_CURVE('',#1434,#1432,#837,.T.);
#1775=EDGE_CURVE('',#1435,#1436,#838,.T.);
#1776=EDGE_CURVE('',#1436,#1434,#213,.T.);
#1777=EDGE_CURVE('',#1431,#1435,#214,.T.);
#1778=EDGE_CURVE('',#1433,#1436,#839,.T.);
#1779=EDGE_CURVE('',#1435,#1430,#840,.T.);
#1780=EDGE_CURVE('',#1437,#1438,#841,.F.);
#1781=EDGE_CURVE('',#1438,#1439,#842,.T.);
#1782=EDGE_CURVE('',#1440,#1439,#843,.T.);
#1783=EDGE_CURVE('',#1441,#1440,#844,.T.);
#1784=EDGE_CURVE('',#1442,#1441,#845,.T.);
#1785=EDGE_CURVE('',#1442,#1443,#846,.T.);
#1786=EDGE_CURVE('',#1443,#1444,#847,.F.);
#1787=EDGE_CURVE('',#1437,#1444,#848,.F.);
#1788=EDGE_CURVE('',#1445,#1446,#215,.T.);
#1789=EDGE_CURVE('',#1447,#1445,#849,.T.);
#1790=EDGE_CURVE('',#1448,#1447,#216,.T.);
#1791=EDGE_CURVE('',#1446,#1448,#850,.T.);
#1792=EDGE_CURVE('',#1449,#1450,#217,.T.);
#1793=EDGE_CURVE('',#1451,#1449,#851,.T.);
#1794=EDGE_CURVE('',#1452,#1451,#218,.T.);
#1795=EDGE_CURVE('',#1450,#1452,#852,.T.);
#1796=EDGE_CURVE('',#1453,#1454,#219,.T.);
#1797=EDGE_CURVE('',#1455,#1453,#853,.T.);
#1798=EDGE_CURVE('',#1456,#1455,#220,.T.);
#1799=EDGE_CURVE('',#1454,#1456,#854,.T.);
#1800=EDGE_CURVE('',#1457,#1458,#221,.T.);
#1801=EDGE_CURVE('',#1459,#1457,#855,.T.);
#1802=EDGE_CURVE('',#1460,#1459,#222,.T.);
#1803=EDGE_CURVE('',#1458,#1460,#856,.T.);
#1804=EDGE_CURVE('',#1461,#1461,#223,.T.);
#1805=EDGE_CURVE('',#1462,#1463,#224,.T.);
#1806=EDGE_CURVE('',#1464,#1462,#857,.T.);
#1807=EDGE_CURVE('',#1465,#1464,#225,.T.);
#1808=EDGE_CURVE('',#1463,#1465,#858,.T.);
#1809=EDGE_CURVE('',#1466,#1467,#226,.T.);
#1810=EDGE_CURVE('',#1468,#1466,#859,.T.);
#1811=EDGE_CURVE('',#1469,#1468,#227,.T.);
#1812=EDGE_CURVE('',#1467,#1469,#860,.T.);
#1813=EDGE_CURVE('',#1470,#1471,#228,.T.);
#1814=EDGE_CURVE('',#1472,#1470,#861,.T.);
#1815=EDGE_CURVE('',#1473,#1472,#229,.T.);
#1816=EDGE_CURVE('',#1471,#1473,#862,.T.);
#1817=EDGE_CURVE('',#1474,#1475,#230,.T.);
#1818=EDGE_CURVE('',#1476,#1474,#863,.T.);
#1819=EDGE_CURVE('',#1477,#1476,#231,.T.);
#1820=EDGE_CURVE('',#1475,#1477,#864,.T.);
#1821=EDGE_CURVE('',#1338,#1445,#865,.T.);
#1822=EDGE_CURVE('',#1446,#1336,#866,.T.);
#1823=EDGE_CURVE('',#1478,#1447,#867,.T.);
#1824=EDGE_CURVE('',#1338,#1478,#868,.T.);
#1825=EDGE_CURVE('',#1337,#1448,#869,.T.);
#1826=EDGE_CURVE('',#1478,#1337,#232,.T.);
#1827=EDGE_CURVE('',#1334,#1478,#870,.T.);
#1828=EDGE_CURVE('',#1382,#1474,#871,.T.);
#1829=EDGE_CURVE('',#1475,#1380,#872,.T.);
#1830=EDGE_CURVE('',#1479,#1476,#873,.T.);
#1831=EDGE_CURVE('',#1382,#1479,#874,.T.);
#1832=EDGE_CURVE('',#1381,#1477,#875,.T.);
#1833=EDGE_CURVE('',#1479,#1381,#233,.T.);
#1834=EDGE_CURVE('',#1379,#1479,#876,.T.);
#1835=EDGE_CURVE('',#1389,#1449,#877,.T.);
#1836=EDGE_CURVE('',#1450,#1387,#878,.T.);
#1837=EDGE_CURVE('',#1480,#1451,#879,.T.);
#1838=EDGE_CURVE('',#1389,#1480,#880,.T.);
#1839=EDGE_CURVE('',#1388,#1452,#881,.T.);
#1840=EDGE_CURVE('',#1480,#1388,#234,.T.);
#1841=EDGE_CURVE('',#1386,#1480,#882,.T.);
#1842=EDGE_CURVE('',#1396,#1470,#883,.T.);
#1843=EDGE_CURVE('',#1471,#1394,#884,.T.);
#1844=EDGE_CURVE('',#1481,#1472,#885,.T.);
#1845=EDGE_CURVE('',#1396,#1481,#886,.T.);
#1846=EDGE_CURVE('',#1395,#1473,#887,.T.);
#1847=EDGE_CURVE('',#1481,#1395,#235,.T.);
#1848=EDGE_CURVE('',#1393,#1481,#888,.T.);
#1849=EDGE_CURVE('',#1403,#1453,#889,.T.);
#1850=EDGE_CURVE('',#1454,#1401,#890,.T.);
#1851=EDGE_CURVE('',#1482,#1455,#891,.T.);
#1852=EDGE_CURVE('',#1403,#1482,#892,.T.);
#1853=EDGE_CURVE('',#1402,#1456,#893,.T.);
#1854=EDGE_CURVE('',#1482,#1402,#236,.T.);
#1855=EDGE_CURVE('',#1400,#1482,#894,.T.);
#1856=EDGE_CURVE('',#1410,#1466,#895,.T.);
#1857=EDGE_CURVE('',#1467,#1408,#896,.T.);
#1858=EDGE_CURVE('',#1483,#1468,#897,.T.);
#1859=EDGE_CURVE('',#1410,#1483,#898,.T.);
#1860=EDGE_CURVE('',#1409,#1469,#899,.T.);
#1861=EDGE_CURVE('',#1483,#1409,#237,.T.);
#1862=EDGE_CURVE('',#1407,#1483,#900,.T.);
#1863=EDGE_CURVE('',#1417,#1457,#901,.T.);
#1864=EDGE_CURVE('',#1458,#1415,#902,.T.);
#1865=EDGE_CURVE('',#1484,#1459,#903,.T.);
#1866=EDGE_CURVE('',#1417,#1484,#904,.T.);
#1867=EDGE_CURVE('',#1416,#1460,#905,.T.);
#1868=EDGE_CURVE('',#1484,#1416,#238,.T.);
#1869=EDGE_CURVE('',#1414,#1484,#906,.T.);
#1870=EDGE_CURVE('',#1424,#1462,#907,.T.);
#1871=EDGE_CURVE('',#1463,#1422,#908,.T.);
#1872=EDGE_CURVE('',#1485,#1464,#909,.T.);
#1873=EDGE_CURVE('',#1424,#1485,#910,.T.);
#1874=EDGE_CURVE('',#1423,#1465,#911,.T.);
#1875=EDGE_CURVE('',#1485,#1423,#239,.T.);
#1876=EDGE_CURVE('',#1421,#1485,#912,.T.);
#1877=EDGE_CURVE('',#1427,#1435,#913,.T.);
#1878=EDGE_CURVE('',#1486,#1443,#914,.T.);
#1879=EDGE_CURVE('',#1487,#1486,#915,.T.);
#1880=EDGE_CURVE('',#1444,#1487,#916,.T.);
#1881=EDGE_CURVE('',#1437,#1488,#917,.F.);
#1882=EDGE_CURVE('',#1489,#1487,#918,.T.);
#1883=EDGE_CURVE('',#1489,#1490,#919,.T.);
#1884=EDGE_CURVE('',#1341,#1490,#240,.T.);
#1885=EDGE_CURVE('',#1339,#1491,#241,.T.);
#1886=EDGE_CURVE('',#1492,#1491,#920,.T.);
#1887=EDGE_CURVE('',#1493,#1492,#921,.T.);
#1888=EDGE_CURVE('',#1494,#1493,#922,.T.);
#1889=EDGE_CURVE('',#1488,#1494,#923,.T.);
#1890=EDGE_CURVE('',#1495,#1495,#242,.T.);
#1891=EDGE_CURVE('',#1496,#1496,#243,.T.);
#1892=EDGE_CURVE('',#1497,#1442,#244,.T.);
#1893=EDGE_CURVE('',#1498,#1497,#924,.T.);
#1894=EDGE_CURVE('',#1486,#1498,#925,.T.);
#1895=EDGE_CURVE('',#1499,#1499,#245,.T.);
#1896=EDGE_CURVE('',#1498,#1489,#926,.T.);
#1897=EDGE_CURVE('',#1500,#1501,#927,.T.);
#1898=EDGE_CURVE('',#1501,#1488,#928,.T.);
#1899=EDGE_CURVE('',#1494,#1500,#929,.T.);
#1900=EDGE_CURVE('',#1496,#1502,#930,.T.);
#1901=EDGE_CURVE('',#1502,#1502,#246,.T.);
#1902=EDGE_CURVE('',#1499,#1502,#931,.T.);
#1903=EDGE_CURVE('',#1495,#1503,#932,.T.);
#1904=EDGE_CURVE('',#1503,#1503,#247,.T.);
#1905=EDGE_CURVE('',#1504,#1504,#248,.T.);
#1906=EDGE_CURVE('',#1504,#1503,#933,.T.);
#1907=EDGE_CURVE('',#1505,#1506,#249,.F.);
#1908=EDGE_CURVE('',#1506,#1507,#934,.T.);
#1909=EDGE_CURVE('',#1507,#1508,#250,.T.);
#1910=EDGE_CURVE('',#1508,#1505,#935,.T.);
#1911=EDGE_CURVE('',#1509,#1507,#936,.T.);
#1912=EDGE_CURVE('',#1510,#1509,#937,.T.);
#1913=EDGE_CURVE('',#1510,#1511,#938,.T.);
#1914=EDGE_CURVE('',#1512,#1511,#939,.T.);
#1915=EDGE_CURVE('',#1513,#1512,#940,.T.);
#1916=EDGE_CURVE('',#1513,#1514,#941,.T.);
#1917=EDGE_CURVE('',#1515,#1514,#942,.T.);
#1918=EDGE_CURVE('',#1516,#1515,#943,.T.);
#1919=EDGE_CURVE('',#1516,#1517,#944,.T.);
#1920=EDGE_CURVE('',#1518,#1517,#945,.T.);
#1921=EDGE_CURVE('',#1519,#1518,#946,.T.);
#1922=EDGE_CURVE('',#1520,#1519,#251,.T.);
#1923=EDGE_CURVE('',#1508,#1520,#947,.T.);
#1924=EDGE_CURVE('',#1521,#1521,#252,.T.);
#1925=EDGE_CURVE('',#1522,#1522,#253,.T.);
#1926=EDGE_CURVE('',#1523,#1524,#254,.F.);
#1927=EDGE_CURVE('',#1524,#1520,#948,.T.);
#1928=EDGE_CURVE('',#1519,#1523,#949,.T.);
#1929=EDGE_CURVE('',#1525,#1526,#950,.T.);
#1930=EDGE_CURVE('',#1526,#1342,#255,.F.);
#1931=EDGE_CURVE('',#1490,#1527,#951,.T.);
#1932=EDGE_CURVE('',#1527,#1525,#256,.T.);
#1933=EDGE_CURVE('',#1528,#1500,#952,.T.);
#1934=EDGE_CURVE('',#1439,#1528,#257,.T.);
#1935=EDGE_CURVE('',#1438,#1501,#953,.T.);
#1936=EDGE_CURVE('',#1340,#1529,#258,.F.);
#1937=EDGE_CURVE('',#1529,#1530,#954,.T.);
#1938=EDGE_CURVE('',#1530,#1531,#259,.T.);
#1939=EDGE_CURVE('',#1531,#1491,#955,.T.);
#1940=EDGE_CURVE('',#1528,#1532,#956,.T.);
#1941=EDGE_CURVE('',#1532,#1440,#260,.F.);
#1942=EDGE_CURVE('',#1525,#1509,#957,.T.);
#1943=EDGE_CURVE('',#1526,#1506,#958,.T.);
#1944=EDGE_CURVE('',#1533,#1497,#959,.T.);
#1945=EDGE_CURVE('',#1534,#1533,#960,.T.);
#1946=EDGE_CURVE('',#1534,#1511,#961,.T.);
#1947=EDGE_CURVE('',#1527,#1510,#962,.T.);
#1948=EDGE_CURVE('',#1441,#1533,#261,.F.);
#1949=EDGE_CURVE('',#1535,#1536,#262,.T.);
#1950=EDGE_CURVE('',#1535,#1537,#963,.T.);
#1951=EDGE_CURVE('',#1538,#1537,#263,.T.);
#1952=EDGE_CURVE('',#1538,#1536,#964,.T.);
#1953=EDGE_CURVE('',#1536,#1513,#965,.T.);
#1954=EDGE_CURVE('',#1512,#1539,#966,.T.);
#1955=EDGE_CURVE('',#1535,#1539,#967,.T.);
#1956=EDGE_CURVE('',#1514,#1538,#968,.T.);
#1957=EDGE_CURVE('',#1540,#1523,#264,.F.);
#1958=EDGE_CURVE('',#1524,#1540,#265,.F.);
#1959=EDGE_CURVE('',#1541,#1537,#969,.T.);
#1960=EDGE_CURVE('',#1515,#1541,#970,.T.);
#1961=EDGE_CURVE('',#1542,#1505,#266,.F.);
#1962=EDGE_CURVE('',#1506,#1542,#267,.F.);
#1963=EDGE_CURVE('',#1543,#1544,#24,.T.);
#1964=EDGE_CURVE('',#1544,#1545,#15,.T.);
#1965=EDGE_CURVE('',#1545,#1546,#268,.T.);
#1966=EDGE_CURVE('',#1546,#1547,#16,.T.);
#1967=EDGE_CURVE('',#1547,#1548,#17,.T.);
#1968=EDGE_CURVE('',#1548,#1549,#269,.T.);
#1969=EDGE_CURVE('',#1549,#1550,#18,.T.);
#1970=EDGE_CURVE('',#1550,#1551,#25,.T.);
#1971=EDGE_CURVE('',#1551,#1543,#26,.T.);
#1972=EDGE_CURVE('',#1552,#1553,#27,.T.);
#1973=EDGE_CURVE('',#1553,#1554,#19,.T.);
#1974=EDGE_CURVE('',#1555,#1554,#270,.T.);
#1975=EDGE_CURVE('',#1555,#1556,#20,.T.);
#1976=EDGE_CURVE('',#1557,#1556,#271,.T.);
#1977=EDGE_CURVE('',#1557,#1558,#21,.T.);
#1978=EDGE_CURVE('',#1558,#1559,#28,.T.);
#1979=EDGE_CURVE('',#1559,#1552,#29,.T.);
#1980=EDGE_CURVE('',#1550,#1542,#971,.T.);
#1981=EDGE_CURVE('',#1505,#1524,#972,.T.);
#1982=EDGE_CURVE('',#1540,#1553,#973,.T.);
#1983=EDGE_CURVE('',#1558,#1544,#974,.T.);
#1984=EDGE_CURVE('',#1545,#1549,#30,.T.);
#1985=EDGE_CURVE('',#1548,#1546,#31,.T.);
#1986=EDGE_CURVE('',#1545,#1560,#975,.T.);
#1987=EDGE_CURVE('',#1560,#1526,#272,.F.);
#1988=EDGE_CURVE('',#1542,#1549,#976,.T.);
#1989=EDGE_CURVE('',#1561,#1557,#977,.T.);
#1990=EDGE_CURVE('',#1560,#1561,#978,.T.);
#1991=EDGE_CURVE('',#1562,#1562,#273,.T.);
#1992=EDGE_CURVE('',#1562,#1547,#979,.T.);
#1993=EDGE_CURVE('',#1554,#1557,#32,.T.);
#1994=EDGE_CURVE('',#1556,#1563,#33,.T.);
#1995=EDGE_CURVE('',#1563,#1555,#34,.T.);
#1996=EDGE_CURVE('',#1554,#1540,#980,.T.);
#1997=EDGE_CURVE('',#1523,#1529,#981,.T.);
#1998=EDGE_CURVE('',#1529,#1561,#274,.F.);
#1999=EDGE_CURVE('',#1564,#1564,#275,.T.);
#2000=EDGE_CURVE('',#1564,#1563,#982,.T.);
#2001=EDGE_CURVE('',#1565,#1565,#276,.T.);
#2002=EDGE_CURVE('',#1566,#1566,#277,.T.);
#2003=EDGE_CURVE('',#1566,#1521,#983,.T.);
#2004=EDGE_CURVE('',#1567,#1541,#984,.T.);
#2005=EDGE_CURVE('',#1568,#1567,#22,.T.);
#2006=EDGE_CURVE('',#1516,#1568,#985,.T.);
#2007=EDGE_CURVE('',#1539,#1569,#986,.T.);
#2008=EDGE_CURVE('',#1570,#1569,#987,.T.);
#2009=EDGE_CURVE('',#1571,#1570,#988,.T.);
#2010=EDGE_CURVE('',#1567,#1571,#989,.T.);
#2011=EDGE_CURVE('',#1517,#1531,#990,.T.);
#2012=EDGE_CURVE('',#1532,#1568,#991,.T.);
#2013=EDGE_CURVE('',#1565,#1522,#992,.T.);
#2014=EDGE_CURVE('',#1569,#1534,#23,.T.);
#2015=EDGE_CURVE('',#1533,#1570,#278,.F.);
#2016=EDGE_CURVE('',#1359,#1461,#993,.T.);
#2017=EDGE_CURVE('',#1342,#1560,#279,.F.);
#2018=EDGE_CURVE('',#1561,#1340,#280,.F.);
#2019=EDGE_CURVE('',#1440,#1571,#281,.F.);
#2020=EDGE_CURVE('',#1571,#1532,#282,.F.);
#2021=EDGE_CURVE('',#1570,#1441,#283,.F.);
#2022=EDGE_CURVE('',#1518,#1530,#994,.T.);
#2023=ORIENTED_EDGE('',*,*,#1572,.T.);
#2024=ORIENTED_EDGE('',*,*,#1573,.T.);
#2025=ORIENTED_EDGE('',*,*,#1574,.T.);
#2026=ORIENTED_EDGE('',*,*,#1575,.T.);
#2027=ORIENTED_EDGE('',*,*,#1573,.F.);
#2028=ORIENTED_EDGE('',*,*,#1576,.F.);
#2029=ORIENTED_EDGE('',*,*,#1577,.F.);
#2030=ORIENTED_EDGE('',*,*,#1578,.F.);
#2031=ORIENTED_EDGE('',*,*,#1572,.F.);
#2032=ORIENTED_EDGE('',*,*,#1579,.T.);
#2033=ORIENTED_EDGE('',*,*,#1580,.T.);
#2034=ORIENTED_EDGE('',*,*,#1581,.F.);
#2035=ORIENTED_EDGE('',*,*,#1576,.T.);
#2036=ORIENTED_EDGE('',*,*,#1582,.F.);
#2037=ORIENTED_EDGE('',*,*,#1583,.T.);
#2038=ORIENTED_EDGE('',*,*,#1584,.T.);
#2039=ORIENTED_EDGE('',*,*,#1585,.T.);
#2040=ORIENTED_EDGE('',*,*,#1586,.T.);
#2041=ORIENTED_EDGE('',*,*,#1586,.F.);
#2042=ORIENTED_EDGE('',*,*,#1587,.F.);
#2043=ORIENTED_EDGE('',*,*,#1588,.F.);
#2044=ORIENTED_EDGE('',*,*,#1589,.F.);
#2045=ORIENTED_EDGE('',*,*,#1585,.F.);
#2046=ORIENTED_EDGE('',*,*,#1590,.F.);
#2047=ORIENTED_EDGE('',*,*,#1591,.F.);
#2048=ORIENTED_EDGE('',*,*,#1592,.F.);
#2049=ORIENTED_EDGE('',*,*,#1587,.T.);
#2050=ORIENTED_EDGE('',*,*,#1593,.F.);
#2051=ORIENTED_EDGE('',*,*,#1593,.T.);
#2052=ORIENTED_EDGE('',*,*,#1594,.T.);
#2053=ORIENTED_EDGE('',*,*,#1595,.T.);
#2054=ORIENTED_EDGE('',*,*,#1594,.F.);
#2055=ORIENTED_EDGE('',*,*,#1596,.F.);
#2056=ORIENTED_EDGE('',*,*,#1597,.T.);
#2057=ORIENTED_EDGE('',*,*,#1595,.F.);
#2058=ORIENTED_EDGE('',*,*,#1597,.F.);
#2059=ORIENTED_EDGE('',*,*,#1582,.T.);
#2060=ORIENTED_EDGE('',*,*,#1598,.T.);
#2061=ORIENTED_EDGE('',*,*,#1599,.T.);
#2062=ORIENTED_EDGE('',*,*,#1598,.F.);
#2063=ORIENTED_EDGE('',*,*,#1600,.F.);
#2064=ORIENTED_EDGE('',*,*,#1601,.T.);
#2065=ORIENTED_EDGE('',*,*,#1599,.F.);
#2066=ORIENTED_EDGE('',*,*,#1601,.F.);
#2067=ORIENTED_EDGE('',*,*,#1588,.T.);
#2068=ORIENTED_EDGE('',*,*,#1592,.T.);
#2069=ORIENTED_EDGE('',*,*,#1602,.F.);
#2070=ORIENTED_EDGE('',*,*,#1603,.F.);
#2071=ORIENTED_EDGE('',*,*,#1575,.F.);
#2072=ORIENTED_EDGE('',*,*,#1604,.F.);
#2073=ORIENTED_EDGE('',*,*,#1605,.F.);
#2074=ORIENTED_EDGE('',*,*,#1579,.F.);
#2075=ORIENTED_EDGE('',*,*,#1605,.T.);
#2076=ORIENTED_EDGE('',*,*,#1606,.F.);
#2077=ORIENTED_EDGE('',*,*,#1607,.F.);
#2078=ORIENTED_EDGE('',*,*,#1580,.F.);
#2079=ORIENTED_EDGE('',*,*,#1574,.F.);
#2080=ORIENTED_EDGE('',*,*,#1578,.T.);
#2081=ORIENTED_EDGE('',*,*,#1608,.F.);
#2082=ORIENTED_EDGE('',*,*,#1606,.T.);
#2083=ORIENTED_EDGE('',*,*,#1604,.T.);
#2084=ORIENTED_EDGE('',*,*,#1600,.T.);
#2085=ORIENTED_EDGE('',*,*,#1584,.F.);
#2086=ORIENTED_EDGE('',*,*,#1609,.F.);
#2087=ORIENTED_EDGE('',*,*,#1610,.F.);
#2088=ORIENTED_EDGE('',*,*,#1590,.T.);
#2089=ORIENTED_EDGE('',*,*,#1583,.F.);
#2090=ORIENTED_EDGE('',*,*,#1589,.T.);
#2091=ORIENTED_EDGE('',*,*,#1603,.T.);
#2092=ORIENTED_EDGE('',*,*,#1611,.F.);
#2093=ORIENTED_EDGE('',*,*,#1609,.T.);
#2094=ORIENTED_EDGE('',*,*,#1596,.T.);
#2095=ORIENTED_EDGE('',*,*,#1612,.T.);
#2096=ORIENTED_EDGE('',*,*,#1613,.T.);
#2097=ORIENTED_EDGE('',*,*,#1614,.T.);
#2098=ORIENTED_EDGE('',*,*,#1615,.T.);
#2099=ORIENTED_EDGE('',*,*,#1616,.T.);
#2100=ORIENTED_EDGE('',*,*,#1617,.T.);
#2101=ORIENTED_EDGE('',*,*,#1612,.F.);
#2102=ORIENTED_EDGE('',*,*,#1618,.T.);
#2103=ORIENTED_EDGE('',*,*,#1619,.T.);
#2104=ORIENTED_EDGE('',*,*,#1620,.T.);
#2105=ORIENTED_EDGE('',*,*,#1616,.F.);
#2106=ORIENTED_EDGE('',*,*,#1621,.T.);
#2107=ORIENTED_EDGE('',*,*,#1614,.F.);
#2108=ORIENTED_EDGE('',*,*,#1622,.T.);
#2109=ORIENTED_EDGE('',*,*,#1619,.F.);
#2110=ORIENTED_EDGE('',*,*,#1623,.T.);
#2111=ORIENTED_EDGE('',*,*,#1618,.F.);
#2112=ORIENTED_EDGE('',*,*,#1624,.T.);
#2113=ORIENTED_EDGE('',*,*,#1625,.F.);
#2114=ORIENTED_EDGE('',*,*,#1626,.F.);
#2115=ORIENTED_EDGE('',*,*,#1615,.F.);
#2116=ORIENTED_EDGE('',*,*,#1627,.T.);
#2117=ORIENTED_EDGE('',*,*,#1628,.F.);
#2118=ORIENTED_EDGE('',*,*,#1624,.F.);
#2119=ORIENTED_EDGE('',*,*,#1629,.F.);
#2120=ORIENTED_EDGE('',*,*,#1630,.T.);
#2121=ORIENTED_EDGE('',*,*,#1631,.F.);
#2122=ORIENTED_EDGE('',*,*,#1632,.F.);
#2123=ORIENTED_EDGE('',*,*,#1633,.F.);
#2124=ORIENTED_EDGE('',*,*,#1634,.F.);
#2125=ORIENTED_EDGE('',*,*,#1635,.F.);
#2126=ORIENTED_EDGE('',*,*,#1636,.F.);
#2127=ORIENTED_EDGE('',*,*,#1637,.F.);
#2128=ORIENTED_EDGE('',*,*,#1638,.F.);
#2129=ORIENTED_EDGE('',*,*,#1639,.F.);
#2130=ORIENTED_EDGE('',*,*,#1640,.F.);
#2131=ORIENTED_EDGE('',*,*,#1641,.F.);
#2132=ORIENTED_EDGE('',*,*,#1642,.F.);
#2133=ORIENTED_EDGE('',*,*,#1643,.F.);
#2134=ORIENTED_EDGE('',*,*,#1644,.F.);
#2135=ORIENTED_EDGE('',*,*,#1645,.F.);
#2136=ORIENTED_EDGE('',*,*,#1646,.F.);
#2137=ORIENTED_EDGE('',*,*,#1647,.F.);
#2138=ORIENTED_EDGE('',*,*,#1648,.F.);
#2139=ORIENTED_EDGE('',*,*,#1649,.T.);
#2140=ORIENTED_EDGE('',*,*,#1650,.F.);
#2141=ORIENTED_EDGE('',*,*,#1651,.F.);
#2142=ORIENTED_EDGE('',*,*,#1652,.F.);
#2143=ORIENTED_EDGE('',*,*,#1653,.F.);
#2144=ORIENTED_EDGE('',*,*,#1654,.F.);
#2145=ORIENTED_EDGE('',*,*,#1655,.F.);
#2146=ORIENTED_EDGE('',*,*,#1656,.F.);
#2147=ORIENTED_EDGE('',*,*,#1657,.F.);
#2148=ORIENTED_EDGE('',*,*,#1658,.F.);
#2149=ORIENTED_EDGE('',*,*,#1659,.F.);
#2150=ORIENTED_EDGE('',*,*,#1660,.F.);
#2151=ORIENTED_EDGE('',*,*,#1661,.F.);
#2152=ORIENTED_EDGE('',*,*,#1662,.F.);
#2153=ORIENTED_EDGE('',*,*,#1663,.F.);
#2154=ORIENTED_EDGE('',*,*,#1664,.F.);
#2155=ORIENTED_EDGE('',*,*,#1665,.F.);
#2156=ORIENTED_EDGE('',*,*,#1613,.F.);
#2157=ORIENTED_EDGE('',*,*,#1617,.F.);
#2158=ORIENTED_EDGE('',*,*,#1620,.F.);
#2159=ORIENTED_EDGE('',*,*,#1622,.F.);
#2160=ORIENTED_EDGE('',*,*,#1666,.T.);
#2161=ORIENTED_EDGE('',*,*,#1633,.T.);
#2162=ORIENTED_EDGE('',*,*,#1667,.T.);
#2163=ORIENTED_EDGE('',*,*,#1668,.T.);
#2164=ORIENTED_EDGE('',*,*,#1669,.T.);
#2165=ORIENTED_EDGE('',*,*,#1634,.T.);
#2166=ORIENTED_EDGE('',*,*,#1666,.F.);
#2167=ORIENTED_EDGE('',*,*,#1670,.T.);
#2168=ORIENTED_EDGE('',*,*,#1671,.T.);
#2169=ORIENTED_EDGE('',*,*,#1635,.T.);
#2170=ORIENTED_EDGE('',*,*,#1669,.F.);
#2171=ORIENTED_EDGE('',*,*,#1672,.T.);
#2172=ORIENTED_EDGE('',*,*,#1667,.F.);
#2173=ORIENTED_EDGE('',*,*,#1636,.T.);
#2174=ORIENTED_EDGE('',*,*,#1671,.F.);
#2175=ORIENTED_EDGE('',*,*,#1673,.T.);
#2176=ORIENTED_EDGE('',*,*,#1670,.F.);
#2177=ORIENTED_EDGE('',*,*,#1674,.T.);
#2178=ORIENTED_EDGE('',*,*,#1675,.F.);
#2179=ORIENTED_EDGE('',*,*,#1676,.F.);
#2180=ORIENTED_EDGE('',*,*,#1668,.F.);
#2181=ORIENTED_EDGE('',*,*,#1677,.T.);
#2182=ORIENTED_EDGE('',*,*,#1678,.F.);
#2183=ORIENTED_EDGE('',*,*,#1674,.F.);
#2184=ORIENTED_EDGE('',*,*,#1679,.T.);
#2185=ORIENTED_EDGE('',*,*,#1662,.T.);
#2186=ORIENTED_EDGE('',*,*,#1680,.T.);
#2187=ORIENTED_EDGE('',*,*,#1681,.T.);
#2188=ORIENTED_EDGE('',*,*,#1682,.T.);
#2189=ORIENTED_EDGE('',*,*,#1663,.T.);
#2190=ORIENTED_EDGE('',*,*,#1679,.F.);
#2191=ORIENTED_EDGE('',*,*,#1683,.T.);
#2192=ORIENTED_EDGE('',*,*,#1684,.T.);
#2193=ORIENTED_EDGE('',*,*,#1664,.T.);
#2194=ORIENTED_EDGE('',*,*,#1682,.F.);
#2195=ORIENTED_EDGE('',*,*,#1685,.T.);
#2196=ORIENTED_EDGE('',*,*,#1680,.F.);
#2197=ORIENTED_EDGE('',*,*,#1665,.T.);
#2198=ORIENTED_EDGE('',*,*,#1684,.F.);
#2199=ORIENTED_EDGE('',*,*,#1686,.T.);
#2200=ORIENTED_EDGE('',*,*,#1683,.F.);
#2201=ORIENTED_EDGE('',*,*,#1687,.T.);
#2202=ORIENTED_EDGE('',*,*,#1688,.F.);
#2203=ORIENTED_EDGE('',*,*,#1689,.F.);
#2204=ORIENTED_EDGE('',*,*,#1681,.F.);
#2205=ORIENTED_EDGE('',*,*,#1690,.T.);
#2206=ORIENTED_EDGE('',*,*,#1691,.F.);
#2207=ORIENTED_EDGE('',*,*,#1687,.F.);
#2208=ORIENTED_EDGE('',*,*,#1692,.T.);
#2209=ORIENTED_EDGE('',*,*,#1637,.T.);
#2210=ORIENTED_EDGE('',*,*,#1693,.T.);
#2211=ORIENTED_EDGE('',*,*,#1694,.T.);
#2212=ORIENTED_EDGE('',*,*,#1695,.T.);
#2213=ORIENTED_EDGE('',*,*,#1638,.T.);
#2214=ORIENTED_EDGE('',*,*,#1692,.F.);
#2215=ORIENTED_EDGE('',*,*,#1696,.T.);
#2216=ORIENTED_EDGE('',*,*,#1697,.T.);
#2217=ORIENTED_EDGE('',*,*,#1639,.T.);
#2218=ORIENTED_EDGE('',*,*,#1695,.F.);
#2219=ORIENTED_EDGE('',*,*,#1698,.T.);
#2220=ORIENTED_EDGE('',*,*,#1693,.F.);
#2221=ORIENTED_EDGE('',*,*,#1640,.T.);
#2222=ORIENTED_EDGE('',*,*,#1697,.F.);
#2223=ORIENTED_EDGE('',*,*,#1699,.T.);
#2224=ORIENTED_EDGE('',*,*,#1696,.F.);
#2225=ORIENTED_EDGE('',*,*,#1700,.T.);
#2226=ORIENTED_EDGE('',*,*,#1701,.F.);
#2227=ORIENTED_EDGE('',*,*,#1702,.F.);
#2228=ORIENTED_EDGE('',*,*,#1694,.F.);
#2229=ORIENTED_EDGE('',*,*,#1703,.T.);
#2230=ORIENTED_EDGE('',*,*,#1704,.F.);
#2231=ORIENTED_EDGE('',*,*,#1700,.F.);
#2232=ORIENTED_EDGE('',*,*,#1705,.T.);
#2233=ORIENTED_EDGE('',*,*,#1658,.T.);
#2234=ORIENTED_EDGE('',*,*,#1706,.T.);
#2235=ORIENTED_EDGE('',*,*,#1707,.T.);
#2236=ORIENTED_EDGE('',*,*,#1708,.T.);
#2237=ORIENTED_EDGE('',*,*,#1659,.T.);
#2238=ORIENTED_EDGE('',*,*,#1705,.F.);
#2239=ORIENTED_EDGE('',*,*,#1709,.T.);
#2240=ORIENTED_EDGE('',*,*,#1710,.T.);
#2241=ORIENTED_EDGE('',*,*,#1660,.T.);
#2242=ORIENTED_EDGE('',*,*,#1708,.F.);
#2243=ORIENTED_EDGE('',*,*,#1711,.T.);
#2244=ORIENTED_EDGE('',*,*,#1706,.F.);
#2245=ORIENTED_EDGE('',*,*,#1661,.T.);
#2246=ORIENTED_EDGE('',*,*,#1710,.F.);
#2247=ORIENTED_EDGE('',*,*,#1712,.T.);
#2248=ORIENTED_EDGE('',*,*,#1709,.F.);
#2249=ORIENTED_EDGE('',*,*,#1713,.T.);
#2250=ORIENTED_EDGE('',*,*,#1714,.F.);
#2251=ORIENTED_EDGE('',*,*,#1715,.F.);
#2252=ORIENTED_EDGE('',*,*,#1707,.F.);
#2253=ORIENTED_EDGE('',*,*,#1716,.T.);
#2254=ORIENTED_EDGE('',*,*,#1717,.F.);
#2255=ORIENTED_EDGE('',*,*,#1713,.F.);
#2256=ORIENTED_EDGE('',*,*,#1718,.T.);
#2257=ORIENTED_EDGE('',*,*,#1641,.T.);
#2258=ORIENTED_EDGE('',*,*,#1719,.T.);
#2259=ORIENTED_EDGE('',*,*,#1720,.T.);
#2260=ORIENTED_EDGE('',*,*,#1721,.T.);
#2261=ORIENTED_EDGE('',*,*,#1642,.T.);
#2262=ORIENTED_EDGE('',*,*,#1718,.F.);
#2263=ORIENTED_EDGE('',*,*,#1722,.T.);
#2264=ORIENTED_EDGE('',*,*,#1723,.T.);
#2265=ORIENTED_EDGE('',*,*,#1643,.T.);
#2266=ORIENTED_EDGE('',*,*,#1721,.F.);
#2267=ORIENTED_EDGE('',*,*,#1724,.T.);
#2268=ORIENTED_EDGE('',*,*,#1719,.F.);
#2269=ORIENTED_EDGE('',*,*,#1644,.T.);
#2270=ORIENTED_EDGE('',*,*,#1723,.F.);
#2271=ORIENTED_EDGE('',*,*,#1725,.T.);
#2272=ORIENTED_EDGE('',*,*,#1722,.F.);
#2273=ORIENTED_EDGE('',*,*,#1726,.T.);
#2274=ORIENTED_EDGE('',*,*,#1727,.F.);
#2275=ORIENTED_EDGE('',*,*,#1728,.F.);
#2276=ORIENTED_EDGE('',*,*,#1720,.F.);
#2277=ORIENTED_EDGE('',*,*,#1729,.T.);
#2278=ORIENTED_EDGE('',*,*,#1730,.F.);
#2279=ORIENTED_EDGE('',*,*,#1726,.F.);
#2280=ORIENTED_EDGE('',*,*,#1731,.T.);
#2281=ORIENTED_EDGE('',*,*,#1654,.T.);
#2282=ORIENTED_EDGE('',*,*,#1732,.T.);
#2283=ORIENTED_EDGE('',*,*,#1733,.T.);
#2284=ORIENTED_EDGE('',*,*,#1734,.T.);
#2285=ORIENTED_EDGE('',*,*,#1655,.T.);
#2286=ORIENTED_EDGE('',*,*,#1731,.F.);
#2287=ORIENTED_EDGE('',*,*,#1735,.T.);
#2288=ORIENTED_EDGE('',*,*,#1736,.T.);
#2289=ORIENTED_EDGE('',*,*,#1656,.T.);
#2290=ORIENTED_EDGE('',*,*,#1734,.F.);
#2291=ORIENTED_EDGE('',*,*,#1737,.T.);
#2292=ORIENTED_EDGE('',*,*,#1732,.F.);
#2293=ORIENTED_EDGE('',*,*,#1657,.T.);
#2294=ORIENTED_EDGE('',*,*,#1736,.F.);
#2295=ORIENTED_EDGE('',*,*,#1738,.T.);
#2296=ORIENTED_EDGE('',*,*,#1735,.F.);
#2297=ORIENTED_EDGE('',*,*,#1739,.T.);
#2298=ORIENTED_EDGE('',*,*,#1740,.F.);
#2299=ORIENTED_EDGE('',*,*,#1741,.F.);
#2300=ORIENTED_EDGE('',*,*,#1733,.F.);
#2301=ORIENTED_EDGE('',*,*,#1742,.T.);
#2302=ORIENTED_EDGE('',*,*,#1743,.F.);
#2303=ORIENTED_EDGE('',*,*,#1739,.F.);
#2304=ORIENTED_EDGE('',*,*,#1744,.T.);
#2305=ORIENTED_EDGE('',*,*,#1645,.T.);
#2306=ORIENTED_EDGE('',*,*,#1745,.T.);
#2307=ORIENTED_EDGE('',*,*,#1746,.T.);
#2308=ORIENTED_EDGE('',*,*,#1747,.T.);
#2309=ORIENTED_EDGE('',*,*,#1646,.T.);
#2310=ORIENTED_EDGE('',*,*,#1744,.F.);
#2311=ORIENTED_EDGE('',*,*,#1748,.T.);
#2312=ORIENTED_EDGE('',*,*,#1749,.T.);
#2313=ORIENTED_EDGE('',*,*,#1647,.T.);
#2314=ORIENTED_EDGE('',*,*,#1747,.F.);
#2315=ORIENTED_EDGE('',*,*,#1750,.T.);
#2316=ORIENTED_EDGE('',*,*,#1745,.F.);
#2317=ORIENTED_EDGE('',*,*,#1648,.T.);
#2318=ORIENTED_EDGE('',*,*,#1749,.F.);
#2319=ORIENTED_EDGE('',*,*,#1751,.T.);
#2320=ORIENTED_EDGE('',*,*,#1748,.F.);
#2321=ORIENTED_EDGE('',*,*,#1752,.T.);
#2322=ORIENTED_EDGE('',*,*,#1753,.F.);
#2323=ORIENTED_EDGE('',*,*,#1754,.F.);
#2324=ORIENTED_EDGE('',*,*,#1746,.F.);
#2325=ORIENTED_EDGE('',*,*,#1755,.T.);
#2326=ORIENTED_EDGE('',*,*,#1756,.F.);
#2327=ORIENTED_EDGE('',*,*,#1752,.F.);
#2328=ORIENTED_EDGE('',*,*,#1757,.T.);
#2329=ORIENTED_EDGE('',*,*,#1758,.T.);
#2330=ORIENTED_EDGE('',*,*,#1759,.T.);
#2331=ORIENTED_EDGE('',*,*,#1650,.T.);
#2332=ORIENTED_EDGE('',*,*,#1760,.T.);
#2333=ORIENTED_EDGE('',*,*,#1761,.T.);
#2334=ORIENTED_EDGE('',*,*,#1757,.F.);
#2335=ORIENTED_EDGE('',*,*,#1653,.T.);
#2336=ORIENTED_EDGE('',*,*,#1762,.T.);
#2337=ORIENTED_EDGE('',*,*,#1763,.T.);
#2338=ORIENTED_EDGE('',*,*,#1760,.F.);
#2339=ORIENTED_EDGE('',*,*,#1652,.T.);
#2340=ORIENTED_EDGE('',*,*,#1759,.F.);
#2341=ORIENTED_EDGE('',*,*,#1764,.T.);
#2342=ORIENTED_EDGE('',*,*,#1762,.F.);
#2343=ORIENTED_EDGE('',*,*,#1651,.T.);
#2344=ORIENTED_EDGE('',*,*,#1764,.F.);
#2345=ORIENTED_EDGE('',*,*,#1765,.T.);
#2346=ORIENTED_EDGE('',*,*,#1766,.F.);
#2347=ORIENTED_EDGE('',*,*,#1767,.F.);
#2348=ORIENTED_EDGE('',*,*,#1758,.F.);
#2349=ORIENTED_EDGE('',*,*,#1768,.T.);
#2350=ORIENTED_EDGE('',*,*,#1769,.F.);
#2351=ORIENTED_EDGE('',*,*,#1765,.F.);
#2352=ORIENTED_EDGE('',*,*,#1770,.T.);
#2353=ORIENTED_EDGE('',*,*,#1771,.T.);
#2354=ORIENTED_EDGE('',*,*,#1772,.T.);
#2355=ORIENTED_EDGE('',*,*,#1766,.T.);
#2356=ORIENTED_EDGE('',*,*,#1773,.T.);
#2357=ORIENTED_EDGE('',*,*,#1774,.T.);
#2358=ORIENTED_EDGE('',*,*,#1770,.F.);
#2359=ORIENTED_EDGE('',*,*,#1769,.T.);
#2360=ORIENTED_EDGE('',*,*,#1775,.T.);
#2361=ORIENTED_EDGE('',*,*,#1776,.T.);
#2362=ORIENTED_EDGE('',*,*,#1773,.F.);
#2363=ORIENTED_EDGE('',*,*,#1777,.T.);
#2364=ORIENTED_EDGE('',*,*,#1772,.F.);
#2365=ORIENTED_EDGE('',*,*,#1778,.T.);
#2366=ORIENTED_EDGE('',*,*,#1775,.F.);
#2367=ORIENTED_EDGE('',*,*,#1779,.T.);
#2368=ORIENTED_EDGE('',*,*,#1780,.T.);
#2369=ORIENTED_EDGE('',*,*,#1781,.T.);
#2370=ORIENTED_EDGE('',*,*,#1782,.F.);
#2371=ORIENTED_EDGE('',*,*,#1783,.F.);
#2372=ORIENTED_EDGE('',*,*,#1784,.F.);
#2373=ORIENTED_EDGE('',*,*,#1785,.T.);
#2374=ORIENTED_EDGE('',*,*,#1786,.T.);
#2375=ORIENTED_EDGE('',*,*,#1787,.F.);
#2376=ORIENTED_EDGE('',*,*,#1788,.F.);
#2377=ORIENTED_EDGE('',*,*,#1789,.F.);
#2378=ORIENTED_EDGE('',*,*,#1790,.F.);
#2379=ORIENTED_EDGE('',*,*,#1791,.F.);
#2380=ORIENTED_EDGE('',*,*,#1792,.F.);
#2381=ORIENTED_EDGE('',*,*,#1793,.F.);
#2382=ORIENTED_EDGE('',*,*,#1794,.F.);
#2383=ORIENTED_EDGE('',*,*,#1795,.F.);
#2384=ORIENTED_EDGE('',*,*,#1796,.F.);
#2385=ORIENTED_EDGE('',*,*,#1797,.F.);
#2386=ORIENTED_EDGE('',*,*,#1798,.F.);
#2387=ORIENTED_EDGE('',*,*,#1799,.F.);
#2388=ORIENTED_EDGE('',*,*,#1800,.F.);
#2389=ORIENTED_EDGE('',*,*,#1801,.F.);
#2390=ORIENTED_EDGE('',*,*,#1802,.F.);
#2391=ORIENTED_EDGE('',*,*,#1803,.F.);
#2392=ORIENTED_EDGE('',*,*,#1804,.T.);
#2393=ORIENTED_EDGE('',*,*,#1805,.F.);
#2394=ORIENTED_EDGE('',*,*,#1806,.F.);
#2395=ORIENTED_EDGE('',*,*,#1807,.F.);
#2396=ORIENTED_EDGE('',*,*,#1808,.F.);
#2397=ORIENTED_EDGE('',*,*,#1809,.F.);
#2398=ORIENTED_EDGE('',*,*,#1810,.F.);
#2399=ORIENTED_EDGE('',*,*,#1811,.F.);
#2400=ORIENTED_EDGE('',*,*,#1812,.F.);
#2401=ORIENTED_EDGE('',*,*,#1813,.F.);
#2402=ORIENTED_EDGE('',*,*,#1814,.F.);
#2403=ORIENTED_EDGE('',*,*,#1815,.F.);
#2404=ORIENTED_EDGE('',*,*,#1816,.F.);
#2405=ORIENTED_EDGE('',*,*,#1817,.F.);
#2406=ORIENTED_EDGE('',*,*,#1818,.F.);
#2407=ORIENTED_EDGE('',*,*,#1819,.F.);
#2408=ORIENTED_EDGE('',*,*,#1820,.F.);
#2409=ORIENTED_EDGE('',*,*,#1771,.F.);
#2410=ORIENTED_EDGE('',*,*,#1774,.F.);
#2411=ORIENTED_EDGE('',*,*,#1776,.F.);
#2412=ORIENTED_EDGE('',*,*,#1778,.F.);
#2413=ORIENTED_EDGE('',*,*,#1821,.T.);
#2414=ORIENTED_EDGE('',*,*,#1788,.T.);
#2415=ORIENTED_EDGE('',*,*,#1822,.T.);
#2416=ORIENTED_EDGE('',*,*,#1628,.T.);
#2417=ORIENTED_EDGE('',*,*,#1823,.T.);
#2418=ORIENTED_EDGE('',*,*,#1789,.T.);
#2419=ORIENTED_EDGE('',*,*,#1821,.F.);
#2420=ORIENTED_EDGE('',*,*,#1824,.T.);
#2421=ORIENTED_EDGE('',*,*,#1825,.T.);
#2422=ORIENTED_EDGE('',*,*,#1790,.T.);
#2423=ORIENTED_EDGE('',*,*,#1823,.F.);
#2424=ORIENTED_EDGE('',*,*,#1826,.T.);
#2425=ORIENTED_EDGE('',*,*,#1822,.F.);
#2426=ORIENTED_EDGE('',*,*,#1791,.T.);
#2427=ORIENTED_EDGE('',*,*,#1825,.F.);
#2428=ORIENTED_EDGE('',*,*,#1625,.T.);
#2429=ORIENTED_EDGE('',*,*,#1623,.F.);
#2430=ORIENTED_EDGE('',*,*,#1827,.T.);
#2431=ORIENTED_EDGE('',*,*,#1824,.F.);
#2432=ORIENTED_EDGE('',*,*,#1627,.F.);
#2433=ORIENTED_EDGE('',*,*,#1828,.T.);
#2434=ORIENTED_EDGE('',*,*,#1817,.T.);
#2435=ORIENTED_EDGE('',*,*,#1829,.T.);
#2436=ORIENTED_EDGE('',*,*,#1678,.T.);
#2437=ORIENTED_EDGE('',*,*,#1830,.T.);
#2438=ORIENTED_EDGE('',*,*,#1818,.T.);
#2439=ORIENTED_EDGE('',*,*,#1828,.F.);
#2440=ORIENTED_EDGE('',*,*,#1831,.T.);
#2441=ORIENTED_EDGE('',*,*,#1832,.T.);
#2442=ORIENTED_EDGE('',*,*,#1819,.T.);
#2443=ORIENTED_EDGE('',*,*,#1830,.F.);
#2444=ORIENTED_EDGE('',*,*,#1833,.T.);
#2445=ORIENTED_EDGE('',*,*,#1829,.F.);
#2446=ORIENTED_EDGE('',*,*,#1820,.T.);
#2447=ORIENTED_EDGE('',*,*,#1832,.F.);
#2448=ORIENTED_EDGE('',*,*,#1675,.T.);
#2449=ORIENTED_EDGE('',*,*,#1673,.F.);
#2450=ORIENTED_EDGE('',*,*,#1834,.T.);
#2451=ORIENTED_EDGE('',*,*,#1831,.F.);
#2452=ORIENTED_EDGE('',*,*,#1677,.F.);
#2453=ORIENTED_EDGE('',*,*,#1835,.T.);
#2454=ORIENTED_EDGE('',*,*,#1792,.T.);
#2455=ORIENTED_EDGE('',*,*,#1836,.T.);
#2456=ORIENTED_EDGE('',*,*,#1691,.T.);
#2457=ORIENTED_EDGE('',*,*,#1837,.T.);
#2458=ORIENTED_EDGE('',*,*,#1793,.T.);
#2459=ORIENTED_EDGE('',*,*,#1835,.F.);
#2460=ORIENTED_EDGE('',*,*,#1838,.T.);
#2461=ORIENTED_EDGE('',*,*,#1839,.T.);
#2462=ORIENTED_EDGE('',*,*,#1794,.T.);
#2463=ORIENTED_EDGE('',*,*,#1837,.F.);
#2464=ORIENTED_EDGE('',*,*,#1840,.T.);
#2465=ORIENTED_EDGE('',*,*,#1836,.F.);
#2466=ORIENTED_EDGE('',*,*,#1795,.T.);
#2467=ORIENTED_EDGE('',*,*,#1839,.F.);
#2468=ORIENTED_EDGE('',*,*,#1688,.T.);
#2469=ORIENTED_EDGE('',*,*,#1686,.F.);
#2470=ORIENTED_EDGE('',*,*,#1841,.T.);
#2471=ORIENTED_EDGE('',*,*,#1838,.F.);
#2472=ORIENTED_EDGE('',*,*,#1690,.F.);
#2473=ORIENTED_EDGE('',*,*,#1842,.T.);
#2474=ORIENTED_EDGE('',*,*,#1813,.T.);
#2475=ORIENTED_EDGE('',*,*,#1843,.T.);
#2476=ORIENTED_EDGE('',*,*,#1704,.T.);
#2477=ORIENTED_EDGE('',*,*,#1844,.T.);
#2478=ORIENTED_EDGE('',*,*,#1814,.T.);
#2479=ORIENTED_EDGE('',*,*,#1842,.F.);
#2480=ORIENTED_EDGE('',*,*,#1845,.T.);
#2481=ORIENTED_EDGE('',*,*,#1846,.T.);
#2482=ORIENTED_EDGE('',*,*,#1815,.T.);
#2483=ORIENTED_EDGE('',*,*,#1844,.F.);
#2484=ORIENTED_EDGE('',*,*,#1847,.T.);
#2485=ORIENTED_EDGE('',*,*,#1843,.F.);
#2486=ORIENTED_EDGE('',*,*,#1816,.T.);
#2487=ORIENTED_EDGE('',*,*,#1846,.F.);
#2488=ORIENTED_EDGE('',*,*,#1701,.T.);
#2489=ORIENTED_EDGE('',*,*,#1699,.F.);
#2490=ORIENTED_EDGE('',*,*,#1848,.T.);
#2491=ORIENTED_EDGE('',*,*,#1845,.F.);
#2492=ORIENTED_EDGE('',*,*,#1703,.F.);
#2493=ORIENTED_EDGE('',*,*,#1849,.T.);
#2494=ORIENTED_EDGE('',*,*,#1796,.T.);
#2495=ORIENTED_EDGE('',*,*,#1850,.T.);
#2496=ORIENTED_EDGE('',*,*,#1717,.T.);
#2497=ORIENTED_EDGE('',*,*,#1851,.T.);
#2498=ORIENTED_EDGE('',*,*,#1797,.T.);
#2499=ORIENTED_EDGE('',*,*,#1849,.F.);
#2500=ORIENTED_EDGE('',*,*,#1852,.T.);
#2501=ORIENTED_EDGE('',*,*,#1853,.T.);
#2502=ORIENTED_EDGE('',*,*,#1798,.T.);
#2503=ORIENTED_EDGE('',*,*,#1851,.F.);
#2504=ORIENTED_EDGE('',*,*,#1854,.T.);
#2505=ORIENTED_EDGE('',*,*,#1850,.F.);
#2506=ORIENTED_EDGE('',*,*,#1799,.T.);
#2507=ORIENTED_EDGE('',*,*,#1853,.F.);
#2508=ORIENTED_EDGE('',*,*,#1714,.T.);
#2509=ORIENTED_EDGE('',*,*,#1712,.F.);
#2510=ORIENTED_EDGE('',*,*,#1855,.T.);
#2511=ORIENTED_EDGE('',*,*,#1852,.F.);
#2512=ORIENTED_EDGE('',*,*,#1716,.F.);
#2513=ORIENTED_EDGE('',*,*,#1856,.T.);
#2514=ORIENTED_EDGE('',*,*,#1809,.T.);
#2515=ORIENTED_EDGE('',*,*,#1857,.T.);
#2516=ORIENTED_EDGE('',*,*,#1730,.T.);
#2517=ORIENTED_EDGE('',*,*,#1858,.T.);
#2518=ORIENTED_EDGE('',*,*,#1810,.T.);
#2519=ORIENTED_EDGE('',*,*,#1856,.F.);
#2520=ORIENTED_EDGE('',*,*,#1859,.T.);
#2521=ORIENTED_EDGE('',*,*,#1860,.T.);
#2522=ORIENTED_EDGE('',*,*,#1811,.T.);
#2523=ORIENTED_EDGE('',*,*,#1858,.F.);
#2524=ORIENTED_EDGE('',*,*,#1861,.T.);
#2525=ORIENTED_EDGE('',*,*,#1857,.F.);
#2526=ORIENTED_EDGE('',*,*,#1812,.T.);
#2527=ORIENTED_EDGE('',*,*,#1860,.F.);
#2528=ORIENTED_EDGE('',*,*,#1727,.T.);
#2529=ORIENTED_EDGE('',*,*,#1725,.F.);
#2530=ORIENTED_EDGE('',*,*,#1862,.T.);
#2531=ORIENTED_EDGE('',*,*,#1859,.F.);
#2532=ORIENTED_EDGE('',*,*,#1729,.F.);
#2533=ORIENTED_EDGE('',*,*,#1863,.T.);
#2534=ORIENTED_EDGE('',*,*,#1800,.T.);
#2535=ORIENTED_EDGE('',*,*,#1864,.T.);
#2536=ORIENTED_EDGE('',*,*,#1743,.T.);
#2537=ORIENTED_EDGE('',*,*,#1865,.T.);
#2538=ORIENTED_EDGE('',*,*,#1801,.T.);
#2539=ORIENTED_EDGE('',*,*,#1863,.F.);
#2540=ORIENTED_EDGE('',*,*,#1866,.T.);
#2541=ORIENTED_EDGE('',*,*,#1867,.T.);
#2542=ORIENTED_EDGE('',*,*,#1802,.T.);
#2543=ORIENTED_EDGE('',*,*,#1865,.F.);
#2544=ORIENTED_EDGE('',*,*,#1868,.T.);
#2545=ORIENTED_EDGE('',*,*,#1864,.F.);
#2546=ORIENTED_EDGE('',*,*,#1803,.T.);
#2547=ORIENTED_EDGE('',*,*,#1867,.F.);
#2548=ORIENTED_EDGE('',*,*,#1740,.T.);
#2549=ORIENTED_EDGE('',*,*,#1738,.F.);
#2550=ORIENTED_EDGE('',*,*,#1869,.T.);
#2551=ORIENTED_EDGE('',*,*,#1866,.F.);
#2552=ORIENTED_EDGE('',*,*,#1742,.F.);
#2553=ORIENTED_EDGE('',*,*,#1870,.T.);
#2554=ORIENTED_EDGE('',*,*,#1805,.T.);
#2555=ORIENTED_EDGE('',*,*,#1871,.T.);
#2556=ORIENTED_EDGE('',*,*,#1756,.T.);
#2557=ORIENTED_EDGE('',*,*,#1872,.T.);
#2558=ORIENTED_EDGE('',*,*,#1806,.T.);
#2559=ORIENTED_EDGE('',*,*,#1870,.F.);
#2560=ORIENTED_EDGE('',*,*,#1873,.T.);
#2561=ORIENTED_EDGE('',*,*,#1874,.T.);
#2562=ORIENTED_EDGE('',*,*,#1807,.T.);
#2563=ORIENTED_EDGE('',*,*,#1872,.F.);
#2564=ORIENTED_EDGE('',*,*,#1875,.T.);
#2565=ORIENTED_EDGE('',*,*,#1871,.F.);
#2566=ORIENTED_EDGE('',*,*,#1808,.T.);
#2567=ORIENTED_EDGE('',*,*,#1874,.F.);
#2568=ORIENTED_EDGE('',*,*,#1753,.T.);
#2569=ORIENTED_EDGE('',*,*,#1751,.F.);
#2570=ORIENTED_EDGE('',*,*,#1876,.T.);
#2571=ORIENTED_EDGE('',*,*,#1873,.F.);
#2572=ORIENTED_EDGE('',*,*,#1755,.F.);
#2573=ORIENTED_EDGE('',*,*,#1750,.F.);
#2574=ORIENTED_EDGE('',*,*,#1754,.T.);
#2575=ORIENTED_EDGE('',*,*,#1875,.F.);
#2576=ORIENTED_EDGE('',*,*,#1876,.F.);
#2577=ORIENTED_EDGE('',*,*,#1737,.F.);
#2578=ORIENTED_EDGE('',*,*,#1741,.T.);
#2579=ORIENTED_EDGE('',*,*,#1868,.F.);
#2580=ORIENTED_EDGE('',*,*,#1869,.F.);
#2581=ORIENTED_EDGE('',*,*,#1724,.F.);
#2582=ORIENTED_EDGE('',*,*,#1728,.T.);
#2583=ORIENTED_EDGE('',*,*,#1861,.F.);
#2584=ORIENTED_EDGE('',*,*,#1862,.F.);
#2585=ORIENTED_EDGE('',*,*,#1711,.F.);
#2586=ORIENTED_EDGE('',*,*,#1715,.T.);
#2587=ORIENTED_EDGE('',*,*,#1854,.F.);
#2588=ORIENTED_EDGE('',*,*,#1855,.F.);
#2589=ORIENTED_EDGE('',*,*,#1698,.F.);
#2590=ORIENTED_EDGE('',*,*,#1702,.T.);
#2591=ORIENTED_EDGE('',*,*,#1847,.F.);
#2592=ORIENTED_EDGE('',*,*,#1848,.F.);
#2593=ORIENTED_EDGE('',*,*,#1685,.F.);
#2594=ORIENTED_EDGE('',*,*,#1689,.T.);
#2595=ORIENTED_EDGE('',*,*,#1840,.F.);
#2596=ORIENTED_EDGE('',*,*,#1841,.F.);
#2597=ORIENTED_EDGE('',*,*,#1672,.F.);
#2598=ORIENTED_EDGE('',*,*,#1676,.T.);
#2599=ORIENTED_EDGE('',*,*,#1833,.F.);
#2600=ORIENTED_EDGE('',*,*,#1834,.F.);
#2601=ORIENTED_EDGE('',*,*,#1621,.F.);
#2602=ORIENTED_EDGE('',*,*,#1626,.T.);
#2603=ORIENTED_EDGE('',*,*,#1826,.F.);
#2604=ORIENTED_EDGE('',*,*,#1827,.F.);
#2605=ORIENTED_EDGE('',*,*,#1763,.F.);
#2606=ORIENTED_EDGE('',*,*,#1767,.T.);
#2607=ORIENTED_EDGE('',*,*,#1779,.F.);
#2608=ORIENTED_EDGE('',*,*,#1877,.F.);
#2609=ORIENTED_EDGE('',*,*,#1761,.F.);
#2610=ORIENTED_EDGE('',*,*,#1877,.T.);
#2611=ORIENTED_EDGE('',*,*,#1777,.F.);
#2612=ORIENTED_EDGE('',*,*,#1768,.F.);
#2613=ORIENTED_EDGE('',*,*,#1878,.F.);
#2614=ORIENTED_EDGE('',*,*,#1879,.F.);
#2615=ORIENTED_EDGE('',*,*,#1880,.F.);
#2616=ORIENTED_EDGE('',*,*,#1786,.F.);
#2617=ORIENTED_EDGE('',*,*,#1881,.F.);
#2618=ORIENTED_EDGE('',*,*,#1787,.T.);
#2619=ORIENTED_EDGE('',*,*,#1880,.T.);
#2620=ORIENTED_EDGE('',*,*,#1882,.F.);
#2621=ORIENTED_EDGE('',*,*,#1883,.T.);
#2622=ORIENTED_EDGE('',*,*,#1884,.F.);
#2623=ORIENTED_EDGE('',*,*,#1630,.F.);
#2624=ORIENTED_EDGE('',*,*,#1885,.T.);
#2625=ORIENTED_EDGE('',*,*,#1886,.F.);
#2626=ORIENTED_EDGE('',*,*,#1887,.F.);
#2627=ORIENTED_EDGE('',*,*,#1888,.F.);
#2628=ORIENTED_EDGE('',*,*,#1889,.F.);
#2629=ORIENTED_EDGE('',*,*,#1890,.F.);
#2630=ORIENTED_EDGE('',*,*,#1891,.F.);
#2631=ORIENTED_EDGE('',*,*,#1878,.T.);
#2632=ORIENTED_EDGE('',*,*,#1785,.F.);
#2633=ORIENTED_EDGE('',*,*,#1892,.F.);
#2634=ORIENTED_EDGE('',*,*,#1893,.F.);
#2635=ORIENTED_EDGE('',*,*,#1894,.F.);
#2636=ORIENTED_EDGE('',*,*,#1895,.T.);
#2637=ORIENTED_EDGE('',*,*,#1879,.T.);
#2638=ORIENTED_EDGE('',*,*,#1894,.T.);
#2639=ORIENTED_EDGE('',*,*,#1896,.T.);
#2640=ORIENTED_EDGE('',*,*,#1882,.T.);
#2641=ORIENTED_EDGE('',*,*,#1897,.T.);
#2642=ORIENTED_EDGE('',*,*,#1898,.T.);
#2643=ORIENTED_EDGE('',*,*,#1889,.T.);
#2644=ORIENTED_EDGE('',*,*,#1899,.T.);
#2645=ORIENTED_EDGE('',*,*,#1891,.T.);
#2646=ORIENTED_EDGE('',*,*,#1900,.T.);
#2647=ORIENTED_EDGE('',*,*,#1901,.T.);
#2648=ORIENTED_EDGE('',*,*,#1900,.F.);
#2649=ORIENTED_EDGE('',*,*,#1895,.F.);
#2650=ORIENTED_EDGE('',*,*,#1902,.T.);
#2651=ORIENTED_EDGE('',*,*,#1901,.F.);
#2652=ORIENTED_EDGE('',*,*,#1902,.F.);
#2653=ORIENTED_EDGE('',*,*,#1890,.T.);
#2654=ORIENTED_EDGE('',*,*,#1903,.T.);
#2655=ORIENTED_EDGE('',*,*,#1904,.T.);
#2656=ORIENTED_EDGE('',*,*,#1903,.F.);
#2657=ORIENTED_EDGE('',*,*,#1905,.F.);
#2658=ORIENTED_EDGE('',*,*,#1906,.T.);
#2659=ORIENTED_EDGE('',*,*,#1904,.F.);
#2660=ORIENTED_EDGE('',*,*,#1906,.F.);
#2661=ORIENTED_EDGE('',*,*,#1907,.T.);
#2662=ORIENTED_EDGE('',*,*,#1908,.T.);
#2663=ORIENTED_EDGE('',*,*,#1909,.T.);
#2664=ORIENTED_EDGE('',*,*,#1910,.T.);
#2665=ORIENTED_EDGE('',*,*,#1909,.F.);
#2666=ORIENTED_EDGE('',*,*,#1911,.F.);
#2667=ORIENTED_EDGE('',*,*,#1912,.F.);
#2668=ORIENTED_EDGE('',*,*,#1913,.T.);
#2669=ORIENTED_EDGE('',*,*,#1914,.F.);
#2670=ORIENTED_EDGE('',*,*,#1915,.F.);
#2671=ORIENTED_EDGE('',*,*,#1916,.T.);
#2672=ORIENTED_EDGE('',*,*,#1917,.F.);
#2673=ORIENTED_EDGE('',*,*,#1918,.F.);
#2674=ORIENTED_EDGE('',*,*,#1919,.T.);
#2675=ORIENTED_EDGE('',*,*,#1920,.F.);
#2676=ORIENTED_EDGE('',*,*,#1921,.F.);
#2677=ORIENTED_EDGE('',*,*,#1922,.F.);
#2678=ORIENTED_EDGE('',*,*,#1923,.F.);
#2679=ORIENTED_EDGE('',*,*,#1924,.F.);
#2680=ORIENTED_EDGE('',*,*,#1925,.F.);
#2681=ORIENTED_EDGE('',*,*,#1926,.T.);
#2682=ORIENTED_EDGE('',*,*,#1927,.T.);
#2683=ORIENTED_EDGE('',*,*,#1922,.T.);
#2684=ORIENTED_EDGE('',*,*,#1928,.T.);
#2685=ORIENTED_EDGE('',*,*,#1929,.T.);
#2686=ORIENTED_EDGE('',*,*,#1930,.T.);
#2687=ORIENTED_EDGE('',*,*,#1631,.T.);
#2688=ORIENTED_EDGE('',*,*,#1884,.T.);
#2689=ORIENTED_EDGE('',*,*,#1931,.T.);
#2690=ORIENTED_EDGE('',*,*,#1932,.T.);
#2691=ORIENTED_EDGE('',*,*,#1897,.F.);
#2692=ORIENTED_EDGE('',*,*,#1933,.F.);
#2693=ORIENTED_EDGE('',*,*,#1934,.F.);
#2694=ORIENTED_EDGE('',*,*,#1781,.F.);
#2695=ORIENTED_EDGE('',*,*,#1935,.T.);
#2696=ORIENTED_EDGE('',*,*,#1905,.T.);
#2697=ORIENTED_EDGE('',*,*,#1881,.T.);
#2698=ORIENTED_EDGE('',*,*,#1898,.F.);
#2699=ORIENTED_EDGE('',*,*,#1935,.F.);
#2700=ORIENTED_EDGE('',*,*,#1780,.F.);
#2701=ORIENTED_EDGE('',*,*,#1885,.F.);
#2702=ORIENTED_EDGE('',*,*,#1629,.T.);
#2703=ORIENTED_EDGE('',*,*,#1936,.T.);
#2704=ORIENTED_EDGE('',*,*,#1937,.T.);
#2705=ORIENTED_EDGE('',*,*,#1938,.T.);
#2706=ORIENTED_EDGE('',*,*,#1939,.T.);
#2707=ORIENTED_EDGE('',*,*,#1934,.T.);
#2708=ORIENTED_EDGE('',*,*,#1940,.T.);
#2709=ORIENTED_EDGE('',*,*,#1941,.T.);
#2710=ORIENTED_EDGE('',*,*,#1782,.T.);
#2711=ORIENTED_EDGE('',*,*,#1929,.F.);
#2712=ORIENTED_EDGE('',*,*,#1942,.T.);
#2713=ORIENTED_EDGE('',*,*,#1911,.T.);
#2714=ORIENTED_EDGE('',*,*,#1908,.F.);
#2715=ORIENTED_EDGE('',*,*,#1943,.F.);
#2716=ORIENTED_EDGE('',*,*,#1893,.T.);
#2717=ORIENTED_EDGE('',*,*,#1944,.F.);
#2718=ORIENTED_EDGE('',*,*,#1945,.F.);
#2719=ORIENTED_EDGE('',*,*,#1946,.T.);
#2720=ORIENTED_EDGE('',*,*,#1913,.F.);
#2721=ORIENTED_EDGE('',*,*,#1947,.F.);
#2722=ORIENTED_EDGE('',*,*,#1931,.F.);
#2723=ORIENTED_EDGE('',*,*,#1883,.F.);
#2724=ORIENTED_EDGE('',*,*,#1896,.F.);
#2725=ORIENTED_EDGE('',*,*,#1602,.T.);
#2726=ORIENTED_EDGE('',*,*,#1591,.T.);
#2727=ORIENTED_EDGE('',*,*,#1610,.T.);
#2728=ORIENTED_EDGE('',*,*,#1611,.T.);
#2729=ORIENTED_EDGE('',*,*,#1892,.T.);
#2730=ORIENTED_EDGE('',*,*,#1784,.T.);
#2731=ORIENTED_EDGE('',*,*,#1948,.T.);
#2732=ORIENTED_EDGE('',*,*,#1944,.T.);
#2733=ORIENTED_EDGE('',*,*,#1949,.F.);
#2734=ORIENTED_EDGE('',*,*,#1950,.T.);
#2735=ORIENTED_EDGE('',*,*,#1951,.F.);
#2736=ORIENTED_EDGE('',*,*,#1952,.T.);
#2737=ORIENTED_EDGE('',*,*,#1949,.T.);
#2738=ORIENTED_EDGE('',*,*,#1953,.T.);
#2739=ORIENTED_EDGE('',*,*,#1915,.T.);
#2740=ORIENTED_EDGE('',*,*,#1954,.T.);
#2741=ORIENTED_EDGE('',*,*,#1955,.F.);
#2742=ORIENTED_EDGE('',*,*,#1952,.F.);
#2743=ORIENTED_EDGE('',*,*,#1956,.F.);
#2744=ORIENTED_EDGE('',*,*,#1916,.F.);
#2745=ORIENTED_EDGE('',*,*,#1953,.F.);
#2746=ORIENTED_EDGE('',*,*,#1926,.F.);
#2747=ORIENTED_EDGE('',*,*,#1957,.F.);
#2748=ORIENTED_EDGE('',*,*,#1958,.F.);
#2749=ORIENTED_EDGE('',*,*,#1951,.T.);
#2750=ORIENTED_EDGE('',*,*,#1959,.F.);
#2751=ORIENTED_EDGE('',*,*,#1960,.F.);
#2752=ORIENTED_EDGE('',*,*,#1917,.T.);
#2753=ORIENTED_EDGE('',*,*,#1956,.T.);
#2754=ORIENTED_EDGE('',*,*,#1907,.F.);
#2755=ORIENTED_EDGE('',*,*,#1961,.F.);
#2756=ORIENTED_EDGE('',*,*,#1962,.F.);
#2757=ORIENTED_EDGE('',*,*,#1963,.T.);
#2758=ORIENTED_EDGE('',*,*,#1964,.T.);
#2759=ORIENTED_EDGE('',*,*,#1965,.T.);
#2760=ORIENTED_EDGE('',*,*,#1966,.T.);
#2761=ORIENTED_EDGE('',*,*,#1967,.T.);
#2762=ORIENTED_EDGE('',*,*,#1968,.T.);
#2763=ORIENTED_EDGE('',*,*,#1969,.T.);
#2764=ORIENTED_EDGE('',*,*,#1970,.T.);
#2765=ORIENTED_EDGE('',*,*,#1971,.T.);
#2766=ORIENTED_EDGE('',*,*,#1972,.T.);
#2767=ORIENTED_EDGE('',*,*,#1973,.T.);
#2768=ORIENTED_EDGE('',*,*,#1974,.F.);
#2769=ORIENTED_EDGE('',*,*,#1975,.T.);
#2770=ORIENTED_EDGE('',*,*,#1976,.F.);
#2771=ORIENTED_EDGE('',*,*,#1977,.T.);
#2772=ORIENTED_EDGE('',*,*,#1978,.T.);
#2773=ORIENTED_EDGE('',*,*,#1979,.T.);
#2774=ORIENTED_EDGE('',*,*,#1970,.F.);
#2775=ORIENTED_EDGE('',*,*,#1980,.T.);
#2776=ORIENTED_EDGE('',*,*,#1961,.T.);
#2777=ORIENTED_EDGE('',*,*,#1981,.T.);
#2778=ORIENTED_EDGE('',*,*,#1958,.T.);
#2779=ORIENTED_EDGE('',*,*,#1982,.T.);
#2780=ORIENTED_EDGE('',*,*,#1972,.F.);
#2781=ORIENTED_EDGE('',*,*,#1979,.F.);
#2782=ORIENTED_EDGE('',*,*,#1978,.F.);
#2783=ORIENTED_EDGE('',*,*,#1983,.T.);
#2784=ORIENTED_EDGE('',*,*,#1963,.F.);
#2785=ORIENTED_EDGE('',*,*,#1971,.F.);
#2786=ORIENTED_EDGE('',*,*,#1965,.F.);
#2787=ORIENTED_EDGE('',*,*,#1984,.T.);
#2788=ORIENTED_EDGE('',*,*,#1968,.F.);
#2789=ORIENTED_EDGE('',*,*,#1985,.T.);
#2790=ORIENTED_EDGE('',*,*,#1984,.F.);
#2791=ORIENTED_EDGE('',*,*,#1986,.T.);
#2792=ORIENTED_EDGE('',*,*,#1987,.T.);
#2793=ORIENTED_EDGE('',*,*,#1943,.T.);
#2794=ORIENTED_EDGE('',*,*,#1962,.T.);
#2795=ORIENTED_EDGE('',*,*,#1988,.T.);
#2796=ORIENTED_EDGE('',*,*,#1964,.F.);
#2797=ORIENTED_EDGE('',*,*,#1983,.F.);
#2798=ORIENTED_EDGE('',*,*,#1977,.F.);
#2799=ORIENTED_EDGE('',*,*,#1989,.F.);
#2800=ORIENTED_EDGE('',*,*,#1990,.F.);
#2801=ORIENTED_EDGE('',*,*,#1986,.F.);
#2802=ORIENTED_EDGE('',*,*,#1991,.T.);
#2803=ORIENTED_EDGE('',*,*,#1992,.T.);
#2804=ORIENTED_EDGE('',*,*,#1966,.F.);
#2805=ORIENTED_EDGE('',*,*,#1985,.F.);
#2806=ORIENTED_EDGE('',*,*,#1967,.F.);
#2807=ORIENTED_EDGE('',*,*,#1992,.F.);
#2808=ORIENTED_EDGE('',*,*,#1974,.T.);
#2809=ORIENTED_EDGE('',*,*,#1993,.T.);
#2810=ORIENTED_EDGE('',*,*,#1976,.T.);
#2811=ORIENTED_EDGE('',*,*,#1994,.T.);
#2812=ORIENTED_EDGE('',*,*,#1995,.T.);
#2813=ORIENTED_EDGE('',*,*,#1973,.F.);
#2814=ORIENTED_EDGE('',*,*,#1982,.F.);
#2815=ORIENTED_EDGE('',*,*,#1996,.F.);
#2816=ORIENTED_EDGE('',*,*,#1969,.F.);
#2817=ORIENTED_EDGE('',*,*,#1988,.F.);
#2818=ORIENTED_EDGE('',*,*,#1980,.F.);
#2819=ORIENTED_EDGE('',*,*,#1993,.F.);
#2820=ORIENTED_EDGE('',*,*,#1996,.T.);
#2821=ORIENTED_EDGE('',*,*,#1957,.T.);
#2822=ORIENTED_EDGE('',*,*,#1997,.T.);
#2823=ORIENTED_EDGE('',*,*,#1998,.T.);
#2824=ORIENTED_EDGE('',*,*,#1989,.T.);
#2825=ORIENTED_EDGE('',*,*,#1999,.T.);
#2826=ORIENTED_EDGE('',*,*,#2000,.T.);
#2827=ORIENTED_EDGE('',*,*,#1994,.F.);
#2828=ORIENTED_EDGE('',*,*,#1975,.F.);
#2829=ORIENTED_EDGE('',*,*,#1995,.F.);
#2830=ORIENTED_EDGE('',*,*,#2000,.F.);
#2831=ORIENTED_EDGE('',*,*,#1991,.F.);
#2832=ORIENTED_EDGE('',*,*,#2001,.F.);
#2833=ORIENTED_EDGE('',*,*,#1999,.F.);
#2834=ORIENTED_EDGE('',*,*,#2002,.F.);
#2835=ORIENTED_EDGE('',*,*,#2002,.T.);
#2836=ORIENTED_EDGE('',*,*,#2003,.T.);
#2837=ORIENTED_EDGE('',*,*,#1924,.T.);
#2838=ORIENTED_EDGE('',*,*,#2003,.F.);
#2839=ORIENTED_EDGE('',*,*,#2004,.F.);
#2840=ORIENTED_EDGE('',*,*,#2005,.F.);
#2841=ORIENTED_EDGE('',*,*,#2006,.F.);
#2842=ORIENTED_EDGE('',*,*,#1918,.T.);
#2843=ORIENTED_EDGE('',*,*,#1960,.T.);
#2844=ORIENTED_EDGE('',*,*,#1950,.F.);
#2845=ORIENTED_EDGE('',*,*,#1955,.T.);
#2846=ORIENTED_EDGE('',*,*,#2007,.T.);
#2847=ORIENTED_EDGE('',*,*,#2008,.F.);
#2848=ORIENTED_EDGE('',*,*,#2009,.F.);
#2849=ORIENTED_EDGE('',*,*,#2010,.F.);
#2850=ORIENTED_EDGE('',*,*,#2004,.T.);
#2851=ORIENTED_EDGE('',*,*,#1959,.T.);
#2852=ORIENTED_EDGE('',*,*,#1887,.T.);
#2853=ORIENTED_EDGE('',*,*,#1886,.T.);
#2854=ORIENTED_EDGE('',*,*,#1939,.F.);
#2855=ORIENTED_EDGE('',*,*,#2011,.F.);
#2856=ORIENTED_EDGE('',*,*,#1919,.F.);
#2857=ORIENTED_EDGE('',*,*,#2006,.T.);
#2858=ORIENTED_EDGE('',*,*,#2012,.F.);
#2859=ORIENTED_EDGE('',*,*,#1940,.F.);
#2860=ORIENTED_EDGE('',*,*,#1933,.T.);
#2861=ORIENTED_EDGE('',*,*,#1899,.F.);
#2862=ORIENTED_EDGE('',*,*,#1888,.T.);
#2863=ORIENTED_EDGE('',*,*,#1607,.T.);
#2864=ORIENTED_EDGE('',*,*,#1608,.T.);
#2865=ORIENTED_EDGE('',*,*,#1577,.T.);
#2866=ORIENTED_EDGE('',*,*,#1581,.T.);
#2867=ORIENTED_EDGE('',*,*,#2001,.T.);
#2868=ORIENTED_EDGE('',*,*,#2013,.T.);
#2869=ORIENTED_EDGE('',*,*,#1925,.T.);
#2870=ORIENTED_EDGE('',*,*,#2013,.F.);
#2871=ORIENTED_EDGE('',*,*,#2014,.F.);
#2872=ORIENTED_EDGE('',*,*,#2007,.F.);
#2873=ORIENTED_EDGE('',*,*,#1954,.F.);
#2874=ORIENTED_EDGE('',*,*,#1914,.T.);
#2875=ORIENTED_EDGE('',*,*,#1946,.F.);
#2876=ORIENTED_EDGE('',*,*,#2014,.T.);
#2877=ORIENTED_EDGE('',*,*,#1945,.T.);
#2878=ORIENTED_EDGE('',*,*,#2015,.T.);
#2879=ORIENTED_EDGE('',*,*,#2008,.T.);
#2880=ORIENTED_EDGE('',*,*,#1649,.F.);
#2881=ORIENTED_EDGE('',*,*,#2016,.T.);
#2882=ORIENTED_EDGE('',*,*,#1804,.F.);
#2883=ORIENTED_EDGE('',*,*,#2016,.F.);
#2884=ORIENTED_EDGE('',*,*,#1987,.F.);
#2885=ORIENTED_EDGE('',*,*,#2017,.F.);
#2886=ORIENTED_EDGE('',*,*,#1930,.F.);
#2887=ORIENTED_EDGE('',*,*,#1936,.F.);
#2888=ORIENTED_EDGE('',*,*,#2018,.F.);
#2889=ORIENTED_EDGE('',*,*,#1998,.F.);
#2890=ORIENTED_EDGE('',*,*,#2018,.T.);
#2891=ORIENTED_EDGE('',*,*,#1632,.T.);
#2892=ORIENTED_EDGE('',*,*,#2017,.T.);
#2893=ORIENTED_EDGE('',*,*,#1990,.T.);
#2894=ORIENTED_EDGE('',*,*,#1927,.F.);
#2895=ORIENTED_EDGE('',*,*,#1981,.F.);
#2896=ORIENTED_EDGE('',*,*,#1910,.F.);
#2897=ORIENTED_EDGE('',*,*,#1923,.T.);
#2898=ORIENTED_EDGE('',*,*,#1932,.F.);
#2899=ORIENTED_EDGE('',*,*,#1947,.T.);
#2900=ORIENTED_EDGE('',*,*,#1912,.T.);
#2901=ORIENTED_EDGE('',*,*,#1942,.F.);
#2902=ORIENTED_EDGE('',*,*,#2019,.F.);
#2903=ORIENTED_EDGE('',*,*,#1941,.F.);
#2904=ORIENTED_EDGE('',*,*,#2020,.F.);
#2905=ORIENTED_EDGE('',*,*,#2015,.F.);
#2906=ORIENTED_EDGE('',*,*,#1948,.F.);
#2907=ORIENTED_EDGE('',*,*,#2021,.F.);
#2908=ORIENTED_EDGE('',*,*,#2021,.T.);
#2909=ORIENTED_EDGE('',*,*,#1783,.T.);
#2910=ORIENTED_EDGE('',*,*,#2019,.T.);
#2911=ORIENTED_EDGE('',*,*,#2009,.T.);
#2912=ORIENTED_EDGE('',*,*,#2005,.T.);
#2913=ORIENTED_EDGE('',*,*,#2010,.T.);
#2914=ORIENTED_EDGE('',*,*,#2020,.T.);
#2915=ORIENTED_EDGE('',*,*,#2012,.T.);
#2916=ORIENTED_EDGE('',*,*,#1937,.F.);
#2917=ORIENTED_EDGE('',*,*,#1997,.F.);
#2918=ORIENTED_EDGE('',*,*,#1928,.F.);
#2919=ORIENTED_EDGE('',*,*,#1921,.T.);
#2920=ORIENTED_EDGE('',*,*,#2022,.T.);
#2921=ORIENTED_EDGE('',*,*,#1938,.F.);
#2922=ORIENTED_EDGE('',*,*,#2022,.F.);
#2923=ORIENTED_EDGE('',*,*,#1920,.T.);
#2924=ORIENTED_EDGE('',*,*,#2011,.T.);
#2925=PLANE('',#3218);
#2926=PLANE('',#3219);
#2927=PLANE('',#3220);
#2928=PLANE('',#3222);
#2929=PLANE('',#3223);
#2930=PLANE('',#3224);
#2931=PLANE('',#3234);
#2932=PLANE('',#3235);
#2933=PLANE('',#3236);
#2934=PLANE('',#3237);
#2935=PLANE('',#3238);
#2936=PLANE('',#3239);
#2937=PLANE('',#3243);
#2938=PLANE('',#3247);
#2939=PLANE('',#3248);
#2940=PLANE('',#3251);
#2941=PLANE('',#3271);
#2942=PLANE('',#3274);
#2943=PLANE('',#3275);
#2944=PLANE('',#3280);
#2945=PLANE('',#3283);
#2946=PLANE('',#3284);
#2947=PLANE('',#3289);
#2948=PLANE('',#3292);
#2949=PLANE('',#3293);
#2950=PLANE('',#3298);
#2951=PLANE('',#3301);
#2952=PLANE('',#3302);
#2953=PLANE('',#3307);
#2954=PLANE('',#3310);
#2955=PLANE('',#3311);
#2956=PLANE('',#3316);
#2957=PLANE('',#3319);
#2958=PLANE('',#3320);
#2959=PLANE('',#3325);
#2960=PLANE('',#3328);
#2961=PLANE('',#3329);
#2962=PLANE('',#3332);
#2963=PLANE('',#3335);
#2964=PLANE('',#3340);
#2965=PLANE('',#3343);
#2966=PLANE('',#3347);
#2967=PLANE('',#3348);
#2968=PLANE('',#3367);
#2969=PLANE('',#3370);
#2970=PLANE('',#3371);
#2971=PLANE('',#3373);
#2972=PLANE('',#3376);
#2973=PLANE('',#3377);
#2974=PLANE('',#3379);
#2975=PLANE('',#3382);
#2976=PLANE('',#3383);
#2977=PLANE('',#3385);
#2978=PLANE('',#3388);
#2979=PLANE('',#3389);
#2980=PLANE('',#3391);
#2981=PLANE('',#3394);
#2982=PLANE('',#3395);
#2983=PLANE('',#3397);
#2984=PLANE('',#3400);
#2985=PLANE('',#3401);
#2986=PLANE('',#3403);
#2987=PLANE('',#3406);
#2988=PLANE('',#3407);
#2989=PLANE('',#3409);
#2990=PLANE('',#3412);
#2991=PLANE('',#3413);
#2992=PLANE('',#3422);
#2993=PLANE('',#3424);
#2994=PLANE('',#3425);
#2995=PLANE('',#3430);
#2996=PLANE('',#3433);
#2997=PLANE('',#3434);
#2998=PLANE('',#3445);
#2999=PLANE('',#3454);
#3000=PLANE('',#3456);
#3001=PLANE('',#3462);
#3002=PLANE('',#3463);
#3003=PLANE('',#3469);
#3004=PLANE('',#3470);
#3005=PLANE('',#3474);
#3006=PLANE('',#3492);
#3007=PLANE('',#3495);
#3008=PLANE('',#3496);
#3009=PLANE('',#3501);
#3010=PLANE('',#3503);
#3011=PLANE('',#3506);
#3012=PLANE('',#3508);
#3013=PLANE('',#3509);
#3014=PLANE('',#3511);
#3015=PLANE('',#3521);
#3016=PLANE('',#3522);
#3017=PLANE('',#3530);
#3018=PLANE('',#3531);
#3019=ADVANCED_FACE('',(#284),#2925,.T.);
#3020=ADVANCED_FACE('',(#285),#2926,.T.);
#3021=ADVANCED_FACE('',(#286,#126),#2927,.T.);
#3022=ADVANCED_FACE('',(#287),#2928,.T.);
#3023=ADVANCED_FACE('',(#288),#2929,.F.);
#3024=ADVANCED_FACE('',(#289,#127),#2930,.T.);
#3025=ADVANCED_FACE('',(#290),#86,.F.);
#3026=ADVANCED_FACE('',(#291),#45,.F.);
#3027=ADVANCED_FACE('',(#292),#87,.F.);
#3028=ADVANCED_FACE('',(#293),#46,.F.);
#3029=ADVANCED_FACE('',(#294),#2931,.T.);
#3030=ADVANCED_FACE('',(#295),#2932,.F.);
#3031=ADVANCED_FACE('',(#296),#2933,.T.);
#3032=ADVANCED_FACE('',(#297,#128),#2934,.F.);
#3033=ADVANCED_FACE('',(#298),#2935,.T.);
#3034=ADVANCED_FACE('',(#299,#129),#2936,.F.);
#3035=ADVANCED_FACE('',(#300),#88,.F.);
#3036=ADVANCED_FACE('',(#301),#2937,.T.);
#3037=ADVANCED_FACE('',(#302),#89,.F.);
#3038=ADVANCED_FACE('',(#303),#2938,.T.);
#3039=ADVANCED_FACE('',(#304),#2939,.F.);
#3040=ADVANCED_FACE('',(#305),#47,.F.);
#3041=ADVANCED_FACE('',(#306,#130,#131,#132,#133,#134,#135,#136,#137,#138,
#139),#2940,.T.);
#3042=ADVANCED_FACE('',(#307),#90,.F.);
#3043=ADVANCED_FACE('',(#308),#2941,.T.);
#3044=ADVANCED_FACE('',(#309),#91,.F.);
#3045=ADVANCED_FACE('',(#310),#2942,.T.);
#3046=ADVANCED_FACE('',(#311),#2943,.F.);
#3047=ADVANCED_FACE('',(#312),#48,.F.);
#3048=ADVANCED_FACE('',(#313),#92,.F.);
#3049=ADVANCED_FACE('',(#314),#2944,.T.);
#3050=ADVANCED_FACE('',(#315),#93,.F.);
#3051=ADVANCED_FACE('',(#316),#2945,.T.);
#3052=ADVANCED_FACE('',(#317),#2946,.F.);
#3053=ADVANCED_FACE('',(#318),#49,.F.);
#3054=ADVANCED_FACE('',(#319),#94,.F.);
#3055=ADVANCED_FACE('',(#320),#2947,.T.);
#3056=ADVANCED_FACE('',(#321),#95,.F.);
#3057=ADVANCED_FACE('',(#322),#2948,.T.);
#3058=ADVANCED_FACE('',(#323),#2949,.F.);
#3059=ADVANCED_FACE('',(#324),#50,.F.);
#3060=ADVANCED_FACE('',(#325),#96,.F.);
#3061=ADVANCED_FACE('',(#326),#2950,.T.);
#3062=ADVANCED_FACE('',(#327),#97,.F.);
#3063=ADVANCED_FACE('',(#328),#2951,.T.);
#3064=ADVANCED_FACE('',(#329),#2952,.F.);
#3065=ADVANCED_FACE('',(#330),#51,.F.);
#3066=ADVANCED_FACE('',(#331),#98,.F.);
#3067=ADVANCED_FACE('',(#332),#2953,.T.);
#3068=ADVANCED_FACE('',(#333),#99,.F.);
#3069=ADVANCED_FACE('',(#334),#2954,.T.);
#3070=ADVANCED_FACE('',(#335),#2955,.F.);
#3071=ADVANCED_FACE('',(#336),#52,.F.);
#3072=ADVANCED_FACE('',(#337),#100,.F.);
#3073=ADVANCED_FACE('',(#338),#2956,.T.);
#3074=ADVANCED_FACE('',(#339),#101,.F.);
#3075=ADVANCED_FACE('',(#340),#2957,.T.);
#3076=ADVANCED_FACE('',(#341),#2958,.F.);
#3077=ADVANCED_FACE('',(#342),#53,.F.);
#3078=ADVANCED_FACE('',(#343),#102,.F.);
#3079=ADVANCED_FACE('',(#344),#2959,.T.);
#3080=ADVANCED_FACE('',(#345),#103,.F.);
#3081=ADVANCED_FACE('',(#346),#2960,.T.);
#3082=ADVANCED_FACE('',(#347),#2961,.F.);
#3083=ADVANCED_FACE('',(#348),#54,.F.);
#3084=ADVANCED_FACE('',(#349),#2962,.T.);
#3085=ADVANCED_FACE('',(#350),#104,.F.);
#3086=ADVANCED_FACE('',(#351),#2963,.T.);
#3087=ADVANCED_FACE('',(#352),#105,.F.);
#3088=ADVANCED_FACE('',(#353),#55,.F.);
#3089=ADVANCED_FACE('',(#354),#2964,.F.);
#3090=ADVANCED_FACE('',(#355),#106,.F.);
#3091=ADVANCED_FACE('',(#356),#2965,.T.);
#3092=ADVANCED_FACE('',(#357),#107,.F.);
#3093=ADVANCED_FACE('',(#358),#2966,.T.);
#3094=ADVANCED_FACE('',(#359,#140,#141,#142,#143,#144,#145,#146,#147,#148,
#149),#2967,.F.);
#3095=ADVANCED_FACE('',(#360),#108,.F.);
#3096=ADVANCED_FACE('',(#361),#2968,.T.);
#3097=ADVANCED_FACE('',(#362),#109,.F.);
#3098=ADVANCED_FACE('',(#363),#2969,.T.);
#3099=ADVANCED_FACE('',(#364),#2970,.F.);
#3100=ADVANCED_FACE('',(#365),#110,.F.);
#3101=ADVANCED_FACE('',(#366),#2971,.T.);
#3102=ADVANCED_FACE('',(#367),#111,.F.);
#3103=ADVANCED_FACE('',(#368),#2972,.T.);
#3104=ADVANCED_FACE('',(#369),#2973,.F.);
#3105=ADVANCED_FACE('',(#370),#112,.F.);
#3106=ADVANCED_FACE('',(#371),#2974,.T.);
#3107=ADVANCED_FACE('',(#372),#113,.F.);
#3108=ADVANCED_FACE('',(#373),#2975,.T.);
#3109=ADVANCED_FACE('',(#374),#2976,.F.);
#3110=ADVANCED_FACE('',(#375),#114,.F.);
#3111=ADVANCED_FACE('',(#376),#2977,.T.);
#3112=ADVANCED_FACE('',(#377),#115,.F.);
#3113=ADVANCED_FACE('',(#378),#2978,.T.);
#3114=ADVANCED_FACE('',(#379),#2979,.F.);
#3115=ADVANCED_FACE('',(#380),#116,.F.);
#3116=ADVANCED_FACE('',(#381),#2980,.T.);
#3117=ADVANCED_FACE('',(#382),#117,.F.);
#3118=ADVANCED_FACE('',(#383),#2981,.T.);
#3119=ADVANCED_FACE('',(#384),#2982,.F.);
#3120=ADVANCED_FACE('',(#385),#118,.F.);
#3121=ADVANCED_FACE('',(#386),#2983,.T.);
#3122=ADVANCED_FACE('',(#387),#119,.F.);
#3123=ADVANCED_FACE('',(#388),#2984,.T.);
#3124=ADVANCED_FACE('',(#389),#2985,.F.);
#3125=ADVANCED_FACE('',(#390),#120,.F.);
#3126=ADVANCED_FACE('',(#391),#2986,.T.);
#3127=ADVANCED_FACE('',(#392),#121,.F.);
#3128=ADVANCED_FACE('',(#393),#2987,.T.);
#3129=ADVANCED_FACE('',(#394),#2988,.F.);
#3130=ADVANCED_FACE('',(#395),#122,.F.);
#3131=ADVANCED_FACE('',(#396),#2989,.T.);
#3132=ADVANCED_FACE('',(#397),#123,.F.);
#3133=ADVANCED_FACE('',(#398),#2990,.T.);
#3134=ADVANCED_FACE('',(#399),#2991,.F.);
#3135=ADVANCED_FACE('',(#400),#56,.F.);
#3136=ADVANCED_FACE('',(#401),#57,.F.);
#3137=ADVANCED_FACE('',(#402),#58,.F.);
#3138=ADVANCED_FACE('',(#403),#59,.F.);
#3139=ADVANCED_FACE('',(#404),#60,.F.);
#3140=ADVANCED_FACE('',(#405),#61,.F.);
#3141=ADVANCED_FACE('',(#406),#62,.F.);
#3142=ADVANCED_FACE('',(#407),#63,.F.);
#3143=ADVANCED_FACE('',(#408),#2992,.F.);
#3144=ADVANCED_FACE('',(#409),#64,.F.);
#3145=ADVANCED_FACE('',(#410),#2993,.T.);
#3146=ADVANCED_FACE('',(#411,#150,#151),#2994,.F.);
#3147=ADVANCED_FACE('',(#412,#152),#2995,.F.);
#3148=ADVANCED_FACE('',(#413),#2996,.T.);
#3149=ADVANCED_FACE('',(#414),#2997,.T.);
#3150=ADVANCED_FACE('',(#415),#124,.F.);
#3151=ADVANCED_FACE('',(#416),#65,.F.);
#3152=ADVANCED_FACE('',(#417),#125,.F.);
#3153=ADVANCED_FACE('',(#418),#66,.F.);
#3154=ADVANCED_FACE('',(#419),#67,.T.);
#3155=ADVANCED_FACE('',(#420,#153,#154),#2998,.T.);
#3156=ADVANCED_FACE('',(#421),#68,.T.);
#3157=ADVANCED_FACE('',(#422),#69,.T.);
#3158=ADVANCED_FACE('',(#423,#155),#2999,.F.);
#3159=ADVANCED_FACE('',(#424),#3000,.T.);
#3160=ADVANCED_FACE('',(#425),#70,.T.);
#3161=ADVANCED_FACE('',(#426),#71,.F.);
#3162=ADVANCED_FACE('',(#427),#3001,.T.);
#3163=ADVANCED_FACE('',(#428,#156),#3002,.F.);
#3164=ADVANCED_FACE('',(#429),#72,.F.);
#3165=ADVANCED_FACE('',(#430),#73,.F.);
#3166=ADVANCED_FACE('',(#431),#3003,.T.);
#3167=ADVANCED_FACE('',(#432),#3004,.F.);
#3168=ADVANCED_FACE('',(#433),#39,.T.);
#3169=ADVANCED_FACE('',(#434),#3005,.T.);
#3170=ADVANCED_FACE('',(#435),#40,.T.);
#3171=ADVANCED_FACE('',(#436),#35,.F.);
#3172=ADVANCED_FACE('',(#437),#36,.F.);
#3173=ADVANCED_FACE('',(#438),#74,.T.);
#3174=ADVANCED_FACE('',(#439),#37,.F.);
#3175=ADVANCED_FACE('',(#440),#75,.T.);
#3176=ADVANCED_FACE('',(#441),#3006,.F.);
#3177=ADVANCED_FACE('',(#442),#76,.F.);
#3178=ADVANCED_FACE('',(#443),#38,.F.);
#3179=ADVANCED_FACE('',(#444),#3007,.F.);
#3180=ADVANCED_FACE('',(#445),#3008,.F.);
#3181=ADVANCED_FACE('',(#446),#77,.T.);
#3182=ADVANCED_FACE('',(#447),#78,.F.);
#3183=ADVANCED_FACE('',(#448,#157),#3009,.F.);
#3184=ADVANCED_FACE('',(#449,#158),#3010,.F.);
#3185=ADVANCED_FACE('',(#450),#79,.F.);
#3186=ADVANCED_FACE('',(#451),#3011,.T.);
#3187=ADVANCED_FACE('',(#452),#3012,.T.);
#3188=ADVANCED_FACE('',(#453,#159),#3013,.F.);
#3189=ADVANCED_FACE('',(#454),#80,.F.);
#3190=ADVANCED_FACE('',(#455),#3014,.T.);
#3191=ADVANCED_FACE('',(#456),#81,.F.);
#3192=ADVANCED_FACE('',(#457),#82,.F.);
#3193=ADVANCED_FACE('',(#458),#41,.T.);
#3194=ADVANCED_FACE('',(#459),#42,.T.);
#3195=ADVANCED_FACE('',(#460),#83,.T.);
#3196=ADVANCED_FACE('',(#461),#3015,.T.);
#3197=ADVANCED_FACE('',(#462),#3016,.T.);
#3198=ADVANCED_FACE('',(#463),#43,.F.);
#3199=ADVANCED_FACE('',(#464),#44,.F.);
#3200=ADVANCED_FACE('',(#465),#84,.F.);
#3201=ADVANCED_FACE('',(#466),#85,.F.);
#3202=ADVANCED_FACE('',(#467),#3017,.T.);
#3203=ADVANCED_FACE('',(#468),#3018,.T.);
#3204=CLOSED_SHELL('',(#3019,#3020,#3021,#3022,#3023,#3024,#3025,#3026,
#3027,#3028,#3029,#3030,#3031,#3032,#3033,#3034,#3035,#3036,#3037,#3038,
#3039,#3040,#3041,#3042,#3043,#3044,#3045,#3046,#3047,#3048,#3049,#3050,
#3051,#3052,#3053,#3054,#3055,#3056,#3057,#3058,#3059,#3060,#3061,#3062,
#3063,#3064,#3065,#3066,#3067,#3068,#3069,#3070,#3071,#3072,#3073,#3074,
#3075,#3076,#3077,#3078,#3079,#3080,#3081,#3082,#3083,#3084,#3085,#3086,
#3087,#3088,#3089,#3090,#3091,#3092,#3093,#3094,#3095,#3096,#3097,#3098,
#3099,#3100,#3101,#3102,#3103,#3104,#3105,#3106,#3107,#3108,#3109,#3110,
#3111,#3112,#3113,#3114,#3115,#3116,#3117,#3118,#3119,#3120,#3121,#3122,
#3123,#3124,#3125,#3126,#3127,#3128,#3129,#3130,#3131,#3132,#3133,#3134,
#3135,#3136,#3137,#3138,#3139,#3140,#3141,#3142,#3143,#3144,#3145,#3146,
#3147,#3148,#3149,#3150,#3151,#3152,#3153,#3154,#3155,#3156,#3157,#3158,
#3159,#3160,#3161,#3162,#3163,#3164,#3165,#3166,#3167,#3168,#3169,#3170,
#3171,#3172,#3173,#3174,#3175,#3176,#3177,#3178,#3179,#3180,#3181,#3182,
#3183,#3184,#3185,#3186,#3187,#3188,#3189,#3190,#3191,#3192,#3193,#3194,
#3195,#3196,#3197,#3198,#3199,#3200,#3201,#3202,#3203));
#3205=DERIVED_UNIT_ELEMENT(#3207,1.);
#3206=DERIVED_UNIT_ELEMENT(#5927,-3.);
#3207=(
MASS_UNIT()
NAMED_UNIT(*)
SI_UNIT(.KILO.,.GRAM.)
);
#3208=DERIVED_UNIT((#3205,#3206));
#3209=MEASURE_REPRESENTATION_ITEM('density measure',
POSITIVE_RATIO_MEASURE(1060.),#3208);
#3210=PROPERTY_DEFINITION_REPRESENTATION(#3215,#3212);
#3211=PROPERTY_DEFINITION_REPRESENTATION(#3216,#3213);
#3212=REPRESENTATION('material name',(#3214),#5924);
#3213=REPRESENTATION('density',(#3209),#5924);
#3214=DESCRIPTIVE_REPRESENTATION_ITEM('ABS Plastic','ABS Plastic');
#3215=PROPERTY_DEFINITION('material property','material name',#5934);
#3216=PROPERTY_DEFINITION('material property','density of part',#5934);
#3217=AXIS2_PLACEMENT_3D('',#4469,#3532,#3533);
#3218=AXIS2_PLACEMENT_3D('',#4470,#3534,#3535);
#3219=AXIS2_PLACEMENT_3D('',#4479,#3540,#3541);
#3220=AXIS2_PLACEMENT_3D('',#4485,#3545,#3546);
#3221=AXIS2_PLACEMENT_3D('',#4492,#3550,#3551);
#3222=AXIS2_PLACEMENT_3D('',#4493,#3552,#3553);
#3223=AXIS2_PLACEMENT_3D('',#4502,#3558,#3559);
#3224=AXIS2_PLACEMENT_3D('',#4508,#3563,#3564);
#3225=AXIS2_PLACEMENT_3D('',#4515,#3568,#3569);
#3226=AXIS2_PLACEMENT_3D('',#4516,#3570,#3571);
#3227=AXIS2_PLACEMENT_3D('',#4519,#3573,#3574);
#3228=AXIS2_PLACEMENT_3D('',#4520,#3575,#3576);
#3229=AXIS2_PLACEMENT_3D('',#4522,#3577,#3578);
#3230=AXIS2_PLACEMENT_3D('',#4524,#3580,#3581);
#3231=AXIS2_PLACEMENT_3D('',#4527,#3583,#3584);
#3232=AXIS2_PLACEMENT_3D('',#4528,#3585,#3586);
#3233=AXIS2_PLACEMENT_3D('',#4530,#3587,#3588);
#3234=AXIS2_PLACEMENT_3D('',#4532,#3590,#3591);
#3235=AXIS2_PLACEMENT_3D('',#4536,#3594,#3595);
#3236=AXIS2_PLACEMENT_3D('',#4540,#3598,#3599);
#3237=AXIS2_PLACEMENT_3D('',#4544,#3602,#3603);
#3238=AXIS2_PLACEMENT_3D('',#4546,#3605,#3606);
#3239=AXIS2_PLACEMENT_3D('',#4550,#3609,#3610);
#3240=AXIS2_PLACEMENT_3D('',#4552,#3612,#3613);
#3241=AXIS2_PLACEMENT_3D('',#4557,#3615,#3616);
#3242=AXIS2_PLACEMENT_3D('',#4560,#3618,#3619);
#3243=AXIS2_PLACEMENT_3D('',#4561,#3620,#3621);
#3244=AXIS2_PLACEMENT_3D('',#4567,#3625,#3626);
#3245=AXIS2_PLACEMENT_3D('',#4571,#3628,#3629);
#3246=AXIS2_PLACEMENT_3D('',#4572,#3630,#3631);
#3247=AXIS2_PLACEMENT_3D('',#4573,#3632,#3633);
#3248=AXIS2_PLACEMENT_3D('',#4576,#3636,#3637);
#3249=AXIS2_PLACEMENT_3D('',#4582,#3641,#3642);
#3250=AXIS2_PLACEMENT_3D('',#4585,#3644,#3645);
#3251=AXIS2_PLACEMENT_3D('',#4586,#3646,#3647);
#3252=AXIS2_PLACEMENT_3D('',#4597,#3652,#3653);
#3253=AXIS2_PLACEMENT_3D('',#4601,#3655,#3656);
#3254=AXIS2_PLACEMENT_3D('',#4605,#3658,#3659);
#3255=AXIS2_PLACEMENT_3D('',#4609,#3661,#3662);
#3256=AXIS2_PLACEMENT_3D('',#4613,#3664,#3665);
#3257=AXIS2_PLACEMENT_3D('',#4617,#3667,#3668);
#3258=AXIS2_PLACEMENT_3D('',#4621,#3670,#3671);
#3259=AXIS2_PLACEMENT_3D('',#4625,#3673,#3674);
#3260=AXIS2_PLACEMENT_3D('',#4628,#3676,#3677);
#3261=AXIS2_PLACEMENT_3D('',#4633,#3679,#3680);
#3262=AXIS2_PLACEMENT_3D('',#4636,#3682,#3683);
#3263=AXIS2_PLACEMENT_3D('',#4639,#3684,#3685);
#3264=AXIS2_PLACEMENT_3D('',#4643,#3687,#3688);
#3265=AXIS2_PLACEMENT_3D('',#4647,#3690,#3691);
#3266=AXIS2_PLACEMENT_3D('',#4651,#3693,#3694);
#3267=AXIS2_PLACEMENT_3D('',#4655,#3696,#3697);
#3268=AXIS2_PLACEMENT_3D('',#4659,#3699,#3700);
#3269=AXIS2_PLACEMENT_3D('',#4661,#3702,#3703);
#3270=AXIS2_PLACEMENT_3D('',#4666,#3706,#3707);
#3271=AXIS2_PLACEMENT_3D('',#4667,#3708,#3709);
#3272=AXIS2_PLACEMENT_3D('',#4671,#3712,#3713);
#3273=AXIS2_PLACEMENT_3D('',#4674,#3715,#3716);
#3274=AXIS2_PLACEMENT_3D('',#4675,#3717,#3718);
#3275=AXIS2_PLACEMENT_3D('',#4677,#3720,#3721);
#3276=AXIS2_PLACEMENT_3D('',#4683,#3725,#3726);
#3277=AXIS2_PLACEMENT_3D('',#4686,#3728,#3729);
#3278=AXIS2_PLACEMENT_3D('',#4687,#3730,#3731);
#3279=AXIS2_PLACEMENT_3D('',#4692,#3734,#3735);
#3280=AXIS2_PLACEMENT_3D('',#4693,#3736,#3737);
#3281=AXIS2_PLACEMENT_3D('',#4697,#3740,#3741);
#3282=AXIS2_PLACEMENT_3D('',#4700,#3743,#3744);
#3283=AXIS2_PLACEMENT_3D('',#4701,#3745,#3746);
#3284=AXIS2_PLACEMENT_3D('',#4703,#3748,#3749);
#3285=AXIS2_PLACEMENT_3D('',#4709,#3753,#3754);
#3286=AXIS2_PLACEMENT_3D('',#4712,#3756,#3757);
#3287=AXIS2_PLACEMENT_3D('',#4713,#3758,#3759);
#3288=AXIS2_PLACEMENT_3D('',#4718,#3762,#3763);
#3289=AXIS2_PLACEMENT_3D('',#4719,#3764,#3765);
#3290=AXIS2_PLACEMENT_3D('',#4723,#3768,#3769);
#3291=AXIS2_PLACEMENT_3D('',#4726,#3771,#3772);
#3292=AXIS2_PLACEMENT_3D('',#4727,#3773,#3774);
#3293=AXIS2_PLACEMENT_3D('',#4729,#3776,#3777);
#3294=AXIS2_PLACEMENT_3D('',#4735,#3781,#3782);
#3295=AXIS2_PLACEMENT_3D('',#4738,#3784,#3785);
#3296=AXIS2_PLACEMENT_3D('',#4739,#3786,#3787);
#3297=AXIS2_PLACEMENT_3D('',#4744,#3790,#3791);
#3298=AXIS2_PLACEMENT_3D('',#4745,#3792,#3793);
#3299=AXIS2_PLACEMENT_3D('',#4749,#3796,#3797);
#3300=AXIS2_PLACEMENT_3D('',#4752,#3799,#3800);
#3301=AXIS2_PLACEMENT_3D('',#4753,#3801,#3802);
#3302=AXIS2_PLACEMENT_3D('',#4755,#3804,#3805);
#3303=AXIS2_PLACEMENT_3D('',#4761,#3809,#3810);
#3304=AXIS2_PLACEMENT_3D('',#4764,#3812,#3813);
#3305=AXIS2_PLACEMENT_3D('',#4765,#3814,#3815);
#3306=AXIS2_PLACEMENT_3D('',#4770,#3818,#3819);
#3307=AXIS2_PLACEMENT_3D('',#4771,#3820,#3821);
#3308=AXIS2_PLACEMENT_3D('',#4775,#3824,#3825);
#3309=AXIS2_PLACEMENT_3D('',#4778,#3827,#3828);
#3310=AXIS2_PLACEMENT_3D('',#4779,#3829,#3830);
#3311=AXIS2_PLACEMENT_3D('',#4781,#3832,#3833);
#3312=AXIS2_PLACEMENT_3D('',#4787,#3837,#3838);
#3313=AXIS2_PLACEMENT_3D('',#4790,#3840,#3841);
#3314=AXIS2_PLACEMENT_3D('',#4791,#3842,#3843);
#3315=AXIS2_PLACEMENT_3D('',#4796,#3846,#3847);
#3316=AXIS2_PLACEMENT_3D('',#4797,#3848,#3849);
#3317=AXIS2_PLACEMENT_3D('',#4801,#3852,#3853);
#3318=AXIS2_PLACEMENT_3D('',#4804,#3855,#3856);
#3319=AXIS2_PLACEMENT_3D('',#4805,#3857,#3858);
#3320=AXIS2_PLACEMENT_3D('',#4807,#3860,#3861);
#3321=AXIS2_PLACEMENT_3D('',#4813,#3865,#3866);
#3322=AXIS2_PLACEMENT_3D('',#4816,#3868,#3869);
#3323=AXIS2_PLACEMENT_3D('',#4817,#3870,#3871);
#3324=AXIS2_PLACEMENT_3D('',#4822,#3874,#3875);
#3325=AXIS2_PLACEMENT_3D('',#4823,#3876,#3877);
#3326=AXIS2_PLACEMENT_3D('',#4827,#3880,#3881);
#3327=AXIS2_PLACEMENT_3D('',#4830,#3883,#3884);
#3328=AXIS2_PLACEMENT_3D('',#4831,#3885,#3886);
#3329=AXIS2_PLACEMENT_3D('',#4833,#3888,#3889);
#3330=AXIS2_PLACEMENT_3D('',#4839,#3893,#3894);
#3331=AXIS2_PLACEMENT_3D('',#4842,#3896,#3897);
#3332=AXIS2_PLACEMENT_3D('',#4843,#3898,#3899);
#3333=AXIS2_PLACEMENT_3D('',#4849,#3903,#3904);
#3334=AXIS2_PLACEMENT_3D('',#4852,#3906,#3907);
#3335=AXIS2_PLACEMENT_3D('',#4853,#3908,#3909);
#3336=AXIS2_PLACEMENT_3D('',#4857,#3912,#3913);
#3337=AXIS2_PLACEMENT_3D('',#4858,#3914,#3915);
#3338=AXIS2_PLACEMENT_3D('',#4859,#3916,#3917);
#3339=AXIS2_PLACEMENT_3D('',#4863,#3919,#3920);
#3340=AXIS2_PLACEMENT_3D('',#4865,#3922,#3923);
#3341=AXIS2_PLACEMENT_3D('',#4869,#3926,#3927);
#3342=AXIS2_PLACEMENT_3D('',#4873,#3929,#3930);
#3343=AXIS2_PLACEMENT_3D('',#4875,#3932,#3933);
#3344=AXIS2_PLACEMENT_3D('',#4879,#3936,#3937);
#3345=AXIS2_PLACEMENT_3D('',#4883,#3939,#3940);
#3346=AXIS2_PLACEMENT_3D('',#4884,#3941,#3942);
#3347=AXIS2_PLACEMENT_3D('',#4885,#3943,#3944);
#3348=AXIS2_PLACEMENT_3D('',#4888,#3947,#3948);
#3349=AXIS2_PLACEMENT_3D('',#4907,#3957,#3958);
#3350=AXIS2_PLACEMENT_3D('',#4911,#3960,#3961);
#3351=AXIS2_PLACEMENT_3D('',#4915,#3963,#3964);
#3352=AXIS2_PLACEMENT_3D('',#4919,#3966,#3967);
#3353=AXIS2_PLACEMENT_3D('',#4923,#3969,#3970);
#3354=AXIS2_PLACEMENT_3D('',#4927,#3972,#3973);
#3355=AXIS2_PLACEMENT_3D('',#4931,#3975,#3976);
#3356=AXIS2_PLACEMENT_3D('',#4935,#3978,#3979);
#3357=AXIS2_PLACEMENT_3D('',#4938,#3981,#3982);
#3358=AXIS2_PLACEMENT_3D('',#4941,#3983,#3984);
#3359=AXIS2_PLACEMENT_3D('',#4945,#3986,#3987);
#3360=AXIS2_PLACEMENT_3D('',#4949,#3989,#3990);
#3361=AXIS2_PLACEMENT_3D('',#4953,#3992,#3993);
#3362=AXIS2_PLACEMENT_3D('',#4957,#3995,#3996);
#3363=AXIS2_PLACEMENT_3D('',#4961,#3998,#3999);
#3364=AXIS2_PLACEMENT_3D('',#4965,#4001,#4002);
#3365=AXIS2_PLACEMENT_3D('',#4969,#4004,#4005);
#3366=AXIS2_PLACEMENT_3D('',#4971,#4007,#4008);
#3367=AXIS2_PLACEMENT_3D('',#4974,#4011,#4012);
#3368=AXIS2_PLACEMENT_3D('',#4978,#4015,#4016);
#3369=AXIS2_PLACEMENT_3D('',#4980,#4018,#4019);
#3370=AXIS2_PLACEMENT_3D('',#4981,#4020,#4021);
#3371=AXIS2_PLACEMENT_3D('',#4982,#4022,#4023);
#3372=AXIS2_PLACEMENT_3D('',#4984,#4025,#4026);
#3373=AXIS2_PLACEMENT_3D('',#4987,#4029,#4030);
#3374=AXIS2_PLACEMENT_3D('',#4991,#4033,#4034);
#3375=AXIS2_PLACEMENT_3D('',#4993,#4036,#4037);
#3376=AXIS2_PLACEMENT_3D('',#4994,#4038,#4039);
#3377=AXIS2_PLACEMENT_3D('',#4995,#4040,#4041);
#3378=AXIS2_PLACEMENT_3D('',#4997,#4043,#4044);
#3379=AXIS2_PLACEMENT_3D('',#5000,#4047,#4048);
#3380=AXIS2_PLACEMENT_3D('',#5004,#4051,#4052);
#3381=AXIS2_PLACEMENT_3D('',#5006,#4054,#4055);
#3382=AXIS2_PLACEMENT_3D('',#5007,#4056,#4057);
#3383=AXIS2_PLACEMENT_3D('',#5008,#4058,#4059);
#3384=AXIS2_PLACEMENT_3D('',#5010,#4061,#4062);
#3385=AXIS2_PLACEMENT_3D('',#5013,#4065,#4066);
#3386=AXIS2_PLACEMENT_3D('',#5017,#4069,#4070);
#3387=AXIS2_PLACEMENT_3D('',#5019,#4072,#4073);
#3388=AXIS2_PLACEMENT_3D('',#5020,#4074,#4075);
#3389=AXIS2_PLACEMENT_3D('',#5021,#4076,#4077);
#3390=AXIS2_PLACEMENT_3D('',#5023,#4079,#4080);
#3391=AXIS2_PLACEMENT_3D('',#5026,#4083,#4084);
#3392=AXIS2_PLACEMENT_3D('',#5030,#4087,#4088);
#3393=AXIS2_PLACEMENT_3D('',#5032,#4090,#4091);
#3394=AXIS2_PLACEMENT_3D('',#5033,#4092,#4093);
#3395=AXIS2_PLACEMENT_3D('',#5034,#4094,#4095);
#3396=AXIS2_PLACEMENT_3D('',#5036,#4097,#4098);
#3397=AXIS2_PLACEMENT_3D('',#5039,#4101,#4102);
#3398=AXIS2_PLACEMENT_3D('',#5043,#4105,#4106);
#3399=AXIS2_PLACEMENT_3D('',#5045,#4108,#4109);
#3400=AXIS2_PLACEMENT_3D('',#5046,#4110,#4111);
#3401=AXIS2_PLACEMENT_3D('',#5047,#4112,#4113);
#3402=AXIS2_PLACEMENT_3D('',#5049,#4115,#4116);
#3403=AXIS2_PLACEMENT_3D('',#5052,#4119,#4120);
#3404=AXIS2_PLACEMENT_3D('',#5056,#4123,#4124);
#3405=AXIS2_PLACEMENT_3D('',#5058,#4126,#4127);
#3406=AXIS2_PLACEMENT_3D('',#5059,#4128,#4129);
#3407=AXIS2_PLACEMENT_3D('',#5060,#4130,#4131);
#3408=AXIS2_PLACEMENT_3D('',#5062,#4133,#4134);
#3409=AXIS2_PLACEMENT_3D('',#5065,#4137,#4138);
#3410=AXIS2_PLACEMENT_3D('',#5069,#4141,#4142);
#3411=AXIS2_PLACEMENT_3D('',#5071,#4144,#4145);
#3412=AXIS2_PLACEMENT_3D('',#5072,#4146,#4147);
#3413=AXIS2_PLACEMENT_3D('',#5073,#4148,#4149);
#3414=AXIS2_PLACEMENT_3D('',#5075,#4151,#4152);
#3415=AXIS2_PLACEMENT_3D('',#5076,#4153,#4154);
#3416=AXIS2_PLACEMENT_3D('',#5077,#4155,#4156);
#3417=AXIS2_PLACEMENT_3D('',#5078,#4157,#4158);
#3418=AXIS2_PLACEMENT_3D('',#5079,#4159,#4160);
#3419=AXIS2_PLACEMENT_3D('',#5080,#4161,#4162);
#3420=AXIS2_PLACEMENT_3D('',#5081,#4163,#4164);
#3421=AXIS2_PLACEMENT_3D('',#5082,#4165,#4166);
#3422=AXIS2_PLACEMENT_3D('',#5083,#4167,#4168);
#3423=AXIS2_PLACEMENT_3D('',#5085,#4170,#4171);
#3424=AXIS2_PLACEMENT_3D('',#5086,#4172,#4173);
#3425=AXIS2_PLACEMENT_3D('',#5092,#4177,#4178);
#3426=AXIS2_PLACEMENT_3D('',#5099,#4182,#4183);
#3427=AXIS2_PLACEMENT_3D('',#5101,#4184,#4185);
#3428=AXIS2_PLACEMENT_3D('',#5110,#4190,#4191);
#3429=AXIS2_PLACEMENT_3D('',#5112,#4192,#4193);
#3430=AXIS2_PLACEMENT_3D('',#5113,#4194,#4195);
#3431=AXIS2_PLACEMENT_3D('',#5115,#4196,#4197);
#3432=AXIS2_PLACEMENT_3D('',#5120,#4200,#4201);
#3433=AXIS2_PLACEMENT_3D('',#5121,#4202,#4203);
#3434=AXIS2_PLACEMENT_3D('',#5123,#4205,#4206);
#3435=AXIS2_PLACEMENT_3D('',#5129,#4210,#4211);
#3436=AXIS2_PLACEMENT_3D('',#5132,#4213,#4214);
#3437=AXIS2_PLACEMENT_3D('',#5133,#4215,#4216);
#3438=AXIS2_PLACEMENT_3D('',#5135,#4218,#4219);
#3439=AXIS2_PLACEMENT_3D('',#5138,#4221,#4222);
#3440=AXIS2_PLACEMENT_3D('',#5139,#4223,#4224);
#3441=AXIS2_PLACEMENT_3D('',#5141,#4225,#4226);
#3442=AXIS2_PLACEMENT_3D('',#5143,#4228,#4229);
#3443=AXIS2_PLACEMENT_3D('',#5146,#4230,#4231);
#3444=AXIS2_PLACEMENT_3D('',#5150,#4233,#4234);
#3445=AXIS2_PLACEMENT_3D('',#5152,#4236,#4237);
#3446=AXIS2_PLACEMENT_3D('',#5176,#4249,#4250);
#3447=AXIS2_PLACEMENT_3D('',#5179,#4252,#4253);
#3448=AXIS2_PLACEMENT_3D('',#5181,#4254,#4255);
#3449=AXIS2_PLACEMENT_3D('',#5182,#4256,#4257);
#3450=AXIS2_PLACEMENT_3D('',#5185,#4258,#4259);
#3451=AXIS2_PLACEMENT_3D('',#5188,#4262,#4263);
#3452=AXIS2_PLACEMENT_3D('',#5192,#4265,#4266);
#3453=AXIS2_PLACEMENT_3D('',#5195,#4268,#4269);
#3454=AXIS2_PLACEMENT_3D('',#5196,#4270,#4271);
#3455=AXIS2_PLACEMENT_3D('',#5199,#4273,#4274);
#3456=AXIS2_PLACEMENT_3D('',#5201,#4276,#4277);
#3457=AXIS2_PLACEMENT_3D('',#5202,#4278,#4279);
#3458=AXIS2_PLACEMENT_3D('',#5204,#4280,#4281);
#3459=AXIS2_PLACEMENT_3D('',#5208,#4283,#4284);
#3460=AXIS2_PLACEMENT_3D('',#5210,#4286,#4287);
#3461=AXIS2_PLACEMENT_3D('',#5213,#4289,#4290);
#3462=AXIS2_PLACEMENT_3D('',#5214,#4291,#4292);
#3463=AXIS2_PLACEMENT_3D('',#5217,#4295,#4296);
#3464=AXIS2_PLACEMENT_3D('',#5224,#4301,#4302);
#3465=AXIS2_PLACEMENT_3D('',#5225,#4303,#4304);
#3466=AXIS2_PLACEMENT_3D('',#5226,#4305,#4306);
#3467=AXIS2_PLACEMENT_3D('',#5229,#4307,#4308);
#3468=AXIS2_PLACEMENT_3D('',#5233,#4310,#4311);
#3469=AXIS2_PLACEMENT_3D('',#5235,#4313,#4314);
#3470=AXIS2_PLACEMENT_3D('',#5240,#4318,#4319);
#3471=AXIS2_PLACEMENT_3D('',#5242,#4321,#4322);
#3472=AXIS2_PLACEMENT_3D('',#5244,#4323,#4324);
#3473=AXIS2_PLACEMENT_3D('',#5245,#4325,#4326);
#3474=AXIS2_PLACEMENT_3D('',#5246,#4327,#4328);
#3475=AXIS2_PLACEMENT_3D('',#5250,#4331,#4332);
#3476=AXIS2_PLACEMENT_3D('',#5252,#4333,#4334);
#3477=AXIS2_PLACEMENT_3D('',#5253,#4335,#4336);
#3478=AXIS2_PLACEMENT_3D('',#5348,#4337,#4338);
#3479=AXIS2_PLACEMENT_3D('',#5350,#4339,#4340);
#3480=AXIS2_PLACEMENT_3D('',#5352,#4341,#4342);
#3481=AXIS2_PLACEMENT_3D('',#5354,#4343,#4344);
#3482=AXIS2_PLACEMENT_3D('',#5356,#4345,#4346);
#3483=AXIS2_PLACEMENT_3D('',#5358,#4347,#4348);
#3484=AXIS2_PLACEMENT_3D('',#5509,#4349,#4350);
#3485=AXIS2_PLACEMENT_3D('',#5511,#4351,#4352);
#3486=AXIS2_PLACEMENT_3D('',#5513,#4353,#4354);
#3487=AXIS2_PLACEMENT_3D('',#5515,#4355,#4356);
#3488=AXIS2_PLACEMENT_3D('',#5517,#4357,#4358);
#3489=AXIS2_PLACEMENT_3D('',#5551,#4359,#4360);
#3490=AXIS2_PLACEMENT_3D('',#5709,#4365,#4366);
#3491=AXIS2_PLACEMENT_3D('',#5712,#4368,#4369);
#3492=AXIS2_PLACEMENT_3D('',#5714,#4371,#4372);
#3493=AXIS2_PLACEMENT_3D('',#5718,#4375,#4376);
#3494=AXIS2_PLACEMENT_3D('',#5720,#4377,#4378);
#3495=AXIS2_PLACEMENT_3D('',#5862,#4380,#4381);
#3496=AXIS2_PLACEMENT_3D('',#5864,#4383,#4384);
#3497=AXIS2_PLACEMENT_3D('',#5865,#4385,#4386);
#3498=AXIS2_PLACEMENT_3D('',#5867,#4388,#4389);
#3499=AXIS2_PLACEMENT_3D('',#5868,#4390,#4391);
#3500=AXIS2_PLACEMENT_3D('',#5870,#4392,#4393);
#3501=AXIS2_PLACEMENT_3D('',#5872,#4395,#4396);
#3502=AXIS2_PLACEMENT_3D('',#5874,#4397,#4398);
#3503=AXIS2_PLACEMENT_3D('',#5875,#4399,#4400);
#3504=AXIS2_PLACEMENT_3D('',#5877,#4401,#4402);
#3505=AXIS2_PLACEMENT_3D('',#5878,#4403,#4404);
#3506=AXIS2_PLACEMENT_3D('',#5880,#4406,#4407);
#3507=AXIS2_PLACEMENT_3D('',#5884,#4409,#4410);
#3508=AXIS2_PLACEMENT_3D('',#5886,#4412,#4413);
#3509=AXIS2_PLACEMENT_3D('',#5894,#4418,#4419);
#3510=AXIS2_PLACEMENT_3D('',#5897,#4422,#4423);
#3511=AXIS2_PLACEMENT_3D('',#5899,#4425,#4426);
#3512=AXIS2_PLACEMENT_3D('',#5900,#4427,#4428);
#3513=AXIS2_PLACEMENT_3D('',#5901,#4429,#4430);
#3514=AXIS2_PLACEMENT_3D('',#5902,#4431,#4432);
#3515=AXIS2_PLACEMENT_3D('',#5903,#4433,#4434);
#3516=AXIS2_PLACEMENT_3D('',#5905,#4436,#4437);
#3517=AXIS2_PLACEMENT_3D('',#5906,#4438,#4439);
#3518=AXIS2_PLACEMENT_3D('',#5907,#4440,#4441);
#3519=AXIS2_PLACEMENT_3D('',#5908,#4442,#4443);
#3520=AXIS2_PLACEMENT_3D('',#5909,#4444,#4445);
#3521=AXIS2_PLACEMENT_3D('',#5910,#4446,#4447);
#3522=AXIS2_PLACEMENT_3D('',#5911,#4448,#4449);
#3523=AXIS2_PLACEMENT_3D('',#5912,#4450,#4451);
#3524=AXIS2_PLACEMENT_3D('',#5913,#4452,#4453);
#3525=AXIS2_PLACEMENT_3D('',#5914,#4454,#4455);
#3526=AXIS2_PLACEMENT_3D('',#5915,#4456,#4457);
#3527=AXIS2_PLACEMENT_3D('',#5916,#4458,#4459);
#3528=AXIS2_PLACEMENT_3D('',#5917,#4460,#4461);
#3529=AXIS2_PLACEMENT_3D('',#5918,#4462,#4463);
#3530=AXIS2_PLACEMENT_3D('',#5919,#4464,#4465);
#3531=AXIS2_PLACEMENT_3D('',#5921,#4467,#4468);
#3532=DIRECTION('axis',(0.,0.,1.));
#3533=DIRECTION('refdir',(1.,0.,0.));
#3534=DIRECTION('center_axis',(0.707106781186547,0.,-0.707106781186548));
#3535=DIRECTION('ref_axis',(-0.707106781186548,0.,-0.707106781186547));
#3536=DIRECTION('',(-0.707106781186548,0.,-0.707106781186547));
#3537=DIRECTION('',(0.,1.,0.));
#3538=DIRECTION('',(0.707106781186548,0.,0.707106781186547));
#3539=DIRECTION('',(0.,-1.,0.));
#3540=DIRECTION('center_axis',(0.,0.,-1.));
#3541=DIRECTION('ref_axis',(-1.,0.,0.));
#3542=DIRECTION('',(-1.,0.,0.));
#3543=DIRECTION('',(2.60470287738539E-17,1.,0.));
#3544=DIRECTION('',(-1.,0.,0.));
#3545=DIRECTION('center_axis',(0.,-1.,0.));
#3546=DIRECTION('ref_axis',(1.,0.,0.));
#3547=DIRECTION('',(0.,0.,1.));
#3548=DIRECTION('',(1.,0.,0.));
#3549=DIRECTION('',(0.,0.,1.));
#3550=DIRECTION('center_axis',(0.,-1.,0.));
#3551=DIRECTION('ref_axis',(1.,0.,0.));
#3552=DIRECTION('center_axis',(-0.707106781186547,0.,-0.707106781186548));
#3553=DIRECTION('ref_axis',(-0.707106781186548,0.,0.707106781186547));
#3554=DIRECTION('',(0.707106781186548,0.,-0.707106781186547));
#3555=DIRECTION('',(0.,-1.,0.));
#3556=DIRECTION('',(-0.707106781186548,0.,0.707106781186547));
#3557=DIRECTION('',(0.,1.,0.));
#3558=DIRECTION('center_axis',(1.,0.,0.));
#3559=DIRECTION('ref_axis',(0.,0.,-1.));
#3560=DIRECTION('',(0.,0.,-1.));
#3561=DIRECTION('',(0.,1.,0.));
#3562=DIRECTION('',(0.,0.,1.));
#3563=DIRECTION('center_axis',(0.,-1.,0.));
#3564=DIRECTION('ref_axis',(1.,0.,0.));
#3565=DIRECTION('',(-1.,0.,0.));
#3566=DIRECTION('',(0.,0.,-1.));
#3567=DIRECTION('',(1.,0.,0.));
#3568=DIRECTION('center_axis',(0.,-1.,0.));
#3569=DIRECTION('ref_axis',(1.,0.,0.));
#3570=DIRECTION('center_axis',(0.,-1.,0.));
#3571=DIRECTION('ref_axis',(1.,0.,0.));
#3572=DIRECTION('',(0.70710678118654,0.707106781186555,8.65956056235484E-17));
#3573=DIRECTION('center_axis',(0.,1.,0.));
#3574=DIRECTION('ref_axis',(1.,0.,0.));
#3575=DIRECTION('center_axis',(0.,1.,0.));
#3576=DIRECTION('ref_axis',(1.,0.,0.));
#3577=DIRECTION('center_axis',(0.,-1.,0.));
#3578=DIRECTION('ref_axis',(1.,0.,0.));
#3579=DIRECTION('',(0.,-1.,0.));
#3580=DIRECTION('center_axis',(0.,-1.,0.));
#3581=DIRECTION('ref_axis',(1.,0.,0.));
#3582=DIRECTION('',(0.707106781186547,0.707106781186548,8.65956056235493E-17));
#3583=DIRECTION('center_axis',(0.,1.,0.));
#3584=DIRECTION('ref_axis',(1.,0.,0.));
#3585=DIRECTION('center_axis',(0.,1.,0.));
#3586=DIRECTION('ref_axis',(1.,0.,0.));
#3587=DIRECTION('center_axis',(0.,-1.,0.));
#3588=DIRECTION('ref_axis',(1.,0.,0.));
#3589=DIRECTION('',(0.,-1.,0.));
#3590=DIRECTION('center_axis',(0.,0.,1.));
#3591=DIRECTION('ref_axis',(1.,0.,0.));
#3592=DIRECTION('',(0.,1.,0.));
#3593=DIRECTION('',(1.,0.,0.));
#3594=DIRECTION('center_axis',(-1.,0.,0.));
#3595=DIRECTION('ref_axis',(0.,0.,1.));
#3596=DIRECTION('',(0.,0.,-1.));
#3597=DIRECTION('',(0.,-1.,0.));
#3598=DIRECTION('center_axis',(0.,0.,1.));
#3599=DIRECTION('ref_axis',(1.,0.,0.));
#3600=DIRECTION('',(1.,0.,0.));
#3601=DIRECTION('',(-2.60470287738539E-17,-1.,0.));
#3602=DIRECTION('center_axis',(0.,-1.,0.));
#3603=DIRECTION('ref_axis',(1.,0.,0.));
#3604=DIRECTION('',(0.,0.,-1.));
#3605=DIRECTION('center_axis',(0.,0.,-1.));
#3606=DIRECTION('ref_axis',(-1.,0.,0.));
#3607=DIRECTION('',(-1.,0.,0.));
#3608=DIRECTION('',(0.,-1.,0.));
#3609=DIRECTION('center_axis',(0.,-1.,0.));
#3610=DIRECTION('ref_axis',(1.,0.,0.));
#3611=DIRECTION('',(0.,0.,1.));
#3612=DIRECTION('center_axis',(0.,0.,1.));
#3613=DIRECTION('ref_axis',(-1.,0.,0.));
#3614=DIRECTION('',(-0.707106781186545,0.,0.70710678118655));
#3615=DIRECTION('center_axis',(0.,0.,1.));
#3616=DIRECTION('ref_axis',(-1.,0.,0.));
#3617=DIRECTION('',(-0.707106781186545,0.,-0.70710678118655));
#3618=DIRECTION('center_axis',(0.,0.,-1.));
#3619=DIRECTION('ref_axis',(-1.,0.,0.));
#3620=DIRECTION('center_axis',(0.707106781186548,0.,0.707106781186548));
#3621=DIRECTION('ref_axis',(0.707106781186548,0.,-0.707106781186548));
#3622=DIRECTION('',(-0.707106781186548,0.,0.707106781186548));
#3623=DIRECTION('',(0.,-1.,0.));
#3624=DIRECTION('',(0.,1.,0.));
#3625=DIRECTION('center_axis',(0.,0.,1.));
#3626=DIRECTION('ref_axis',(1.,0.,0.));
#3627=DIRECTION('',(0.707106781186542,0.,0.707106781186553));
#3628=DIRECTION('center_axis',(0.,0.,1.));
#3629=DIRECTION('ref_axis',(1.,0.,0.));
#3630=DIRECTION('center_axis',(0.,0.,-1.));
#3631=DIRECTION('ref_axis',(1.,0.,0.));
#3632=DIRECTION('center_axis',(-0.707106781186548,0.,0.707106781186548));
#3633=DIRECTION('ref_axis',(0.707106781186548,0.,0.707106781186548));
#3634=DIRECTION('',(0.,1.,0.));
#3635=DIRECTION('',(0.,-1.,0.));
#3636=DIRECTION('center_axis',(-1.,0.,0.));
#3637=DIRECTION('ref_axis',(0.,1.,0.));
#3638=DIRECTION('',(0.,0.,-1.));
#3639=DIRECTION('',(0.,-1.,0.));
#3640=DIRECTION('',(0.,0.,-1.));
#3641=DIRECTION('center_axis',(0.,0.,-1.));
#3642=DIRECTION('ref_axis',(-1.,0.,0.));
#3643=DIRECTION('',(0.,0.,-1.));
#3644=DIRECTION('center_axis',(0.,0.,1.));
#3645=DIRECTION('ref_axis',(-1.,0.,0.));
#3646=DIRECTION('center_axis',(0.,0.,1.));
#3647=DIRECTION('ref_axis',(0.,-1.,0.));
#3648=DIRECTION('',(0.,1.,0.));
#3649=DIRECTION('',(1.,4.99397480854723E-17,0.));
#3650=DIRECTION('',(0.,-1.,0.));
#3651=DIRECTION('',(1.,0.,0.));
#3652=DIRECTION('center_axis',(0.,0.,1.));
#3653=DIRECTION('ref_axis',(-1.,0.,0.));
#3654=DIRECTION('',(0.,-1.,0.));
#3655=DIRECTION('center_axis',(0.,0.,1.));
#3656=DIRECTION('ref_axis',(1.,0.,0.));
#3657=DIRECTION('',(0.,1.,0.));
#3658=DIRECTION('center_axis',(0.,0.,1.));
#3659=DIRECTION('ref_axis',(-1.,0.,0.));
#3660=DIRECTION('',(0.,-1.,0.));
#3661=DIRECTION('center_axis',(0.,0.,1.));
#3662=DIRECTION('ref_axis',(1.,0.,0.));
#3663=DIRECTION('',(0.,1.,0.));
#3664=DIRECTION('center_axis',(0.,0.,1.));
#3665=DIRECTION('ref_axis',(-1.,0.,0.));
#3666=DIRECTION('',(0.,-1.,0.));
#3667=DIRECTION('center_axis',(0.,0.,1.));
#3668=DIRECTION('ref_axis',(1.,0.,0.));
#3669=DIRECTION('',(0.,1.,0.));
#3670=DIRECTION('center_axis',(0.,0.,1.));
#3671=DIRECTION('ref_axis',(-1.,0.,0.));
#3672=DIRECTION('',(0.,-1.,0.));
#3673=DIRECTION('center_axis',(0.,0.,1.));
#3674=DIRECTION('ref_axis',(1.,0.,0.));
#3675=DIRECTION('',(0.,1.,0.));
#3676=DIRECTION('center_axis',(0.,0.,-1.));
#3677=DIRECTION('ref_axis',(-1.,0.,0.));
#3678=DIRECTION('',(0.,1.,0.));
#3679=DIRECTION('center_axis',(0.,0.,1.));
#3680=DIRECTION('ref_axis',(-1.,0.,0.));
#3681=DIRECTION('',(0.,-1.,0.));
#3682=DIRECTION('center_axis',(0.,0.,1.));
#3683=DIRECTION('ref_axis',(1.,0.,0.));
#3684=DIRECTION('center_axis',(0.,0.,1.));
#3685=DIRECTION('ref_axis',(-1.,0.,0.));
#3686=DIRECTION('',(0.,-1.,0.));
#3687=DIRECTION('center_axis',(0.,0.,1.));
#3688=DIRECTION('ref_axis',(1.,0.,0.));
#3689=DIRECTION('',(0.,1.,0.));
#3690=DIRECTION('center_axis',(0.,0.,1.));
#3691=DIRECTION('ref_axis',(-1.,0.,0.));
#3692=DIRECTION('',(0.,-1.,0.));
#3693=DIRECTION('center_axis',(0.,0.,1.));
#3694=DIRECTION('ref_axis',(1.,0.,0.));
#3695=DIRECTION('',(0.,1.,0.));
#3696=DIRECTION('center_axis',(0.,0.,1.));
#3697=DIRECTION('ref_axis',(-1.,0.,0.));
#3698=DIRECTION('',(0.,-1.,0.));
#3699=DIRECTION('center_axis',(0.,0.,1.));
#3700=DIRECTION('ref_axis',(1.,0.,0.));
#3701=DIRECTION('',(0.,1.,0.));
#3702=DIRECTION('center_axis',(0.,0.,1.));
#3703=DIRECTION('ref_axis',(-1.,0.,0.));
#3704=DIRECTION('',(-0.707106781186542,0.,0.707106781186553));
#3705=DIRECTION('',(-0.707106781186542,0.,-0.707106781186553));
#3706=DIRECTION('center_axis',(0.,0.,-1.));
#3707=DIRECTION('ref_axis',(-1.,0.,0.));
#3708=DIRECTION('center_axis',(0.707106781186553,0.,0.707106781186542));
#3709=DIRECTION('ref_axis',(0.707106781186542,0.,-0.707106781186553));
#3710=DIRECTION('',(-0.707106781186542,0.,0.707106781186553));
#3711=DIRECTION('',(0.,1.,0.));
#3712=DIRECTION('center_axis',(0.,0.,1.));
#3713=DIRECTION('ref_axis',(1.,0.,0.));
#3714=DIRECTION('',(0.707106781186542,0.,0.707106781186553));
#3715=DIRECTION('center_axis',(0.,0.,-1.));
#3716=DIRECTION('ref_axis',(1.,0.,0.));
#3717=DIRECTION('center_axis',(-0.707106781186553,0.,0.707106781186542));
#3718=DIRECTION('ref_axis',(0.707106781186542,0.,0.707106781186553));
#3719=DIRECTION('',(0.,-1.,0.));
#3720=DIRECTION('center_axis',(-1.,0.,0.));
#3721=DIRECTION('ref_axis',(0.,1.,0.));
#3722=DIRECTION('',(0.,0.,-1.));
#3723=DIRECTION('',(0.,-1.,0.));
#3724=DIRECTION('',(0.,0.,-1.));
#3725=DIRECTION('center_axis',(0.,0.,-1.));
#3726=DIRECTION('ref_axis',(-1.,0.,0.));
#3727=DIRECTION('',(0.,0.,-1.));
#3728=DIRECTION('center_axis',(0.,0.,1.));
#3729=DIRECTION('ref_axis',(-1.,0.,0.));
#3730=DIRECTION('center_axis',(0.,0.,1.));
#3731=DIRECTION('ref_axis',(-1.,0.,0.));
#3732=DIRECTION('',(-0.707106781186542,0.,0.707106781186553));
#3733=DIRECTION('',(-0.707106781186542,0.,-0.707106781186553));
#3734=DIRECTION('center_axis',(0.,0.,-1.));
#3735=DIRECTION('ref_axis',(-1.,0.,0.));
#3736=DIRECTION('center_axis',(0.707106781186553,0.,0.707106781186542));
#3737=DIRECTION('ref_axis',(0.707106781186542,0.,-0.707106781186553));
#3738=DIRECTION('',(-0.707106781186542,0.,0.707106781186553));
#3739=DIRECTION('',(0.,1.,0.));
#3740=DIRECTION('center_axis',(0.,0.,1.));
#3741=DIRECTION('ref_axis',(1.,0.,0.));
#3742=DIRECTION('',(0.707106781186542,0.,0.707106781186553));
#3743=DIRECTION('center_axis',(0.,0.,-1.));
#3744=DIRECTION('ref_axis',(1.,0.,0.));
#3745=DIRECTION('center_axis',(-0.707106781186553,0.,0.707106781186542));
#3746=DIRECTION('ref_axis',(0.707106781186542,0.,0.707106781186553));
#3747=DIRECTION('',(0.,-1.,0.));
#3748=DIRECTION('center_axis',(-1.,0.,0.));
#3749=DIRECTION('ref_axis',(0.,1.,0.));
#3750=DIRECTION('',(0.,0.,-1.));
#3751=DIRECTION('',(0.,-1.,0.));
#3752=DIRECTION('',(0.,0.,-1.));
#3753=DIRECTION('center_axis',(0.,0.,-1.));
#3754=DIRECTION('ref_axis',(-1.,0.,0.));
#3755=DIRECTION('',(0.,0.,-1.));
#3756=DIRECTION('center_axis',(0.,0.,1.));
#3757=DIRECTION('ref_axis',(-1.,0.,0.));
#3758=DIRECTION('center_axis',(0.,0.,1.));
#3759=DIRECTION('ref_axis',(-1.,0.,0.));
#3760=DIRECTION('',(-0.707106781186542,0.,0.707106781186553));
#3761=DIRECTION('',(-0.707106781186548,0.,-0.707106781186548));
#3762=DIRECTION('center_axis',(0.,0.,-1.));
#3763=DIRECTION('ref_axis',(-1.,0.,0.));
#3764=DIRECTION('center_axis',(0.707106781186553,0.,0.707106781186542));
#3765=DIRECTION('ref_axis',(0.707106781186542,0.,-0.707106781186553));
#3766=DIRECTION('',(-0.707106781186542,0.,0.707106781186553));
#3767=DIRECTION('',(0.,1.,0.));
#3768=DIRECTION('center_axis',(0.,0.,1.));
#3769=DIRECTION('ref_axis',(1.,0.,0.));
#3770=DIRECTION('',(0.707106781186537,0.,0.707106781186558));
#3771=DIRECTION('center_axis',(0.,0.,-1.));
#3772=DIRECTION('ref_axis',(1.,0.,0.));
#3773=DIRECTION('center_axis',(-0.707106781186548,0.,0.707106781186548));
#3774=DIRECTION('ref_axis',(0.707106781186548,0.,0.707106781186548));
#3775=DIRECTION('',(0.,-1.,0.));
#3776=DIRECTION('center_axis',(-1.,0.,0.));
#3777=DIRECTION('ref_axis',(0.,1.,0.));
#3778=DIRECTION('',(0.,0.,-1.));
#3779=DIRECTION('',(0.,-1.,0.));
#3780=DIRECTION('',(0.,0.,-1.));
#3781=DIRECTION('center_axis',(0.,0.,-1.));
#3782=DIRECTION('ref_axis',(-1.,0.,0.));
#3783=DIRECTION('',(0.,0.,-1.));
#3784=DIRECTION('center_axis',(0.,0.,1.));
#3785=DIRECTION('ref_axis',(-1.,0.,0.));
#3786=DIRECTION('center_axis',(0.,0.,1.));
#3787=DIRECTION('ref_axis',(-1.,0.,0.));
#3788=DIRECTION('',(-0.707106781186548,0.,0.707106781186548));
#3789=DIRECTION('',(-0.707106781186548,0.,-0.707106781186548));
#3790=DIRECTION('center_axis',(0.,0.,-1.));
#3791=DIRECTION('ref_axis',(-1.,0.,0.));
#3792=DIRECTION('center_axis',(0.707106781186548,0.,0.707106781186548));
#3793=DIRECTION('ref_axis',(0.707106781186548,0.,-0.707106781186548));
#3794=DIRECTION('',(-0.707106781186548,0.,0.707106781186548));
#3795=DIRECTION('',(0.,1.,0.));
#3796=DIRECTION('center_axis',(0.,0.,1.));
#3797=DIRECTION('ref_axis',(1.,0.,0.));
#3798=DIRECTION('',(0.707106781186537,0.,0.707106781186558));
#3799=DIRECTION('center_axis',(0.,0.,-1.));
#3800=DIRECTION('ref_axis',(1.,0.,0.));
#3801=DIRECTION('center_axis',(-0.707106781186548,0.,0.707106781186548));
#3802=DIRECTION('ref_axis',(0.707106781186548,0.,0.707106781186548));
#3803=DIRECTION('',(0.,-1.,0.));
#3804=DIRECTION('center_axis',(-1.,0.,0.));
#3805=DIRECTION('ref_axis',(0.,1.,0.));
#3806=DIRECTION('',(0.,0.,-1.));
#3807=DIRECTION('',(0.,-1.,0.));
#3808=DIRECTION('',(0.,0.,-1.));
#3809=DIRECTION('center_axis',(0.,0.,-1.));
#3810=DIRECTION('ref_axis',(-1.,0.,0.));
#3811=DIRECTION('',(0.,0.,-1.));
#3812=DIRECTION('center_axis',(0.,0.,1.));
#3813=DIRECTION('ref_axis',(-1.,0.,0.));
#3814=DIRECTION('center_axis',(0.,0.,1.));
#3815=DIRECTION('ref_axis',(-1.,0.,0.));
#3816=DIRECTION('',(-0.707106781186548,0.,0.707106781186548));
#3817=DIRECTION('',(-0.707106781186548,0.,-0.707106781186548));
#3818=DIRECTION('center_axis',(0.,0.,-1.));
#3819=DIRECTION('ref_axis',(-1.,0.,0.));
#3820=DIRECTION('center_axis',(0.707106781186548,0.,0.707106781186548));
#3821=DIRECTION('ref_axis',(0.707106781186548,0.,-0.707106781186548));
#3822=DIRECTION('',(-0.707106781186548,0.,0.707106781186548));
#3823=DIRECTION('',(0.,1.,0.));
#3824=DIRECTION('center_axis',(0.,0.,1.));
#3825=DIRECTION('ref_axis',(1.,0.,0.));
#3826=DIRECTION('',(0.707106781186537,0.,0.707106781186558));
#3827=DIRECTION('center_axis',(0.,0.,-1.));
#3828=DIRECTION('ref_axis',(1.,0.,0.));
#3829=DIRECTION('center_axis',(-0.707106781186548,0.,0.707106781186548));
#3830=DIRECTION('ref_axis',(0.707106781186548,0.,0.707106781186548));
#3831=DIRECTION('',(0.,-1.,0.));
#3832=DIRECTION('center_axis',(-1.,0.,0.));
#3833=DIRECTION('ref_axis',(0.,1.,0.));
#3834=DIRECTION('',(0.,0.,-1.));
#3835=DIRECTION('',(0.,-1.,0.));
#3836=DIRECTION('',(0.,0.,-1.));
#3837=DIRECTION('center_axis',(0.,0.,-1.));
#3838=DIRECTION('ref_axis',(-1.,0.,0.));
#3839=DIRECTION('',(0.,0.,-1.));
#3840=DIRECTION('center_axis',(0.,0.,1.));
#3841=DIRECTION('ref_axis',(-1.,0.,0.));
#3842=DIRECTION('center_axis',(0.,0.,1.));
#3843=DIRECTION('ref_axis',(-1.,0.,0.));
#3844=DIRECTION('',(-0.707106781186548,0.,0.707106781186548));
#3845=DIRECTION('',(-0.707106781186548,0.,-0.707106781186548));
#3846=DIRECTION('center_axis',(0.,0.,-1.));
#3847=DIRECTION('ref_axis',(-1.,0.,0.));
#3848=DIRECTION('center_axis',(0.707106781186548,0.,0.707106781186548));
#3849=DIRECTION('ref_axis',(0.707106781186548,0.,-0.707106781186548));
#3850=DIRECTION('',(-0.707106781186548,0.,0.707106781186548));
#3851=DIRECTION('',(0.,1.,0.));
#3852=DIRECTION('center_axis',(0.,0.,1.));
#3853=DIRECTION('ref_axis',(1.,0.,0.));
#3854=DIRECTION('',(0.707106781186537,0.,0.707106781186558));
#3855=DIRECTION('center_axis',(0.,0.,-1.));
#3856=DIRECTION('ref_axis',(1.,0.,0.));
#3857=DIRECTION('center_axis',(-0.707106781186548,0.,0.707106781186548));
#3858=DIRECTION('ref_axis',(0.707106781186548,0.,0.707106781186548));
#3859=DIRECTION('',(0.,-1.,0.));
#3860=DIRECTION('center_axis',(-1.,0.,0.));
#3861=DIRECTION('ref_axis',(0.,1.,0.));
#3862=DIRECTION('',(0.,0.,-1.));
#3863=DIRECTION('',(0.,-1.,0.));
#3864=DIRECTION('',(0.,0.,-1.));
#3865=DIRECTION('center_axis',(0.,0.,-1.));
#3866=DIRECTION('ref_axis',(-1.,0.,0.));
#3867=DIRECTION('',(0.,0.,-1.));
#3868=DIRECTION('center_axis',(0.,0.,1.));
#3869=DIRECTION('ref_axis',(-1.,0.,0.));
#3870=DIRECTION('center_axis',(0.,0.,1.));
#3871=DIRECTION('ref_axis',(-1.,0.,0.));
#3872=DIRECTION('',(-0.707106781186537,0.,0.707106781186558));
#3873=DIRECTION('',(-0.707106781186537,0.,-0.707106781186558));
#3874=DIRECTION('center_axis',(0.,0.,-1.));
#3875=DIRECTION('ref_axis',(-1.,0.,0.));
#3876=DIRECTION('center_axis',(0.707106781186548,0.,0.707106781186548));
#3877=DIRECTION('ref_axis',(0.707106781186548,0.,-0.707106781186548));
#3878=DIRECTION('',(-0.707106781186548,0.,0.707106781186548));
#3879=DIRECTION('',(0.,1.,0.));
#3880=DIRECTION('center_axis',(0.,0.,1.));
#3881=DIRECTION('ref_axis',(1.,0.,0.));
#3882=DIRECTION('',(0.707106781186537,0.,0.707106781186558));
#3883=DIRECTION('center_axis',(0.,0.,-1.));
#3884=DIRECTION('ref_axis',(1.,0.,0.));
#3885=DIRECTION('center_axis',(-0.707106781186548,0.,0.707106781186548));
#3886=DIRECTION('ref_axis',(0.707106781186548,0.,0.707106781186548));
#3887=DIRECTION('',(0.,-1.,0.));
#3888=DIRECTION('center_axis',(-1.,0.,0.));
#3889=DIRECTION('ref_axis',(0.,1.,0.));
#3890=DIRECTION('',(0.,0.,-1.));
#3891=DIRECTION('',(0.,-1.,0.));
#3892=DIRECTION('',(0.,0.,-1.));
#3893=DIRECTION('center_axis',(0.,0.,-1.));
#3894=DIRECTION('ref_axis',(-1.,0.,0.));
#3895=DIRECTION('',(0.,0.,-1.));
#3896=DIRECTION('center_axis',(0.,0.,1.));
#3897=DIRECTION('ref_axis',(-1.,0.,0.));
#3898=DIRECTION('center_axis',(-0.707106781186545,0.,0.70710678118655));
#3899=DIRECTION('ref_axis',(0.70710678118655,0.,0.707106781186545));
#3900=DIRECTION('',(-0.70710678118655,0.,-0.707106781186545));
#3901=DIRECTION('',(0.,-1.,0.));
#3902=DIRECTION('',(0.70710678118655,0.,0.707106781186545));
#3903=DIRECTION('center_axis',(0.,0.,1.));
#3904=DIRECTION('ref_axis',(1.,0.,0.));
#3905=DIRECTION('',(0.707106781186542,0.,-0.707106781186553));
#3906=DIRECTION('center_axis',(0.,0.,-1.));
#3907=DIRECTION('ref_axis',(1.,0.,0.));
#3908=DIRECTION('center_axis',(0.707106781186545,0.,0.70710678118655));
#3909=DIRECTION('ref_axis',(0.70710678118655,0.,-0.707106781186545));
#3910=DIRECTION('',(0.70710678118655,0.,-0.707106781186545));
#3911=DIRECTION('',(0.,1.,0.));
#3912=DIRECTION('center_axis',(0.,0.,1.));
#3913=DIRECTION('ref_axis',(-1.,0.,0.));
#3914=DIRECTION('center_axis',(0.,0.,-1.));
#3915=DIRECTION('ref_axis',(-1.,0.,0.));
#3916=DIRECTION('center_axis',(0.,0.,-1.));
#3917=DIRECTION('ref_axis',(-1.,0.,0.));
#3918=DIRECTION('',(0.,0.,-1.));
#3919=DIRECTION('center_axis',(0.,0.,1.));
#3920=DIRECTION('ref_axis',(-1.,0.,0.));
#3921=DIRECTION('',(0.,0.,-1.));
#3922=DIRECTION('center_axis',(1.,0.,0.));
#3923=DIRECTION('ref_axis',(0.,-1.,0.));
#3924=DIRECTION('',(0.,0.,-1.));
#3925=DIRECTION('',(0.,1.,0.));
#3926=DIRECTION('center_axis',(0.,0.,-1.));
#3927=DIRECTION('ref_axis',(-1.,0.,0.));
#3928=DIRECTION('',(0.707106781186545,0.,-0.70710678118655));
#3929=DIRECTION('center_axis',(0.,0.,-1.));
#3930=DIRECTION('ref_axis',(-1.,0.,0.));
#3931=DIRECTION('',(0.707106781186545,0.,0.70710678118655));
#3932=DIRECTION('center_axis',(-0.707106781186548,0.,-0.707106781186548));
#3933=DIRECTION('ref_axis',(-0.707106781186548,0.,0.707106781186548));
#3934=DIRECTION('',(0.707106781186548,0.,-0.707106781186548));
#3935=DIRECTION('',(0.,-1.,0.));
#3936=DIRECTION('center_axis',(0.,0.,-1.));
#3937=DIRECTION('ref_axis',(1.,0.,0.));
#3938=DIRECTION('',(-0.707106781186542,0.,-0.707106781186553));
#3939=DIRECTION('center_axis',(0.,0.,-1.));
#3940=DIRECTION('ref_axis',(1.,0.,0.));
#3941=DIRECTION('center_axis',(0.,0.,1.));
#3942=DIRECTION('ref_axis',(1.,0.,0.));
#3943=DIRECTION('center_axis',(0.707106781186548,0.,-0.707106781186548));
#3944=DIRECTION('ref_axis',(-0.707106781186548,0.,-0.707106781186548));
#3945=DIRECTION('',(0.,1.,0.));
#3946=DIRECTION('',(0.,-1.,0.));
#3947=DIRECTION('center_axis',(0.,0.,1.));
#3948=DIRECTION('ref_axis',(0.,-1.,0.));
#3949=DIRECTION('',(0.,-1.,0.));
#3950=DIRECTION('',(-1.,0.,0.));
#3951=DIRECTION('',(-2.60470287738539E-17,-1.,0.));
#3952=DIRECTION('',(-1.,0.,0.));
#3953=DIRECTION('',(0.,1.,0.));
#3954=DIRECTION('',(-1.,0.,0.));
#3955=DIRECTION('',(0.,1.,0.));
#3956=DIRECTION('',(-1.,0.,0.));
#3957=DIRECTION('center_axis',(0.,0.,-1.));
#3958=DIRECTION('ref_axis',(-1.,0.,0.));
#3959=DIRECTION('',(0.,-1.,0.));
#3960=DIRECTION('center_axis',(0.,0.,-1.));
#3961=DIRECTION('ref_axis',(1.,0.,0.));
#3962=DIRECTION('',(0.,1.,0.));
#3963=DIRECTION('center_axis',(0.,0.,-1.));
#3964=DIRECTION('ref_axis',(-1.,0.,0.));
#3965=DIRECTION('',(0.,-1.,0.));
#3966=DIRECTION('center_axis',(0.,0.,-1.));
#3967=DIRECTION('ref_axis',(1.,0.,0.));
#3968=DIRECTION('',(0.,1.,0.));
#3969=DIRECTION('center_axis',(0.,0.,-1.));
#3970=DIRECTION('ref_axis',(-1.,0.,0.));
#3971=DIRECTION('',(0.,-1.,0.));
#3972=DIRECTION('center_axis',(0.,0.,-1.));
#3973=DIRECTION('ref_axis',(1.,0.,0.));
#3974=DIRECTION('',(0.,1.,0.));
#3975=DIRECTION('center_axis',(0.,0.,-1.));
#3976=DIRECTION('ref_axis',(-1.,0.,0.));
#3977=DIRECTION('',(0.,-1.,0.));
#3978=DIRECTION('center_axis',(0.,0.,-1.));
#3979=DIRECTION('ref_axis',(1.,0.,0.));
#3980=DIRECTION('',(0.,1.,0.));
#3981=DIRECTION('center_axis',(0.,0.,1.));
#3982=DIRECTION('ref_axis',(-1.,0.,0.));
#3983=DIRECTION('center_axis',(0.,0.,-1.));
#3984=DIRECTION('ref_axis',(-1.,0.,0.));
#3985=DIRECTION('',(0.,-1.,0.));
#3986=DIRECTION('center_axis',(0.,0.,-1.));
#3987=DIRECTION('ref_axis',(1.,0.,0.));
#3988=DIRECTION('',(0.,1.,0.));
#3989=DIRECTION('center_axis',(0.,0.,-1.));
#3990=DIRECTION('ref_axis',(-1.,0.,0.));
#3991=DIRECTION('',(0.,-1.,0.));
#3992=DIRECTION('center_axis',(0.,0.,-1.));
#3993=DIRECTION('ref_axis',(1.,0.,0.));
#3994=DIRECTION('',(0.,1.,0.));
#3995=DIRECTION('center_axis',(0.,0.,-1.));
#3996=DIRECTION('ref_axis',(-1.,0.,0.));
#3997=DIRECTION('',(0.,-1.,0.));
#3998=DIRECTION('center_axis',(0.,0.,-1.));
#3999=DIRECTION('ref_axis',(1.,0.,0.));
#4000=DIRECTION('',(0.,1.,0.));
#4001=DIRECTION('center_axis',(0.,0.,-1.));
#4002=DIRECTION('ref_axis',(-1.,0.,0.));
#4003=DIRECTION('',(0.,-1.,0.));
#4004=DIRECTION('center_axis',(0.,0.,-1.));
#4005=DIRECTION('ref_axis',(1.,0.,0.));
#4006=DIRECTION('',(0.,1.,0.));
#4007=DIRECTION('center_axis',(0.,0.,-1.));
#4008=DIRECTION('ref_axis',(-1.,0.,0.));
#4009=DIRECTION('',(0.707106781186545,0.,-0.70710678118655));
#4010=DIRECTION('',(0.707106781186545,0.,0.70710678118655));
#4011=DIRECTION('center_axis',(-0.707106781186548,0.,-0.707106781186548));
#4012=DIRECTION('ref_axis',(-0.707106781186548,0.,0.707106781186548));
#4013=DIRECTION('',(0.707106781186548,0.,-0.707106781186548));
#4014=DIRECTION('',(0.,1.,0.));
#4015=DIRECTION('center_axis',(0.,0.,-1.));
#4016=DIRECTION('ref_axis',(1.,0.,0.));
#4017=DIRECTION('',(-0.707106781186542,0.,-0.707106781186553));
#4018=DIRECTION('center_axis',(0.,0.,1.));
#4019=DIRECTION('ref_axis',(1.,0.,0.));
#4020=DIRECTION('center_axis',(0.707106781186548,0.,-0.707106781186548));
#4021=DIRECTION('ref_axis',(-0.707106781186548,0.,-0.707106781186548));
#4022=DIRECTION('center_axis',(1.,0.,0.));
#4023=DIRECTION('ref_axis',(0.,-1.,0.));
#4024=DIRECTION('',(0.,0.,-1.));
#4025=DIRECTION('center_axis',(0.,0.,-1.));
#4026=DIRECTION('ref_axis',(-1.,0.,0.));
#4027=DIRECTION('',(0.707106781186542,0.,-0.707106781186553));
#4028=DIRECTION('',(0.707106781186542,0.,0.707106781186553));
#4029=DIRECTION('center_axis',(-0.707106781186553,0.,-0.707106781186542));
#4030=DIRECTION('ref_axis',(-0.707106781186542,0.,0.707106781186553));
#4031=DIRECTION('',(0.707106781186542,0.,-0.707106781186553));
#4032=DIRECTION('',(0.,1.,0.));
#4033=DIRECTION('center_axis',(0.,0.,-1.));
#4034=DIRECTION('ref_axis',(1.,0.,0.));
#4035=DIRECTION('',(-0.707106781186542,0.,-0.707106781186553));
#4036=DIRECTION('center_axis',(0.,0.,1.));
#4037=DIRECTION('ref_axis',(1.,0.,0.));
#4038=DIRECTION('center_axis',(0.707106781186553,0.,-0.707106781186542));
#4039=DIRECTION('ref_axis',(-0.707106781186542,0.,-0.707106781186553));
#4040=DIRECTION('center_axis',(1.,0.,0.));
#4041=DIRECTION('ref_axis',(0.,-1.,0.));
#4042=DIRECTION('',(0.,0.,-1.));
#4043=DIRECTION('center_axis',(0.,0.,-1.));
#4044=DIRECTION('ref_axis',(-1.,0.,0.));
#4045=DIRECTION('',(0.707106781186542,0.,-0.707106781186553));
#4046=DIRECTION('',(0.707106781186542,0.,0.707106781186553));
#4047=DIRECTION('center_axis',(-0.707106781186553,0.,-0.707106781186542));
#4048=DIRECTION('ref_axis',(-0.707106781186542,0.,0.707106781186553));
#4049=DIRECTION('',(0.707106781186542,0.,-0.707106781186553));
#4050=DIRECTION('',(0.,1.,0.));
#4051=DIRECTION('center_axis',(0.,0.,-1.));
#4052=DIRECTION('ref_axis',(1.,0.,0.));
#4053=DIRECTION('',(-0.707106781186542,0.,-0.707106781186553));
#4054=DIRECTION('center_axis',(0.,0.,1.));
#4055=DIRECTION('ref_axis',(1.,0.,0.));
#4056=DIRECTION('center_axis',(0.707106781186553,0.,-0.707106781186542));
#4057=DIRECTION('ref_axis',(-0.707106781186542,0.,-0.707106781186553));
#4058=DIRECTION('center_axis',(1.,0.,0.));
#4059=DIRECTION('ref_axis',(0.,-1.,0.));
#4060=DIRECTION('',(0.,0.,-1.));
#4061=DIRECTION('center_axis',(0.,0.,-1.));
#4062=DIRECTION('ref_axis',(-1.,0.,0.));
#4063=DIRECTION('',(0.707106781186548,0.,-0.707106781186548));
#4064=DIRECTION('',(0.707106781186542,0.,0.707106781186553));
#4065=DIRECTION('center_axis',(-0.707106781186548,0.,-0.707106781186548));
#4066=DIRECTION('ref_axis',(-0.707106781186548,0.,0.707106781186548));
#4067=DIRECTION('',(0.707106781186548,0.,-0.707106781186548));
#4068=DIRECTION('',(0.,1.,0.));
#4069=DIRECTION('center_axis',(0.,0.,-1.));
#4070=DIRECTION('ref_axis',(1.,0.,0.));
#4071=DIRECTION('',(-0.707106781186542,0.,-0.707106781186553));
#4072=DIRECTION('center_axis',(0.,0.,1.));
#4073=DIRECTION('ref_axis',(1.,0.,0.));
#4074=DIRECTION('center_axis',(0.707106781186553,0.,-0.707106781186542));
#4075=DIRECTION('ref_axis',(-0.707106781186542,0.,-0.707106781186553));
#4076=DIRECTION('center_axis',(1.,0.,0.));
#4077=DIRECTION('ref_axis',(0.,-1.,0.));
#4078=DIRECTION('',(0.,0.,-1.));
#4079=DIRECTION('center_axis',(0.,0.,-1.));
#4080=DIRECTION('ref_axis',(-1.,0.,0.));
#4081=DIRECTION('',(0.707106781186548,0.,-0.707106781186548));
#4082=DIRECTION('',(0.707106781186548,0.,0.707106781186548));
#4083=DIRECTION('center_axis',(-0.707106781186548,0.,-0.707106781186548));
#4084=DIRECTION('ref_axis',(-0.707106781186548,0.,0.707106781186548));
#4085=DIRECTION('',(0.707106781186548,0.,-0.707106781186548));
#4086=DIRECTION('',(0.,1.,0.));
#4087=DIRECTION('center_axis',(0.,0.,-1.));
#4088=DIRECTION('ref_axis',(1.,0.,0.));
#4089=DIRECTION('',(-0.707106781186537,0.,-0.707106781186558));
#4090=DIRECTION('center_axis',(0.,0.,1.));
#4091=DIRECTION('ref_axis',(1.,0.,0.));
#4092=DIRECTION('center_axis',(0.707106781186548,0.,-0.707106781186548));
#4093=DIRECTION('ref_axis',(-0.707106781186548,0.,-0.707106781186548));
#4094=DIRECTION('center_axis',(1.,0.,0.));
#4095=DIRECTION('ref_axis',(0.,-1.,0.));
#4096=DIRECTION('',(0.,0.,-1.));
#4097=DIRECTION('center_axis',(0.,0.,-1.));
#4098=DIRECTION('ref_axis',(-1.,0.,0.));
#4099=DIRECTION('',(0.707106781186548,0.,-0.707106781186548));
#4100=DIRECTION('',(0.707106781186548,0.,0.707106781186548));
#4101=DIRECTION('center_axis',(-0.707106781186548,0.,-0.707106781186548));
#4102=DIRECTION('ref_axis',(-0.707106781186548,0.,0.707106781186548));
#4103=DIRECTION('',(0.707106781186548,0.,-0.707106781186548));
#4104=DIRECTION('',(0.,1.,0.));
#4105=DIRECTION('center_axis',(0.,0.,-1.));
#4106=DIRECTION('ref_axis',(1.,0.,0.));
#4107=DIRECTION('',(-0.707106781186537,0.,-0.707106781186558));
#4108=DIRECTION('center_axis',(0.,0.,1.));
#4109=DIRECTION('ref_axis',(1.,0.,0.));
#4110=DIRECTION('center_axis',(0.707106781186548,0.,-0.707106781186548));
#4111=DIRECTION('ref_axis',(-0.707106781186548,0.,-0.707106781186548));
#4112=DIRECTION('center_axis',(1.,0.,0.));
#4113=DIRECTION('ref_axis',(0.,-1.,0.));
#4114=DIRECTION('',(0.,0.,-1.));
#4115=DIRECTION('center_axis',(0.,0.,-1.));
#4116=DIRECTION('ref_axis',(-1.,0.,0.));
#4117=DIRECTION('',(0.707106781186548,0.,-0.707106781186548));
#4118=DIRECTION('',(0.707106781186548,0.,0.707106781186548));
#4119=DIRECTION('center_axis',(-0.707106781186548,0.,-0.707106781186548));
#4120=DIRECTION('ref_axis',(-0.707106781186548,0.,0.707106781186548));
#4121=DIRECTION('',(0.707106781186548,0.,-0.707106781186548));
#4122=DIRECTION('',(0.,1.,0.));
#4123=DIRECTION('center_axis',(0.,0.,-1.));
#4124=DIRECTION('ref_axis',(1.,0.,0.));
#4125=DIRECTION('',(-0.707106781186537,0.,-0.707106781186558));
#4126=DIRECTION('center_axis',(0.,0.,1.));
#4127=DIRECTION('ref_axis',(1.,0.,0.));
#4128=DIRECTION('center_axis',(0.707106781186548,0.,-0.707106781186548));
#4129=DIRECTION('ref_axis',(-0.707106781186548,0.,-0.707106781186548));
#4130=DIRECTION('center_axis',(1.,0.,0.));
#4131=DIRECTION('ref_axis',(0.,-1.,0.));
#4132=DIRECTION('',(0.,0.,-1.));
#4133=DIRECTION('center_axis',(0.,0.,-1.));
#4134=DIRECTION('ref_axis',(-1.,0.,0.));
#4135=DIRECTION('',(0.707106781186537,0.,-0.707106781186558));
#4136=DIRECTION('',(0.707106781186537,0.,0.707106781186558));
#4137=DIRECTION('center_axis',(-0.707106781186548,0.,-0.707106781186548));
#4138=DIRECTION('ref_axis',(-0.707106781186548,0.,0.707106781186548));
#4139=DIRECTION('',(0.707106781186548,0.,-0.707106781186548));
#4140=DIRECTION('',(0.,1.,0.));
#4141=DIRECTION('center_axis',(0.,0.,-1.));
#4142=DIRECTION('ref_axis',(1.,0.,0.));
#4143=DIRECTION('',(-0.707106781186537,0.,-0.707106781186558));
#4144=DIRECTION('center_axis',(0.,0.,1.));
#4145=DIRECTION('ref_axis',(1.,0.,0.));
#4146=DIRECTION('center_axis',(0.707106781186548,0.,-0.707106781186548));
#4147=DIRECTION('ref_axis',(-0.707106781186548,0.,-0.707106781186548));
#4148=DIRECTION('center_axis',(1.,0.,0.));
#4149=DIRECTION('ref_axis',(0.,-1.,0.));
#4150=DIRECTION('',(0.,0.,-1.));
#4151=DIRECTION('center_axis',(0.,0.,-1.));
#4152=DIRECTION('ref_axis',(1.,0.,0.));
#4153=DIRECTION('center_axis',(0.,0.,-1.));
#4154=DIRECTION('ref_axis',(1.,0.,0.));
#4155=DIRECTION('center_axis',(0.,0.,-1.));
#4156=DIRECTION('ref_axis',(1.,0.,0.));
#4157=DIRECTION('center_axis',(0.,0.,-1.));
#4158=DIRECTION('ref_axis',(1.,0.,0.));
#4159=DIRECTION('center_axis',(0.,0.,-1.));
#4160=DIRECTION('ref_axis',(1.,0.,0.));
#4161=DIRECTION('center_axis',(0.,0.,-1.));
#4162=DIRECTION('ref_axis',(1.,0.,0.));
#4163=DIRECTION('center_axis',(0.,0.,-1.));
#4164=DIRECTION('ref_axis',(1.,0.,0.));
#4165=DIRECTION('center_axis',(0.,0.,-1.));
#4166=DIRECTION('ref_axis',(1.,0.,0.));
#4167=DIRECTION('center_axis',(-1.,0.,0.));
#4168=DIRECTION('ref_axis',(0.,1.,0.));
#4169=DIRECTION('',(0.,0.,-1.));
#4170=DIRECTION('center_axis',(0.,0.,-1.));
#4171=DIRECTION('ref_axis',(1.,0.,0.));
#4172=DIRECTION('center_axis',(-0.9999999999622,0.,-8.69477278405581E-6));
#4173=DIRECTION('ref_axis',(-8.69477278405581E-6,0.,0.999999999962201));
#4174=DIRECTION('',(-8.69477278405581E-6,0.,0.999999999962201));
#4175=DIRECTION('',(0.,1.,0.));
#4176=DIRECTION('',(8.69477278405581E-6,4.34214762496168E-22,-0.999999999962201));
#4177=DIRECTION('center_axis',(-4.99397480854723E-17,1.,0.));
#4178=DIRECTION('ref_axis',(-1.,-4.99397480854723E-17,0.));
#4179=DIRECTION('',(0.,0.,1.));
#4180=DIRECTION('',(-0.707109855246265,-3.53128880397533E-17,0.707103707113466));
#4181=DIRECTION('',(0.,0.,1.));
#4182=DIRECTION('center_axis',(-4.99397480854723E-17,1.,0.));
#4183=DIRECTION('ref_axis',(0.707106781186549,0.,0.707106781186546));
#4184=DIRECTION('center_axis',(4.99397480854723E-17,-1.,0.));
#4185=DIRECTION('ref_axis',(-0.707106781186547,0.,0.707106781186548));
#4186=DIRECTION('',(0.,0.,1.));
#4187=DIRECTION('',(0.,0.,1.));
#4188=DIRECTION('',(0.,0.,1.));
#4189=DIRECTION('',(-0.707106781186547,-3.53127345219854E-17,-0.707106781186548));
#4190=DIRECTION('center_axis',(4.99397480854723E-17,-1.,0.));
#4191=DIRECTION('ref_axis',(1.,4.99397480854723E-17,0.));
#4192=DIRECTION('center_axis',(4.99397480854723E-17,-1.,0.));
#4193=DIRECTION('ref_axis',(1.,4.99397480854723E-17,0.));
#4194=DIRECTION('center_axis',(0.,-1.,0.));
#4195=DIRECTION('ref_axis',(1.,0.,0.));
#4196=DIRECTION('center_axis',(0.,-1.,0.));
#4197=DIRECTION('ref_axis',(0.707106781186548,0.,0.707106781186548));
#4198=DIRECTION('',(0.,0.,1.));
#4199=DIRECTION('',(0.707109855246265,0.,-0.707103707113466));
#4200=DIRECTION('center_axis',(0.,-1.,0.));
#4201=DIRECTION('ref_axis',(1.,0.,0.));
#4202=DIRECTION('center_axis',(-0.707103707113466,0.,-0.707109855246265));
#4203=DIRECTION('ref_axis',(-0.707109855246265,0.,0.707103707113466));
#4204=DIRECTION('',(0.,-1.,0.));
#4205=DIRECTION('center_axis',(0.707106781186548,-1.84180306757532E-17,
-0.707106781186547));
#4206=DIRECTION('ref_axis',(-0.707106781186547,0.,-0.707106781186548));
#4207=DIRECTION('',(0.707106781186547,0.,0.707106781186548));
#4208=DIRECTION('',(-2.60470287738539E-17,-1.,0.));
#4209=DIRECTION('',(2.60470287738539E-17,1.,0.));
#4210=DIRECTION('center_axis',(0.,-1.,0.));
#4211=DIRECTION('ref_axis',(1.,2.80911082980781E-17,0.));
#4212=DIRECTION('',(0.707106781186542,0.707106781186553,8.65956056235487E-17));
#4213=DIRECTION('center_axis',(-4.99397480854723E-17,1.,0.));
#4214=DIRECTION('ref_axis',(1.,0.,0.));
#4215=DIRECTION('center_axis',(0.,1.,0.));
#4216=DIRECTION('ref_axis',(1.,0.,0.));
#4217=DIRECTION('',(0.,-1.,0.));
#4218=DIRECTION('center_axis',(0.,-1.,0.));
#4219=DIRECTION('ref_axis',(1.,2.80911082980782E-17,0.));
#4220=DIRECTION('',(0.707106781186539,0.707106781186556,8.65956056235483E-17));
#4221=DIRECTION('center_axis',(-4.99397480854723E-17,1.,0.));
#4222=DIRECTION('ref_axis',(1.,0.,0.));
#4223=DIRECTION('center_axis',(0.,1.,0.));
#4224=DIRECTION('ref_axis',(1.,0.,0.));
#4225=DIRECTION('center_axis',(0.,-1.,0.));
#4226=DIRECTION('ref_axis',(1.,0.,0.));
#4227=DIRECTION('',(0.,-1.,0.));
#4228=DIRECTION('center_axis',(0.,0.,-1.));
#4229=DIRECTION('ref_axis',(0.707106781186549,0.707106781186546,0.));
#4230=DIRECTION('center_axis',(1.66533453693773E-15,0.,1.));
#4231=DIRECTION('ref_axis',(0.,1.,0.));
#4232=DIRECTION('',(0.,0.,-1.));
#4233=DIRECTION('center_axis',(0.,0.,1.));
#4234=DIRECTION('ref_axis',(0.707106781186549,0.707106781186546,0.));
#4235=DIRECTION('',(0.,0.,1.));
#4236=DIRECTION('center_axis',(0.,0.,-1.));
#4237=DIRECTION('ref_axis',(0.,1.,0.));
#4238=DIRECTION('',(0.,1.,0.));
#4239=DIRECTION('',(1.,0.,0.));
#4240=DIRECTION('',(0.,1.,0.));
#4241=DIRECTION('',(1.,0.,0.));
#4242=DIRECTION('',(0.,-1.,0.));
#4243=DIRECTION('',(-1.,0.,0.));
#4244=DIRECTION('',(0.,1.,0.));
#4245=DIRECTION('',(1.,0.,0.));
#4246=DIRECTION('',(-2.60470287738539E-17,-1.,0.));
#4247=DIRECTION('',(1.,0.,0.));
#4248=DIRECTION('',(0.,-1.,0.));
#4249=DIRECTION('center_axis',(0.,0.,1.));
#4250=DIRECTION('ref_axis',(-0.707106781186547,0.707106781186548,0.));
#4251=DIRECTION('',(-1.,0.,0.));
#4252=DIRECTION('center_axis',(0.,0.,-1.));
#4253=DIRECTION('ref_axis',(-1.,0.,0.));
#4254=DIRECTION('center_axis',(0.,0.,-1.));
#4255=DIRECTION('ref_axis',(-1.,0.,0.));
#4256=DIRECTION('center_axis',(0.,0.,1.));
#4257=DIRECTION('ref_axis',(-0.707106781186547,0.707106781186548,0.));
#4258=DIRECTION('center_axis',(0.,-1.38777878078144E-15,1.));
#4259=DIRECTION('ref_axis',(-1.,0.,0.));
#4260=DIRECTION('',(0.,0.,-1.));
#4261=DIRECTION('',(0.,0.,1.));
#4262=DIRECTION('center_axis',(0.,1.,0.));
#4263=DIRECTION('ref_axis',(0.707106781186549,0.,0.707106781186546));
#4264=DIRECTION('',(0.,1.,0.));
#4265=DIRECTION('center_axis',(0.,1.,0.));
#4266=DIRECTION('ref_axis',(1.,0.,0.));
#4267=DIRECTION('',(0.,-1.,0.));
#4268=DIRECTION('center_axis',(0.,1.,0.));
#4269=DIRECTION('ref_axis',(0.707106781186549,0.,0.707106781186546));
#4270=DIRECTION('center_axis',(0.,-1.,0.));
#4271=DIRECTION('ref_axis',(1.,0.,0.));
#4272=DIRECTION('',(0.,0.,-1.));
#4273=DIRECTION('center_axis',(0.,-1.,0.));
#4274=DIRECTION('ref_axis',(-0.707106781186546,0.,0.707106781186549));
#4275=DIRECTION('',(0.,0.,-1.));
#4276=DIRECTION('center_axis',(1.,0.,0.));
#4277=DIRECTION('ref_axis',(0.,0.,-1.));
#4278=DIRECTION('center_axis',(0.,1.,0.));
#4279=DIRECTION('ref_axis',(-0.707106781186547,0.,0.707106781186548));
#4280=DIRECTION('center_axis',(0.,1.,0.));
#4281=DIRECTION('ref_axis',(0.,0.,1.));
#4282=DIRECTION('',(0.,-1.,0.));
#4283=DIRECTION('center_axis',(0.,1.,0.));
#4284=DIRECTION('ref_axis',(-0.707106781186547,0.,0.707106781186548));
#4285=DIRECTION('',(0.,1.,0.));
#4286=DIRECTION('center_axis',(-2.60470287738539E-17,-1.,0.));
#4287=DIRECTION('ref_axis',(-0.707106781186546,0.,0.707106781186549));
#4288=DIRECTION('',(2.60470287738539E-17,1.,0.));
#4289=DIRECTION('center_axis',(0.,-1.,0.));
#4290=DIRECTION('ref_axis',(-1.,0.,0.));
#4291=DIRECTION('center_axis',(1.,0.,0.));
#4292=DIRECTION('ref_axis',(0.,0.,-1.));
#4293=DIRECTION('',(0.,0.,-1.));
#4294=DIRECTION('',(0.,0.66486301396961,-0.746965308869994));
#4295=DIRECTION('center_axis',(1.,0.,0.));
#4296=DIRECTION('ref_axis',(0.,0.,-1.));
#4297=DIRECTION('',(0.,-1.,0.));
#4298=DIRECTION('',(0.,-0.66486301396961,0.746965308869994));
#4299=DIRECTION('',(0.,0.,-1.));
#4300=DIRECTION('',(0.,0.,-1.));
#4301=DIRECTION('center_axis',(0.,-1.,0.));
#4302=DIRECTION('ref_axis',(0.707106781186548,0.,0.707106781186548));
#4303=DIRECTION('center_axis',(0.,-1.,0.));
#4304=DIRECTION('ref_axis',(0.,0.,1.));
#4305=DIRECTION('center_axis',(1.,0.,0.));
#4306=DIRECTION('ref_axis',(0.,0.934602939453433,0.355692768502542));
#4307=DIRECTION('center_axis',(-1.,0.,0.));
#4308=DIRECTION('ref_axis',(0.,0.934602939453433,0.355692768502542));
#4309=DIRECTION('',(-1.,0.,0.));
#4310=DIRECTION('center_axis',(1.,0.,0.));
#4311=DIRECTION('ref_axis',(0.,0.934602939453433,0.355692768502542));
#4312=DIRECTION('',(1.,0.,0.));
#4313=DIRECTION('center_axis',(-1.,0.,0.));
#4314=DIRECTION('ref_axis',(0.,-1.,0.));
#4315=DIRECTION('',(0.,0.,-1.));
#4316=DIRECTION('',(0.,0.,1.));
#4317=DIRECTION('',(0.,-0.66486301396961,0.746965308869994));
#4318=DIRECTION('center_axis',(0.,1.,0.));
#4319=DIRECTION('ref_axis',(0.,0.,1.));
#4320=DIRECTION('',(0.,0.,1.));
#4321=DIRECTION('center_axis',(5.55111512312579E-17,0.,1.));
#4322=DIRECTION('ref_axis',(1.,0.,0.));
#4323=DIRECTION('center_axis',(2.30559053716519E-15,0.66486301396961,-0.746965308869994));
#4324=DIRECTION('ref_axis',(0.,0.746965308869994,0.66486301396961));
#4325=DIRECTION('center_axis',(-1.,0.,0.));
#4326=DIRECTION('ref_axis',(0.,1.,0.));
#4327=DIRECTION('center_axis',(1.,0.,0.));
#4328=DIRECTION('ref_axis',(0.,1.,0.));
#4329=DIRECTION('',(0.,0.66486301396961,-0.746965308869994));
#4330=DIRECTION('',(0.,0.,1.));
#4331=DIRECTION('center_axis',(0.,0.,1.));
#4332=DIRECTION('ref_axis',(1.,0.,0.));
#4333=DIRECTION('center_axis',(1.,0.,0.));
#4334=DIRECTION('ref_axis',(0.,0.746965308869994,0.66486301396961));
#4335=DIRECTION('center_axis',(0.,0.664863013969612,-0.746965308869993));
#4336=DIRECTION('ref_axis',(1.,0.,0.));
#4337=DIRECTION('center_axis',(0.,0.746965308869994,0.66486301396961));
#4338=DIRECTION('ref_axis',(0.,-0.66486301396961,0.746965308869994));
#4339=DIRECTION('center_axis',(-0.943557966922171,-0.22020757153449,0.247400461795411));
#4340=DIRECTION('ref_axis',(0.,0.746965308869992,0.664863013969613));
#4341=DIRECTION('center_axis',(0.,-0.89958347883823,-0.436748857584434));
#4342=DIRECTION('ref_axis',(0.,-0.436748857584434,0.89958347883823));
#4343=DIRECTION('center_axis',(0.,-0.89958347883823,-0.436748857584434));
#4344=DIRECTION('ref_axis',(0.,-0.436748857584434,0.89958347883823));
#4345=DIRECTION('center_axis',(-0.943557966922171,0.22020757153449,-0.247400461795411));
#4346=DIRECTION('ref_axis',(-0.227272727272705,-0.973831149346757,0.));
#4347=DIRECTION('center_axis',(0.,0.746965308869994,0.66486301396961));
#4348=DIRECTION('ref_axis',(0.,-0.66486301396961,0.746965308869994));
#4349=DIRECTION('center_axis',(0.,0.746965308869994,0.66486301396961));
#4350=DIRECTION('ref_axis',(0.,-0.66486301396961,0.746965308869995));
#4351=DIRECTION('center_axis',(-0.943569544013358,-0.220185642251408,0.247375824519616));
#4352=DIRECTION('ref_axis',(0.227248619036828,-0.97383677541252,0.));
#4353=DIRECTION('center_axis',(0.,-0.89958347883823,-0.436748857584435));
#4354=DIRECTION('ref_axis',(0.,-0.436748857584435,0.89958347883823));
#4355=DIRECTION('center_axis',(-0.943569544013678,0.220185642251002,-0.247375824518753));
#4356=DIRECTION('ref_axis',(0.,0.74696530886999,0.664863013969615));
#4357=DIRECTION('center_axis',(0.,0.746965308869994,0.66486301396961));
#4358=DIRECTION('ref_axis',(0.,-0.66486301396961,0.746965308869995));
#4359=DIRECTION('center_axis',(1.,0.,0.));
#4360=DIRECTION('ref_axis',(0.,0.934602939453433,0.355692768502542));
#4361=DIRECTION('',(1.,0.,0.));
#4362=DIRECTION('',(-1.,0.,0.));
#4363=DIRECTION('',(1.,0.,0.));
#4364=DIRECTION('',(1.,0.,0.));
#4365=DIRECTION('center_axis',(0.,-0.66486301396961,0.746965308869994));
#4366=DIRECTION('ref_axis',(0.70710678118655,0.528184235213074,0.470129145738037));
#4367=DIRECTION('',(0.,-0.66486301396961,0.746965308869994));
#4368=DIRECTION('center_axis',(0.,-0.66486301396961,0.746965308869994));
#4369=DIRECTION('ref_axis',(0.,0.746965308869994,0.66486301396961));
#4370=DIRECTION('',(0.,-0.66486301396961,0.746965308869994));
#4371=DIRECTION('center_axis',(0.,-0.746965308869994,-0.66486301396961));
#4372=DIRECTION('ref_axis',(0.,0.66486301396961,-0.746965308869994));
#4373=DIRECTION('',(0.,0.66486301396961,-0.746965308869994));
#4374=DIRECTION('',(-1.,0.,0.));
#4375=DIRECTION('center_axis',(0.,0.,1.));
#4376=DIRECTION('ref_axis',(1.,0.,0.));
#4377=DIRECTION('center_axis',(0.,0.,-1.));
#4378=DIRECTION('ref_axis',(1.,0.,0.));
#4379=DIRECTION('',(0.,0.,1.));
#4380=DIRECTION('center_axis',(0.,-0.746965308869994,-0.66486301396961));
#4381=DIRECTION('ref_axis',(0.,0.66486301396961,-0.746965308869994));
#4382=DIRECTION('',(0.,0.66486301396961,-0.746965308869994));
#4383=DIRECTION('center_axis',(0.,-0.746965308869994,-0.66486301396961));
#4384=DIRECTION('ref_axis',(0.,0.66486301396961,-0.746965308869994));
#4385=DIRECTION('center_axis',(0.,0.66486301396961,-0.746965308869994));
#4386=DIRECTION('ref_axis',(-0.707106781186548,0.528184235213075,0.470129145738038));
#4387=DIRECTION('',(0.,-0.66486301396961,0.746965308869994));
#4388=DIRECTION('center_axis',(0.,-0.66486301396961,0.746965308869994));
#4389=DIRECTION('ref_axis',(-1.,0.,0.));
#4390=DIRECTION('center_axis',(0.,0.,1.));
#4391=DIRECTION('ref_axis',(1.,0.,0.));
#4392=DIRECTION('center_axis',(0.,0.,-1.));
#4393=DIRECTION('ref_axis',(1.,0.,0.));
#4394=DIRECTION('',(0.,0.,1.));
#4395=DIRECTION('center_axis',(0.,0.,-1.));
#4396=DIRECTION('ref_axis',(1.,0.,0.));
#4397=DIRECTION('center_axis',(0.,0.,1.));
#4398=DIRECTION('ref_axis',(-1.,0.,0.));
#4399=DIRECTION('center_axis',(0.,0.,-1.));
#4400=DIRECTION('ref_axis',(1.,0.,0.));
#4401=DIRECTION('center_axis',(0.,0.,1.));
#4402=DIRECTION('ref_axis',(-1.,0.,0.));
#4403=DIRECTION('center_axis',(0.,0.,1.));
#4404=DIRECTION('ref_axis',(-1.,0.,0.));
#4405=DIRECTION('',(0.,0.,-1.));
#4406=DIRECTION('center_axis',(0.,-1.,0.));
#4407=DIRECTION('ref_axis',(1.,0.,0.));
#4408=DIRECTION('',(1.,0.,0.));
#4409=DIRECTION('center_axis',(0.,1.,0.));
#4410=DIRECTION('ref_axis',(1.23024371055123E-16,0.,1.));
#4411=DIRECTION('',(0.,0.,1.));
#4412=DIRECTION('center_axis',(0.,-0.746965308869994,-0.66486301396961));
#4413=DIRECTION('ref_axis',(0.,0.66486301396961,-0.746965308869994));
#4414=DIRECTION('',(1.,0.,0.));
#4415=DIRECTION('',(0.,0.66486301396961,-0.746965308869994));
#4416=DIRECTION('',(1.,0.,0.));
#4417=DIRECTION('',(-1.73177060555376E-17,-0.66486301396961,0.746965308869994));
#4418=DIRECTION('center_axis',(-1.,2.60470287738539E-17,0.));
#4419=DIRECTION('ref_axis',(-2.60470287738539E-17,-1.,0.));
#4420=DIRECTION('',(0.,0.,1.));
#4421=DIRECTION('',(1.73177060555376E-17,0.66486301396961,-0.746965308869994));
#4422=DIRECTION('center_axis',(0.,0.,1.));
#4423=DIRECTION('ref_axis',(-1.,0.,0.));
#4424=DIRECTION('',(0.,0.,-1.));
#4425=DIRECTION('center_axis',(0.,-1.,0.));
#4426=DIRECTION('ref_axis',(1.,0.,0.));
#4427=DIRECTION('center_axis',(0.,1.,0.));
#4428=DIRECTION('ref_axis',(-6.15121855275615E-17,0.,1.));
#4429=DIRECTION('center_axis',(0.,0.66486301396961,-0.746965308869994));
#4430=DIRECTION('ref_axis',(0.70710678118655,0.528184235213075,0.470129145738036));
#4431=DIRECTION('center_axis',(0.,0.664863013969611,-0.746965308869994));
#4432=DIRECTION('ref_axis',(1.,0.,0.));
#4433=DIRECTION('center_axis',(0.,0.,-1.));
#4434=DIRECTION('ref_axis',(-1.,0.,0.));
#4435=DIRECTION('',(0.,0.,-1.));
#4436=DIRECTION('center_axis',(0.184840736041178,-0.933345261298105,0.307734504909877));
#4437=DIRECTION('ref_axis',(0.480584535583759,0.358979976060466,0.800107418379164));
#4438=DIRECTION('center_axis',(1.,0.,0.));
#4439=DIRECTION('ref_axis',(0.,0.,1.));
#4440=DIRECTION('center_axis',(-0.184840736041179,-0.933345261298105,0.307734504909878));
#4441=DIRECTION('ref_axis',(-0.480584535583759,0.358979976060466,0.800107418379164));
#4442=DIRECTION('center_axis',(-1.,-4.94096725487428E-16,5.55111512312578E-16));
#4443=DIRECTION('ref_axis',(0.,0.746965308869994,0.66486301396961));
#4444=DIRECTION('center_axis',(-1.,0.,0.));
#4445=DIRECTION('ref_axis',(0.,0.409351307577239,0.912376844831567));
#4446=DIRECTION('center_axis',(0.,1.,0.));
#4447=DIRECTION('ref_axis',(0.,0.,1.));
#4448=DIRECTION('center_axis',(0.,-1.,0.));
#4449=DIRECTION('ref_axis',(0.,0.,-1.));
#4450=DIRECTION('center_axis',(-0.184840736041178,-0.933345261298105,0.307734504909878));
#4451=DIRECTION('ref_axis',(-0.48058453558376,0.358979976060466,0.800107418379163));
#4452=DIRECTION('center_axis',(1.,0.,0.));
#4453=DIRECTION('ref_axis',(0.,0.,1.));
#4454=DIRECTION('center_axis',(0.,0.664863013969612,-0.746965308869992));
#4455=DIRECTION('ref_axis',(0.,0.746965308869992,0.664863013969612));
#4456=DIRECTION('center_axis',(0.184840736041177,-0.933345261298106,0.307734504909876));
#4457=DIRECTION('ref_axis',(0.480584535583759,0.358979976060466,0.800107418379164));
#4458=DIRECTION('center_axis',(-1.,0.,0.));
#4459=DIRECTION('ref_axis',(0.,0.746965308869994,0.664863013969611));
#4460=DIRECTION('center_axis',(1.,0.,0.));
#4461=DIRECTION('ref_axis',(0.,0.409351307577239,0.912376844831567));
#4462=DIRECTION('center_axis',(-1.73177060555376E-17,-0.66486301396961,
0.746965308869994));
#4463=DIRECTION('ref_axis',(-0.707106781186549,0.528184235213075,0.470129145738038));
#4464=DIRECTION('center_axis',(-1.,0.,0.));
#4465=DIRECTION('ref_axis',(0.,0.,1.));
#4466=DIRECTION('',(0.,0.,1.));
#4467=DIRECTION('center_axis',(0.,-1.,0.));
#4468=DIRECTION('ref_axis',(0.,0.,-1.));
#4469=CARTESIAN_POINT('',(0.,0.,0.));
#4470=CARTESIAN_POINT('Origin',(1.57493489444283,29.0537032031073,24.75));
#4471=CARTESIAN_POINT('',(3.57493489444283,29.0537032031073,26.75));
#4472=CARTESIAN_POINT('',(-0.425065105557172,29.0537032031073,22.75));
#4473=CARTESIAN_POINT('',(1.82493489444283,29.0537032031073,25.));
#4474=CARTESIAN_POINT('',(-0.425065105557172,43.5537032031073,22.75));
#4475=CARTESIAN_POINT('',(-0.425065105557172,29.0537032031073,22.75));
#4476=CARTESIAN_POINT('',(3.57493489444283,43.5537032031073,26.75));
#4477=CARTESIAN_POINT('',(1.82493489444283,43.5537032031073,25.));
#4478=CARTESIAN_POINT('',(3.57493489444283,29.0537032031073,26.75));
#4479=CARTESIAN_POINT('Origin',(5.64993489444283,29.0537032031073,22.75));
#4480=CARTESIAN_POINT('',(-8.92506510555718,29.0537032031073,22.75));
#4481=CARTESIAN_POINT('',(1.98743489444283,29.0537032031073,22.75));
#4482=CARTESIAN_POINT('',(-8.92506510555718,43.5537032031073,22.75));
#4483=CARTESIAN_POINT('',(-8.92506510555718,91.9893847503787,22.75));
#4484=CARTESIAN_POINT('',(1.98743489444283,43.5537032031073,22.75));
#4485=CARTESIAN_POINT('Origin',(-1.67506510555717,29.0537032031073,29.));
#4486=CARTESIAN_POINT('',(3.57493489444283,29.0537032031073,35.25));
#4487=CARTESIAN_POINT('',(3.57493489444283,29.0537032031073,32.6625));
#4488=CARTESIAN_POINT('',(-8.92506510555718,29.0537032031073,35.25));
#4489=CARTESIAN_POINT('',(-5.33756510555717,29.0537032031073,35.25));
#4490=CARTESIAN_POINT('',(-8.92506510555718,29.0537032031073,22.525));
#4491=CARTESIAN_POINT('',(-4.37506510555717,29.0537032031073,29.));
#4492=CARTESIAN_POINT('Origin',(-1.67506510555717,29.0537032031073,29.));
#4493=CARTESIAN_POINT('Origin',(158.425132461189,29.0537032031073,24.75));
#4494=CARTESIAN_POINT('',(156.425132461189,43.5537032031073,26.75));
#4495=CARTESIAN_POINT('',(160.425132461189,43.5537032031073,22.75));
#4496=CARTESIAN_POINT('',(158.175116218328,43.5537032031073,25.0000162428616));
#4497=CARTESIAN_POINT('',(160.425132461189,29.0537032031073,22.75));
#4498=CARTESIAN_POINT('',(160.425132461189,29.0537032031073,22.75));
#4499=CARTESIAN_POINT('',(156.425132461189,29.0537032031073,26.75));
#4500=CARTESIAN_POINT('',(158.175116218328,29.0537032031073,25.0000162428616));
#4501=CARTESIAN_POINT('',(156.425132461189,29.0537032031073,26.75));
#4502=CARTESIAN_POINT('Origin',(156.425132461189,29.0537032031073,21.675));
#4503=CARTESIAN_POINT('',(156.425132461189,29.0537032031073,35.25));
#4504=CARTESIAN_POINT('',(156.425132461189,29.0537032031073,25.3375));
#4505=CARTESIAN_POINT('',(156.425132461189,43.5537032031073,35.25));
#4506=CARTESIAN_POINT('',(156.425132461189,29.0537032031073,35.25));
#4507=CARTESIAN_POINT('',(156.425132461189,43.5537032031073,25.3375));
#4508=CARTESIAN_POINT('Origin',(161.675067489743,29.0537032031073,29.));
#4509=CARTESIAN_POINT('',(168.925067489743,29.0537032031073,22.75));
#4510=CARTESIAN_POINT('',(165.33753500402,29.0537032031073,22.75));
#4511=CARTESIAN_POINT('',(168.925067489743,29.0537032031073,35.25));
#4512=CARTESIAN_POINT('',(168.925067489743,29.0537032031073,43.4));
#4513=CARTESIAN_POINT('',(158.012599975466,29.0537032031073,35.25));
#4514=CARTESIAN_POINT('',(158.975067489743,29.0537032031073,29.));
#4515=CARTESIAN_POINT('Origin',(161.675067489743,29.0537032031073,29.));
#4516=CARTESIAN_POINT('Origin',(161.675067489743,29.3537032031073,29.));
#4517=CARTESIAN_POINT('',(159.575067489743,29.6537032031073,29.));
#4518=CARTESIAN_POINT('',(159.275067489743,29.3537032031073,29.));
#4519=CARTESIAN_POINT('Origin',(161.675067489743,29.6537032031073,29.));
#4520=CARTESIAN_POINT('Origin',(161.675067489743,29.0537032031073,29.));
#4521=CARTESIAN_POINT('',(159.575067489743,43.5537032031073,29.));
#4522=CARTESIAN_POINT('Origin',(161.675067489743,43.5537032031073,29.));
#4523=CARTESIAN_POINT('',(159.575067489743,29.0537032031073,29.));
#4524=CARTESIAN_POINT('Origin',(-1.67506510555717,29.3537032031073,29.));
#4525=CARTESIAN_POINT('',(-3.77506510555717,29.6537032031073,29.));
#4526=CARTESIAN_POINT('',(-4.07506510555717,29.3537032031073,29.));
#4527=CARTESIAN_POINT('Origin',(-1.67506510555717,29.6537032031073,29.));
#4528=CARTESIAN_POINT('Origin',(-1.67506510555717,29.0537032031073,29.));
#4529=CARTESIAN_POINT('',(-3.77506510555717,43.5537032031073,29.));
#4530=CARTESIAN_POINT('Origin',(-1.67506510555717,43.5537032031073,29.));
#4531=CARTESIAN_POINT('',(-3.77506510555717,29.0537032031073,29.));
#4532=CARTESIAN_POINT('Origin',(154.350132461189,29.0537032031073,35.25));
#4533=CARTESIAN_POINT('',(168.925067489743,43.5537032031073,35.25));
#4534=CARTESIAN_POINT('',(168.925067489743,60.521543976743,35.25));
#4535=CARTESIAN_POINT('',(158.012599975466,43.5537032031073,35.25));
#4536=CARTESIAN_POINT('Origin',(3.57493489444283,29.0537032031073,36.325));
#4537=CARTESIAN_POINT('',(3.57493489444283,43.5537032031073,35.25));
#4538=CARTESIAN_POINT('',(3.57493489444283,43.5537032031073,32.6625));
#4539=CARTESIAN_POINT('',(3.57493489444283,29.0537032031073,35.25));
#4540=CARTESIAN_POINT('Origin',(-9.00006510555717,29.0537032031073,35.25));
#4541=CARTESIAN_POINT('',(-8.92506510555718,43.5537032031073,35.25));
#4542=CARTESIAN_POINT('',(-5.33756510555717,43.5537032031073,35.25));
#4543=CARTESIAN_POINT('',(-8.92506510555718,91.9893847503787,35.25));
#4544=CARTESIAN_POINT('Origin',(-1.67506510555717,43.5537032031073,29.));
#4545=CARTESIAN_POINT('',(-8.92506510555718,43.5537032031073,22.525));
#4546=CARTESIAN_POINT('Origin',(169.000002518296,29.0537032031073,22.75));
#4547=CARTESIAN_POINT('',(168.925067489743,43.5537032031073,22.75));
#4548=CARTESIAN_POINT('',(165.33753500402,43.5537032031073,22.75));
#4549=CARTESIAN_POINT('',(168.925067489743,60.521543976743,22.75));
#4550=CARTESIAN_POINT('Origin',(161.675067489743,43.5537032031073,29.));
#4551=CARTESIAN_POINT('',(168.925067489743,43.5537032031073,43.4));
#4552=CARTESIAN_POINT('Origin',(31.2500674897428,36.2590442969936,99.25));
#4553=CARTESIAN_POINT('',(29.7500674897428,36.2590442969936,98.95));
#4554=CARTESIAN_POINT('',(29.1500674897428,36.2590442969936,99.55));
#4555=CARTESIAN_POINT('',(29.7500674897428,36.2590442969936,98.95));
#4556=CARTESIAN_POINT('',(33.3500674897428,36.2590442969936,99.55));
#4557=CARTESIAN_POINT('Origin',(31.2500674897428,36.2590442969936,99.55));
#4558=CARTESIAN_POINT('',(32.7500674897428,36.2590442969936,98.95));
#4559=CARTESIAN_POINT('',(33.3500674897428,36.2590442969936,99.55));
#4560=CARTESIAN_POINT('Origin',(31.2500674897428,36.2590442969936,98.95));
#4561=CARTESIAN_POINT('Origin',(29.4500674897428,64.1563737500505,99.25));
#4562=CARTESIAN_POINT('',(29.7500674897428,76.2590442969936,98.95));
#4563=CARTESIAN_POINT('',(29.1500674897428,76.2590442969936,99.55));
#4564=CARTESIAN_POINT('',(29.7500674897428,76.2590442969936,98.95));
#4565=CARTESIAN_POINT('',(29.1500674897428,64.1563737500505,99.55));
#4566=CARTESIAN_POINT('',(29.7500674897428,64.1563737500505,98.95));
#4567=CARTESIAN_POINT('Origin',(31.2500674897428,76.2590442969936,99.25));
#4568=CARTESIAN_POINT('',(32.7500674897428,76.2590442969936,98.95));
#4569=CARTESIAN_POINT('',(33.3500674897428,76.2590442969936,99.55));
#4570=CARTESIAN_POINT('',(32.7500674897428,76.2590442969936,98.95));
#4571=CARTESIAN_POINT('Origin',(31.2500674897428,76.2590442969936,99.55));
#4572=CARTESIAN_POINT('Origin',(31.2500674897428,76.2590442969936,98.95));
#4573=CARTESIAN_POINT('Origin',(33.0500674897428,84.1563737500505,99.25));
#4574=CARTESIAN_POINT('',(33.3500674897428,84.1563737500505,99.55));
#4575=CARTESIAN_POINT('',(32.7500674897428,84.1563737500505,98.95));
#4576=CARTESIAN_POINT('Origin',(29.7500674897428,36.2590442969936,99.55));
#4577=CARTESIAN_POINT('',(29.7500674897428,36.2590442969936,98.15));
#4578=CARTESIAN_POINT('',(29.7500674897428,36.2590442969936,99.55));
#4579=CARTESIAN_POINT('',(29.7500674897428,76.2590442969936,98.15));
#4580=CARTESIAN_POINT('',(29.7500674897428,64.1563737500505,98.15));
#4581=CARTESIAN_POINT('',(29.7500674897428,76.2590442969936,99.55));
#4582=CARTESIAN_POINT('Origin',(31.2500674897428,36.2590442969936,99.55));
#4583=CARTESIAN_POINT('',(32.7500674897428,36.2590442969936,98.15));
#4584=CARTESIAN_POINT('',(32.7500674897428,36.2590442969936,99.55));
#4585=CARTESIAN_POINT('Origin',(31.2500674897428,36.2590442969936,98.15));
#4586=CARTESIAN_POINT('Origin',(80.0000674897428,92.0537032031073,99.55));
#4587=CARTESIAN_POINT('',(-2.92493251025716,29.0537032031073,99.55));
#4588=CARTESIAN_POINT('',(-2.92493251025717,83.4643853908798,99.55));
#4589=CARTESIAN_POINT('',(-2.92493251025717,92.021543976743,99.55));
#4590=CARTESIAN_POINT('',(162.925067489743,29.0537032031073,99.55));
#4591=CARTESIAN_POINT('',(124.462567489743,29.0537032031073,99.55));
#4592=CARTESIAN_POINT('',(162.925067489743,83.4643853908798,99.55));
#4593=CARTESIAN_POINT('',(162.925067489743,92.021543976743,99.55));
#4594=CARTESIAN_POINT('',(34.5375674897428,83.4643853908798,99.55));
#4595=CARTESIAN_POINT('',(45.4000674897428,36.2590442969936,99.55));
#4596=CARTESIAN_POINT('',(49.6000674897428,36.2590442969936,99.55));
#4597=CARTESIAN_POINT('Origin',(47.5000674897428,36.2590442969936,99.55));
#4598=CARTESIAN_POINT('',(45.4000674897428,76.2590442969936,99.55));
#4599=CARTESIAN_POINT('',(45.4000674897428,64.1563737500505,99.55));
#4600=CARTESIAN_POINT('',(49.6000674897428,76.2590442969936,99.55));
#4601=CARTESIAN_POINT('Origin',(47.5000674897428,76.2590442969936,99.55));
#4602=CARTESIAN_POINT('',(49.6000674897428,84.1563737500505,99.55));
#4603=CARTESIAN_POINT('',(77.9000674897428,36.2590442969936,99.55));
#4604=CARTESIAN_POINT('',(82.1000674897428,36.2590442969936,99.55));
#4605=CARTESIAN_POINT('Origin',(80.0000674897428,36.2590442969936,99.55));
#4606=CARTESIAN_POINT('',(77.9000674897428,76.2590442969936,99.55));
#4607=CARTESIAN_POINT('',(77.9000674897428,64.1563737500505,99.55));
#4608=CARTESIAN_POINT('',(82.1000674897428,76.2590442969936,99.55));
#4609=CARTESIAN_POINT('Origin',(80.0000674897428,76.2590442969936,99.55));
#4610=CARTESIAN_POINT('',(82.1000674897428,84.1563737500505,99.55));
#4611=CARTESIAN_POINT('',(110.400067489743,36.2590442969936,99.55));
#4612=CARTESIAN_POINT('',(114.600067489743,36.2590442969936,99.55));
#4613=CARTESIAN_POINT('Origin',(112.500067489743,36.2590442969936,99.55));
#4614=CARTESIAN_POINT('',(110.400067489743,76.2590442969936,99.55));
#4615=CARTESIAN_POINT('',(110.400067489743,64.1563737500505,99.55));
#4616=CARTESIAN_POINT('',(114.600067489743,76.2590442969936,99.55));
#4617=CARTESIAN_POINT('Origin',(112.500067489743,76.2590442969936,99.55));
#4618=CARTESIAN_POINT('',(114.600067489743,84.1563737500505,99.55));
#4619=CARTESIAN_POINT('',(142.900020600878,50.2050005960299,99.55));
#4620=CARTESIAN_POINT('',(147.100020600878,50.2050005960299,99.55));
#4621=CARTESIAN_POINT('Origin',(145.000020600878,50.2050005960299,99.55));
#4622=CARTESIAN_POINT('',(142.900020600878,76.2590442969936,99.55));
#4623=CARTESIAN_POINT('',(142.900020600878,71.1293518995686,99.55));
#4624=CARTESIAN_POINT('',(147.100020600878,76.2590442969936,99.55));
#4625=CARTESIAN_POINT('Origin',(145.000020600878,76.2590442969936,99.55));
#4626=CARTESIAN_POINT('',(147.100020600878,84.1563737500505,99.55));
#4627=CARTESIAN_POINT('',(150.500002235174,40.0000005960464,99.55));
#4628=CARTESIAN_POINT('Origin',(145.000002235174,40.0000005960464,99.55));
#4629=CARTESIAN_POINT('',(17.1000674897428,36.2590442969936,99.55));
#4630=CARTESIAN_POINT('',(17.1000674897428,76.2590442969936,99.55));
#4631=CARTESIAN_POINT('',(17.1000674897428,84.1563737500505,99.55));
#4632=CARTESIAN_POINT('',(12.9000674897428,36.2590442969936,99.55));
#4633=CARTESIAN_POINT('Origin',(15.0000674897428,36.2590442969936,99.55));
#4634=CARTESIAN_POINT('',(12.9000674897428,76.2590442969936,99.55));
#4635=CARTESIAN_POINT('',(12.9000674897428,64.1563737500505,99.55));
#4636=CARTESIAN_POINT('Origin',(15.0000674897428,76.2590442969936,99.55));
#4637=CARTESIAN_POINT('',(126.650067489743,36.2590442969936,99.55));
#4638=CARTESIAN_POINT('',(130.850067489743,36.2590442969936,99.55));
#4639=CARTESIAN_POINT('Origin',(128.750067489743,36.2590442969936,99.55));
#4640=CARTESIAN_POINT('',(126.650067489743,76.2590442969936,99.55));
#4641=CARTESIAN_POINT('',(126.650067489743,64.1563737500505,99.55));
#4642=CARTESIAN_POINT('',(130.850067489743,76.2590442969936,99.55));
#4643=CARTESIAN_POINT('Origin',(128.750067489743,76.2590442969936,99.55));
#4644=CARTESIAN_POINT('',(130.850067489743,84.1563737500505,99.55));
#4645=CARTESIAN_POINT('',(94.1500674897428,36.2590442969936,99.55));
#4646=CARTESIAN_POINT('',(98.3500674897428,36.2590442969936,99.55));
#4647=CARTESIAN_POINT('Origin',(96.2500674897428,36.2590442969936,99.55));
#4648=CARTESIAN_POINT('',(94.1500674897428,76.2590442969936,99.55));
#4649=CARTESIAN_POINT('',(94.1500674897428,64.1563737500505,99.55));
#4650=CARTESIAN_POINT('',(98.3500674897428,76.2590442969936,99.55));
#4651=CARTESIAN_POINT('Origin',(96.2500674897428,76.2590442969936,99.55));
#4652=CARTESIAN_POINT('',(98.3500674897428,84.1563737500505,99.55));
#4653=CARTESIAN_POINT('',(61.6500674897428,36.2590442969936,99.55));
#4654=CARTESIAN_POINT('',(65.8500674897428,36.2590442969936,99.55));
#4655=CARTESIAN_POINT('Origin',(63.7500674897428,36.2590442969936,99.55));
#4656=CARTESIAN_POINT('',(61.6500674897428,76.2590442969936,99.55));
#4657=CARTESIAN_POINT('',(61.6500674897428,64.1563737500505,99.55));
#4658=CARTESIAN_POINT('',(65.8500674897428,76.2590442969936,99.55));
#4659=CARTESIAN_POINT('Origin',(63.7500674897428,76.2590442969936,99.55));
#4660=CARTESIAN_POINT('',(65.8500674897428,84.1563737500505,99.55));
#4661=CARTESIAN_POINT('Origin',(47.5000674897428,36.2590442969936,99.25));
#4662=CARTESIAN_POINT('',(46.0000674897428,36.2590442969936,98.95));
#4663=CARTESIAN_POINT('',(46.0000674897428,36.2590442969936,98.95));
#4664=CARTESIAN_POINT('',(49.0000674897428,36.2590442969936,98.95));
#4665=CARTESIAN_POINT('',(49.6000674897428,36.2590442969936,99.55));
#4666=CARTESIAN_POINT('Origin',(47.5000674897428,36.2590442969936,98.95));
#4667=CARTESIAN_POINT('Origin',(45.7000674897428,64.1563737500505,99.25));
#4668=CARTESIAN_POINT('',(46.0000674897428,76.2590442969936,98.95));
#4669=CARTESIAN_POINT('',(46.0000674897428,76.2590442969936,98.95));
#4670=CARTESIAN_POINT('',(46.0000674897428,64.1563737500505,98.95));
#4671=CARTESIAN_POINT('Origin',(47.5000674897428,76.2590442969936,99.25));
#4672=CARTESIAN_POINT('',(49.0000674897428,76.2590442969936,98.95));
#4673=CARTESIAN_POINT('',(49.0000674897428,76.2590442969936,98.95));
#4674=CARTESIAN_POINT('Origin',(47.5000674897428,76.2590442969936,98.95));
#4675=CARTESIAN_POINT('Origin',(49.3000674897428,84.1563737500505,99.25));
#4676=CARTESIAN_POINT('',(49.0000674897428,84.1563737500505,98.95));
#4677=CARTESIAN_POINT('Origin',(46.0000674897428,36.2590442969936,99.55));
#4678=CARTESIAN_POINT('',(46.0000674897428,36.2590442969936,98.15));
#4679=CARTESIAN_POINT('',(46.0000674897428,36.2590442969936,99.55));
#4680=CARTESIAN_POINT('',(46.0000674897428,76.2590442969936,98.15));
#4681=CARTESIAN_POINT('',(46.0000674897428,64.1563737500505,98.15));
#4682=CARTESIAN_POINT('',(46.0000674897428,76.2590442969936,99.55));
#4683=CARTESIAN_POINT('Origin',(47.5000674897428,36.2590442969936,99.55));
#4684=CARTESIAN_POINT('',(49.0000674897428,36.2590442969936,98.15));
#4685=CARTESIAN_POINT('',(49.0000674897428,36.2590442969936,99.55));
#4686=CARTESIAN_POINT('Origin',(47.5000674897428,36.2590442969936,98.15));
#4687=CARTESIAN_POINT('Origin',(63.7500674897428,36.2590442969936,99.25));
#4688=CARTESIAN_POINT('',(62.2500674897428,36.2590442969936,98.95));
#4689=CARTESIAN_POINT('',(62.2500674897428,36.2590442969936,98.95));
#4690=CARTESIAN_POINT('',(65.2500674897428,36.2590442969936,98.95));
#4691=CARTESIAN_POINT('',(65.8500674897428,36.2590442969936,99.55));
#4692=CARTESIAN_POINT('Origin',(63.7500674897428,36.2590442969936,98.95));
#4693=CARTESIAN_POINT('Origin',(61.9500674897428,64.1563737500505,99.25));
#4694=CARTESIAN_POINT('',(62.2500674897428,76.2590442969936,98.95));
#4695=CARTESIAN_POINT('',(62.2500674897428,76.2590442969936,98.95));
#4696=CARTESIAN_POINT('',(62.2500674897428,64.1563737500505,98.95));
#4697=CARTESIAN_POINT('Origin',(63.7500674897428,76.2590442969936,99.25));
#4698=CARTESIAN_POINT('',(65.2500674897428,76.2590442969936,98.95));
#4699=CARTESIAN_POINT('',(65.2500674897428,76.2590442969936,98.95));
#4700=CARTESIAN_POINT('Origin',(63.7500674897428,76.2590442969936,98.95));
#4701=CARTESIAN_POINT('Origin',(65.5500674897428,84.1563737500505,99.25));
#4702=CARTESIAN_POINT('',(65.2500674897428,84.1563737500505,98.95));
#4703=CARTESIAN_POINT('Origin',(62.2500674897428,36.2590442969936,99.55));
#4704=CARTESIAN_POINT('',(62.2500674897428,36.2590442969936,98.15));
#4705=CARTESIAN_POINT('',(62.2500674897428,36.2590442969936,99.55));
#4706=CARTESIAN_POINT('',(62.2500674897428,76.2590442969936,98.15));
#4707=CARTESIAN_POINT('',(62.2500674897428,64.1563737500505,98.15));
#4708=CARTESIAN_POINT('',(62.2500674897428,76.2590442969936,99.55));
#4709=CARTESIAN_POINT('Origin',(63.7500674897428,36.2590442969936,99.55));
#4710=CARTESIAN_POINT('',(65.2500674897428,36.2590442969936,98.15));
#4711=CARTESIAN_POINT('',(65.2500674897428,36.2590442969936,99.55));
#4712=CARTESIAN_POINT('Origin',(63.7500674897428,36.2590442969936,98.15));
#4713=CARTESIAN_POINT('Origin',(80.0000674897428,36.2590442969936,99.25));
#4714=CARTESIAN_POINT('',(78.5000674897428,36.2590442969936,98.95));
#4715=CARTESIAN_POINT('',(78.5000674897428,36.2590442969936,98.95));
#4716=CARTESIAN_POINT('',(81.5000674897428,36.2590442969936,98.95));
#4717=CARTESIAN_POINT('',(82.1000674897428,36.2590442969936,99.55));
#4718=CARTESIAN_POINT('Origin',(80.0000674897428,36.2590442969936,98.95));
#4719=CARTESIAN_POINT('Origin',(78.2000674897428,64.1563737500505,99.25));
#4720=CARTESIAN_POINT('',(78.5000674897428,76.2590442969936,98.95));
#4721=CARTESIAN_POINT('',(78.5000674897428,76.2590442969936,98.95));
#4722=CARTESIAN_POINT('',(78.5000674897428,64.1563737500505,98.95));
#4723=CARTESIAN_POINT('Origin',(80.0000674897428,76.2590442969936,99.25));
#4724=CARTESIAN_POINT('',(81.5000674897428,76.2590442969936,98.95));
#4725=CARTESIAN_POINT('',(81.5000674897428,76.2590442969936,98.95));
#4726=CARTESIAN_POINT('Origin',(80.0000674897428,76.2590442969936,98.95));
#4727=CARTESIAN_POINT('Origin',(81.8000674897428,84.1563737500505,99.25));
#4728=CARTESIAN_POINT('',(81.5000674897428,84.1563737500505,98.95));
#4729=CARTESIAN_POINT('Origin',(78.5000674897428,36.2590442969936,99.55));
#4730=CARTESIAN_POINT('',(78.5000674897428,36.2590442969936,98.15));
#4731=CARTESIAN_POINT('',(78.5000674897428,36.2590442969936,99.55));
#4732=CARTESIAN_POINT('',(78.5000674897428,76.2590442969936,98.15));
#4733=CARTESIAN_POINT('',(78.5000674897428,64.1563737500505,98.15));
#4734=CARTESIAN_POINT('',(78.5000674897428,76.2590442969936,99.55));
#4735=CARTESIAN_POINT('Origin',(80.0000674897428,36.2590442969936,99.55));
#4736=CARTESIAN_POINT('',(81.5000674897428,36.2590442969936,98.15));
#4737=CARTESIAN_POINT('',(81.5000674897428,36.2590442969936,99.55));
#4738=CARTESIAN_POINT('Origin',(80.0000674897428,36.2590442969936,98.15));
#4739=CARTESIAN_POINT('Origin',(96.2500674897428,36.2590442969936,99.25));
#4740=CARTESIAN_POINT('',(94.7500674897428,36.2590442969936,98.95));
#4741=CARTESIAN_POINT('',(94.7500674897428,36.2590442969936,98.95));
#4742=CARTESIAN_POINT('',(97.7500674897428,36.2590442969936,98.95));
#4743=CARTESIAN_POINT('',(98.3500674897428,36.2590442969936,99.55));
#4744=CARTESIAN_POINT('Origin',(96.2500674897428,36.2590442969936,98.95));
#4745=CARTESIAN_POINT('Origin',(94.4500674897428,64.1563737500505,99.25));
#4746=CARTESIAN_POINT('',(94.7500674897428,76.2590442969936,98.95));
#4747=CARTESIAN_POINT('',(94.7500674897428,76.2590442969936,98.95));
#4748=CARTESIAN_POINT('',(94.7500674897428,64.1563737500505,98.95));
#4749=CARTESIAN_POINT('Origin',(96.2500674897428,76.2590442969936,99.25));
#4750=CARTESIAN_POINT('',(97.7500674897428,76.2590442969936,98.95));
#4751=CARTESIAN_POINT('',(97.7500674897428,76.2590442969936,98.95));
#4752=CARTESIAN_POINT('Origin',(96.2500674897428,76.2590442969936,98.95));
#4753=CARTESIAN_POINT('Origin',(98.0500674897428,84.1563737500505,99.25));
#4754=CARTESIAN_POINT('',(97.7500674897428,84.1563737500505,98.95));
#4755=CARTESIAN_POINT('Origin',(94.7500674897428,36.2590442969936,99.55));
#4756=CARTESIAN_POINT('',(94.7500674897428,36.2590442969936,98.15));
#4757=CARTESIAN_POINT('',(94.7500674897428,36.2590442969936,99.55));
#4758=CARTESIAN_POINT('',(94.7500674897428,76.2590442969936,98.15));
#4759=CARTESIAN_POINT('',(94.7500674897428,64.1563737500505,98.15));
#4760=CARTESIAN_POINT('',(94.7500674897428,76.2590442969936,99.55));
#4761=CARTESIAN_POINT('Origin',(96.2500674897428,36.2590442969936,99.55));
#4762=CARTESIAN_POINT('',(97.7500674897428,36.2590442969936,98.15));
#4763=CARTESIAN_POINT('',(97.7500674897428,36.2590442969936,99.55));
#4764=CARTESIAN_POINT('Origin',(96.2500674897428,36.2590442969936,98.15));
#4765=CARTESIAN_POINT('Origin',(112.500067489743,36.2590442969936,99.25));
#4766=CARTESIAN_POINT('',(111.000067489743,36.2590442969936,98.95));
#4767=CARTESIAN_POINT('',(111.000067489743,36.2590442969936,98.95));
#4768=CARTESIAN_POINT('',(114.000067489743,36.2590442969936,98.95));
#4769=CARTESIAN_POINT('',(114.600067489743,36.2590442969936,99.55));
#4770=CARTESIAN_POINT('Origin',(112.500067489743,36.2590442969936,98.95));
#4771=CARTESIAN_POINT('Origin',(110.700067489743,64.1563737500505,99.25));
#4772=CARTESIAN_POINT('',(111.000067489743,76.2590442969936,98.95));
#4773=CARTESIAN_POINT('',(111.000067489743,76.2590442969936,98.95));
#4774=CARTESIAN_POINT('',(111.000067489743,64.1563737500505,98.95));
#4775=CARTESIAN_POINT('Origin',(112.500067489743,76.2590442969936,99.25));
#4776=CARTESIAN_POINT('',(114.000067489743,76.2590442969936,98.95));
#4777=CARTESIAN_POINT('',(114.000067489743,76.2590442969936,98.95));
#4778=CARTESIAN_POINT('Origin',(112.500067489743,76.2590442969936,98.95));
#4779=CARTESIAN_POINT('Origin',(114.300067489743,84.1563737500505,99.25));
#4780=CARTESIAN_POINT('',(114.000067489743,84.1563737500505,98.95));
#4781=CARTESIAN_POINT('Origin',(111.000067489743,36.2590442969936,99.55));
#4782=CARTESIAN_POINT('',(111.000067489743,36.2590442969936,98.15));
#4783=CARTESIAN_POINT('',(111.000067489743,36.2590442969936,99.55));
#4784=CARTESIAN_POINT('',(111.000067489743,76.2590442969936,98.15));
#4785=CARTESIAN_POINT('',(111.000067489743,64.1563737500505,98.15));
#4786=CARTESIAN_POINT('',(111.000067489743,76.2590442969936,99.55));
#4787=CARTESIAN_POINT('Origin',(112.500067489743,36.2590442969936,99.55));
#4788=CARTESIAN_POINT('',(114.000067489743,36.2590442969936,98.15));
#4789=CARTESIAN_POINT('',(114.000067489743,36.2590442969936,99.55));
#4790=CARTESIAN_POINT('Origin',(112.500067489743,36.2590442969936,98.15));
#4791=CARTESIAN_POINT('Origin',(128.750067489743,36.2590442969936,99.25));
#4792=CARTESIAN_POINT('',(127.250067489743,36.2590442969936,98.95));
#4793=CARTESIAN_POINT('',(127.250067489743,36.2590442969936,98.95));
#4794=CARTESIAN_POINT('',(130.250067489743,36.2590442969936,98.95));
#4795=CARTESIAN_POINT('',(130.850067489743,36.2590442969936,99.55));
#4796=CARTESIAN_POINT('Origin',(128.750067489743,36.2590442969936,98.95));
#4797=CARTESIAN_POINT('Origin',(126.950067489743,64.1563737500505,99.25));
#4798=CARTESIAN_POINT('',(127.250067489743,76.2590442969936,98.95));
#4799=CARTESIAN_POINT('',(127.250067489743,76.2590442969936,98.95));
#4800=CARTESIAN_POINT('',(127.250067489743,64.1563737500505,98.95));
#4801=CARTESIAN_POINT('Origin',(128.750067489743,76.2590442969936,99.25));
#4802=CARTESIAN_POINT('',(130.250067489743,76.2590442969936,98.95));
#4803=CARTESIAN_POINT('',(130.250067489743,76.2590442969936,98.95));
#4804=CARTESIAN_POINT('Origin',(128.750067489743,76.2590442969936,98.95));
#4805=CARTESIAN_POINT('Origin',(130.550067489743,84.1563737500505,99.25));
#4806=CARTESIAN_POINT('',(130.250067489743,84.1563737500505,98.95));
#4807=CARTESIAN_POINT('Origin',(127.250067489743,36.2590442969936,99.55));
#4808=CARTESIAN_POINT('',(127.250067489743,36.2590442969936,98.15));
#4809=CARTESIAN_POINT('',(127.250067489743,36.2590442969936,99.55));
#4810=CARTESIAN_POINT('',(127.250067489743,76.2590442969936,98.15));
#4811=CARTESIAN_POINT('',(127.250067489743,64.1563737500505,98.15));
#4812=CARTESIAN_POINT('',(127.250067489743,76.2590442969936,99.55));
#4813=CARTESIAN_POINT('Origin',(128.750067489743,36.2590442969936,99.55));
#4814=CARTESIAN_POINT('',(130.250067489743,36.2590442969936,98.15));
#4815=CARTESIAN_POINT('',(130.250067489743,36.2590442969936,99.55));
#4816=CARTESIAN_POINT('Origin',(128.750067489743,36.2590442969936,98.15));
#4817=CARTESIAN_POINT('Origin',(145.000020600878,50.2050005960299,99.25));
#4818=CARTESIAN_POINT('',(143.500020600878,50.2050005960299,98.95));
#4819=CARTESIAN_POINT('',(143.500020600878,50.2050005960299,98.95));
#4820=CARTESIAN_POINT('',(146.500020600878,50.2050005960299,98.95));
#4821=CARTESIAN_POINT('',(147.100020600878,50.2050005960299,99.55));
#4822=CARTESIAN_POINT('Origin',(145.000020600878,50.2050005960299,98.95));
#4823=CARTESIAN_POINT('Origin',(143.200020600878,71.1293518995686,99.25));
#4824=CARTESIAN_POINT('',(143.500020600878,76.2590442969936,98.95));
#4825=CARTESIAN_POINT('',(143.500020600878,76.2590442969936,98.95));
#4826=CARTESIAN_POINT('',(143.500020600878,71.1293518995686,98.95));
#4827=CARTESIAN_POINT('Origin',(145.000020600878,76.2590442969936,99.25));
#4828=CARTESIAN_POINT('',(146.500020600878,76.2590442969936,98.95));
#4829=CARTESIAN_POINT('',(146.500020600878,76.2590442969936,98.95));
#4830=CARTESIAN_POINT('Origin',(145.000020600878,76.2590442969936,98.95));
#4831=CARTESIAN_POINT('Origin',(146.800020600878,84.1563737500505,99.25));
#4832=CARTESIAN_POINT('',(146.500020600878,84.1563737500505,98.95));
#4833=CARTESIAN_POINT('Origin',(143.500020600878,50.2050005960299,99.55));
#4834=CARTESIAN_POINT('',(143.500020600878,50.2050005960299,98.15));
#4835=CARTESIAN_POINT('',(143.500020600878,50.2050005960299,99.55));
#4836=CARTESIAN_POINT('',(143.500020600878,76.2590442969936,98.15));
#4837=CARTESIAN_POINT('',(143.500020600878,71.1293518995686,98.15));
#4838=CARTESIAN_POINT('',(143.500020600878,76.2590442969936,99.55));
#4839=CARTESIAN_POINT('Origin',(145.000020600878,50.2050005960299,99.55));
#4840=CARTESIAN_POINT('',(146.500020600878,50.2050005960299,98.15));
#4841=CARTESIAN_POINT('',(146.500020600878,50.2050005960299,99.55));
#4842=CARTESIAN_POINT('Origin',(145.000020600878,50.2050005960299,98.15));
#4843=CARTESIAN_POINT('Origin',(16.8000674897428,84.1563737500505,99.25));
#4844=CARTESIAN_POINT('',(16.5000674897428,76.2590442969936,98.95));
#4845=CARTESIAN_POINT('',(17.1000674897428,76.2590442969936,99.55));
#4846=CARTESIAN_POINT('',(16.5000674897428,36.2590442969936,98.95));
#4847=CARTESIAN_POINT('',(16.5000674897428,84.1563737500505,98.95));
#4848=CARTESIAN_POINT('',(16.5000674897428,36.2590442969936,98.95));
#4849=CARTESIAN_POINT('Origin',(15.0000674897428,76.2590442969936,99.25));
#4850=CARTESIAN_POINT('',(13.5000674897428,76.2590442969936,98.95));
#4851=CARTESIAN_POINT('',(12.9000674897428,76.2590442969936,99.55));
#4852=CARTESIAN_POINT('Origin',(15.0000674897428,76.2590442969936,98.95));
#4853=CARTESIAN_POINT('Origin',(13.2000674897428,64.1563737500505,99.25));
#4854=CARTESIAN_POINT('',(13.5000674897428,36.2590442969936,98.95));
#4855=CARTESIAN_POINT('',(12.9000674897428,36.2590442969936,99.55));
#4856=CARTESIAN_POINT('',(13.5000674897428,64.1563737500505,98.95));
#4857=CARTESIAN_POINT('Origin',(15.0000674897428,36.2590442969936,99.25));
#4858=CARTESIAN_POINT('Origin',(15.0000674897428,36.2590442969936,98.95));
#4859=CARTESIAN_POINT('Origin',(15.0000674897428,36.2590442969936,99.55));
#4860=CARTESIAN_POINT('',(16.5000674897428,36.2590442969936,98.15));
#4861=CARTESIAN_POINT('',(16.5000674897428,36.2590442969936,99.55));
#4862=CARTESIAN_POINT('',(13.5000674897428,36.2590442969936,98.15));
#4863=CARTESIAN_POINT('Origin',(15.0000674897428,36.2590442969936,98.15));
#4864=CARTESIAN_POINT('',(13.5000674897428,36.2590442969936,99.55));
#4865=CARTESIAN_POINT('Origin',(16.5000674897428,76.2590442969936,99.55));
#4866=CARTESIAN_POINT('',(16.5000674897428,76.2590442969936,98.15));
#4867=CARTESIAN_POINT('',(16.5000674897428,76.2590442969936,99.55));
#4868=CARTESIAN_POINT('',(16.5000674897428,84.1563737500505,98.15));
#4869=CARTESIAN_POINT('Origin',(15.0000674897428,36.2590442969936,97.85));
#4870=CARTESIAN_POINT('',(17.1000674897428,36.2590442969936,97.55));
#4871=CARTESIAN_POINT('',(16.5000674897428,36.2590442969936,98.15));
#4872=CARTESIAN_POINT('',(12.9000674897428,36.2590442969936,97.55));
#4873=CARTESIAN_POINT('Origin',(15.0000674897428,36.2590442969936,97.55));
#4874=CARTESIAN_POINT('',(12.9000674897428,36.2590442969936,97.55));
#4875=CARTESIAN_POINT('Origin',(16.8000674897428,84.1563737500505,97.85));
#4876=CARTESIAN_POINT('',(17.1000674897428,76.2590442969936,97.55));
#4877=CARTESIAN_POINT('',(16.5000674897428,76.2590442969936,98.15));
#4878=CARTESIAN_POINT('',(17.1000674897428,84.1563737500505,97.55));
#4879=CARTESIAN_POINT('Origin',(15.0000674897428,76.2590442969936,97.85));
#4880=CARTESIAN_POINT('',(13.5000674897428,76.2590442969936,98.15));
#4881=CARTESIAN_POINT('',(12.9000674897428,76.2590442969936,97.55));
#4882=CARTESIAN_POINT('',(13.5000674897428,76.2590442969936,98.15));
#4883=CARTESIAN_POINT('Origin',(15.0000674897428,76.2590442969936,97.55));
#4884=CARTESIAN_POINT('Origin',(15.0000674897428,76.2590442969936,98.15));
#4885=CARTESIAN_POINT('Origin',(13.2000674897428,64.1563737500505,97.85));
#4886=CARTESIAN_POINT('',(12.9000674897428,64.1563737500505,97.55));
#4887=CARTESIAN_POINT('',(13.5000674897428,64.1563737500505,98.15));
#4888=CARTESIAN_POINT('Origin',(80.0000674897428,92.0537032031073,97.55));
#4889=CARTESIAN_POINT('',(1.07506748974283,29.0537032031073,97.55));
#4890=CARTESIAN_POINT('',(1.07506748974283,43.5537032031073,97.55));
#4891=CARTESIAN_POINT('',(1.07506748974283,60.5537032031073,97.55));
#4892=CARTESIAN_POINT('',(-2.92506510555718,43.5537032031073,97.55));
#4893=CARTESIAN_POINT('',(38.1625674897428,43.5537032031073,97.55));
#4894=CARTESIAN_POINT('',(-2.92506510555718,83.4643853908798,97.55));
#4895=CARTESIAN_POINT('',(-2.92506510555718,123.489384750379,97.55));
#4896=CARTESIAN_POINT('',(162.925067489743,83.4643853908798,97.55));
#4897=CARTESIAN_POINT('',(34.5375674897428,83.4643853908798,97.55));
#4898=CARTESIAN_POINT('',(162.925067489743,43.5537032031073,97.55));
#4899=CARTESIAN_POINT('',(162.925067489743,92.021543976743,97.55));
#4900=CARTESIAN_POINT('',(158.925084882272,43.5537032031073,97.55));
#4901=CARTESIAN_POINT('',(121.837603355544,43.5537032031073,97.55));
#4902=CARTESIAN_POINT('',(158.925084882272,29.0537032031073,97.55));
#4903=CARTESIAN_POINT('',(158.925084882272,60.5537032031073,97.55));
#4904=CARTESIAN_POINT('',(80.0000674897428,29.0537032031073,97.55));
#4905=CARTESIAN_POINT('',(33.3500674897428,36.2590442969936,97.55));
#4906=CARTESIAN_POINT('',(29.1500674897428,36.2590442969936,97.55));
#4907=CARTESIAN_POINT('Origin',(31.2500674897428,36.2590442969936,97.55));
#4908=CARTESIAN_POINT('',(33.3500674897428,76.2590442969936,97.55));
#4909=CARTESIAN_POINT('',(33.3500674897428,84.1563737500505,97.55));
#4910=CARTESIAN_POINT('',(29.1500674897428,76.2590442969936,97.55));
#4911=CARTESIAN_POINT('Origin',(31.2500674897428,76.2590442969936,97.55));
#4912=CARTESIAN_POINT('',(29.1500674897428,64.1563737500505,97.55));
#4913=CARTESIAN_POINT('',(65.8500674897428,36.2590442969936,97.55));
#4914=CARTESIAN_POINT('',(61.6500674897428,36.2590442969936,97.55));
#4915=CARTESIAN_POINT('Origin',(63.7500674897428,36.2590442969936,97.55));
#4916=CARTESIAN_POINT('',(65.8500674897428,76.2590442969936,97.55));
#4917=CARTESIAN_POINT('',(65.8500674897428,84.1563737500505,97.55));
#4918=CARTESIAN_POINT('',(61.6500674897428,76.2590442969936,97.55));
#4919=CARTESIAN_POINT('Origin',(63.7500674897428,76.2590442969936,97.55));
#4920=CARTESIAN_POINT('',(61.6500674897428,64.1563737500505,97.55));
#4921=CARTESIAN_POINT('',(98.3500674897428,36.2590442969936,97.55));
#4922=CARTESIAN_POINT('',(94.1500674897428,36.2590442969936,97.55));
#4923=CARTESIAN_POINT('Origin',(96.2500674897428,36.2590442969936,97.55));
#4924=CARTESIAN_POINT('',(98.3500674897428,76.2590442969936,97.55));
#4925=CARTESIAN_POINT('',(98.3500674897428,84.1563737500505,97.55));
#4926=CARTESIAN_POINT('',(94.1500674897428,76.2590442969936,97.55));
#4927=CARTESIAN_POINT('Origin',(96.2500674897428,76.2590442969936,97.55));
#4928=CARTESIAN_POINT('',(94.1500674897428,64.1563737500505,97.55));
#4929=CARTESIAN_POINT('',(130.850067489743,36.2590442969936,97.55));
#4930=CARTESIAN_POINT('',(126.650067489743,36.2590442969936,97.55));
#4931=CARTESIAN_POINT('Origin',(128.750067489743,36.2590442969936,97.55));
#4932=CARTESIAN_POINT('',(130.850067489743,76.2590442969936,97.55));
#4933=CARTESIAN_POINT('',(130.850067489743,84.1563737500505,97.55));
#4934=CARTESIAN_POINT('',(126.650067489743,76.2590442969936,97.55));
#4935=CARTESIAN_POINT('Origin',(128.750067489743,76.2590442969936,97.55));
#4936=CARTESIAN_POINT('',(126.650067489743,64.1563737500505,97.55));
#4937=CARTESIAN_POINT('',(150.500002235174,40.0000005960464,97.55));
#4938=CARTESIAN_POINT('Origin',(145.000002235174,40.0000005960464,97.55));
#4939=CARTESIAN_POINT('',(147.100020600878,50.2050005960299,97.55));
#4940=CARTESIAN_POINT('',(142.900020600878,50.2050005960299,97.55));
#4941=CARTESIAN_POINT('Origin',(145.000020600878,50.2050005960299,97.55));
#4942=CARTESIAN_POINT('',(147.100020600878,76.2590442969936,97.55));
#4943=CARTESIAN_POINT('',(147.100020600878,84.1563737500505,97.55));
#4944=CARTESIAN_POINT('',(142.900020600878,76.2590442969936,97.55));
#4945=CARTESIAN_POINT('Origin',(145.000020600878,76.2590442969936,97.55));
#4946=CARTESIAN_POINT('',(142.900020600878,71.1293518995686,97.55));
#4947=CARTESIAN_POINT('',(114.600067489743,36.2590442969936,97.55));
#4948=CARTESIAN_POINT('',(110.400067489743,36.2590442969936,97.55));
#4949=CARTESIAN_POINT('Origin',(112.500067489743,36.2590442969936,97.55));
#4950=CARTESIAN_POINT('',(114.600067489743,76.2590442969936,97.55));
#4951=CARTESIAN_POINT('',(114.600067489743,84.1563737500505,97.55));
#4952=CARTESIAN_POINT('',(110.400067489743,76.2590442969936,97.55));
#4953=CARTESIAN_POINT('Origin',(112.500067489743,76.2590442969936,97.55));
#4954=CARTESIAN_POINT('',(110.400067489743,64.1563737500505,97.55));
#4955=CARTESIAN_POINT('',(82.1000674897428,36.2590442969936,97.55));
#4956=CARTESIAN_POINT('',(77.9000674897428,36.2590442969936,97.55));
#4957=CARTESIAN_POINT('Origin',(80.0000674897428,36.2590442969936,97.55));
#4958=CARTESIAN_POINT('',(82.1000674897428,76.2590442969936,97.55));
#4959=CARTESIAN_POINT('',(82.1000674897428,84.1563737500505,97.55));
#4960=CARTESIAN_POINT('',(77.9000674897428,76.2590442969936,97.55));
#4961=CARTESIAN_POINT('Origin',(80.0000674897428,76.2590442969936,97.55));
#4962=CARTESIAN_POINT('',(77.9000674897428,64.1563737500505,97.55));
#4963=CARTESIAN_POINT('',(49.6000674897428,36.2590442969936,97.55));
#4964=CARTESIAN_POINT('',(45.4000674897428,36.2590442969936,97.55));
#4965=CARTESIAN_POINT('Origin',(47.5000674897428,36.2590442969936,97.55));
#4966=CARTESIAN_POINT('',(49.6000674897428,76.2590442969936,97.55));
#4967=CARTESIAN_POINT('',(49.6000674897428,84.1563737500505,97.55));
#4968=CARTESIAN_POINT('',(45.4000674897428,76.2590442969936,97.55));
#4969=CARTESIAN_POINT('Origin',(47.5000674897428,76.2590442969936,97.55));
#4970=CARTESIAN_POINT('',(45.4000674897428,64.1563737500505,97.55));
#4971=CARTESIAN_POINT('Origin',(31.2500674897428,36.2590442969936,97.85));
#4972=CARTESIAN_POINT('',(32.7500674897428,36.2590442969936,98.15));
#4973=CARTESIAN_POINT('',(29.1500674897428,36.2590442969936,97.55));
#4974=CARTESIAN_POINT('Origin',(33.0500674897428,84.1563737500505,97.85));
#4975=CARTESIAN_POINT('',(32.7500674897428,76.2590442969936,98.15));
#4976=CARTESIAN_POINT('',(32.7500674897428,76.2590442969936,98.15));
#4977=CARTESIAN_POINT('',(32.7500674897428,84.1563737500505,98.15));
#4978=CARTESIAN_POINT('Origin',(31.2500674897428,76.2590442969936,97.85));
#4979=CARTESIAN_POINT('',(29.7500674897428,76.2590442969936,98.15));
#4980=CARTESIAN_POINT('Origin',(31.2500674897428,76.2590442969936,98.15));
#4981=CARTESIAN_POINT('Origin',(29.4500674897428,64.1563737500505,97.85));
#4982=CARTESIAN_POINT('Origin',(32.7500674897428,76.2590442969936,99.55));
#4983=CARTESIAN_POINT('',(32.7500674897428,76.2590442969936,99.55));
#4984=CARTESIAN_POINT('Origin',(47.5000674897428,36.2590442969936,97.85));
#4985=CARTESIAN_POINT('',(49.0000674897428,36.2590442969936,98.15));
#4986=CARTESIAN_POINT('',(45.4000674897428,36.2590442969936,97.55));
#4987=CARTESIAN_POINT('Origin',(49.3000674897428,84.1563737500505,97.85));
#4988=CARTESIAN_POINT('',(49.0000674897428,76.2590442969936,98.15));
#4989=CARTESIAN_POINT('',(49.0000674897428,76.2590442969936,98.15));
#4990=CARTESIAN_POINT('',(49.0000674897428,84.1563737500505,98.15));
#4991=CARTESIAN_POINT('Origin',(47.5000674897428,76.2590442969936,97.85));
#4992=CARTESIAN_POINT('',(46.0000674897428,76.2590442969936,98.15));
#4993=CARTESIAN_POINT('Origin',(47.5000674897428,76.2590442969936,98.15));
#4994=CARTESIAN_POINT('Origin',(45.7000674897428,64.1563737500505,97.85));
#4995=CARTESIAN_POINT('Origin',(49.0000674897428,76.2590442969936,99.55));
#4996=CARTESIAN_POINT('',(49.0000674897428,76.2590442969936,99.55));
#4997=CARTESIAN_POINT('Origin',(63.7500674897428,36.2590442969936,97.85));
#4998=CARTESIAN_POINT('',(65.2500674897428,36.2590442969936,98.15));
#4999=CARTESIAN_POINT('',(61.6500674897428,36.2590442969936,97.55));
#5000=CARTESIAN_POINT('Origin',(65.5500674897428,84.1563737500505,97.85));
#5001=CARTESIAN_POINT('',(65.2500674897428,76.2590442969936,98.15));
#5002=CARTESIAN_POINT('',(65.2500674897428,76.2590442969936,98.15));
#5003=CARTESIAN_POINT('',(65.2500674897428,84.1563737500505,98.15));
#5004=CARTESIAN_POINT('Origin',(63.7500674897428,76.2590442969936,97.85));
#5005=CARTESIAN_POINT('',(62.2500674897428,76.2590442969936,98.15));
#5006=CARTESIAN_POINT('Origin',(63.7500674897428,76.2590442969936,98.15));
#5007=CARTESIAN_POINT('Origin',(61.9500674897428,64.1563737500505,97.85));
#5008=CARTESIAN_POINT('Origin',(65.2500674897428,76.2590442969936,99.55));
#5009=CARTESIAN_POINT('',(65.2500674897428,76.2590442969936,99.55));
#5010=CARTESIAN_POINT('Origin',(80.0000674897428,36.2590442969936,97.85));
#5011=CARTESIAN_POINT('',(81.5000674897428,36.2590442969936,98.15));
#5012=CARTESIAN_POINT('',(77.9000674897428,36.2590442969936,97.55));
#5013=CARTESIAN_POINT('Origin',(81.8000674897428,84.1563737500505,97.85));
#5014=CARTESIAN_POINT('',(81.5000674897428,76.2590442969936,98.15));
#5015=CARTESIAN_POINT('',(81.5000674897428,76.2590442969936,98.15));
#5016=CARTESIAN_POINT('',(81.5000674897428,84.1563737500505,98.15));
#5017=CARTESIAN_POINT('Origin',(80.0000674897428,76.2590442969936,97.85));
#5018=CARTESIAN_POINT('',(78.5000674897428,76.2590442969936,98.15));
#5019=CARTESIAN_POINT('Origin',(80.0000674897428,76.2590442969936,98.15));
#5020=CARTESIAN_POINT('Origin',(78.2000674897428,64.1563737500505,97.85));
#5021=CARTESIAN_POINT('Origin',(81.5000674897428,76.2590442969936,99.55));
#5022=CARTESIAN_POINT('',(81.5000674897428,76.2590442969936,99.55));
#5023=CARTESIAN_POINT('Origin',(96.2500674897428,36.2590442969936,97.85));
#5024=CARTESIAN_POINT('',(97.7500674897428,36.2590442969936,98.15));
#5025=CARTESIAN_POINT('',(94.1500674897428,36.2590442969936,97.55));
#5026=CARTESIAN_POINT('Origin',(98.0500674897428,84.1563737500505,97.85));
#5027=CARTESIAN_POINT('',(97.7500674897428,76.2590442969936,98.15));
#5028=CARTESIAN_POINT('',(97.7500674897428,76.2590442969936,98.15));
#5029=CARTESIAN_POINT('',(97.7500674897428,84.1563737500505,98.15));
#5030=CARTESIAN_POINT('Origin',(96.2500674897428,76.2590442969936,97.85));
#5031=CARTESIAN_POINT('',(94.7500674897428,76.2590442969936,98.15));
#5032=CARTESIAN_POINT('Origin',(96.2500674897428,76.2590442969936,98.15));
#5033=CARTESIAN_POINT('Origin',(94.4500674897428,64.1563737500505,97.85));
#5034=CARTESIAN_POINT('Origin',(97.7500674897428,76.2590442969936,99.55));
#5035=CARTESIAN_POINT('',(97.7500674897428,76.2590442969936,99.55));
#5036=CARTESIAN_POINT('Origin',(112.500067489743,36.2590442969936,97.85));
#5037=CARTESIAN_POINT('',(114.000067489743,36.2590442969936,98.15));
#5038=CARTESIAN_POINT('',(110.400067489743,36.2590442969936,97.55));
#5039=CARTESIAN_POINT('Origin',(114.300067489743,84.1563737500505,97.85));
#5040=CARTESIAN_POINT('',(114.000067489743,76.2590442969936,98.15));
#5041=CARTESIAN_POINT('',(114.000067489743,76.2590442969936,98.15));
#5042=CARTESIAN_POINT('',(114.000067489743,84.1563737500505,98.15));
#5043=CARTESIAN_POINT('Origin',(112.500067489743,76.2590442969936,97.85));
#5044=CARTESIAN_POINT('',(111.000067489743,76.2590442969936,98.15));
#5045=CARTESIAN_POINT('Origin',(112.500067489743,76.2590442969936,98.15));
#5046=CARTESIAN_POINT('Origin',(110.700067489743,64.1563737500505,97.85));
#5047=CARTESIAN_POINT('Origin',(114.000067489743,76.2590442969936,99.55));
#5048=CARTESIAN_POINT('',(114.000067489743,76.2590442969936,99.55));
#5049=CARTESIAN_POINT('Origin',(128.750067489743,36.2590442969936,97.85));
#5050=CARTESIAN_POINT('',(130.250067489743,36.2590442969936,98.15));
#5051=CARTESIAN_POINT('',(126.650067489743,36.2590442969936,97.55));
#5052=CARTESIAN_POINT('Origin',(130.550067489743,84.1563737500505,97.85));
#5053=CARTESIAN_POINT('',(130.250067489743,76.2590442969936,98.15));
#5054=CARTESIAN_POINT('',(130.250067489743,76.2590442969936,98.15));
#5055=CARTESIAN_POINT('',(130.250067489743,84.1563737500505,98.15));
#5056=CARTESIAN_POINT('Origin',(128.750067489743,76.2590442969936,97.85));
#5057=CARTESIAN_POINT('',(127.250067489743,76.2590442969936,98.15));
#5058=CARTESIAN_POINT('Origin',(128.750067489743,76.2590442969936,98.15));
#5059=CARTESIAN_POINT('Origin',(126.950067489743,64.1563737500505,97.85));
#5060=CARTESIAN_POINT('Origin',(130.250067489743,76.2590442969936,99.55));
#5061=CARTESIAN_POINT('',(130.250067489743,76.2590442969936,99.55));
#5062=CARTESIAN_POINT('Origin',(145.000020600878,50.2050005960299,97.85));
#5063=CARTESIAN_POINT('',(146.500020600878,50.2050005960299,98.15));
#5064=CARTESIAN_POINT('',(142.900020600878,50.2050005960299,97.55));
#5065=CARTESIAN_POINT('Origin',(146.800020600878,84.1563737500505,97.85));
#5066=CARTESIAN_POINT('',(146.500020600878,76.2590442969936,98.15));
#5067=CARTESIAN_POINT('',(146.500020600878,76.2590442969936,98.15));
#5068=CARTESIAN_POINT('',(146.500020600878,84.1563737500505,98.15));
#5069=CARTESIAN_POINT('Origin',(145.000020600878,76.2590442969936,97.85));
#5070=CARTESIAN_POINT('',(143.500020600878,76.2590442969936,98.15));
#5071=CARTESIAN_POINT('Origin',(145.000020600878,76.2590442969936,98.15));
#5072=CARTESIAN_POINT('Origin',(143.200020600878,71.1293518995686,97.85));
#5073=CARTESIAN_POINT('Origin',(146.500020600878,76.2590442969936,99.55));
#5074=CARTESIAN_POINT('',(146.500020600878,76.2590442969936,99.55));
#5075=CARTESIAN_POINT('Origin',(145.000020600878,76.2590442969936,99.55));
#5076=CARTESIAN_POINT('Origin',(128.750067489743,76.2590442969936,99.55));
#5077=CARTESIAN_POINT('Origin',(112.500067489743,76.2590442969936,99.55));
#5078=CARTESIAN_POINT('Origin',(96.2500674897428,76.2590442969936,99.55));
#5079=CARTESIAN_POINT('Origin',(80.0000674897428,76.2590442969936,99.55));
#5080=CARTESIAN_POINT('Origin',(63.7500674897428,76.2590442969936,99.55));
#5081=CARTESIAN_POINT('Origin',(47.5000674897428,76.2590442969936,99.55));
#5082=CARTESIAN_POINT('Origin',(31.2500674897428,76.2590442969936,99.55));
#5083=CARTESIAN_POINT('Origin',(13.5000674897428,36.2590442969936,99.55));
#5084=CARTESIAN_POINT('',(13.5000674897428,76.2590442969936,99.55));
#5085=CARTESIAN_POINT('Origin',(15.0000674897428,76.2590442969936,99.55));
#5086=CARTESIAN_POINT('Origin',(158.925193560965,29.0537032031073,85.0506862354901));
#5087=CARTESIAN_POINT('',(158.925176172364,43.5537032031073,87.050577553171));
#5088=CARTESIAN_POINT('',(158.925162042414,43.5537032031073,88.6756862353152));
#5089=CARTESIAN_POINT('',(158.925176172364,29.0537032031073,87.0505775531709));
#5090=CARTESIAN_POINT('',(158.925176172364,44.7876235899252,87.0505775531709));
#5091=CARTESIAN_POINT('',(158.925493533987,29.0537032031073,50.5502996470374));
#5092=CARTESIAN_POINT('Origin',(168.925067489743,29.0537032031073,16.05));
#5093=CARTESIAN_POINT('',(1.07493489444282,29.0537032031073,87.05));
#5094=CARTESIAN_POINT('',(1.07506748974284,29.0537032031073,56.8));
#5095=CARTESIAN_POINT('',(168.925067489743,29.0537032031073,77.0507731821974));
#5096=CARTESIAN_POINT('',(181.67526078481,29.0537032031073,64.3006907466817));
#5097=CARTESIAN_POINT('',(168.925067489743,29.0537032031073,96.8415026221291));
#5098=CARTESIAN_POINT('',(168.925067489743,29.0537032031073,16.05));
#5099=CARTESIAN_POINT('Origin',(162.925067489743,29.0537032031073,91.55));
#5100=CARTESIAN_POINT('',(-8.92505308311893,29.0534433384755,96.8413659019016));
#5101=CARTESIAN_POINT('Origin',(-2.92493251025717,29.0537032031073,91.55));
#5102=CARTESIAN_POINT('',(-8.92506510555718,29.0534174271183,91.5898889210099));
#5103=CARTESIAN_POINT('',(-8.92506510555718,29.0534174271183,57.3));
#5104=CARTESIAN_POINT('',(-8.92506510555718,29.0534174271183,91.55));
#5105=CARTESIAN_POINT('',(-8.92506510555718,29.0534174271183,57.3));
#5106=CARTESIAN_POINT('',(-8.92506510555718,29.0537032031073,77.05));
#5107=CARTESIAN_POINT('',(-8.92506510555718,29.0537032031073,54.175));
#5108=CARTESIAN_POINT('',(22.7874680432678,29.0537032031073,108.762533148825));
#5109=CARTESIAN_POINT('',(-6.37493251025718,29.0537032031073,92.3));
#5110=CARTESIAN_POINT('Origin',(-3.67493251025717,29.0537032031073,92.3));
#5111=CARTESIAN_POINT('',(160.975130523683,29.0537032031073,92.3007275353868));
#5112=CARTESIAN_POINT('Origin',(163.675130523683,29.0537032031073,92.3007275353868));
#5113=CARTESIAN_POINT('Origin',(163.675139221344,43.5537032031073,92.3007275353868));
#5114=CARTESIAN_POINT('',(168.925067489743,43.5537032031073,91.55));
#5115=CARTESIAN_POINT('Origin',(162.925067489743,43.5537032031073,91.55));
#5116=CARTESIAN_POINT('',(168.925067489743,43.5537032031073,77.0507731821974));
#5117=CARTESIAN_POINT('',(168.925067489743,43.5537032031073,75.0503637676934));
#5118=CARTESIAN_POINT('',(161.300085422851,43.5537032031073,84.6756889518907));
#5119=CARTESIAN_POINT('',(161.575130523683,43.5537032031073,92.3007275353868));
#5120=CARTESIAN_POINT('Origin',(163.675130523683,43.5537032031073,92.3007275353868));
#5121=CARTESIAN_POINT('Origin',(163.925067489932,60.521543976743,82.0507297083334));
#5122=CARTESIAN_POINT('',(168.925067489743,60.521543976743,77.0507731821974));
#5123=CARTESIAN_POINT('Origin',(-3.92506510555718,91.9893847503787,82.05));
#5124=CARTESIAN_POINT('',(-8.92506510555718,43.5537032031073,77.05));
#5125=CARTESIAN_POINT('',(1.07493489444282,43.5537032031073,87.05));
#5126=CARTESIAN_POINT('',(-1.30003195673218,43.5537032031073,84.675033148825));
#5127=CARTESIAN_POINT('',(1.07493489444282,91.9893847503787,87.05));
#5128=CARTESIAN_POINT('',(-8.92506510555718,91.9893847503787,77.05));
#5129=CARTESIAN_POINT('Origin',(163.675130523683,29.3537032031073,92.3007275353868));
#5130=CARTESIAN_POINT('',(161.575130523683,29.6537032031073,92.3007275353868));
#5131=CARTESIAN_POINT('',(161.275130523683,29.3537032031073,92.3007275353868));
#5132=CARTESIAN_POINT('Origin',(163.675130523683,29.6537032031073,92.3007275353868));
#5133=CARTESIAN_POINT('Origin',(163.675130523683,29.0537032031073,92.3007275353868));
#5134=CARTESIAN_POINT('',(161.575130523683,29.0537032031073,92.3007275353868));
#5135=CARTESIAN_POINT('Origin',(-3.67493251025717,29.3537032031073,92.3));
#5136=CARTESIAN_POINT('',(-5.77493251025718,29.6537032031074,92.3));
#5137=CARTESIAN_POINT('',(-6.07493251025718,29.3537032031073,92.3));
#5138=CARTESIAN_POINT('Origin',(-3.67493251025717,29.6537032031074,92.3));
#5139=CARTESIAN_POINT('Origin',(-3.67493251025717,29.0537032031073,92.3));
#5140=CARTESIAN_POINT('',(-5.77493251025718,43.5537032031073,92.3));
#5141=CARTESIAN_POINT('Origin',(-3.67493251025717,43.5537032031073,92.3));
#5142=CARTESIAN_POINT('',(-5.77493251025718,29.0537032031073,92.3));
#5143=CARTESIAN_POINT('Origin',(162.925067489743,148.925417427118,36.925));
#5144=CARTESIAN_POINT('',(162.925067489743,156.925417427118,18.0053464600866));
#5145=CARTESIAN_POINT('',(170.925067489743,148.925417427118,18.0053464600866));
#5146=CARTESIAN_POINT('Origin',(162.925067489743,148.925417427118,18.0053464600866));
#5147=CARTESIAN_POINT('',(170.925067489743,148.925417427118,16.05));
#5148=CARTESIAN_POINT('',(170.925067489743,148.925417427118,36.925));
#5149=CARTESIAN_POINT('',(162.925067489743,156.925417427118,16.05));
#5150=CARTESIAN_POINT('Origin',(162.925067489743,148.925417427118,16.05));
#5151=CARTESIAN_POINT('',(162.925067489743,156.925417427118,36.925));
#5152=CARTESIAN_POINT('Origin',(80.0000674897428,27.0537032031074,16.05));
#5153=CARTESIAN_POINT('',(170.925067489743,27.0537032031074,16.05));
#5154=CARTESIAN_POINT('',(170.925067489743,154.392417427118,16.05));
#5155=CARTESIAN_POINT('',(168.925067489743,27.0537032031073,16.05));
#5156=CARTESIAN_POINT('',(80.0000674897428,27.0537032031074,16.05));
#5157=CARTESIAN_POINT('',(168.925067489743,140.42506629765,16.05));
#5158=CARTESIAN_POINT('',(168.925067489743,89.7230603151129,16.05));
#5159=CARTESIAN_POINT('',(154.425067489743,140.42506629765,16.05));
#5160=CARTESIAN_POINT('',(117.212534340918,140.42506629765,16.05));
#5161=CARTESIAN_POINT('',(154.425067489743,154.925417427118,16.05));
#5162=CARTESIAN_POINT('',(154.425067489743,151.30006629765,16.05));
#5163=CARTESIAN_POINT('',(5.57493489444283,154.925417427118,16.05));
#5164=CARTESIAN_POINT('',(80.0000343409178,154.925417427118,16.05));
#5165=CARTESIAN_POINT('',(5.57493489444283,140.42506629765,16.05));
#5166=CARTESIAN_POINT('',(5.57493489444283,144.05006629765,16.05));
#5167=CARTESIAN_POINT('',(-8.92506510555717,140.42506629765,16.05));
#5168=CARTESIAN_POINT('',(35.5374680432678,140.42506629765,16.05));
#5169=CARTESIAN_POINT('',(-8.92506510555718,27.0537032031074,16.05));
#5170=CARTESIAN_POINT('',(-8.92506510555718,90.9893847503787,16.05));
#5171=CARTESIAN_POINT('',(-10.9249325102572,27.0537032031074,16.05));
#5172=CARTESIAN_POINT('',(80.0000674897428,27.0537032031074,16.05));
#5173=CARTESIAN_POINT('',(-10.9249325102572,148.925417427118,16.05));
#5174=CARTESIAN_POINT('',(-10.9249325102572,156.92506629765,16.05));
#5175=CARTESIAN_POINT('',(-2.92493251025717,156.925417427118,16.05));
#5176=CARTESIAN_POINT('Origin',(-2.92493251025717,148.925417427118,16.05));
#5177=CARTESIAN_POINT('',(35.5375674897428,156.925417427118,16.05));
#5178=CARTESIAN_POINT('',(-0.0750651055571722,147.67506629765,16.05));
#5179=CARTESIAN_POINT('Origin',(-1.67506510555717,147.67506629765,16.05));
#5180=CARTESIAN_POINT('',(163.275067489743,147.67506629765,16.05));
#5181=CARTESIAN_POINT('Origin',(161.675067489743,147.67506629765,16.05));
#5182=CARTESIAN_POINT('Origin',(-2.92493251025717,148.925417427118,36.925));
#5183=CARTESIAN_POINT('',(-10.9249325102572,148.925417427118,18.0053464600867));
#5184=CARTESIAN_POINT('',(-2.92493251025717,156.925417427118,18.0053464600866));
#5185=CARTESIAN_POINT('Origin',(-2.92493251025717,148.925417427118,18.0053464600866));
#5186=CARTESIAN_POINT('',(-2.92493251025717,156.925417427118,36.925));
#5187=CARTESIAN_POINT('',(-10.9249325102572,148.925417427118,36.925));
#5188=CARTESIAN_POINT('Origin',(162.925067489743,92.021543976743,91.55));
#5189=CARTESIAN_POINT('',(170.925067489743,27.0537032031073,91.55));
#5190=CARTESIAN_POINT('',(170.925067489743,83.4643853908798,91.55));
#5191=CARTESIAN_POINT('',(170.925067489743,92.021543976743,91.55));
#5192=CARTESIAN_POINT('Origin',(162.925067489743,83.4643853908798,91.55));
#5193=CARTESIAN_POINT('',(168.925067489743,27.0537032031073,96.8415026221291));
#5194=CARTESIAN_POINT('',(168.925067489743,92.021543976743,96.8415026221292));
#5195=CARTESIAN_POINT('Origin',(162.925067489743,27.0537032031073,91.55));
#5196=CARTESIAN_POINT('Origin',(-3.67493251025717,43.5537032031073,92.3));
#5197=CARTESIAN_POINT('',(-8.92506510555718,43.5537032031073,91.55));
#5198=CARTESIAN_POINT('',(-8.92506510555718,43.5537032031073,54.175));
#5199=CARTESIAN_POINT('Origin',(-2.92506510555718,43.5537032031073,91.55));
#5200=CARTESIAN_POINT('',(1.07506748974283,43.5537032031073,94.925));
#5201=CARTESIAN_POINT('Origin',(1.07506748974283,29.0537032031073,97.55));
#5202=CARTESIAN_POINT('Origin',(-2.92493251025717,92.021543976743,91.55));
#5203=CARTESIAN_POINT('',(-10.9249325102572,83.4643853908798,91.55));
#5204=CARTESIAN_POINT('Origin',(-2.92493251025717,83.4643853908798,91.55));
#5205=CARTESIAN_POINT('',(-10.9249325102572,27.0537032031073,91.55));
#5206=CARTESIAN_POINT('',(-10.9249325102572,92.021543976743,91.55));
#5207=CARTESIAN_POINT('',(-8.92506510555718,27.0537032031073,96.8413522693937));
#5208=CARTESIAN_POINT('Origin',(-2.92493251025717,27.0537032031073,91.55));
#5209=CARTESIAN_POINT('',(-8.92506510555718,92.021543976743,96.8413522693937));
#5210=CARTESIAN_POINT('Origin',(-2.92506510555718,123.489384750379,91.55));
#5211=CARTESIAN_POINT('',(-8.92506510555718,83.4643853908798,91.55));
#5212=CARTESIAN_POINT('',(-8.92506510555718,123.489384750379,91.55));
#5213=CARTESIAN_POINT('Origin',(-2.92506510555718,83.4643853908798,91.55));
#5214=CARTESIAN_POINT('Origin',(170.925067489743,91.9893847503787,57.8));
#5215=CARTESIAN_POINT('',(170.925067489743,27.0537032031073,16.05));
#5216=CARTESIAN_POINT('',(170.925067489743,92.5360150826457,81.3581371165371));
#5217=CARTESIAN_POINT('Origin',(168.925067489743,91.9893847503787,57.8));
#5218=CARTESIAN_POINT('',(168.925067489743,83.4643853908798,91.55));
#5219=CARTESIAN_POINT('',(168.925067489743,92.021543976743,91.55));
#5220=CARTESIAN_POINT('',(168.925067489743,140.42506629765,27.5553849996299));
#5221=CARTESIAN_POINT('',(168.925067489743,91.9442301334711,82.0230001305068));
#5222=CARTESIAN_POINT('',(168.925067489743,140.42506629765,36.925));
#5223=CARTESIAN_POINT('',(168.925067489743,27.0537032031073,57.8));
#5224=CARTESIAN_POINT('Origin',(162.925067489743,92.021543976743,91.55));
#5225=CARTESIAN_POINT('Origin',(162.925067489743,83.4643853908798,91.55));
#5226=CARTESIAN_POINT('Origin',(34.5375343409178,148.925417427118,18.0053464600866));
#5227=CARTESIAN_POINT('',(154.425067489743,153.407209280338,21.9945245439043));
#5228=CARTESIAN_POINT('',(154.425067489743,154.925417427118,18.0053464600866));
#5229=CARTESIAN_POINT('Origin',(154.425067489743,148.925417427118,18.0053464600866));
#5230=CARTESIAN_POINT('',(5.57493489444283,153.407209280338,21.9945245439043));
#5231=CARTESIAN_POINT('',(34.5375343409178,153.407209280338,21.9945245439043));
#5232=CARTESIAN_POINT('',(5.57493489444283,154.925417427118,18.0053464600866));
#5233=CARTESIAN_POINT('Origin',(5.57493489444283,148.925417427118,18.0053464600866));
#5234=CARTESIAN_POINT('',(34.5375343409178,154.925417427118,18.0053464600866));
#5235=CARTESIAN_POINT('Origin',(154.425067489743,154.92506629765,16.05));
#5236=CARTESIAN_POINT('',(154.425067489743,154.925417427118,36.425));
#5237=CARTESIAN_POINT('',(154.425067489743,140.42506629765,36.5798003663031));
#5238=CARTESIAN_POINT('',(154.425067489743,140.42506629765,16.05));
#5239=CARTESIAN_POINT('',(154.425067489743,120.703298330187,58.7369608516231));
#5240=CARTESIAN_POINT('Origin',(80.0000011920928,154.925417427118,56.8));
#5241=CARTESIAN_POINT('',(5.57493489444283,154.925417427118,36.425));
#5242=CARTESIAN_POINT('Origin',(-2.92493251025717,148.925417427118,18.0053464600867));
#5243=CARTESIAN_POINT('',(-2.92493251025717,154.901139898078,23.3242505718435));
#5244=CARTESIAN_POINT('Origin',(-2.92493251025717,148.925417427118,18.0053464600867));
#5245=CARTESIAN_POINT('Origin',(-2.92493251025717,148.925417427118,18.0053464600866));
#5246=CARTESIAN_POINT('Origin',(5.57493489444283,140.42506629765,16.05));
#5247=CARTESIAN_POINT('',(5.57493489444283,140.42506629765,36.5798003663031));
#5248=CARTESIAN_POINT('',(5.57493489444283,117.498487831938,62.337525499372));
#5249=CARTESIAN_POINT('',(5.57493489444283,140.42506629765,16.05));
#5250=CARTESIAN_POINT('Origin',(162.925067489743,148.925417427118,18.0053464600866));
#5251=CARTESIAN_POINT('',(162.925067489743,154.901139898078,23.3242505718435));
#5252=CARTESIAN_POINT('Origin',(162.925067489743,148.925417427118,18.0053464600866));
#5253=CARTESIAN_POINT('Origin',(162.925067489743,148.925417427118,18.0053464600867));
#5254=CARTESIAN_POINT('Ctrl Pts',(162.356885671561,144.75357284961,33.6999604892869));
#5255=CARTESIAN_POINT('Ctrl Pts',(161.856038042759,144.636685022986,33.9407175190586));
#5256=CARTESIAN_POINT('Ctrl Pts',(160.793644456782,144.666432429206,33.8794459788833));
#5257=CARTESIAN_POINT('Ctrl Pts',(159.426740471396,145.488626389428,32.1859507580664));
#5258=CARTESIAN_POINT('Ctrl Pts',(158.643116187073,146.877680068708,29.3248791847807));
#5259=CARTESIAN_POINT('Ctrl Pts',(158.642319397512,148.472534237242,26.0399147567024));
#5260=CARTESIAN_POINT('Ctrl Pts',(159.296881667878,149.629117810735,23.6576681714108));
#5261=CARTESIAN_POINT('Ctrl Pts',(160.110044845848,150.27311371073,22.33121233297));
#5262=CARTESIAN_POINT('Ctrl Pts',(160.822035930866,150.586055136921,21.686638381701));
#5263=CARTESIAN_POINT('Ctrl Pts',(161.590536014396,150.70713083207,21.4372554854373));
#5264=CARTESIAN_POINT('Ctrl Pts',(162.10646185716,150.655003659002,21.544623238954));
#5265=CARTESIAN_POINT('Ctrl Pts',(162.356885671561,150.59655974569,21.6650017538398));
#5266=CARTESIAN_POINT('Ctrl Pts',(162.400266430986,144.763697051852,33.8744213081652));
#5267=CARTESIAN_POINT('Ctrl Pts',(161.868809950302,144.631820375998,34.1132391380201));
#5268=CARTESIAN_POINT('Ctrl Pts',(160.732737249942,144.665741242835,34.0525518554706));
#5269=CARTESIAN_POINT('Ctrl Pts',(159.301713512216,145.592464004993,32.3728975128444));
#5270=CARTESIAN_POINT('Ctrl Pts',(158.563531107907,147.12203896879,29.5432898979809));
#5271=CARTESIAN_POINT('Ctrl Pts',(158.716917259956,148.7971139897,26.3161746907522));
#5272=CARTESIAN_POINT('Ctrl Pts',(159.520221845167,149.893644183044,24.0230077892115));
#5273=CARTESIAN_POINT('Ctrl Pts',(160.356401524871,150.413906346796,22.7975380610768));
#5274=CARTESIAN_POINT('Ctrl Pts',(161.00101409758,150.6258279277,22.2304903609991));
#5275=CARTESIAN_POINT('Ctrl Pts',(161.611147669728,150.691644615266,22.0232439045058));
#5276=CARTESIAN_POINT('Ctrl Pts',(162.012964124473,150.664365901665,22.1120985219728));
#5277=CARTESIAN_POINT('Ctrl Pts',(162.220053997908,150.628493523604,22.2152863996258));
#5278=CARTESIAN_POINT('Ctrl Pts',(162.495904630623,144.745906785361,34.2233399528677));
#5279=CARTESIAN_POINT('Ctrl Pts',(161.89569803937,144.586819154317,34.4582752777883));
#5280=CARTESIAN_POINT('Ctrl Pts',(160.603502704917,144.627565125912,34.398412552822));
#5281=CARTESIAN_POINT('Ctrl Pts',(159.007992896023,145.744760367758,32.746190074863));
#5282=CARTESIAN_POINT('Ctrl Pts',(158.280034437357,147.562197034176,29.9789397867028));
#5283=CARTESIAN_POINT('Ctrl Pts',(158.645930589712,149.483711953897,26.8676354178933));
#5284=CARTESIAN_POINT('Ctrl Pts',(159.719967712259,150.608436722951,24.7520394107791));
#5285=CARTESIAN_POINT('Ctrl Pts',(160.654452563006,151.00914456835,23.7293256320039));
#5286=CARTESIAN_POINT('Ctrl Pts',(161.241127267176,151.095377010224,23.317504319092));
#5287=CARTESIAN_POINT('Ctrl Pts',(161.640133046314,151.08508834172,23.1947783380972));
#5288=CARTESIAN_POINT('Ctrl Pts',(161.885699205676,151.091481363757,23.2458761926548));
#5289=CARTESIAN_POINT('Ctrl Pts',(162.038431610262,151.085239869027,23.3145173889095));
#5290=CARTESIAN_POINT('Ctrl Pts',(162.63208323457,144.629597973225,34.6391852785548));
#5291=CARTESIAN_POINT('Ctrl Pts',(161.931763511218,144.444866225908,34.8717649231969));
#5292=CARTESIAN_POINT('Ctrl Pts',(160.427808368595,144.492030480251,34.8123896066201));
#5293=CARTESIAN_POINT('Ctrl Pts',(158.557568661079,145.790106159797,33.1768013157863));
#5294=CARTESIAN_POINT('Ctrl Pts',(157.670606937657,147.926069377106,30.4450967983946));
#5295=CARTESIAN_POINT('Ctrl Pts',(158.045135961851,150.237466015827,27.3943016009742));
#5296=CARTESIAN_POINT('Ctrl Pts',(159.280121988882,151.663517016928,25.360375534282));
#5297=CARTESIAN_POINT('Ctrl Pts',(160.394314818096,152.227705874019,24.4214450078782));
#5298=CARTESIAN_POINT('Ctrl Pts',(161.115224930697,152.386367396792,24.070182606241));
#5299=CARTESIAN_POINT('Ctrl Pts',(161.628930244212,152.400191180218,23.9792762632237));
#5300=CARTESIAN_POINT('Ctrl Pts',(161.948511921518,152.396473979262,24.0161406907817));
#5301=CARTESIAN_POINT('Ctrl Pts',(162.141546945028,152.377597131139,24.0715554205063));
#5302=CARTESIAN_POINT('Ctrl Pts',(162.775982678384,144.446875592355,35.0253632759471));
#5303=CARTESIAN_POINT('Ctrl Pts',(161.968932776471,144.24321217581,35.2591520122079));
#5304=CARTESIAN_POINT('Ctrl Pts',(160.245691683844,144.295091817051,35.199649174716));
#5305=CARTESIAN_POINT('Ctrl Pts',(158.06847680774,145.727055911943,33.5556182425919));
#5306=CARTESIAN_POINT('Ctrl Pts',(156.936169571326,148.116933430548,30.8025606256548));
#5307=CARTESIAN_POINT('Ctrl Pts',(157.173502526183,150.785823478503,27.7065124372101));
#5308=CARTESIAN_POINT('Ctrl Pts',(158.438548154545,152.578727075444,25.5936912455747));
#5309=CARTESIAN_POINT('Ctrl Pts',(159.740226649626,153.437304787007,24.5562584220794));
#5310=CARTESIAN_POINT('Ctrl Pts',(160.7122784596,153.781848398368,24.1268753003781));
#5311=CARTESIAN_POINT('Ctrl Pts',(161.585791695974,153.884799731857,23.9924693080413));
#5312=CARTESIAN_POINT('Ctrl Pts',(162.15487502418,153.841772694005,24.0489812990625));
#5313=CARTESIAN_POINT('Ctrl Pts',(162.456601914675,153.784266491584,24.1220266973039));
#5314=CARTESIAN_POINT('Ctrl Pts',(162.865430864941,144.299365402667,35.2352120693898));
#5315=CARTESIAN_POINT('Ctrl Pts',(161.991684839935,144.088322982524,35.472296129865));
#5316=CARTESIAN_POINT('Ctrl Pts',(160.133682878402,144.141844030277,35.4115310794099));
#5317=CARTESIAN_POINT('Ctrl Pts',(157.759152732824,145.625965066053,33.7437530222522));
#5318=CARTESIAN_POINT('Ctrl Pts',(156.444375724068,148.123347667259,30.9372853147164));
#5319=CARTESIAN_POINT('Ctrl Pts',(156.539139805491,150.965071399497,27.7454959217301));
#5320=CARTESIAN_POINT('Ctrl Pts',(157.766681740551,152.973974241934,25.48845154993));
#5321=CARTESIAN_POINT('Ctrl Pts',(159.182320442814,154.03972553354,24.2924870024322));
#5322=CARTESIAN_POINT('Ctrl Pts',(160.354121656483,154.529436745401,23.742632385963));
#5323=CARTESIAN_POINT('Ctrl Pts',(161.54692467299,154.707029011277,23.5433953909132));
#5324=CARTESIAN_POINT('Ctrl Pts',(162.341344336366,154.631045353634,23.6279021467072));
#5325=CARTESIAN_POINT('Ctrl Pts',(162.736961534687,154.542261221065,23.7274462921489));
#5326=CARTESIAN_POINT('Ctrl Pts',(162.925067489743,144.186408248418,35.362118024211));
#5327=CARTESIAN_POINT('Ctrl Pts',(162.00684683694,143.972113899607,35.6028750539826));
#5328=CARTESIAN_POINT('Ctrl Pts',(160.059125262648,144.026650811011,35.5416035138074));
#5329=CARTESIAN_POINT('Ctrl Pts',(157.553134622774,145.534006404752,33.8481082929905));
#5330=CARTESIAN_POINT('Ctrl Pts',(156.116490101514,148.080604816765,30.9870367197047));
#5331=CARTESIAN_POINT('Ctrl Pts',(156.115029320653,151.004504125743,27.7020722916264));
#5332=CARTESIAN_POINT('Ctrl Pts',(157.315060149658,153.124907343814,25.3198257063348));
#5333=CARTESIAN_POINT('Ctrl Pts',(158.805859309268,154.305566493805,23.9933698678941));
#5334=CARTESIAN_POINT('Ctrl Pts',(160.111176298468,154.879292441822,23.348795916625));
#5335=CARTESIAN_POINT('Ctrl Pts',(161.520093118273,155.101264549594,23.0994130203613));
#5336=CARTESIAN_POINT('Ctrl Pts',(162.465957163341,155.005698065638,23.206780773878));
#5337=CARTESIAN_POINT('Ctrl Pts',(162.925067489743,154.898550891232,23.3271592887639));
#5338=CARTESIAN_POINT('',(160.616604753058,154.925417426311,23.2968490840469));
#5339=CARTESIAN_POINT('',(160.436213387596,154.901139898078,23.3242505718435));
#5340=CARTESIAN_POINT('Ctrl Pts',(160.616546857591,154.925478066235,23.2968056149692));
#5341=CARTESIAN_POINT('Ctrl Pts',(160.566544918051,154.919288454588,23.3038191250097));
#5342=CARTESIAN_POINT('Ctrl Pts',(160.516615713193,154.912666709341,23.3112964480773));
#5343=CARTESIAN_POINT('Ctrl Pts',(160.46675397719,154.905613473314,23.319225715502));
#5344=CARTESIAN_POINT('Ctrl Pts',(160.456532167556,154.904167538179,23.3208512397747));
#5345=CARTESIAN_POINT('Ctrl Pts',(160.446315817259,154.902703836053,23.3224953409627));
#5346=CARTESIAN_POINT('Ctrl Pts',(160.436104913907,154.901222399358,23.3241578826844));
#5347=CARTESIAN_POINT('',(162.925067489743,144.186408248418,35.3621180242109));
#5348=CARTESIAN_POINT('Origin',(161.675067489743,149.542479569825,29.3446386564874));
#5349=CARTESIAN_POINT('',(162.356885671561,144.75357284961,33.6999604892869));
#5350=CARTESIAN_POINT('Origin',(162.925067489743,142.318994976243,33.6999604892869));
#5351=CARTESIAN_POINT('',(158.675067489743,147.67506629765,27.6824811215634));
#5352=CARTESIAN_POINT('Origin',(161.675067489743,147.67506629765,27.6824811215634));
#5353=CARTESIAN_POINT('',(162.356885671561,150.59655974569,21.6650017538398));
#5354=CARTESIAN_POINT('Origin',(161.675067489743,147.67506629765,27.6824811215634));
#5355=CARTESIAN_POINT('',(162.925067489743,154.898550891232,23.3271592887638));
#5356=CARTESIAN_POINT('Origin',(162.925067489743,153.031137619057,21.6650017538398));
#5357=CARTESIAN_POINT('',(162.913921591889,154.901139898078,23.3242505718435));
#5358=CARTESIAN_POINT('Origin',(161.675067489743,149.542479569825,29.3446386564874));
#5359=CARTESIAN_POINT('',(162.733530215289,154.925417427002,23.2968490824808));
#5360=CARTESIAN_POINT('Ctrl Pts',(162.913921591889,154.901139898078,23.3242505718435));
#5361=CARTESIAN_POINT('Ctrl Pts',(162.903713982477,154.902622369336,23.3225850338643));
#5362=CARTESIAN_POINT('Ctrl Pts',(162.893500848191,154.904087162227,23.3209379553415));
#5363=CARTESIAN_POINT('Ctrl Pts',(162.833470392411,154.912588102861,23.3113713441832));
#5364=CARTESIAN_POINT('Ctrl Pts',(162.783554010145,154.919217092488,23.3038796008486));
#5365=CARTESIAN_POINT('Ctrl Pts',(162.733530215289,154.925417426885,23.2968490824808));
#5366=CARTESIAN_POINT('Ctrl Pts',(162.733534855717,154.925402056349,23.2968638416781));
#5367=CARTESIAN_POINT('Ctrl Pts',(162.637885146341,154.937245386266,23.2834323957179));
#5368=CARTESIAN_POINT('Ctrl Pts',(162.541846389437,154.947518133325,23.2716914308959));
#5369=CARTESIAN_POINT('Ctrl Pts',(162.445400409665,154.956197282044,23.2617319382866));
#5370=CARTESIAN_POINT('Ctrl Pts',(162.425984994498,154.957944470222,23.2597270057397));
#5371=CARTESIAN_POINT('Ctrl Pts',(162.406552911505,154.959627041884,23.2577942505228));
#5372=CARTESIAN_POINT('Ctrl Pts',(162.387103771626,154.961244747568,23.2559343955791));
#5373=CARTESIAN_POINT('Ctrl Pts',(162.279762736985,154.970172967679,23.245669738366));
#5374=CARTESIAN_POINT('Ctrl Pts',(162.172385376485,154.977080862602,23.237678998995));
#5375=CARTESIAN_POINT('Ctrl Pts',(162.064913310501,154.981978742782,23.2320065975004));
#5376=CARTESIAN_POINT('Ctrl Pts',(161.950304802896,154.987201855716,23.2259575329004));
#5377=CARTESIAN_POINT('Ctrl Pts',(161.835586680328,154.990140496675,23.2225439625395));
#5378=CARTESIAN_POINT('Ctrl Pts',(161.720643296832,154.990771224516,23.2218182286807));
#5379=CARTESIAN_POINT('Ctrl Pts',(161.655508876976,154.991128636059,23.2214069805302));
#5380=CARTESIAN_POINT('Ctrl Pts',(161.590301478665,154.990744191667,23.2218588775958));
#5381=CARTESIAN_POINT('Ctrl Pts',(161.524998429468,154.989606489759,23.223185146212));
#5382=CARTESIAN_POINT('Ctrl Pts',(161.502898671345,154.989221470418,23.2236339800105));
#5383=CARTESIAN_POINT('Ctrl Pts',(161.480787964918,154.988750132972,23.2241829703398));
#5384=CARTESIAN_POINT('Ctrl Pts',(161.458665515109,154.988192165084,23.2248322975777));
#5385=CARTESIAN_POINT('Ctrl Pts',(161.350738050161,154.985470040718,23.2280001313083));
#5386=CARTESIAN_POINT('Ctrl Pts',(161.243290301375,154.980711960811,23.2335289636568));
#5387=CARTESIAN_POINT('Ctrl Pts',(161.136233724119,154.973974130758,23.2413150925552));
#5388=CARTESIAN_POINT('Ctrl Pts',(161.035077999749,154.967607683248,23.2486720577127));
#5389=CARTESIAN_POINT('Ctrl Pts',(160.934270836829,154.959472524823,23.2580452480285));
#5390=CARTESIAN_POINT('Ctrl Pts',(160.833777254008,154.94959568303,23.2693454791272));
#5391=CARTESIAN_POINT('Ctrl Pts',(160.761201672639,154.942462714784,23.2775064066071));
#5392=CARTESIAN_POINT('Ctrl Pts',(160.688790448875,154.934420914814,23.2866723849885));
#5393=CARTESIAN_POINT('Ctrl Pts',(160.616546857591,154.925478066235,23.2968056149692));
#5394=CARTESIAN_POINT('Ctrl Pts',(-2.35681096266749,150.596576623888,21.6649669893586));
#5395=CARTESIAN_POINT('Ctrl Pts',(-2.10638914554938,150.655013534008,21.5446028991364));
#5396=CARTESIAN_POINT('Ctrl Pts',(-1.59045582682701,150.707150320151,21.4372153453061));
#5397=CARTESIAN_POINT('Ctrl Pts',(-0.822096940680261,150.585915386438,21.6869262295646));
#5398=CARTESIAN_POINT('Ctrl Pts',(-0.109855166607328,150.2732582072,22.3309147096677));
#5399=CARTESIAN_POINT('Ctrl Pts',(0.347149711301782,149.910628806628,23.0778323307007));
#5400=CARTESIAN_POINT('Ctrl Pts',(0.607135493278997,149.625427274945,23.6652696681686));
#5401=CARTESIAN_POINT('Ctrl Pts',(0.767949341235761,149.424574871685,24.0789708159109));
#5402=CARTESIAN_POINT('Ctrl Pts',(1.01444046368289,149.047026220681,24.8566180220851));
#5403=CARTESIAN_POINT('Ctrl Pts',(1.35665253731221,148.206384638244,26.5881103111947));
#5404=CARTESIAN_POINT('Ctrl Pts',(1.35820235025124,146.877633451975,29.324975202532));
#5405=CARTESIAN_POINT('Ctrl Pts',(0.572734290341354,145.488843598917,32.1855033657852));
#5406=CARTESIAN_POINT('Ctrl Pts',(-0.793449055754564,144.666529256584,33.8792465409041));
#5407=CARTESIAN_POINT('Ctrl Pts',(-1.85596732842999,144.636682151172,33.9407234342126));
#5408=CARTESIAN_POINT('Ctrl Pts',(-2.35681096266624,144.753555971412,33.6999952537688));
#5409=CARTESIAN_POINT('Ctrl Pts',(-2.21999177363042,150.628503916583,22.2152566206276));
#5410=CARTESIAN_POINT('Ctrl Pts',(-2.01290567938828,150.664371458105,22.1120815135139));
#5411=CARTESIAN_POINT('Ctrl Pts',(-1.61094257703839,150.691612434535,22.0232512465287));
#5412=CARTESIAN_POINT('Ctrl Pts',(-1.00064751966118,150.625551416874,22.230526180631));
#5413=CARTESIAN_POINT('Ctrl Pts',(-0.355987287038594,150.414327629773,22.79706983663));
#5414=CARTESIAN_POINT('Ctrl Pts',(0.113859293397993,150.120421333735,23.4872511115319));
#5415=CARTESIAN_POINT('Ctrl Pts',(0.397761154164187,149.870168428076,24.0413303935991));
#5416=CARTESIAN_POINT('Ctrl Pts',(0.578021258799446,149.689652900585,24.4339888351934));
#5417=CARTESIAN_POINT('Ctrl Pts',(0.865779875877314,149.339087010995,25.1779816530953));
#5418=CARTESIAN_POINT('Ctrl Pts',(1.30735880428743,148.517166959472,26.854929977766));
#5419=CARTESIAN_POINT('Ctrl Pts',(1.4386091206114,147.12214626043,29.5431073647271));
#5420=CARTESIAN_POINT('Ctrl Pts',(0.697473303585647,145.592392760519,32.3724115864631));
#5421=CARTESIAN_POINT('Ctrl Pts',(-0.732415879501129,144.665871047716,34.0522750986183));
#5422=CARTESIAN_POINT('Ctrl Pts',(-1.86873464929986,144.63181709853,34.1132450128407));
#5423=CARTESIAN_POINT('Ctrl Pts',(-2.40018730135162,144.763678009637,33.8744557924477));
#5424=CARTESIAN_POINT('Ctrl Pts',(-2.03836638363157,151.085211502537,23.3145420503388));
#5425=CARTESIAN_POINT('Ctrl Pts',(-1.88564103756237,151.091450793823,23.2459103003937));
#5426=CARTESIAN_POINT('Ctrl Pts',(-1.63987803451932,151.084932981165,23.1949395270385));
#5427=CARTESIAN_POINT('Ctrl Pts',(-1.24054390387744,151.095469723872,23.3174826124455));
#5428=CARTESIAN_POINT('Ctrl Pts',(-0.653894936631808,151.009997141671,23.7286047470571));
#5429=CARTESIAN_POINT('Ctrl Pts',(-0.129378947769455,150.782831448782,24.3054099391888));
#5430=CARTESIAN_POINT('Ctrl Pts',(0.210505048518532,150.555720587732,24.7926706155838));
#5431=CARTESIAN_POINT('Ctrl Pts',(0.432317741333585,150.385011885385,25.143101349562));
#5432=CARTESIAN_POINT('Ctrl Pts',(0.800346283819113,150.036736297524,25.8196821468629));
#5433=CARTESIAN_POINT('Ctrl Pts',(1.412357072862,149.161794816793,27.3872919786156));
#5434=CARTESIAN_POINT('Ctrl Pts',(1.72348434571429,147.563098703825,29.9787321549099));
#5435=CARTESIAN_POINT('Ctrl Pts',(0.990733227426558,145.744765436099,32.7459417095207));
#5436=CARTESIAN_POINT('Ctrl Pts',(-0.60291592965714,144.627943147535,34.3981446418539));
#5437=CARTESIAN_POINT('Ctrl Pts',(-1.89561273898238,144.586816028818,34.4582813492001));
#5438=CARTESIAN_POINT('Ctrl Pts',(-2.49581544683617,144.745884667848,34.22337415344));
#5439=CARTESIAN_POINT('Ctrl Pts',(-2.14147502943328,152.377591728876,24.0715820425472));
#5440=CARTESIAN_POINT('Ctrl Pts',(-1.94844814590225,152.396464729016,24.0161754535456));
#5441=CARTESIAN_POINT('Ctrl Pts',(-1.62853432588729,152.400013975935,23.9794727035099));
#5442=CARTESIAN_POINT('Ctrl Pts',(-1.11432776964969,152.386449448775,24.0701782343344));
#5443=CARTESIAN_POINT('Ctrl Pts',(-0.393435067569758,152.228580337765,24.420618781585));
#5444=CARTESIAN_POINT('Ctrl Pts',(0.231898122367598,151.909335719956,24.950613752929));
#5445=CARTESIAN_POINT('Ctrl Pts',(0.631504561856007,151.608796946823,25.4092258878952));
#5446=CARTESIAN_POINT('Ctrl Pts',(0.890874491955178,151.386254823598,25.7412571840587));
#5447=CARTESIAN_POINT('Ctrl Pts',(1.31767439547293,150.940547555746,26.3877483169168));
#5448=CARTESIAN_POINT('Ctrl Pts',(2.01425578484998,149.85060069451,27.903935239258));
#5449=CARTESIAN_POINT('Ctrl Pts',(2.33349554641115,147.92678528162,30.4449083303454));
#5450=CARTESIAN_POINT('Ctrl Pts',(1.44099121250932,145.790168992982,33.1766810558872));
#5451=CARTESIAN_POINT('Ctrl Pts',(-0.427095257990642,144.492389749507,34.8121364394782));
#5452=CARTESIAN_POINT('Ctrl Pts',(-1.93166462182971,144.444862285014,34.8717709332649));
#5453=CARTESIAN_POINT('Ctrl Pts',(-2.63197963755595,144.629571952979,34.6392191282803));
#5454=CARTESIAN_POINT('Ctrl Pts',(-2.45649627117642,153.784276354981,24.1220611402612));
#5455=CARTESIAN_POINT('Ctrl Pts',(-2.15477618126045,153.841774653895,24.0490255534754));
#5456=CARTESIAN_POINT('Ctrl Pts',(-1.58562315323021,153.884715002764,23.9926080404101));
#5457=CARTESIAN_POINT('Ctrl Pts',(-0.712106655918934,153.781941045935,24.1268185934161));
#5458=CARTESIAN_POINT('Ctrl Pts',(0.260240407488422,153.437999335548,24.5555746780497));
#5459=CARTESIAN_POINT('Ctrl Pts',(0.991116741758521,152.953753309516,25.1404693985009));
#5460=CARTESIAN_POINT('Ctrl Pts',(1.43520191156376,152.542687177409,25.6306222578714));
#5461=CARTESIAN_POINT('Ctrl Pts',(1.71775473126436,152.246578252392,25.9823723717043));
#5462=CARTESIAN_POINT('Ctrl Pts',(2.16958893322772,151.673547647932,26.6596915730553));
#5463=CARTESIAN_POINT('Ctrl Pts',(2.86311958551528,150.339889801239,28.2236858420265));
#5464=CARTESIAN_POINT('Ctrl Pts',(3.06737957326906,148.117353797321,30.8022207952205));
#5465=CARTESIAN_POINT('Ctrl Pts',(1.93021041591301,145.727312037082,33.5552904518938));
#5466=CARTESIAN_POINT('Ctrl Pts',(-0.245088823150137,144.295391320606,35.1993417750379));
#5467=CARTESIAN_POINT('Ctrl Pts',(-1.9688196473266,144.243207961618,35.259158138402));
#5468=CARTESIAN_POINT('Ctrl Pts',(-2.77586365565993,144.446847002195,35.0253973932555));
#5469=CARTESIAN_POINT('Ctrl Pts',(-2.7368448047492,154.542286878112,23.7274174667772));
#5470=CARTESIAN_POINT('Ctrl Pts',(-2.34123255327204,154.631059975285,23.6278856974404));
#5471=CARTESIAN_POINT('Ctrl Pts',(-1.54649850930414,154.706975629765,23.5434231606955));
#5472=CARTESIAN_POINT('Ctrl Pts',(-0.353439541165593,154.529272342675,23.7432145639365));
#5473=CARTESIAN_POINT('Ctrl Pts',(0.81854906332161,154.04005186233,24.2920522232708));
#5474=CARTESIAN_POINT('Ctrl Pts',(1.61398119567703,153.439682438809,24.9664300604026));
#5475=CARTESIAN_POINT('Ctrl Pts',(2.07792867566244,152.956007970622,25.5094968646426));
#5476=CARTESIAN_POINT('Ctrl Pts',(2.36806344991271,152.612871924721,25.894681802744));
#5477=CARTESIAN_POINT('Ctrl Pts',(2.82033316409034,151.961727469976,26.6258595630108));
#5478=CARTESIAN_POINT('Ctrl Pts',(3.47494418496749,150.490351537181,28.2780652305099));
#5479=CARTESIAN_POINT('Ctrl Pts',(3.55864712568228,148.12355202396,30.9377851662736));
#5480=CARTESIAN_POINT('Ctrl Pts',(2.23974405423042,145.626423995635,33.7437268637148));
#5481=CARTESIAN_POINT('Ctrl Pts',(-0.13320160745207,144.142113448323,35.4114712814909));
#5482=CARTESIAN_POINT('Ctrl Pts',(-1.99156303312786,144.088317789555,35.4723019667663));
#5483=CARTESIAN_POINT('Ctrl Pts',(-2.86530230725575,144.299334930467,35.2352463045275));
#5484=CARTESIAN_POINT('Ctrl Pts',(-2.92493251025941,154.898581834594,23.3271245242826));
#5485=CARTESIAN_POINT('Ctrl Pts',(-2.46582584554289,155.005716169815,23.2067604340604));
#5486=CARTESIAN_POINT('Ctrl Pts',(-1.51994809455187,155.101300277744,23.0993728802301));
#5487=CARTESIAN_POINT('Ctrl Pts',(-0.111290136616179,154.879036232603,23.3490837644886));
#5488=CARTESIAN_POINT('Ctrl Pts',(1.1944864491842,154.305831404001,23.9930722445917));
#5489=CARTESIAN_POINT('Ctrl Pts',(2.0323287253509,153.641010836285,24.7399898656247));
#5490=CARTESIAN_POINT('Ctrl Pts',(2.50896932564246,153.118141361532,25.3274272030926));
#5491=CARTESIAN_POINT('Ctrl Pts',(2.80379471356319,152.749911955555,25.7411283508349));
#5492=CARTESIAN_POINT('Ctrl Pts',(3.25569510471626,152.057739428716,26.5187755570091));
#5493=CARTESIAN_POINT('Ctrl Pts',(3.88308390637003,150.516563194248,28.2502678461187));
#5494=CARTESIAN_POINT('Ctrl Pts',(3.88592523009159,148.080519352754,30.9871327374561));
#5495=CARTESIAN_POINT('Ctrl Pts',(2.44590045359013,145.534404622148,33.8476609007092));
#5496=CARTESIAN_POINT('Ctrl Pts',(-0.0587690142523837,144.026828327871,
35.5414040758281));
#5497=CARTESIAN_POINT('Ctrl Pts',(-2.006719180824,143.972108634614,35.6028809691366));
#5498=CARTESIAN_POINT('Ctrl Pts',(-2.92493251025714,144.186377305056,35.3621527886928));
#5499=CARTESIAN_POINT('',(-2.73352784986262,154.925417425839,23.2968490851183));
#5500=CARTESIAN_POINT('',(-2.91391920770367,154.901139898078,23.3242505718435));
#5501=CARTESIAN_POINT('Ctrl Pts',(-2.73353167971718,154.925402908511,23.2968628726343));
#5502=CARTESIAN_POINT('Ctrl Pts',(-2.78317445743647,154.919255831177,23.3038342395518));
#5503=CARTESIAN_POINT('Ctrl Pts',(-2.83276046228233,154.912679598798,23.3112675918113));
#5504=CARTESIAN_POINT('Ctrl Pts',(-2.88229489160984,154.905672769499,23.3191534951122));
#5505=CARTESIAN_POINT('Ctrl Pts',(-2.89284218127524,154.904180816139,23.3208326283438));
#5506=CARTESIAN_POINT('Ctrl Pts',(-2.90338361686815,154.902669831462,23.322531721912));
#5507=CARTESIAN_POINT('Ctrl Pts',(-2.91391919686859,154.901139839112,23.3242506380909));
#5508=CARTESIAN_POINT('',(-2.92493251025901,154.898581834594,23.3271245242827));
#5509=CARTESIAN_POINT('Origin',(-1.67506510555717,149.542479569825,29.3446386564874));
#5510=CARTESIAN_POINT('',(-2.35681096266766,150.596576623888,21.6649669893586));
#5511=CARTESIAN_POINT('Origin',(-2.92493251025973,153.031168562419,21.6649669893586));
#5512=CARTESIAN_POINT('',(-2.35681096266625,144.753555971412,33.6999952537688));
#5513=CARTESIAN_POINT('Origin',(-1.67506510555717,147.67506629765,27.6824811215634));
#5514=CARTESIAN_POINT('',(-2.92493251025714,144.186377305056,35.3621527886928));
#5515=CARTESIAN_POINT('Origin',(-2.92493251025714,142.318964032881,33.6999952537688));
#5516=CARTESIAN_POINT('',(-0.436211003410678,154.901139898078,23.3242505718435));
#5517=CARTESIAN_POINT('Origin',(-1.67506510555717,149.542479569825,29.3446386564874));
#5518=CARTESIAN_POINT('',(-0.616602359083859,154.925417425704,23.2968490854229));
#5519=CARTESIAN_POINT('Ctrl Pts',(-0.436204324761365,154.901117226492,23.3242760430881));
#5520=CARTESIAN_POINT('Ctrl Pts',(-0.446741784882103,154.902646468532,23.3225603776062));
#5521=CARTESIAN_POINT('Ctrl Pts',(-0.457285045565592,154.9041568571,23.3208642970742));
#5522=CARTESIAN_POINT('Ctrl Pts',(-0.467834113090535,154.905648353615,23.3191879542546));
#5523=CARTESIAN_POINT('Ctrl Pts',(-0.517380871817419,154.912653600078,23.3113145234489));
#5524=CARTESIAN_POINT('Ctrl Pts',(-0.566974184146119,154.919230664104,23.3038894418672));
#5525=CARTESIAN_POINT('Ctrl Pts',(-0.616620228744682,154.925379878372,23.2969233081338));
#5526=CARTESIAN_POINT('Ctrl Pts',(-0.616620228744682,154.925379878372,23.2969233081338));
#5527=CARTESIAN_POINT('Ctrl Pts',(-0.716169698843873,154.937710186392,23.2829549260118));
#5528=CARTESIAN_POINT('Ctrl Pts',(-0.815975058267145,154.948322050414,23.2708308957819));
#5529=CARTESIAN_POINT('Ctrl Pts',(-0.916028322242612,154.957200905906,23.2606412631486));
#5530=CARTESIAN_POINT('Ctrl Pts',(-1.02344418230115,154.966733127655,23.2497018084072));
#5531=CARTESIAN_POINT('Ctrl Pts',(-1.1311461059052,154.974269097572,23.2409911512844));
#5532=CARTESIAN_POINT('Ctrl Pts',(-1.23918400687042,154.979780160348,23.2346053076348));
#5533=CARTESIAN_POINT('Ctrl Pts',(-1.33412922315017,154.984623359286,23.2289933390477));
#5534=CARTESIAN_POINT('Ctrl Pts',(-1.42933548357472,154.987903073526,23.2251761095394));
#5535=CARTESIAN_POINT('Ctrl Pts',(-1.52486452884661,154.989581846636,23.2232185783735));
#5536=CARTESIAN_POINT('Ctrl Pts',(-1.58266628851934,154.990597621886,23.2220341349859));
#5537=CARTESIAN_POINT('Ctrl Pts',(-1.6405866745031,154.991026882113,23.2215306068429));
#5538=CARTESIAN_POINT('Ctrl Pts',(-1.69864243330073,154.990862266307,23.2217177607114));
#5539=CARTESIAN_POINT('Ctrl Pts',(-1.8100665641735,154.990546325675,23.2220769577585));
#5540=CARTESIAN_POINT('Ctrl Pts',(-1.92098140656121,154.988049258218,23.2249754284607));
#5541=CARTESIAN_POINT('Ctrl Pts',(-2.03150090490642,154.983438476824,23.2303165345256));
#5542=CARTESIAN_POINT('Ctrl Pts',(-2.13671236081261,154.979049142538,23.2354011173698));
#5543=CARTESIAN_POINT('Ctrl Pts',(-2.24156700776421,154.972743107011,23.242700206228));
#5544=CARTESIAN_POINT('Ctrl Pts',(-2.34612867676867,154.964548716688,23.2521329098007));
#5545=CARTESIAN_POINT('Ctrl Pts',(-2.44348312927357,154.9569191485,23.2609154369036));
#5546=CARTESIAN_POINT('Ctrl Pts',(-2.54058407833343,154.94765175821,23.2715480759528));
#5547=CARTESIAN_POINT('Ctrl Pts',(-2.63743970746621,154.936756518711,23.2839585440593));
#5548=CARTESIAN_POINT('Ctrl Pts',(-2.66949795722061,154.933150302818,23.2880662855472));
#5549=CARTESIAN_POINT('Ctrl Pts',(-2.70152893238817,154.929365687625,23.2923687064282));
#5550=CARTESIAN_POINT('Ctrl Pts',(-2.73353167971718,154.925402908511,23.2968628726343));
#5551=CARTESIAN_POINT('Origin',(-9.92493251025716,148.925417427118,18.0053464600866));
#5552=CARTESIAN_POINT('',(-9.92493251025716,154.901139898078,23.3242505718435));
#5553=CARTESIAN_POINT('',(-9.92493251025716,156.925417427118,18.0053464600866));
#5554=CARTESIAN_POINT('',(-9.92493251025716,154.901139898078,23.3242505718435));
#5555=CARTESIAN_POINT('',(-9.92493251025716,154.901139898078,23.3242505718435));
#5556=CARTESIAN_POINT('Ctrl Pts',(162.356885671561,150.59655974569,21.6650017538398));
#5557=CARTESIAN_POINT('Ctrl Pts',(162.601864862547,150.539386498667,21.7827630428744));
#5558=CARTESIAN_POINT('Ctrl Pts',(163.082248354954,150.361568833789,21.9812645115532));
#5559=CARTESIAN_POINT('Ctrl Pts',(163.715452446232,149.918479690938,22.2346435153028));
#5560=CARTESIAN_POINT('Ctrl Pts',(164.212246013819,149.334356310506,22.5466381013446));
#5561=CARTESIAN_POINT('Ctrl Pts',(164.532588727897,148.673045081193,23.0720001148103));
#5562=CARTESIAN_POINT('Ctrl Pts',(164.670669537801,148.046856813847,23.9103928489368));
#5563=CARTESIAN_POINT('Ctrl Pts',(164.681656677333,147.603389647335,24.7865366698243));
#5564=CARTESIAN_POINT('Ctrl Pts',(164.652556535028,147.28573589778,25.5377736197682));
#5565=CARTESIAN_POINT('Ctrl Pts',(164.614463113505,147.062952824824,26.1196610262109));
#5566=CARTESIAN_POINT('Ctrl Pts',(164.56248951649,146.852515542529,26.7129555926741));
#5567=CARTESIAN_POINT('Ctrl Pts',(164.432751536193,146.452383478707,27.9153023284642));
#5568=CARTESIAN_POINT('Ctrl Pts',(164.147095093534,145.912926789944,29.7407921404784));
#5569=CARTESIAN_POINT('Ctrl Pts',(163.641893821592,145.366787051249,31.7137578989594));
#5570=CARTESIAN_POINT('Ctrl Pts',(163.028168274851,144.974888348137,33.0825227082785));
#5571=CARTESIAN_POINT('Ctrl Pts',(162.601864862547,144.810746096633,33.5821992002524));
#5572=CARTESIAN_POINT('Ctrl Pts',(162.356885671561,144.75357284961,33.6999604892869));
#5573=CARTESIAN_POINT('Ctrl Pts',(162.220053997909,150.628493523604,22.2152863996258));
#5574=CARTESIAN_POINT('Ctrl Pts',(162.481173892329,150.579611962989,22.3381624490627));
#5575=CARTESIAN_POINT('Ctrl Pts',(162.987916398229,150.412210000264,22.5473096722005));
#5576=CARTESIAN_POINT('Ctrl Pts',(163.632591967635,149.990739788337,22.8163447472312));
#5577=CARTESIAN_POINT('Ctrl Pts',(164.112200433819,149.46954290637,23.1362695572506));
#5578=CARTESIAN_POINT('Ctrl Pts',(164.421577019202,148.951458731591,23.6228974192872));
#5579=CARTESIAN_POINT('Ctrl Pts',(164.61311516745,148.458204843625,24.3599880178576));
#5580=CARTESIAN_POINT('Ctrl Pts',(164.691065547267,148.047934186103,25.162136547604));
#5581=CARTESIAN_POINT('Ctrl Pts',(164.709927634213,147.730726623218,25.8696183993369));
#5582=CARTESIAN_POINT('Ctrl Pts',(164.704689680545,147.497696216112,26.424728508671));
#5583=CARTESIAN_POINT('Ctrl Pts',(164.681380591215,147.270112146457,26.9963549068117));
#5584=CARTESIAN_POINT('Ctrl Pts',(164.600606683363,146.824795194359,28.1633994766272));
#5585=CARTESIAN_POINT('Ctrl Pts',(164.356122507097,146.190987759181,29.957278912209));
#5586=CARTESIAN_POINT('Ctrl Pts',(163.838971718302,145.523056245768,31.9086283495171));
#5587=CARTESIAN_POINT('Ctrl Pts',(163.164214678694,145.036507555472,33.2645242490935));
#5588=CARTESIAN_POINT('Ctrl Pts',(162.680845032384,144.833018959962,33.7588461349909));
#5589=CARTESIAN_POINT('Ctrl Pts',(162.400266430986,144.763697051852,33.8744213081652));
#5590=CARTESIAN_POINT('Ctrl Pts',(162.038492773149,151.084695048165,23.313799183262));
#5591=CARTESIAN_POINT('Ctrl Pts',(162.36579141428,151.046844304801,23.4469206294431));
#5592=CARTESIAN_POINT('Ctrl Pts',(162.993395030722,150.885712517874,23.6774857267374));
#5593=CARTESIAN_POINT('Ctrl Pts',(163.766585545145,150.466258800651,23.9780729003885));
#5594=CARTESIAN_POINT('Ctrl Pts',(164.310979592382,150.001357833368,24.3141231502036));
#5595=CARTESIAN_POINT('Ctrl Pts',(164.664119085068,149.668160759571,24.7234618643558));
#5596=CARTESIAN_POINT('Ctrl Pts',(164.962702895751,149.333838907598,25.2577854616325));
#5597=CARTESIAN_POINT('Ctrl Pts',(165.136184806273,148.923176226017,25.9120254254645));
#5598=CARTESIAN_POINT('Ctrl Pts',(165.211435671091,148.567180858349,26.5319419239011));
#5599=CARTESIAN_POINT('Ctrl Pts',(165.239507611708,148.290313844976,27.0335045824378));
#5600=CARTESIAN_POINT('Ctrl Pts',(165.239962105824,148.010639725518,27.561771264881));
#5601=CARTESIAN_POINT('Ctrl Pts',(165.189305734517,147.449523524765,28.6581960678774));
#5602=CARTESIAN_POINT('Ctrl Pts',(164.930130293331,146.621963196412,30.3894310067636));
#5603=CARTESIAN_POINT('Ctrl Pts',(164.304825600941,145.741781117949,32.2980467834486));
#5604=CARTESIAN_POINT('Ctrl Pts',(163.462380003654,145.101315664155,33.628332872977));
#5605=CARTESIAN_POINT('Ctrl Pts',(162.852005221939,144.835426777659,34.112132506246));
#5606=CARTESIAN_POINT('Ctrl Pts',(162.495904700013,144.745901393374,34.2233354181874));
#5607=CARTESIAN_POINT('Ctrl Pts',(162.16149196075,152.637979246207,24.2272496923203));
#5608=CARTESIAN_POINT('Ctrl Pts',(162.64416987605,152.591185193407,24.3651156491832));
#5609=CARTESIAN_POINT('Ctrl Pts',(163.576183861819,152.38348557844,24.5973453317283));
#5610=CARTESIAN_POINT('Ctrl Pts',(164.760077451366,151.822791998294,24.8790900576483));
#5611=CARTESIAN_POINT('Ctrl Pts',(165.637722505159,151.1724576224,25.1751256719544));
#5612=CARTESIAN_POINT('Ctrl Pts',(166.209887257275,150.656167465773,25.5056145383633));
#5613=CARTESIAN_POINT('Ctrl Pts',(166.596037994388,150.146030411031,25.9289241500813));
#5614=CARTESIAN_POINT('Ctrl Pts',(166.755875549773,149.590922504727,26.5153232963898));
#5615=CARTESIAN_POINT('Ctrl Pts',(166.789306375114,149.13073616104,27.0991665333869));
#5616=CARTESIAN_POINT('Ctrl Pts',(166.774005630775,148.780990639806,27.5807353234366));
#5617=CARTESIAN_POINT('Ctrl Pts',(166.722023954557,148.434037333159,28.0946396322995));
#5618=CARTESIAN_POINT('Ctrl Pts',(166.551651721536,147.748552660326,29.1710480983496));
#5619=CARTESIAN_POINT('Ctrl Pts',(166.068974028552,146.768239036031,30.8941031036646));
#5620=CARTESIAN_POINT('Ctrl Pts',(165.130034030064,145.75306007222,32.8036187500085));
#5621=CARTESIAN_POINT('Ctrl Pts',(163.958608493445,145.019518745525,34.133545066626));
#5622=CARTESIAN_POINT('Ctrl Pts',(163.135534669302,144.712714599498,34.6143667614021));
#5623=CARTESIAN_POINT('Ctrl Pts',(162.659316879981,144.606374437263,34.7223804532541));
#5624=CARTESIAN_POINT('Ctrl Pts',(162.548510539322,154.078231754809,24.0331516074008));
#5625=CARTESIAN_POINT('Ctrl Pts',(163.149740846074,154.003137614622,24.1626670269166));
#5626=CARTESIAN_POINT('Ctrl Pts',(164.32187751154,153.715129815549,24.3632423061876));
#5627=CARTESIAN_POINT('Ctrl Pts',(165.852903089153,152.940803792399,24.5625640143663));
#5628=CARTESIAN_POINT('Ctrl Pts',(167.038229032133,151.957692051994,24.7675451703984));
#5629=CARTESIAN_POINT('Ctrl Pts',(167.807963093397,150.973294740667,25.0888220327075));
#5630=CARTESIAN_POINT('Ctrl Pts',(168.196661641681,150.063957127125,25.6418109501397));
#5631=CARTESIAN_POINT('Ctrl Pts',(168.272483259143,149.349901614943,26.3473813936597));
#5632=CARTESIAN_POINT('Ctrl Pts',(168.227764335636,148.820378628092,27.0108256859627));
#5633=CARTESIAN_POINT('Ctrl Pts',(168.149773197096,148.441411155065,27.5459414842571));
#5634=CARTESIAN_POINT('Ctrl Pts',(168.033538014616,148.079953579378,28.1076310764956));
#5635=CARTESIAN_POINT('Ctrl Pts',(167.731915844698,147.387907290725,29.2704617361848));
#5636=CARTESIAN_POINT('Ctrl Pts',(167.04354682575,146.449209567632,31.0975584659153));
#5637=CARTESIAN_POINT('Ctrl Pts',(165.835605725986,145.498637601946,33.1010243632849));
#5638=CARTESIAN_POINT('Ctrl Pts',(164.38494275288,144.807646544423,34.4887505968499));
#5639=CARTESIAN_POINT('Ctrl Pts',(163.382357305378,144.510567073724,34.9878918584497));
#5640=CARTESIAN_POINT('Ctrl Pts',(162.805793615676,144.401436578596,35.0986142811363));
#5641=CARTESIAN_POINT('Ctrl Pts',(162.831014512215,154.720406056149,23.5273027904564));
#5642=CARTESIAN_POINT('Ctrl Pts',(163.474102817593,154.623132537163,23.6481008552798));
#5643=CARTESIAN_POINT('Ctrl Pts',(164.733710026736,154.278218693665,23.8217490691299));
#5644=CARTESIAN_POINT('Ctrl Pts',(166.39138502457,153.362905872061,23.9613712122085));
#5645=CARTESIAN_POINT('Ctrl Pts',(167.689129889776,152.161170600757,24.1105460228608));
#5646=CARTESIAN_POINT('Ctrl Pts',(168.527408215242,150.861188154393,24.4564624166818));
#5647=CARTESIAN_POINT('Ctrl Pts',(168.901350756721,149.69375050771,25.1535563566323));
#5648=CARTESIAN_POINT('Ctrl Pts',(168.940031617598,148.897672432486,25.980236812591));
#5649=CARTESIAN_POINT('Ctrl Pts',(168.86818848861,148.344020138145,26.7233674256121));
#5650=CARTESIAN_POINT('Ctrl Pts',(168.770417178514,147.963148915659,27.3115394939635));
#5651=CARTESIAN_POINT('Ctrl Pts',(168.63521039909,147.609893770137,27.9204775114169));
#5652=CARTESIAN_POINT('Ctrl Pts',(168.295806897587,146.949488992542,29.1687977107409));
#5653=CARTESIAN_POINT('Ctrl Pts',(167.545488027555,146.0915558778,31.1000399482366));
#5654=CARTESIAN_POINT('Ctrl Pts',(166.226999154659,145.24276223043,33.2049847760716));
#5655=CARTESIAN_POINT('Ctrl Pts',(164.633768368499,144.623098518043,34.6603079662481));
#5656=CARTESIAN_POINT('Ctrl Pts',(163.529645274136,144.349123552322,35.1829672637326));
#5657=CARTESIAN_POINT('Ctrl Pts',(162.895249177342,144.242886825543,35.2986650468004));
#5658=CARTESIAN_POINT('Ctrl Pts',(162.925067489743,154.898550891232,23.3271592887638));
#5659=CARTESIAN_POINT('Ctrl Pts',(163.578345332371,154.79373327169,23.4449205777983));
#5660=CARTESIAN_POINT('Ctrl Pts',(164.859367978791,154.429865217959,23.6097153961897));
#5661=CARTESIAN_POINT('Ctrl Pts',(166.5479122222,153.468712446256,23.7306294888468));
#5662=CARTESIAN_POINT('Ctrl Pts',(167.872695069099,152.196652942966,23.8635685599447));
#5663=CARTESIAN_POINT('Ctrl Pts',(168.726942306638,150.795358507339,24.2208018587725));
#5664=CARTESIAN_POINT('Ctrl Pts',(169.095157799717,149.545450875926,24.9684986085236));
#5665=CARTESIAN_POINT('Ctrl Pts',(169.124456838467,148.724012677937,25.8371523068085));
#5666=CARTESIAN_POINT('Ctrl Pts',(169.046856458989,148.163534591449,26.6078706665069));
#5667=CARTESIAN_POINT('Ctrl Pts',(168.945274001595,147.782868467843,27.214475312147));
#5668=CARTESIAN_POINT('Ctrl Pts',(168.806677742888,147.433151706456,27.839888546319));
#5669=CARTESIAN_POINT('Ctrl Pts',(168.460709795429,146.784947757103,29.1182232199422));
#5670=CARTESIAN_POINT('Ctrl Pts',(167.698959281672,145.957203123604,31.0872475980579));
#5671=CARTESIAN_POINT('Ctrl Pts',(166.35175588983,145.147390180042,33.2306142181691));
#5672=CARTESIAN_POINT('Ctrl Pts',(164.715154431852,144.555676281658,34.7122125510845));
#5673=CARTESIAN_POINT('Ctrl Pts',(163.578345332381,144.291225867963,35.2443567351737));
#5674=CARTESIAN_POINT('Ctrl Pts',(162.925067489743,144.186408248418,35.3621180242109));
#5675=CARTESIAN_POINT('Ctrl Pts',(162.925067489743,144.186408248418,35.3621180242109));
#5676=CARTESIAN_POINT('Ctrl Pts',(163.578345332381,144.291225867963,35.2443567351737));
#5677=CARTESIAN_POINT('Ctrl Pts',(164.715154431852,144.555676281658,34.7122125510845));
#5678=CARTESIAN_POINT('Ctrl Pts',(166.35175588983,145.147390180042,33.2306142181691));
#5679=CARTESIAN_POINT('Ctrl Pts',(167.698959281672,145.957203123604,31.0872475980579));
#5680=CARTESIAN_POINT('Ctrl Pts',(168.460709795429,146.784947757103,29.1182232199422));
#5681=CARTESIAN_POINT('Ctrl Pts',(168.806677742888,147.433151706456,27.839888546319));
#5682=CARTESIAN_POINT('Ctrl Pts',(168.945274001595,147.782868467843,27.214475312147));
#5683=CARTESIAN_POINT('Ctrl Pts',(169.046856458989,148.163534591449,26.6078706665069));
#5684=CARTESIAN_POINT('Ctrl Pts',(169.124456838467,148.724012677937,25.8371523068085));
#5685=CARTESIAN_POINT('Ctrl Pts',(169.095157799717,149.545450875926,24.9684986085236));
#5686=CARTESIAN_POINT('Ctrl Pts',(168.726942306638,150.795358507339,24.2208018587725));
#5687=CARTESIAN_POINT('Ctrl Pts',(167.872695069099,152.196652942966,23.8635685599447));
#5688=CARTESIAN_POINT('Ctrl Pts',(166.5479122222,153.468712446256,23.7306294888468));
#5689=CARTESIAN_POINT('Ctrl Pts',(164.859367978791,154.429865217959,23.6097153961897));
#5690=CARTESIAN_POINT('Ctrl Pts',(163.578345332371,154.79373327169,23.4449205777983));
#5691=CARTESIAN_POINT('Ctrl Pts',(162.925067489743,154.898550891232,23.3271592887638));
#5692=CARTESIAN_POINT('Ctrl Pts',(162.356885671561,150.59655974569,21.6650017538398));
#5693=CARTESIAN_POINT('Ctrl Pts',(162.601864862547,150.539386498667,21.7827630428744));
#5694=CARTESIAN_POINT('Ctrl Pts',(163.082248354954,150.361568833789,21.9812645115532));
#5695=CARTESIAN_POINT('Ctrl Pts',(163.715452446232,149.918479690938,22.2346435153028));
#5696=CARTESIAN_POINT('Ctrl Pts',(164.212246013819,149.334356310506,22.5466381013446));
#5697=CARTESIAN_POINT('Ctrl Pts',(164.532588727897,148.673045081193,23.0720001148103));
#5698=CARTESIAN_POINT('Ctrl Pts',(164.670669537801,148.046856813847,23.9103928489368));
#5699=CARTESIAN_POINT('Ctrl Pts',(164.681656677333,147.603389647335,24.7865366698243));
#5700=CARTESIAN_POINT('Ctrl Pts',(164.652556535028,147.28573589778,25.5377736197682));
#5701=CARTESIAN_POINT('Ctrl Pts',(164.614463113505,147.062952824824,26.1196610262109));
#5702=CARTESIAN_POINT('Ctrl Pts',(164.56248951649,146.852515542529,26.7129555926741));
#5703=CARTESIAN_POINT('Ctrl Pts',(164.432751536193,146.452383478707,27.9153023284642));
#5704=CARTESIAN_POINT('Ctrl Pts',(164.147095093534,145.912926789944,29.7407921404784));
#5705=CARTESIAN_POINT('Ctrl Pts',(163.641893821592,145.366787051249,31.7137578989594));
#5706=CARTESIAN_POINT('Ctrl Pts',(163.028168274851,144.974888348137,33.0825227082785));
#5707=CARTESIAN_POINT('Ctrl Pts',(162.601864862547,144.810746096633,33.5821992002524));
#5708=CARTESIAN_POINT('Ctrl Pts',(162.356885671561,144.75357284961,33.6999604892869));
#5709=CARTESIAN_POINT('Origin',(162.925067489743,92.5360150826457,81.3581371165371));
#5710=CARTESIAN_POINT('',(162.925067489743,89.4401078618397,96.8689041117569));
#5711=CARTESIAN_POINT('',(162.925067489743,98.5117375536056,86.677041228294));
#5712=CARTESIAN_POINT('Origin',(162.925067489743,83.4643853908798,91.55));
#5713=CARTESIAN_POINT('',(162.925067489743,98.5117375536056,86.677041228294));
#5714=CARTESIAN_POINT('Origin',(-10.9249325102572,87.0537032031074,99.55));
#5715=CARTESIAN_POINT('',(-2.92493251025717,89.4401078618397,96.8689041117569));
#5716=CARTESIAN_POINT('',(-2.92493251025717,98.5117375536056,86.677041228294));
#5717=CARTESIAN_POINT('',(34.5375674897428,89.4401078618397,96.8689041117569));
#5718=CARTESIAN_POINT('Origin',(161.675067489743,147.67506629765,18.05));
#5719=CARTESIAN_POINT('',(158.675067489743,147.67506629765,18.05));
#5720=CARTESIAN_POINT('Origin',(161.675067489743,147.67506629765,18.05));
#5721=CARTESIAN_POINT('',(158.675067489743,147.67506629765,18.05));
#5722=CARTESIAN_POINT('Ctrl Pts',(-2.35681096266625,144.753555971412,33.6999952537688));
#5723=CARTESIAN_POINT('Ctrl Pts',(-2.60178679497221,144.810722039684,33.5822487510032));
#5724=CARTESIAN_POINT('Ctrl Pts',(-3.02767863803576,144.974597844046,33.0828897947429));
#5725=CARTESIAN_POINT('Ctrl Pts',(-3.64119630041325,145.367205348867,31.7129065239648));
#5726=CARTESIAN_POINT('Ctrl Pts',(-4.14896905522525,145.911429905466,29.7432477735416));
#5727=CARTESIAN_POINT('Ctrl Pts',(-4.52591145424575,146.633479449075,27.3090897823718));
#5728=CARTESIAN_POINT('Ctrl Pts',(-4.68749893318581,147.337046161842,25.3132461758942));
#5729=CARTESIAN_POINT('Ctrl Pts',(-4.67322052894915,147.958210439664,24.0852342834202));
#5730=CARTESIAN_POINT('Ctrl Pts',(-4.61075285065825,148.309299682916,23.5649005558098));
#5731=CARTESIAN_POINT('Ctrl Pts',(-4.55569258320989,148.518503861274,23.3013082539012));
#5732=CARTESIAN_POINT('Ctrl Pts',(-4.45244473513851,148.839047902708,22.9412829997637));
#5733=CARTESIAN_POINT('Ctrl Pts',(-4.21208156247732,149.33389638099,22.5458204072053));
#5734=CARTESIAN_POINT('Ctrl Pts',(-3.55016113962515,150.114657521013,22.1322260083136));
#5735=CARTESIAN_POINT('Ctrl Pts',(-2.84676262727954,150.482244487344,21.9004599948897));
#5736=CARTESIAN_POINT('Ctrl Pts',(-2.35681096266766,150.596576623888,21.6649669893586));
#5737=CARTESIAN_POINT('Ctrl Pts',(-2.40018730135162,144.763678009637,33.8744557924477));
#5738=CARTESIAN_POINT('Ctrl Pts',(-2.68076239418698,144.832991264098,33.7588951297321));
#5739=CARTESIAN_POINT('Ctrl Pts',(-3.16361164276569,145.03627940645,33.2648217564522));
#5740=CARTESIAN_POINT('Ctrl Pts',(-3.83842154166515,145.523303094407,31.9078361730069));
#5741=CARTESIAN_POINT('Ctrl Pts',(-4.35802330128872,146.190229669751,29.9593662559683));
#5742=CARTESIAN_POINT('Ctrl Pts',(-4.6805381505562,147.035706503191,27.5679399393529));
#5743=CARTESIAN_POINT('Ctrl Pts',(-4.73753258542981,147.802957347055,25.6444982918425));
#5744=CARTESIAN_POINT('Ctrl Pts',(-4.62964539120588,148.376116946491,24.5200496675112));
#5745=CARTESIAN_POINT('Ctrl Pts',(-4.53162775050128,148.664448252712,24.0570760223804));
#5746=CARTESIAN_POINT('Ctrl Pts',(-4.46264865592048,148.830351232415,23.8227413517909));
#5747=CARTESIAN_POINT('Ctrl Pts',(-4.34519027260245,149.080542948504,23.501993702151));
#5748=CARTESIAN_POINT('Ctrl Pts',(-4.11228981486723,149.469268315847,23.135509360132));
#5749=CARTESIAN_POINT('Ctrl Pts',(-3.47461269708287,150.164812319705,22.711085352771));
#5750=CARTESIAN_POINT('Ctrl Pts',(-2.74222488170496,150.530753036033,22.4609783576042));
#5751=CARTESIAN_POINT('Ctrl Pts',(-2.21999177363089,150.628503916583,22.2152566206278));
#5752=CARTESIAN_POINT('Ctrl Pts',(-2.4958155480968,144.745878812142,34.2233693276005));
#5753=CARTESIAN_POINT('Ctrl Pts',(-2.8519119060007,144.835393059695,34.1121803744908));
#5754=CARTESIAN_POINT('Ctrl Pts',(-3.4616278462161,145.101316275873,33.6285529694818));
#5755=CARTESIAN_POINT('Ctrl Pts',(-4.30417161363852,145.741626665338,32.2973035647596));
#5756=CARTESIAN_POINT('Ctrl Pts',(-4.93229934727471,146.623034517971,30.3909043711289));
#5757=CARTESIAN_POINT('Ctrl Pts',(-5.27448774056649,147.722502795838,28.0843981278103));
#5758=CARTESIAN_POINT('Ctrl Pts',(-5.2392214742222,148.679724405018,26.3050590144863));
#5759=CARTESIAN_POINT('Ctrl Pts',(-4.99821960649399,149.251279154407,25.387887001122));
#5760=CARTESIAN_POINT('Ctrl Pts',(-4.83577248745769,149.472460156673,25.0397045636329));
#5761=CARTESIAN_POINT('Ctrl Pts',(-4.73551781130855,149.586611974978,24.8639442704514));
#5762=CARTESIAN_POINT('Ctrl Pts',(-4.57693902736299,149.749005193324,24.6218212487969));
#5763=CARTESIAN_POINT('Ctrl Pts',(-4.31062914603868,150.001257625377,24.3131452869804));
#5764=CARTESIAN_POINT('Ctrl Pts',(-3.5875491874193,150.62004995362,23.8668608368884));
#5765=CARTESIAN_POINT('Ctrl Pts',(-2.69302619576651,151.008959217531,23.5799876960711));
#5766=CARTESIAN_POINT('Ctrl Pts',(-2.03843627665827,151.084651208424,23.3137767465762));
#5767=CARTESIAN_POINT('Ctrl Pts',(-2.65921041945328,144.606347236694,34.7224139490625));
#5768=CARTESIAN_POINT('Ctrl Pts',(-3.13542231981268,144.712674142986,34.6144138161806));
#5769=CARTESIAN_POINT('Ctrl Pts',(-3.9576654288606,145.01947699672,34.1336715723568));
#5770=CARTESIAN_POINT('Ctrl Pts',(-5.12894413851204,145.752885413632,32.8029670070538));
#5771=CARTESIAN_POINT('Ctrl Pts',(-6.0724580901464,146.769445759106,30.895139963765));
#5772=CARTESIAN_POINT('Ctrl Pts',(-6.70948627971725,148.071948789664,28.6003009245705));
#5773=CARTESIAN_POINT('Ctrl Pts',(-6.85015778827391,149.261488329443,26.8678595541268));
#5774=CARTESIAN_POINT('Ctrl Pts',(-6.62934309906742,150.034725540738,26.0455507552759));
#5775=CARTESIAN_POINT('Ctrl Pts',(-6.43085358460952,150.358631144689,25.7577955217946));
#5776=CARTESIAN_POINT('Ctrl Pts',(-6.29521155938038,150.531716804717,25.6162040098275));
#5777=CARTESIAN_POINT('Ctrl Pts',(-6.06803811423815,150.78269204041,25.4239591612549));
#5778=CARTESIAN_POINT('Ctrl Pts',(-5.63768335681854,151.172477471442,25.1741998054472));
#5779=CARTESIAN_POINT('Ctrl Pts',(-4.47000335435358,152.038721419821,24.7812965772197));
#5780=CARTESIAN_POINT('Ctrl Pts',(-3.12677089278258,152.544381357594,24.5029302111946));
#5781=CARTESIAN_POINT('Ctrl Pts',(-2.16142589299101,152.63795754964,24.2272309961665));
#5782=CARTESIAN_POINT('Ctrl Pts',(-2.80567144326013,144.401406893247,35.0986481283124));
#5783=CARTESIAN_POINT('Ctrl Pts',(-3.38222751300692,144.510523735518,34.9879396085818));
#5784=CARTESIAN_POINT('Ctrl Pts',(-4.383856676458,144.807350855187,34.4889760932572));
#5785=CARTESIAN_POINT('Ctrl Pts',(-5.83398881699605,145.498923053737,33.1002902193706));
#5786=CARTESIAN_POINT('Ctrl Pts',(-7.04810126331691,146.448384980101,31.0991231478886));
#5787=CARTESIAN_POINT('Ctrl Pts',(-7.9564989082554,147.700944194758,28.6651606912742));
#5788=CARTESIAN_POINT('Ctrl Pts',(-8.31572040100133,148.922975748055,26.7713928226161));
#5789=CARTESIAN_POINT('Ctrl Pts',(-8.21280845285938,149.920897516237,25.7822496616203));
#5790=CARTESIAN_POINT('Ctrl Pts',(-8.02853283953561,150.445015876952,25.4166403533103));
#5791=CARTESIAN_POINT('Ctrl Pts',(-7.8812312505944,150.751771405999,25.2409164460744));
#5792=CARTESIAN_POINT('Ctrl Pts',(-7.61561278336655,151.218835263033,25.0094733720371));
#5793=CARTESIAN_POINT('Ctrl Pts',(-7.037920268121,151.957029433586,24.7664107831939));
#5794=CARTESIAN_POINT('Ctrl Pts',(-5.45872140752454,153.269915891601,24.4959210971));
#5795=CARTESIAN_POINT('Ctrl Pts',(-3.7508543581732,153.928063849538,24.2921242036571));
#5796=CARTESIAN_POINT('Ctrl Pts',(-2.54840868788839,154.078233095503,24.0331247882096));
#5797=CARTESIAN_POINT('Ctrl Pts',(-2.89511740875642,144.242856117761,35.2986995466101));
#5798=CARTESIAN_POINT('Ctrl Pts',(-3.52950487431513,144.349079518364,35.1830162913931));
#5799=CARTESIAN_POINT('Ctrl Pts',(-4.63255960799193,144.622557926645,34.6605721470554));
#5800=CARTESIAN_POINT('Ctrl Pts',(-6.22528551058612,145.243453217701,33.204200452115));
#5801=CARTESIAN_POINT('Ctrl Pts',(-7.55046908291586,146.08912392562,31.1020999926487));
#5802=CARTESIAN_POINT('Ctrl Pts',(-8.54057258710983,147.237955083265,28.5282574658034));
#5803=CARTESIAN_POINT('Ctrl Pts',(-8.96147302666333,148.420335851296,26.4775088118251));
#5804=CARTESIAN_POINT('Ctrl Pts',(-8.91036434362286,149.534630951187,25.3185249674068));
#5805=CARTESIAN_POINT('Ctrl Pts',(-8.73952566073078,150.184167651007,24.8684749997971));
#5806=CARTESIAN_POINT('Ctrl Pts',(-8.59216245263783,150.577723385696,24.6527066632443));
#5807=CARTESIAN_POINT('Ctrl Pts',(-8.31811228269198,151.187453338325,24.3710875746025));
#5808=CARTESIAN_POINT('Ctrl Pts',(-7.68900932193078,152.160181885757,24.1094907412215));
#5809=CARTESIAN_POINT('Ctrl Pts',(-5.96010136655758,153.766746775569,23.9139638837877));
#5810=CARTESIAN_POINT('Ctrl Pts',(-4.11704804570433,154.525911798469,23.7688370710146));
#5811=CARTESIAN_POINT('Ctrl Pts',(-2.83088865750584,154.720434356353,23.52727099553));
#5812=CARTESIAN_POINT('Ctrl Pts',(-2.92493251025712,144.186377305056,35.3621527886928));
#5813=CARTESIAN_POINT('Ctrl Pts',(-3.57820139640642,144.291181763554,35.2444062859272));
#5814=CARTESIAN_POINT('Ctrl Pts',(-4.71391297790896,144.555091483156,34.7125331682603));
#5815=CARTESIAN_POINT('Ctrl Pts',(-6.34996007758236,145.148159362458,33.2297648934446));
#5816=CARTESIAN_POINT('Ctrl Pts',(-7.70402075708103,145.954317173936,31.0895771403073));
#5817=CARTESIAN_POINT('Ctrl Pts',(-8.7092004878024,147.064313336265,28.4651532782917));
#5818=CARTESIAN_POINT('Ctrl Pts',(-9.14010043164261,148.230775861305,26.3594644106763));
#5819=CARTESIAN_POINT('Ctrl Pts',(-9.1020246870115,149.381183956104,25.1417836686833));
#5820=CARTESIAN_POINT('Ctrl Pts',(-8.9354442115691,150.070631021008,24.6622011295264));
#5821=CARTESIAN_POINT('Ctrl Pts',(-8.78861683170682,150.491940972493,24.4322264305212));
#5822=CARTESIAN_POINT('Ctrl Pts',(-8.51328923684977,151.147374223897,24.132521538927));
#5823=CARTESIAN_POINT('Ctrl Pts',(-7.87232077642,152.195411301173,23.8623962221897));
#5824=CARTESIAN_POINT('Ctrl Pts',(-6.10719964881413,153.896467688079,23.688823145352));
#5825=CARTESIAN_POINT('Ctrl Pts',(-4.23147028255904,154.688972917597,23.5626175298136));
#5826=CARTESIAN_POINT('Ctrl Pts',(-2.92493251026085,154.898581834594,23.3271245242827));
#5827=CARTESIAN_POINT('Ctrl Pts',(-2.92493251026085,154.898581834594,23.3271245242827));
#5828=CARTESIAN_POINT('Ctrl Pts',(-4.23147028255904,154.688972917597,23.5626175298136));
#5829=CARTESIAN_POINT('Ctrl Pts',(-6.10719964881413,153.896467688079,23.688823145352));
#5830=CARTESIAN_POINT('Ctrl Pts',(-7.87232077642,152.195411301173,23.8623962221897));
#5831=CARTESIAN_POINT('Ctrl Pts',(-8.51328923684977,151.147374223897,24.132521538927));
#5832=CARTESIAN_POINT('Ctrl Pts',(-8.78861683170682,150.491940972493,24.4322264305212));
#5833=CARTESIAN_POINT('Ctrl Pts',(-8.9354442115691,150.070631021008,24.6622011295264));
#5834=CARTESIAN_POINT('Ctrl Pts',(-9.1020246870115,149.381183956104,25.1417836686833));
#5835=CARTESIAN_POINT('Ctrl Pts',(-9.14010043164261,148.230775861305,26.3594644106763));
#5836=CARTESIAN_POINT('Ctrl Pts',(-8.7092004878024,147.064313336265,28.4651532782917));
#5837=CARTESIAN_POINT('Ctrl Pts',(-7.70402075708103,145.954317173936,31.0895771403073));
#5838=CARTESIAN_POINT('Ctrl Pts',(-6.34996007758236,145.148159362458,33.2297648934446));
#5839=CARTESIAN_POINT('Ctrl Pts',(-4.71391297790896,144.555091483156,34.7125331682603));
#5840=CARTESIAN_POINT('Ctrl Pts',(-3.57820139640642,144.291181763554,35.2444062859272));
#5841=CARTESIAN_POINT('Ctrl Pts',(-2.92493251025712,144.186377305056,35.3621527886928));
#5842=CARTESIAN_POINT('',(-4.67501561735512,147.675064621527,24.6609315232104));
#5843=CARTESIAN_POINT('Ctrl Pts',(-2.35681096266625,144.753555971412,33.6999952537688));
#5844=CARTESIAN_POINT('Ctrl Pts',(-2.60178679497221,144.810722039684,33.5822487510032));
#5845=CARTESIAN_POINT('Ctrl Pts',(-3.02767863803576,144.974597844046,33.0828897947429));
#5846=CARTESIAN_POINT('Ctrl Pts',(-3.64119630041325,145.367205348867,31.7129065239648));
#5847=CARTESIAN_POINT('Ctrl Pts',(-4.14896905522525,145.911429905466,29.7432477735416));
#5848=CARTESIAN_POINT('Ctrl Pts',(-4.52591145424575,146.633479449075,27.3090897823718));
#5849=CARTESIAN_POINT('Ctrl Pts',(-4.66463944136193,147.237513836543,25.5955946035279));
#5850=CARTESIAN_POINT('Ctrl Pts',(-4.67496136533864,147.624532345102,24.7650773889669));
#5851=CARTESIAN_POINT('Ctrl Pts',(-4.67501561735512,147.675064621527,24.6609315232104));
#5852=CARTESIAN_POINT('Ctrl Pts',(-4.67501561735512,147.675064621527,24.6609315232104));
#5853=CARTESIAN_POINT('Ctrl Pts',(-4.67514674158935,147.79719844217,24.4092165127513));
#5854=CARTESIAN_POINT('Ctrl Pts',(-4.66277382933425,148.016924385222,23.998216960213));
#5855=CARTESIAN_POINT('Ctrl Pts',(-4.61075285065825,148.309299682916,23.5649005558098));
#5856=CARTESIAN_POINT('Ctrl Pts',(-4.55569258320989,148.518503861274,23.3013082539012));
#5857=CARTESIAN_POINT('Ctrl Pts',(-4.45244473513851,148.839047902708,22.9412829997637));
#5858=CARTESIAN_POINT('Ctrl Pts',(-4.21208156247732,149.33389638099,22.5458204072053));
#5859=CARTESIAN_POINT('Ctrl Pts',(-3.55016113962515,150.114657521013,22.1322260083136));
#5860=CARTESIAN_POINT('Ctrl Pts',(-2.84676262727954,150.482244487344,21.9004599948897));
#5861=CARTESIAN_POINT('Ctrl Pts',(-2.35681096266766,150.596576623888,21.6649669893586));
#5862=CARTESIAN_POINT('Origin',(-10.9249325102572,87.0537032031074,99.55));
#5863=CARTESIAN_POINT('',(-2.92493251025717,98.5117375536056,86.677041228294));
#5864=CARTESIAN_POINT('Origin',(-10.9249325102572,87.0537032031074,99.55));
#5865=CARTESIAN_POINT('Origin',(-2.92493251025717,92.5360150826457,81.3581371165371));
#5866=CARTESIAN_POINT('',(-10.9249325102572,92.5360150826457,81.3581371165371));
#5867=CARTESIAN_POINT('Origin',(-2.92493251025717,83.4643853908798,91.55));
#5868=CARTESIAN_POINT('Origin',(-1.67506510555717,147.67506629765,18.05));
#5869=CARTESIAN_POINT('',(-4.67506510555717,147.67506629765,18.05));
#5870=CARTESIAN_POINT('Origin',(-1.67506510555717,147.67506629765,18.05));
#5871=CARTESIAN_POINT('',(-4.67506510555717,147.67506629765,18.05));
#5872=CARTESIAN_POINT('Origin',(161.675067489743,147.67506629765,18.05));
#5873=CARTESIAN_POINT('',(163.275067489743,147.67506629765,18.05));
#5874=CARTESIAN_POINT('Origin',(161.675067489743,147.67506629765,18.05));
#5875=CARTESIAN_POINT('Origin',(-1.67506510555717,147.67506629765,18.05));
#5876=CARTESIAN_POINT('',(-0.0750651055571722,147.67506629765,18.05));
#5877=CARTESIAN_POINT('Origin',(-1.67506510555717,147.67506629765,18.05));
#5878=CARTESIAN_POINT('Origin',(-1.67506510555717,147.67506629765,16.05));
#5879=CARTESIAN_POINT('',(-0.0750651055571722,147.67506629765,16.05));
#5880=CARTESIAN_POINT('Origin',(-8.92506510555717,140.42506629765,16.05));
#5881=CARTESIAN_POINT('',(-2.92506510555718,140.42506629765,36.5798003663031));
#5882=CARTESIAN_POINT('',(-9.92499880790717,140.42506629765,36.5798003663031));
#5883=CARTESIAN_POINT('',(-8.92506510555717,140.42506629765,27.5553849996299));
#5884=CARTESIAN_POINT('Origin',(-2.92506510555718,140.42506629765,27.5553849996299));
#5885=CARTESIAN_POINT('',(-8.92506510555718,140.42506629765,16.05));
#5886=CARTESIAN_POINT('Origin',(-10.9249325102572,84.3762026870183,99.55));
#5887=CARTESIAN_POINT('',(162.925067489743,140.42506629765,36.5798003663031));
#5888=CARTESIAN_POINT('',(71.7500674897429,140.42506629765,36.5798003663031));
#5889=CARTESIAN_POINT('',(162.925067489743,87.9461772440997,95.5391780838177));
#5890=CARTESIAN_POINT('',(162.925067489743,96.4260219866911,86.0121782143244));
#5891=CARTESIAN_POINT('',(-2.92506510555718,87.9461772440997,95.5391780838177));
#5892=CARTESIAN_POINT('',(34.5375674897428,87.9461772440997,95.5391780838177));
#5893=CARTESIAN_POINT('',(-2.92506510555718,120.703298330187,58.7369608516231));
#5894=CARTESIAN_POINT('Origin',(-8.92506510555718,154.92506629765,16.05));
#5895=CARTESIAN_POINT('',(-8.92506510555718,27.0537032031073,57.8));
#5896=CARTESIAN_POINT('',(-8.92506510555718,116.221506476967,54.7477827678055));
#5897=CARTESIAN_POINT('Origin',(161.675067489743,147.67506629765,16.05));
#5898=CARTESIAN_POINT('',(163.275067489743,147.67506629765,16.05));
#5899=CARTESIAN_POINT('Origin',(154.425067489743,140.42506629765,16.05));
#5900=CARTESIAN_POINT('Origin',(162.925067489743,140.42506629765,27.5553849996299));
#5901=CARTESIAN_POINT('Origin',(162.925067489743,91.9442301334711,82.0230001305068));
#5902=CARTESIAN_POINT('Origin',(162.925067489743,83.4643853908798,91.55));
#5903=CARTESIAN_POINT('Origin',(145.000002235174,40.0000005960464,99.55));
#5904=CARTESIAN_POINT('',(150.500002235174,40.0000005960464,99.55));
#5905=CARTESIAN_POINT('Origin',(162.925067489743,83.4643853908798,91.55));
#5906=CARTESIAN_POINT('Origin',(162.925067489743,83.4643853908798,91.55));
#5907=CARTESIAN_POINT('Origin',(-2.92493251025717,83.4643853908798,91.55));
#5908=CARTESIAN_POINT('Origin',(-2.92493251025717,83.4643853908798,91.55));
#5909=CARTESIAN_POINT('Origin',(34.5375674897428,83.4643853908798,91.55));
#5910=CARTESIAN_POINT('Origin',(-8.92493251025716,156.925417427118,16.05));
#5911=CARTESIAN_POINT('Origin',(80.0000674897428,27.0537032031073,99.55));
#5912=CARTESIAN_POINT('Origin',(-2.92506510555718,83.4643853908798,91.55));
#5913=CARTESIAN_POINT('Origin',(-2.92506510555718,83.4643853908798,91.55));
#5914=CARTESIAN_POINT('Origin',(-2.92506510555718,83.4643853908798,91.55));
#5915=CARTESIAN_POINT('Origin',(162.925067489743,83.4643853908798,91.55));
#5916=CARTESIAN_POINT('Origin',(162.925067489743,83.4643853908798,91.55));
#5917=CARTESIAN_POINT('Origin',(34.5375674897428,83.4643853908798,91.55));
#5918=CARTESIAN_POINT('Origin',(-2.92506510555718,116.221506476967,54.7477827678055));
#5919=CARTESIAN_POINT('Origin',(-10.9249325102572,91.9893847503787,57.8));
#5920=CARTESIAN_POINT('',(-10.9249325102572,27.0537032031073,16.05));
#5921=CARTESIAN_POINT('Origin',(80.0000674897428,27.0537032031073,99.55));
#5922=UNCERTAINTY_MEASURE_WITH_UNIT(LENGTH_MEASURE(0.01),#5926,
'DISTANCE_ACCURACY_VALUE',
'Maximum model space distance between geometric entities at asserted c
onnectivities');
#5923=UNCERTAINTY_MEASURE_WITH_UNIT(LENGTH_MEASURE(0.01),#5926,
'DISTANCE_ACCURACY_VALUE',
'Maximum model space distance between geometric entities at asserted c
onnectivities');
#5924=(
GEOMETRIC_REPRESENTATION_CONTEXT(3)
GLOBAL_UNCERTAINTY_ASSIGNED_CONTEXT((#5922))
GLOBAL_UNIT_ASSIGNED_CONTEXT((#5926,#5928,#5929))
REPRESENTATION_CONTEXT('','3D')
);
#5925=(
GEOMETRIC_REPRESENTATION_CONTEXT(3)
GLOBAL_UNCERTAINTY_ASSIGNED_CONTEXT((#5923))
GLOBAL_UNIT_ASSIGNED_CONTEXT((#5926,#5928,#5929))
REPRESENTATION_CONTEXT('','3D')
);
#5926=(
LENGTH_UNIT()
NAMED_UNIT(*)
SI_UNIT(.MILLI.,.METRE.)
);
#5927=(
LENGTH_UNIT()
NAMED_UNIT(*)
SI_UNIT($,.METRE.)
);
#5928=(
NAMED_UNIT(*)
PLANE_ANGLE_UNIT()
SI_UNIT($,.RADIAN.)
);
#5929=(
NAMED_UNIT(*)
SI_UNIT($,.STERADIAN.)
SOLID_ANGLE_UNIT()
);
#5930=SHAPE_DEFINITION_REPRESENTATION(#5931,#5932);
#5931=PRODUCT_DEFINITION_SHAPE('',$,#5934);
#5932=SHAPE_REPRESENTATION('',(#3217),#5924);
#5933=PRODUCT_DEFINITION_CONTEXT('part definition',#5938,'design');
#5934=PRODUCT_DEFINITION('Back Cover (only barrel jack)',
'Back Cover (only barrel jack)',#5935,#5933);
#5935=PRODUCT_DEFINITION_FORMATION('',$,#5940);
#5936=PRODUCT_RELATED_PRODUCT_CATEGORY('Back Cover (only barrel jack)',
'Back Cover (only barrel jack)',(#5940));
#5937=APPLICATION_PROTOCOL_DEFINITION('international standard',
'automotive_design',2009,#5938);
#5938=APPLICATION_CONTEXT(
'Core Data for Automotive Mechanical Design Process');
#5939=PRODUCT_CONTEXT('part definition',#5938,'mechanical');
#5940=PRODUCT('Back Cover (only barrel jack)',
'Back Cover (only barrel jack)',$,(#5939));
#5941=PRESENTATION_STYLE_ASSIGNMENT((#5942));
#5942=SURFACE_STYLE_USAGE(.BOTH.,#5943);
#5943=SURFACE_SIDE_STYLE('',(#5944));
#5944=SURFACE_STYLE_FILL_AREA(#5945);
#5945=FILL_AREA_STYLE('ABS (White)',(#5946));
#5946=FILL_AREA_STYLE_COLOUR('ABS (White)',#5947);
#5947=COLOUR_RGB('ABS (White)',0.964705882352941,0.964705882352941,0.952941176470588);
ENDSEC;
END-ISO-10303-21;
