ISO-10303-21;
HEADER;
/* Generated by software containing ST-Developer
 * from STEP Tools, Inc. (www.steptools.com) 
 */

FILE_DESCRIPTION(
/* description */ (''),
/* implementation_level */ '2;1');

FILE_NAME(
/* name */ 'Back Cover (pi4 cutouts).step',
/* time_stamp */ '2026-05-12T09:55:27-05:00',
/* author */ (''),
/* organization */ (''),
/* preprocessor_version */ 'ST-DEVELOPER v20.1',
/* originating_system */ 'Autodesk Translation Framework v15.8.0.0',
/* authorisation */ '');

FILE_SCHEMA (('AUTOMOTIVE_DESIGN { 1 0 10303 214 3 1 1 }'));
ENDSEC;

DATA;
#10=MECHANICAL_DESIGN_GEOMETRIC_PRESENTATION_REPRESENTATION('',(#13),#5562);
#11=SHAPE_REPRESENTATION_RELATIONSHIP('SRR','None',#5569,#12);
#12=ADVANCED_BREP_SHAPE_REPRESENTATION('',(#14),#5561);
#13=STYLED_ITEM('',(#5578),#14);
#14=MANIFOLD_SOLID_BREP('Back Cover (pi4 cutouts)',#2982);
#15=ELLIPSE('',#3226,8.27238075278377,5.50000000000001);
#16=ELLIPSE('',#3228,6.86893611260341,3.00000000000001);
#17=ELLIPSE('',#3229,6.86893611260341,3.00000000000001);
#18=ELLIPSE('',#3231,8.27238075278377,5.50000000000001);
#19=ELLIPSE('',#3232,8.27238075278376,5.5);
#20=ELLIPSE('',#3234,6.86893611260341,3.);
#21=ELLIPSE('',#3236,8.27238075278376,5.5);
#22=ELLIPSE('',#3255,9.02441536667319,6.);
#23=ELLIPSE('',#3260,9.02441536667319,6.);
#24=B_SPLINE_CURVE_WITH_KNOTS('',3,(#4950,#4951,#4952,#4953,#4954,#4955,
#4956),.UNSPECIFIED.,.F.,.F.,(4,3,4),(0.228798598583978,0.244094738298268,
0.24723049410684),.UNSPECIFIED.);
#25=B_SPLINE_CURVE_WITH_KNOTS('',3,(#4970,#4971,#4972,#4973,#4974,#4975),
 .UNSPECIFIED.,.F.,.F.,(4,2,4),(-0.00313449078684584,1.30104260698261E-18,
0.0152793558933031),.UNSPECIFIED.);
#26=B_SPLINE_CURVE_WITH_KNOTS('',3,(#4976,#4977,#4978,#4979,#4980,#4981,
#4982,#4983,#4984,#4985,#4986,#4987,#4988,#4989,#4990,#4991,#4992,#4993,
#4994,#4995,#4996,#4997,#4998,#4999,#5000,#5001,#5002,#5003),
 .UNSPECIFIED.,.F.,.F.,(4,3,3,3,3,3,3,3,3,4),(0.0152793558933031,0.0444405398317481,
0.0503780581129057,0.0828031925393749,0.117422581323081,0.137072018299219,
0.14371046170005,0.176100753032017,0.206719833005218,0.228798598583978),
 .UNSPECIFIED.);
#27=B_SPLINE_CURVE_WITH_KNOTS('',3,(#5111,#5112,#5113,#5114,#5115,#5116,
#5117),.UNSPECIFIED.,.F.,.F.,(4,3,4),(0.229062520860478,0.244254753759156,
0.247489612487155),.UNSPECIFIED.);
#28=B_SPLINE_CURVE_WITH_KNOTS('',3,(#5129,#5130,#5131,#5132,#5133,#5134,
#5135),.UNSPECIFIED.,.F.,.F.,(4,3,4),(-0.0032352010251783,0.,0.0151950610088026),
 .UNSPECIFIED.);
#29=B_SPLINE_CURVE_WITH_KNOTS('',3,(#5136,#5137,#5138,#5139,#5140,#5141,
#5142,#5143,#5144,#5145,#5146,#5147,#5148,#5149,#5150,#5151,#5152,#5153,
#5154,#5155,#5156,#5157,#5158,#5159,#5160),.UNSPECIFIED.,.F.,.F.,(4,3,3,
3,3,3,3,3,4),(0.0151950610088026,0.0456675267394364,0.0783683556107887,
0.107121853448224,0.124515733455187,0.157876994491764,0.189603949278646,
0.219120056803593,0.229062520860478),.UNSPECIFIED.);
#30=B_SPLINE_CURVE_WITH_KNOTS('',3,(#5285,#5286,#5287,#5288,#5289,#5290,
#5291,#5292,#5293,#5294,#5295,#5296,#5297,#5298,#5299,#5300,#5301),
 .UNSPECIFIED.,.F.,.F.,(4,1,1,1,1,1,1,1,1,1,1,1,1,1,4),(-1.99917740797978,
-1.85637902169551,-1.71358063541124,-1.4279838628427,-1.14238709027416,
-1.07098789713203,-0.999588703989894,-0.928189510847759,-0.856790317705624,
-0.713991931421354,-0.571193545137085,-0.428395158852815,-0.285596772568545,
-0.142798386284275,-5.26640147766015E-15),.UNSPECIFIED.);
#31=B_SPLINE_CURVE_WITH_KNOTS('',3,(#5302,#5303,#5304,#5305,#5306,#5307,
#5308,#5309,#5310,#5311,#5312,#5313,#5314,#5315,#5316,#5317,#5318),
 .UNSPECIFIED.,.F.,.F.,(4,1,1,1,1,1,1,1,1,1,1,1,1,1,4),(5.26640147766015E-15,
0.142798386284275,0.285596772568545,0.428395158852815,0.571193545137085,
0.713991931421354,0.856790317705624,0.928189510847759,0.999588703989894,
1.07098789713203,1.14238709027416,1.4279838628427,1.71358063541124,1.85637902169551,
1.99917740797978),.UNSPECIFIED.);
#32=B_SPLINE_CURVE_WITH_KNOTS('',3,(#5458,#5459,#5460,#5461,#5462,#5463,
#5464,#5465,#5466,#5467,#5468,#5469,#5470,#5471,#5472,#5473,#5474,#5475),
 .UNSPECIFIED.,.F.,.F.,(4,1,1,1,1,1,1,1,1,1,1,1,1,1,1,4),(-1.99912547063786,
-1.71353611768959,-1.57074144121546,-1.42794676474133,-1.39224809562279,
-1.35654942650426,-1.33870009194499,-1.32085075738573,-1.28515208826719,
-1.21375475003013,-1.14235741179306,-0.856768058844796,-0.571178705896531,
-0.285589352948265,-0.142794676474133,0.),.UNSPECIFIED.);
#33=B_SPLINE_CURVE_WITH_KNOTS('',3,(#5477,#5478,#5479,#5480,#5481,#5482,
#5483,#5484,#5485),.UNSPECIFIED.,.F.,.F.,(4,1,1,1,1,1,4),(0.,0.142794676474133,
0.285589352948265,0.571178705896531,0.856768058844796,1.14235741179306,
1.18417380058564),.UNSPECIFIED.);
#34=B_SPLINE_CURVE_WITH_KNOTS('',3,(#5486,#5487,#5488,#5489,#5490,#5491,
#5492,#5493,#5494,#5495,#5496,#5497,#5498),.UNSPECIFIED.,.F.,.F.,(4,1,1,
1,1,1,1,1,1,1,4),(1.1841475500206,1.21375475003013,1.28515208826719,1.32085075738573,
1.33870009194499,1.35654942650426,1.39224809562279,1.42794676474133,1.57074144121546,
1.71353611768959,1.99912547063786),.UNSPECIFIED.);
#35=B_SPLINE_SURFACE_WITH_KNOTS('',3,3,((#4864,#4865,#4866,#4867,#4868,
#4869,#4870,#4871,#4872,#4873,#4874,#4875),(#4876,#4877,#4878,#4879,#4880,
#4881,#4882,#4883,#4884,#4885,#4886,#4887),(#4888,#4889,#4890,#4891,#4892,
#4893,#4894,#4895,#4896,#4897,#4898,#4899),(#4900,#4901,#4902,#4903,#4904,
#4905,#4906,#4907,#4908,#4909,#4910,#4911),(#4912,#4913,#4914,#4915,#4916,
#4917,#4918,#4919,#4920,#4921,#4922,#4923),(#4924,#4925,#4926,#4927,#4928,
#4929,#4930,#4931,#4932,#4933,#4934,#4935),(#4936,#4937,#4938,#4939,#4940,
#4941,#4942,#4943,#4944,#4945,#4946,#4947)),.UNSPECIFIED.,.F.,.F.,.F.,(4,
1,1,1,4),(4,1,1,1,1,1,1,1,1,4),(0.,0.285714285714286,0.571428571428571,
0.714285714285714,1.),(-0.229276203213962,0.285030233931427,0.799336671076816,
1.31364310822221,1.82794954536759,2.34225598251298,2.59940920108568,2.85656241965837,
3.11371563823107,3.37086885680376),.UNSPECIFIED.);
#36=B_SPLINE_SURFACE_WITH_KNOTS('',3,3,((#5004,#5005,#5006,#5007,#5008,
#5009,#5010,#5011,#5012,#5013,#5014,#5015,#5016,#5017,#5018),(#5019,#5020,
#5021,#5022,#5023,#5024,#5025,#5026,#5027,#5028,#5029,#5030,#5031,#5032,
#5033),(#5034,#5035,#5036,#5037,#5038,#5039,#5040,#5041,#5042,#5043,#5044,
#5045,#5046,#5047,#5048),(#5049,#5050,#5051,#5052,#5053,#5054,#5055,#5056,
#5057,#5058,#5059,#5060,#5061,#5062,#5063),(#5064,#5065,#5066,#5067,#5068,
#5069,#5070,#5071,#5072,#5073,#5074,#5075,#5076,#5077,#5078),(#5079,#5080,
#5081,#5082,#5083,#5084,#5085,#5086,#5087,#5088,#5089,#5090,#5091,#5092,
#5093),(#5094,#5095,#5096,#5097,#5098,#5099,#5100,#5101,#5102,#5103,#5104,
#5105,#5106,#5107,#5108)),.UNSPECIFIED.,.F.,.F.,.F.,(4,1,1,1,4),(4,1,1,
1,1,1,1,1,1,1,1,1,4),(0.,0.285714285714286,0.571428571428571,0.714285714285714,
1.),(2.91234120637826,3.16949088837915,3.42664057038004,3.68379025238092,
3.94093993438181,4.00522735488203,4.06951477538226,4.1980896163827,4.45523929838359,
4.96953866238537,5.48383802638714,5.99813739038892,6.51243675439069),
 .UNSPECIFIED.);
#37=B_SPLINE_SURFACE_WITH_KNOTS('',3,3,((#5166,#5167,#5168,#5169,#5170,
#5171,#5172,#5173,#5174,#5175,#5176,#5177,#5178,#5179,#5180,#5181,#5182),
(#5183,#5184,#5185,#5186,#5187,#5188,#5189,#5190,#5191,#5192,#5193,#5194,
#5195,#5196,#5197,#5198,#5199),(#5200,#5201,#5202,#5203,#5204,#5205,#5206,
#5207,#5208,#5209,#5210,#5211,#5212,#5213,#5214,#5215,#5216),(#5217,#5218,
#5219,#5220,#5221,#5222,#5223,#5224,#5225,#5226,#5227,#5228,#5229,#5230,
#5231,#5232,#5233),(#5234,#5235,#5236,#5237,#5238,#5239,#5240,#5241,#5242,
#5243,#5244,#5245,#5246,#5247,#5248,#5249,#5250),(#5251,#5252,#5253,#5254,
#5255,#5256,#5257,#5258,#5259,#5260,#5261,#5262,#5263,#5264,#5265,#5266,
#5267),(#5268,#5269,#5270,#5271,#5272,#5273,#5274,#5275,#5276,#5277,#5278,
#5279,#5280,#5281,#5282,#5283,#5284)),.UNSPECIFIED.,.F.,.F.,.F.,(4,1,1,
1,4),(4,1,1,1,1,1,1,1,1,1,1,1,1,1,4),(0.,0.285714285714286,0.571428571428571,
0.857142857142857,1.),(5.26640147766015E-15,0.142798386284275,0.285596772568545,
0.428395158852815,0.571193545137085,0.713991931421354,0.856790317705624,
0.928189510847759,0.999588703989894,1.07098789713203,1.14238709027416,1.4279838628427,
1.71358063541124,1.85637902169551,1.99917740797978),.UNSPECIFIED.);
#38=B_SPLINE_SURFACE_WITH_KNOTS('',3,3,((#5332,#5333,#5334,#5335,#5336,
#5337,#5338,#5339,#5340,#5341,#5342,#5343,#5344,#5345,#5346,#5347,#5348,
#5349),(#5350,#5351,#5352,#5353,#5354,#5355,#5356,#5357,#5358,#5359,#5360,
#5361,#5362,#5363,#5364,#5365,#5366,#5367),(#5368,#5369,#5370,#5371,#5372,
#5373,#5374,#5375,#5376,#5377,#5378,#5379,#5380,#5381,#5382,#5383,#5384,
#5385),(#5386,#5387,#5388,#5389,#5390,#5391,#5392,#5393,#5394,#5395,#5396,
#5397,#5398,#5399,#5400,#5401,#5402,#5403),(#5404,#5405,#5406,#5407,#5408,
#5409,#5410,#5411,#5412,#5413,#5414,#5415,#5416,#5417,#5418,#5419,#5420,
#5421),(#5422,#5423,#5424,#5425,#5426,#5427,#5428,#5429,#5430,#5431,#5432,
#5433,#5434,#5435,#5436,#5437,#5438,#5439),(#5440,#5441,#5442,#5443,#5444,
#5445,#5446,#5447,#5448,#5449,#5450,#5451,#5452,#5453,#5454,#5455,#5456,
#5457)),.UNSPECIFIED.,.F.,.F.,.F.,(4,1,1,1,4),(4,1,1,1,1,1,1,1,1,1,1,1,
1,1,1,4),(0.,0.285714285714286,0.571428571428571,0.857142857142857,1.),
(0.,0.142794676474133,0.285589352948265,0.571178705896531,0.856768058844796,
1.14235741179306,1.21375475003013,1.28515208826719,1.32085075738573,1.33870009194499,
1.35654942650426,1.39224809562279,1.42794676474133,1.57074144121546,1.71353611768959,
1.99912547063786),.UNSPECIFIED.);
#39=SPHERICAL_SURFACE('',#3219,7.99999999999999);
#40=SPHERICAL_SURFACE('',#3223,8.00000000000001);
#41=SPHERICAL_SURFACE('',#3264,8.00000000000001);
#42=SPHERICAL_SURFACE('',#3266,7.99999999999999);
#43=SPHERICAL_SURFACE('',#3271,6.);
#44=SPHERICAL_SURFACE('',#3274,6.);
#45=CONICAL_SURFACE('',#3034,2.39999999999999,0.785398163397438);
#46=CONICAL_SURFACE('',#3038,2.4,0.785398163397448);
#47=CONICAL_SURFACE('',#3062,1.8,0.785398163397445);
#48=CONICAL_SURFACE('',#3065,1.8,0.785398163397441);
#49=CONICAL_SURFACE('',#3071,1.8,0.785398163397445);
#50=CONICAL_SURFACE('',#3074,1.8,0.785398163397441);
#51=CONICAL_SURFACE('',#3080,1.8,0.785398163397445);
#52=CONICAL_SURFACE('',#3083,1.8,0.785398163397441);
#53=CONICAL_SURFACE('',#3089,1.8,0.785398163397445);
#54=CONICAL_SURFACE('',#3092,1.8,0.785398163397441);
#55=CONICAL_SURFACE('',#3098,1.8,0.785398163397445);
#56=CONICAL_SURFACE('',#3101,1.8,0.785398163397441);
#57=CONICAL_SURFACE('',#3107,1.8,0.785398163397441);
#58=CONICAL_SURFACE('',#3110,1.8,0.785398163397441);
#59=CONICAL_SURFACE('',#3130,1.8,0.785398163397445);
#60=CONICAL_SURFACE('',#3132,1.8,0.785398163397441);
#61=CONICAL_SURFACE('',#3136,1.8,0.785398163397445);
#62=CONICAL_SURFACE('',#3138,1.8,0.785398163397441);
#63=CONICAL_SURFACE('',#3142,1.8,0.785398163397445);
#64=CONICAL_SURFACE('',#3144,1.8,0.785398163397441);
#65=CONICAL_SURFACE('',#3148,1.8,0.785398163397445);
#66=CONICAL_SURFACE('',#3150,1.8,0.785398163397441);
#67=CONICAL_SURFACE('',#3154,1.8,0.785398163397445);
#68=CONICAL_SURFACE('',#3156,1.8,0.785398163397441);
#69=CONICAL_SURFACE('',#3160,1.8,0.785398163397441);
#70=CONICAL_SURFACE('',#3162,1.8,0.785398163397441);
#71=CONICAL_SURFACE('',#3183,2.4,0.785398163397441);
#72=CONICAL_SURFACE('',#3186,2.40000000000001,0.785398163397437);
#73=FACE_BOUND('',#383,.T.);
#74=FACE_BOUND('',#387,.T.);
#75=FACE_BOUND('',#396,.T.);
#76=FACE_BOUND('',#399,.T.);
#77=FACE_BOUND('',#401,.T.);
#78=FACE_BOUND('',#402,.T.);
#79=FACE_BOUND('',#403,.T.);
#80=FACE_BOUND('',#404,.T.);
#81=FACE_BOUND('',#405,.T.);
#82=FACE_BOUND('',#406,.T.);
#83=FACE_BOUND('',#407,.T.);
#84=FACE_BOUND('',#408,.T.);
#85=FACE_BOUND('',#409,.T.);
#86=FACE_BOUND('',#410,.T.);
#87=FACE_BOUND('',#448,.T.);
#88=FACE_BOUND('',#449,.T.);
#89=FACE_BOUND('',#450,.T.);
#90=FACE_BOUND('',#451,.T.);
#91=FACE_BOUND('',#452,.T.);
#92=FACE_BOUND('',#453,.T.);
#93=FACE_BOUND('',#454,.T.);
#94=FACE_BOUND('',#455,.T.);
#95=FACE_BOUND('',#456,.T.);
#96=FACE_BOUND('',#457,.T.);
#97=FACE_BOUND('',#496,.T.);
#98=FACE_BOUND('',#497,.T.);
#99=FACE_BOUND('',#499,.T.);
#100=FACE_BOUND('',#508,.T.);
#101=FACE_BOUND('',#509,.T.);
#102=FACE_BOUND('',#513,.T.);
#103=FACE_BOUND('',#519,.T.);
#104=FACE_BOUND('',#540,.T.);
#105=FACE_BOUND('',#542,.T.);
#106=FACE_BOUND('',#547,.T.);
#107=PLANE('',#2999);
#108=PLANE('',#3003);
#109=PLANE('',#3007);
#110=PLANE('',#3011);
#111=PLANE('',#3015);
#112=PLANE('',#3019);
#113=PLANE('',#3020);
#114=PLANE('',#3021);
#115=PLANE('',#3022);
#116=PLANE('',#3023);
#117=PLANE('',#3024);
#118=PLANE('',#3025);
#119=PLANE('',#3026);
#120=PLANE('',#3027);
#121=PLANE('',#3028);
#122=PLANE('',#3030);
#123=PLANE('',#3031);
#124=PLANE('',#3032);
#125=PLANE('',#3042);
#126=PLANE('',#3043);
#127=PLANE('',#3044);
#128=PLANE('',#3045);
#129=PLANE('',#3046);
#130=PLANE('',#3047);
#131=PLANE('',#3048);
#132=PLANE('',#3064);
#133=PLANE('',#3067);
#134=PLANE('',#3068);
#135=PLANE('',#3073);
#136=PLANE('',#3076);
#137=PLANE('',#3077);
#138=PLANE('',#3082);
#139=PLANE('',#3085);
#140=PLANE('',#3086);
#141=PLANE('',#3091);
#142=PLANE('',#3094);
#143=PLANE('',#3095);
#144=PLANE('',#3100);
#145=PLANE('',#3103);
#146=PLANE('',#3104);
#147=PLANE('',#3109);
#148=PLANE('',#3112);
#149=PLANE('',#3113);
#150=PLANE('',#3116);
#151=PLANE('',#3131);
#152=PLANE('',#3134);
#153=PLANE('',#3135);
#154=PLANE('',#3137);
#155=PLANE('',#3140);
#156=PLANE('',#3141);
#157=PLANE('',#3143);
#158=PLANE('',#3146);
#159=PLANE('',#3147);
#160=PLANE('',#3149);
#161=PLANE('',#3152);
#162=PLANE('',#3153);
#163=PLANE('',#3155);
#164=PLANE('',#3158);
#165=PLANE('',#3159);
#166=PLANE('',#3161);
#167=PLANE('',#3164);
#168=PLANE('',#3165);
#169=PLANE('',#3172);
#170=PLANE('',#3173);
#171=PLANE('',#3178);
#172=PLANE('',#3181);
#173=PLANE('',#3182);
#174=PLANE('',#3193);
#175=PLANE('',#3202);
#176=PLANE('',#3204);
#177=PLANE('',#3210);
#178=PLANE('',#3211);
#179=PLANE('',#3217);
#180=PLANE('',#3218);
#181=PLANE('',#3222);
#182=PLANE('',#3240);
#183=PLANE('',#3243);
#184=PLANE('',#3244);
#185=PLANE('',#3249);
#186=PLANE('',#3251);
#187=PLANE('',#3254);
#188=PLANE('',#3256);
#189=PLANE('',#3257);
#190=PLANE('',#3259);
#191=PLANE('',#3269);
#192=PLANE('',#3270);
#193=PLANE('',#3278);
#194=PLANE('',#3279);
#195=FACE_OUTER_BOUND('',#362,.T.);
#196=FACE_OUTER_BOUND('',#363,.T.);
#197=FACE_OUTER_BOUND('',#364,.T.);
#198=FACE_OUTER_BOUND('',#365,.T.);
#199=FACE_OUTER_BOUND('',#366,.T.);
#200=FACE_OUTER_BOUND('',#367,.T.);
#201=FACE_OUTER_BOUND('',#368,.T.);
#202=FACE_OUTER_BOUND('',#369,.T.);
#203=FACE_OUTER_BOUND('',#370,.T.);
#204=FACE_OUTER_BOUND('',#371,.T.);
#205=FACE_OUTER_BOUND('',#372,.T.);
#206=FACE_OUTER_BOUND('',#373,.T.);
#207=FACE_OUTER_BOUND('',#374,.T.);
#208=FACE_OUTER_BOUND('',#375,.T.);
#209=FACE_OUTER_BOUND('',#376,.T.);
#210=FACE_OUTER_BOUND('',#377,.T.);
#211=FACE_OUTER_BOUND('',#378,.T.);
#212=FACE_OUTER_BOUND('',#379,.T.);
#213=FACE_OUTER_BOUND('',#380,.T.);
#214=FACE_OUTER_BOUND('',#381,.T.);
#215=FACE_OUTER_BOUND('',#382,.T.);
#216=FACE_OUTER_BOUND('',#384,.T.);
#217=FACE_OUTER_BOUND('',#385,.T.);
#218=FACE_OUTER_BOUND('',#386,.T.);
#219=FACE_OUTER_BOUND('',#388,.T.);
#220=FACE_OUTER_BOUND('',#389,.T.);
#221=FACE_OUTER_BOUND('',#390,.T.);
#222=FACE_OUTER_BOUND('',#391,.T.);
#223=FACE_OUTER_BOUND('',#392,.T.);
#224=FACE_OUTER_BOUND('',#393,.T.);
#225=FACE_OUTER_BOUND('',#394,.T.);
#226=FACE_OUTER_BOUND('',#395,.T.);
#227=FACE_OUTER_BOUND('',#397,.T.);
#228=FACE_OUTER_BOUND('',#398,.T.);
#229=FACE_OUTER_BOUND('',#400,.T.);
#230=FACE_OUTER_BOUND('',#411,.T.);
#231=FACE_OUTER_BOUND('',#412,.T.);
#232=FACE_OUTER_BOUND('',#413,.T.);
#233=FACE_OUTER_BOUND('',#414,.T.);
#234=FACE_OUTER_BOUND('',#415,.T.);
#235=FACE_OUTER_BOUND('',#416,.T.);
#236=FACE_OUTER_BOUND('',#417,.T.);
#237=FACE_OUTER_BOUND('',#418,.T.);
#238=FACE_OUTER_BOUND('',#419,.T.);
#239=FACE_OUTER_BOUND('',#420,.T.);
#240=FACE_OUTER_BOUND('',#421,.T.);
#241=FACE_OUTER_BOUND('',#422,.T.);
#242=FACE_OUTER_BOUND('',#423,.T.);
#243=FACE_OUTER_BOUND('',#424,.T.);
#244=FACE_OUTER_BOUND('',#425,.T.);
#245=FACE_OUTER_BOUND('',#426,.T.);
#246=FACE_OUTER_BOUND('',#427,.T.);
#247=FACE_OUTER_BOUND('',#428,.T.);
#248=FACE_OUTER_BOUND('',#429,.T.);
#249=FACE_OUTER_BOUND('',#430,.T.);
#250=FACE_OUTER_BOUND('',#431,.T.);
#251=FACE_OUTER_BOUND('',#432,.T.);
#252=FACE_OUTER_BOUND('',#433,.T.);
#253=FACE_OUTER_BOUND('',#434,.T.);
#254=FACE_OUTER_BOUND('',#435,.T.);
#255=FACE_OUTER_BOUND('',#436,.T.);
#256=FACE_OUTER_BOUND('',#437,.T.);
#257=FACE_OUTER_BOUND('',#438,.T.);
#258=FACE_OUTER_BOUND('',#439,.T.);
#259=FACE_OUTER_BOUND('',#440,.T.);
#260=FACE_OUTER_BOUND('',#441,.T.);
#261=FACE_OUTER_BOUND('',#442,.T.);
#262=FACE_OUTER_BOUND('',#443,.T.);
#263=FACE_OUTER_BOUND('',#444,.T.);
#264=FACE_OUTER_BOUND('',#445,.T.);
#265=FACE_OUTER_BOUND('',#446,.T.);
#266=FACE_OUTER_BOUND('',#447,.T.);
#267=FACE_OUTER_BOUND('',#458,.T.);
#268=FACE_OUTER_BOUND('',#459,.T.);
#269=FACE_OUTER_BOUND('',#460,.T.);
#270=FACE_OUTER_BOUND('',#461,.T.);
#271=FACE_OUTER_BOUND('',#462,.T.);
#272=FACE_OUTER_BOUND('',#463,.T.);
#273=FACE_OUTER_BOUND('',#464,.T.);
#274=FACE_OUTER_BOUND('',#465,.T.);
#275=FACE_OUTER_BOUND('',#466,.T.);
#276=FACE_OUTER_BOUND('',#467,.T.);
#277=FACE_OUTER_BOUND('',#468,.T.);
#278=FACE_OUTER_BOUND('',#469,.T.);
#279=FACE_OUTER_BOUND('',#470,.T.);
#280=FACE_OUTER_BOUND('',#471,.T.);
#281=FACE_OUTER_BOUND('',#472,.T.);
#282=FACE_OUTER_BOUND('',#473,.T.);
#283=FACE_OUTER_BOUND('',#474,.T.);
#284=FACE_OUTER_BOUND('',#475,.T.);
#285=FACE_OUTER_BOUND('',#476,.T.);
#286=FACE_OUTER_BOUND('',#477,.T.);
#287=FACE_OUTER_BOUND('',#478,.T.);
#288=FACE_OUTER_BOUND('',#479,.T.);
#289=FACE_OUTER_BOUND('',#480,.T.);
#290=FACE_OUTER_BOUND('',#481,.T.);
#291=FACE_OUTER_BOUND('',#482,.T.);
#292=FACE_OUTER_BOUND('',#483,.T.);
#293=FACE_OUTER_BOUND('',#484,.T.);
#294=FACE_OUTER_BOUND('',#485,.T.);
#295=FACE_OUTER_BOUND('',#486,.T.);
#296=FACE_OUTER_BOUND('',#487,.T.);
#297=FACE_OUTER_BOUND('',#488,.T.);
#298=FACE_OUTER_BOUND('',#489,.T.);
#299=FACE_OUTER_BOUND('',#490,.T.);
#300=FACE_OUTER_BOUND('',#491,.T.);
#301=FACE_OUTER_BOUND('',#492,.T.);
#302=FACE_OUTER_BOUND('',#493,.T.);
#303=FACE_OUTER_BOUND('',#494,.T.);
#304=FACE_OUTER_BOUND('',#495,.T.);
#305=FACE_OUTER_BOUND('',#498,.T.);
#306=FACE_OUTER_BOUND('',#500,.T.);
#307=FACE_OUTER_BOUND('',#501,.T.);
#308=FACE_OUTER_BOUND('',#502,.T.);
#309=FACE_OUTER_BOUND('',#503,.T.);
#310=FACE_OUTER_BOUND('',#504,.T.);
#311=FACE_OUTER_BOUND('',#505,.T.);
#312=FACE_OUTER_BOUND('',#506,.T.);
#313=FACE_OUTER_BOUND('',#507,.T.);
#314=FACE_OUTER_BOUND('',#510,.T.);
#315=FACE_OUTER_BOUND('',#511,.T.);
#316=FACE_OUTER_BOUND('',#512,.T.);
#317=FACE_OUTER_BOUND('',#514,.T.);
#318=FACE_OUTER_BOUND('',#515,.T.);
#319=FACE_OUTER_BOUND('',#516,.T.);
#320=FACE_OUTER_BOUND('',#517,.T.);
#321=FACE_OUTER_BOUND('',#518,.T.);
#322=FACE_OUTER_BOUND('',#520,.T.);
#323=FACE_OUTER_BOUND('',#521,.T.);
#324=FACE_OUTER_BOUND('',#522,.T.);
#325=FACE_OUTER_BOUND('',#523,.T.);
#326=FACE_OUTER_BOUND('',#524,.T.);
#327=FACE_OUTER_BOUND('',#525,.T.);
#328=FACE_OUTER_BOUND('',#526,.T.);
#329=FACE_OUTER_BOUND('',#527,.T.);
#330=FACE_OUTER_BOUND('',#528,.T.);
#331=FACE_OUTER_BOUND('',#529,.T.);
#332=FACE_OUTER_BOUND('',#530,.T.);
#333=FACE_OUTER_BOUND('',#531,.T.);
#334=FACE_OUTER_BOUND('',#532,.T.);
#335=FACE_OUTER_BOUND('',#533,.T.);
#336=FACE_OUTER_BOUND('',#534,.T.);
#337=FACE_OUTER_BOUND('',#535,.T.);
#338=FACE_OUTER_BOUND('',#536,.T.);
#339=FACE_OUTER_BOUND('',#537,.T.);
#340=FACE_OUTER_BOUND('',#538,.T.);
#341=FACE_OUTER_BOUND('',#539,.T.);
#342=FACE_OUTER_BOUND('',#541,.T.);
#343=FACE_OUTER_BOUND('',#543,.T.);
#344=FACE_OUTER_BOUND('',#544,.T.);
#345=FACE_OUTER_BOUND('',#545,.T.);
#346=FACE_OUTER_BOUND('',#546,.T.);
#347=FACE_OUTER_BOUND('',#548,.T.);
#348=FACE_OUTER_BOUND('',#549,.T.);
#349=FACE_OUTER_BOUND('',#550,.T.);
#350=FACE_OUTER_BOUND('',#551,.T.);
#351=FACE_OUTER_BOUND('',#552,.T.);
#352=FACE_OUTER_BOUND('',#553,.T.);
#353=FACE_OUTER_BOUND('',#554,.T.);
#354=FACE_OUTER_BOUND('',#555,.T.);
#355=FACE_OUTER_BOUND('',#556,.T.);
#356=FACE_OUTER_BOUND('',#557,.T.);
#357=FACE_OUTER_BOUND('',#558,.T.);
#358=FACE_OUTER_BOUND('',#559,.T.);
#359=FACE_OUTER_BOUND('',#560,.T.);
#360=FACE_OUTER_BOUND('',#561,.T.);
#361=FACE_OUTER_BOUND('',#562,.T.);
#362=EDGE_LOOP('',(#1932,#1933,#1934,#1935));
#363=EDGE_LOOP('',(#1936,#1937,#1938,#1939));
#364=EDGE_LOOP('',(#1940,#1941,#1942,#1943));
#365=EDGE_LOOP('',(#1944,#1945,#1946,#1947));
#366=EDGE_LOOP('',(#1948,#1949,#1950,#1951));
#367=EDGE_LOOP('',(#1952,#1953,#1954,#1955));
#368=EDGE_LOOP('',(#1956,#1957,#1958,#1959));
#369=EDGE_LOOP('',(#1960,#1961,#1962,#1963));
#370=EDGE_LOOP('',(#1964,#1965,#1966,#1967));
#371=EDGE_LOOP('',(#1968,#1969,#1970,#1971));
#372=EDGE_LOOP('',(#1972,#1973,#1974,#1975));
#373=EDGE_LOOP('',(#1976,#1977,#1978,#1979));
#374=EDGE_LOOP('',(#1980,#1981,#1982,#1983));
#375=EDGE_LOOP('',(#1984,#1985,#1986,#1987));
#376=EDGE_LOOP('',(#1988,#1989,#1990,#1991));
#377=EDGE_LOOP('',(#1992,#1993,#1994,#1995));
#378=EDGE_LOOP('',(#1996,#1997,#1998,#1999));
#379=EDGE_LOOP('',(#2000,#2001,#2002,#2003));
#380=EDGE_LOOP('',(#2004,#2005,#2006,#2007));
#381=EDGE_LOOP('',(#2008,#2009,#2010,#2011));
#382=EDGE_LOOP('',(#2012,#2013,#2014,#2015,#2016));
#383=EDGE_LOOP('',(#2017));
#384=EDGE_LOOP('',(#2018,#2019,#2020,#2021));
#385=EDGE_LOOP('',(#2022,#2023,#2024,#2025));
#386=EDGE_LOOP('',(#2026,#2027,#2028,#2029,#2030));
#387=EDGE_LOOP('',(#2031));
#388=EDGE_LOOP('',(#2032,#2033,#2034,#2035));
#389=EDGE_LOOP('',(#2036,#2037,#2038,#2039));
#390=EDGE_LOOP('',(#2040,#2041,#2042,#2043));
#391=EDGE_LOOP('',(#2044,#2045,#2046,#2047));
#392=EDGE_LOOP('',(#2048,#2049,#2050,#2051));
#393=EDGE_LOOP('',(#2052,#2053,#2054,#2055));
#394=EDGE_LOOP('',(#2056,#2057,#2058,#2059));
#395=EDGE_LOOP('',(#2060,#2061,#2062,#2063,#2064));
#396=EDGE_LOOP('',(#2065));
#397=EDGE_LOOP('',(#2066,#2067,#2068,#2069));
#398=EDGE_LOOP('',(#2070,#2071,#2072,#2073,#2074));
#399=EDGE_LOOP('',(#2075));
#400=EDGE_LOOP('',(#2076,#2077,#2078,#2079));
#401=EDGE_LOOP('',(#2080,#2081,#2082,#2083,#2084,#2085));
#402=EDGE_LOOP('',(#2086,#2087,#2088,#2089,#2090,#2091));
#403=EDGE_LOOP('',(#2092,#2093,#2094,#2095,#2096,#2097));
#404=EDGE_LOOP('',(#2098,#2099,#2100,#2101));
#405=EDGE_LOOP('',(#2102,#2103,#2104,#2105));
#406=EDGE_LOOP('',(#2106,#2107,#2108,#2109));
#407=EDGE_LOOP('',(#2110));
#408=EDGE_LOOP('',(#2111,#2112,#2113,#2114));
#409=EDGE_LOOP('',(#2115,#2116,#2117,#2118));
#410=EDGE_LOOP('',(#2119,#2120,#2121,#2122));
#411=EDGE_LOOP('',(#2123,#2124,#2125,#2126));
#412=EDGE_LOOP('',(#2127,#2128,#2129,#2130));
#413=EDGE_LOOP('',(#2131,#2132,#2133,#2134));
#414=EDGE_LOOP('',(#2135,#2136,#2137,#2138));
#415=EDGE_LOOP('',(#2139,#2140,#2141,#2142));
#416=EDGE_LOOP('',(#2143,#2144,#2145,#2146));
#417=EDGE_LOOP('',(#2147,#2148,#2149,#2150));
#418=EDGE_LOOP('',(#2151,#2152,#2153,#2154));
#419=EDGE_LOOP('',(#2155,#2156,#2157,#2158));
#420=EDGE_LOOP('',(#2159,#2160,#2161,#2162));
#421=EDGE_LOOP('',(#2163,#2164,#2165,#2166));
#422=EDGE_LOOP('',(#2167,#2168,#2169,#2170));
#423=EDGE_LOOP('',(#2171,#2172,#2173,#2174));
#424=EDGE_LOOP('',(#2175,#2176,#2177,#2178));
#425=EDGE_LOOP('',(#2179,#2180,#2181,#2182));
#426=EDGE_LOOP('',(#2183,#2184,#2185,#2186));
#427=EDGE_LOOP('',(#2187,#2188,#2189,#2190));
#428=EDGE_LOOP('',(#2191,#2192,#2193,#2194));
#429=EDGE_LOOP('',(#2195,#2196,#2197,#2198));
#430=EDGE_LOOP('',(#2199,#2200,#2201,#2202));
#431=EDGE_LOOP('',(#2203,#2204,#2205,#2206));
#432=EDGE_LOOP('',(#2207,#2208,#2209,#2210));
#433=EDGE_LOOP('',(#2211,#2212,#2213,#2214));
#434=EDGE_LOOP('',(#2215,#2216,#2217,#2218));
#435=EDGE_LOOP('',(#2219,#2220,#2221,#2222));
#436=EDGE_LOOP('',(#2223,#2224,#2225,#2226));
#437=EDGE_LOOP('',(#2227,#2228,#2229,#2230));
#438=EDGE_LOOP('',(#2231,#2232,#2233,#2234));
#439=EDGE_LOOP('',(#2235,#2236,#2237,#2238));
#440=EDGE_LOOP('',(#2239,#2240,#2241,#2242));
#441=EDGE_LOOP('',(#2243,#2244,#2245,#2246));
#442=EDGE_LOOP('',(#2247,#2248,#2249,#2250));
#443=EDGE_LOOP('',(#2251,#2252,#2253,#2254));
#444=EDGE_LOOP('',(#2255,#2256,#2257,#2258));
#445=EDGE_LOOP('',(#2259,#2260,#2261,#2262));
#446=EDGE_LOOP('',(#2263,#2264,#2265,#2266));
#447=EDGE_LOOP('',(#2267,#2268,#2269,#2270,#2271,#2272,#2273,#2274));
#448=EDGE_LOOP('',(#2275,#2276,#2277,#2278,#2279,#2280));
#449=EDGE_LOOP('',(#2281,#2282,#2283,#2284));
#450=EDGE_LOOP('',(#2285,#2286,#2287,#2288));
#451=EDGE_LOOP('',(#2289,#2290,#2291,#2292));
#452=EDGE_LOOP('',(#2293));
#453=EDGE_LOOP('',(#2294,#2295,#2296,#2297));
#454=EDGE_LOOP('',(#2298,#2299,#2300,#2301));
#455=EDGE_LOOP('',(#2302,#2303,#2304,#2305));
#456=EDGE_LOOP('',(#2306,#2307,#2308,#2309,#2310,#2311));
#457=EDGE_LOOP('',(#2312,#2313,#2314,#2315,#2316,#2317));
#458=EDGE_LOOP('',(#2318,#2319,#2320,#2321));
#459=EDGE_LOOP('',(#2322,#2323,#2324,#2325));
#460=EDGE_LOOP('',(#2326,#2327,#2328,#2329));
#461=EDGE_LOOP('',(#2330,#2331,#2332,#2333));
#462=EDGE_LOOP('',(#2334,#2335,#2336,#2337));
#463=EDGE_LOOP('',(#2338,#2339,#2340,#2341));
#464=EDGE_LOOP('',(#2342,#2343,#2344,#2345));
#465=EDGE_LOOP('',(#2346,#2347,#2348,#2349));
#466=EDGE_LOOP('',(#2350,#2351,#2352,#2353));
#467=EDGE_LOOP('',(#2354,#2355,#2356,#2357));
#468=EDGE_LOOP('',(#2358,#2359,#2360,#2361));
#469=EDGE_LOOP('',(#2362,#2363,#2364,#2365));
#470=EDGE_LOOP('',(#2366,#2367,#2368,#2369));
#471=EDGE_LOOP('',(#2370,#2371,#2372,#2373));
#472=EDGE_LOOP('',(#2374,#2375,#2376,#2377));
#473=EDGE_LOOP('',(#2378,#2379,#2380,#2381));
#474=EDGE_LOOP('',(#2382,#2383,#2384,#2385));
#475=EDGE_LOOP('',(#2386,#2387,#2388,#2389));
#476=EDGE_LOOP('',(#2390,#2391,#2392,#2393));
#477=EDGE_LOOP('',(#2394,#2395,#2396,#2397));
#478=EDGE_LOOP('',(#2398,#2399,#2400,#2401));
#479=EDGE_LOOP('',(#2402,#2403,#2404,#2405));
#480=EDGE_LOOP('',(#2406,#2407,#2408,#2409));
#481=EDGE_LOOP('',(#2410,#2411,#2412,#2413));
#482=EDGE_LOOP('',(#2414,#2415,#2416,#2417));
#483=EDGE_LOOP('',(#2418,#2419,#2420,#2421));
#484=EDGE_LOOP('',(#2422,#2423,#2424,#2425));
#485=EDGE_LOOP('',(#2426,#2427,#2428,#2429));
#486=EDGE_LOOP('',(#2430,#2431,#2432,#2433));
#487=EDGE_LOOP('',(#2434,#2435,#2436,#2437));
#488=EDGE_LOOP('',(#2438,#2439,#2440,#2441));
#489=EDGE_LOOP('',(#2442,#2443,#2444,#2445));
#490=EDGE_LOOP('',(#2446,#2447,#2448,#2449));
#491=EDGE_LOOP('',(#2450,#2451,#2452,#2453));
#492=EDGE_LOOP('',(#2454,#2455,#2456,#2457));
#493=EDGE_LOOP('',(#2458,#2459,#2460,#2461));
#494=EDGE_LOOP('',(#2462,#2463,#2464,#2465));
#495=EDGE_LOOP('',(#2466,#2467,#2468,#2469,#2470,#2471,#2472,#2473,#2474,
#2475,#2476,#2477));
#496=EDGE_LOOP('',(#2478));
#497=EDGE_LOOP('',(#2479));
#498=EDGE_LOOP('',(#2480,#2481,#2482,#2483,#2484));
#499=EDGE_LOOP('',(#2485));
#500=EDGE_LOOP('',(#2486,#2487,#2488,#2489));
#501=EDGE_LOOP('',(#2490,#2491,#2492,#2493));
#502=EDGE_LOOP('',(#2494,#2495,#2496,#2497));
#503=EDGE_LOOP('',(#2498,#2499,#2500,#2501));
#504=EDGE_LOOP('',(#2502,#2503,#2504,#2505));
#505=EDGE_LOOP('',(#2506,#2507,#2508,#2509));
#506=EDGE_LOOP('',(#2510,#2511,#2512,#2513));
#507=EDGE_LOOP('',(#2514,#2515,#2516,#2517,#2518,#2519,#2520,#2521,#2522,
#2523,#2524,#2525,#2526,#2527));
#508=EDGE_LOOP('',(#2528));
#509=EDGE_LOOP('',(#2529));
#510=EDGE_LOOP('',(#2530,#2531,#2532,#2533));
#511=EDGE_LOOP('',(#2534,#2535,#2536,#2537,#2538,#2539));
#512=EDGE_LOOP('',(#2540,#2541,#2542,#2543,#2544));
#513=EDGE_LOOP('',(#2545));
#514=EDGE_LOOP('',(#2546,#2547,#2548,#2549));
#515=EDGE_LOOP('',(#2550,#2551,#2552,#2553,#2554,#2555));
#516=EDGE_LOOP('',(#2556,#2557,#2558,#2559));
#517=EDGE_LOOP('',(#2560,#2561,#2562,#2563,#2564));
#518=EDGE_LOOP('',(#2565,#2566,#2567,#2568,#2569,#2570,#2571,#2572,#2573));
#519=EDGE_LOOP('',(#2574,#2575,#2576,#2577));
#520=EDGE_LOOP('',(#2578,#2579,#2580,#2581));
#521=EDGE_LOOP('',(#2582,#2583,#2584,#2585));
#522=EDGE_LOOP('',(#2586,#2587,#2588,#2589,#2590));
#523=EDGE_LOOP('',(#2591,#2592,#2593,#2594));
#524=EDGE_LOOP('',(#2595,#2596,#2597));
#525=EDGE_LOOP('',(#2598,#2599,#2600,#2601,#2602));
#526=EDGE_LOOP('',(#2603,#2604,#2605));
#527=EDGE_LOOP('',(#2606,#2607,#2608,#2609,#2610,#2611,#2612,#2613,#2614));
#528=EDGE_LOOP('',(#2615,#2616,#2617,#2618,#2619,#2620,#2621,#2622));
#529=EDGE_LOOP('',(#2623,#2624,#2625,#2626,#2627,#2628,#2629,#2630,#2631,
#2632,#2633,#2634));
#530=EDGE_LOOP('',(#2635,#2636,#2637,#2638));
#531=EDGE_LOOP('',(#2639,#2640,#2641,#2642,#2643,#2644));
#532=EDGE_LOOP('',(#2645,#2646,#2647,#2648,#2649,#2650));
#533=EDGE_LOOP('',(#2651,#2652,#2653,#2654,#2655,#2656));
#534=EDGE_LOOP('',(#2657,#2658,#2659,#2660,#2661));
#535=EDGE_LOOP('',(#2662,#2663,#2664));
#536=EDGE_LOOP('',(#2665,#2666,#2667));
#537=EDGE_LOOP('',(#2668,#2669,#2670,#2671,#2672,#2673));
#538=EDGE_LOOP('',(#2674,#2675,#2676,#2677,#2678,#2679));
#539=EDGE_LOOP('',(#2680));
#540=EDGE_LOOP('',(#2681));
#541=EDGE_LOOP('',(#2682));
#542=EDGE_LOOP('',(#2683));
#543=EDGE_LOOP('',(#2684,#2685,#2686,#2687));
#544=EDGE_LOOP('',(#2688,#2689,#2690,#2691,#2692));
#545=EDGE_LOOP('',(#2693,#2694,#2695,#2696,#2697,#2698,#2699,#2700));
#546=EDGE_LOOP('',(#2701,#2702,#2703,#2704,#2705,#2706,#2707,#2708,#2709,
#2710,#2711));
#547=EDGE_LOOP('',(#2712,#2713,#2714,#2715));
#548=EDGE_LOOP('',(#2716,#2717,#2718,#2719));
#549=EDGE_LOOP('',(#2720,#2721,#2722,#2723,#2724));
#550=EDGE_LOOP('',(#2725,#2726,#2727,#2728));
#551=EDGE_LOOP('',(#2729,#2730,#2731,#2732));
#552=EDGE_LOOP('',(#2733,#2734,#2735));
#553=EDGE_LOOP('',(#2736,#2737,#2738));
#554=EDGE_LOOP('',(#2739,#2740,#2741,#2742));
#555=EDGE_LOOP('',(#2743,#2744,#2745,#2746));
#556=EDGE_LOOP('',(#2747,#2748,#2749,#2750));
#557=EDGE_LOOP('',(#2751,#2752,#2753));
#558=EDGE_LOOP('',(#2754,#2755,#2756));
#559=EDGE_LOOP('',(#2757,#2758,#2759,#2760));
#560=EDGE_LOOP('',(#2761,#2762,#2763,#2764));
#561=EDGE_LOOP('',(#2765,#2766,#2767,#2768,#2769));
#562=EDGE_LOOP('',(#2770,#2771,#2772,#2773));
#563=LINE('',#4145,#852);
#564=LINE('',#4148,#853);
#565=LINE('',#4151,#854);
#566=LINE('',#4153,#855);
#567=LINE('',#4154,#856);
#568=LINE('',#4159,#857);
#569=LINE('',#4163,#858);
#570=LINE('',#4165,#859);
#571=LINE('',#4166,#860);
#572=LINE('',#4172,#861);
#573=LINE('',#4175,#862);
#574=LINE('',#4178,#863);
#575=LINE('',#4180,#864);
#576=LINE('',#4181,#865);
#577=LINE('',#4186,#866);
#578=LINE('',#4190,#867);
#579=LINE('',#4192,#868);
#580=LINE('',#4193,#869);
#581=LINE('',#4199,#870);
#582=LINE('',#4202,#871);
#583=LINE('',#4205,#872);
#584=LINE('',#4207,#873);
#585=LINE('',#4208,#874);
#586=LINE('',#4214,#875);
#587=LINE('',#4217,#876);
#588=LINE('',#4219,#877);
#589=LINE('',#4220,#878);
#590=LINE('',#4223,#879);
#591=LINE('',#4225,#880);
#592=LINE('',#4226,#881);
#593=LINE('',#4229,#882);
#594=LINE('',#4231,#883);
#595=LINE('',#4232,#884);
#596=LINE('',#4235,#885);
#597=LINE('',#4237,#886);
#598=LINE('',#4238,#887);
#599=LINE('',#4240,#888);
#600=LINE('',#4241,#889);
#601=LINE('',#4243,#890);
#602=LINE('',#4244,#891);
#603=LINE('',#4246,#892);
#604=LINE('',#4247,#893);
#605=LINE('',#4251,#894);
#606=LINE('',#4253,#895);
#607=LINE('',#4255,#896);
#608=LINE('',#4256,#897);
#609=LINE('',#4259,#898);
#610=LINE('',#4261,#899);
#611=LINE('',#4262,#900);
#612=LINE('',#4265,#901);
#613=LINE('',#4267,#902);
#614=LINE('',#4268,#903);
#615=LINE('',#4274,#904);
#616=LINE('',#4276,#905);
#617=LINE('',#4278,#906);
#618=LINE('',#4279,#907);
#619=LINE('',#4282,#908);
#620=LINE('',#4284,#909);
#621=LINE('',#4285,#910);
#622=LINE('',#4288,#911);
#623=LINE('',#4290,#912);
#624=LINE('',#4291,#913);
#625=LINE('',#4296,#914);
#626=LINE('',#4301,#915);
#627=LINE('',#4304,#916);
#628=LINE('',#4309,#917);
#629=LINE('',#4312,#918);
#630=LINE('',#4313,#919);
#631=LINE('',#4316,#920);
#632=LINE('',#4317,#921);
#633=LINE('',#4320,#922);
#634=LINE('',#4321,#923);
#635=LINE('',#4323,#924);
#636=LINE('',#4326,#925);
#637=LINE('',#4327,#926);
#638=LINE('',#4329,#927);
#639=LINE('',#4333,#928);
#640=LINE('',#4335,#929);
#641=LINE('',#4337,#930);
#642=LINE('',#4338,#931);
#643=LINE('',#4343,#932);
#644=LINE('',#4346,#933);
#645=LINE('',#4351,#934);
#646=LINE('',#4354,#935);
#647=LINE('',#4359,#936);
#648=LINE('',#4362,#937);
#649=LINE('',#4369,#938);
#650=LINE('',#4372,#939);
#651=LINE('',#4377,#940);
#652=LINE('',#4380,#941);
#653=LINE('',#4385,#942);
#654=LINE('',#4388,#943);
#655=LINE('',#4391,#944);
#656=LINE('',#4393,#945);
#657=LINE('',#4397,#946);
#658=LINE('',#4398,#947);
#659=LINE('',#4401,#948);
#660=LINE('',#4404,#949);
#661=LINE('',#4407,#950);
#662=LINE('',#4409,#951);
#663=LINE('',#4410,#952);
#664=LINE('',#4413,#953);
#665=LINE('',#4417,#954);
#666=LINE('',#4419,#955);
#667=LINE('',#4423,#956);
#668=LINE('',#4424,#957);
#669=LINE('',#4427,#958);
#670=LINE('',#4430,#959);
#671=LINE('',#4433,#960);
#672=LINE('',#4435,#961);
#673=LINE('',#4436,#962);
#674=LINE('',#4439,#963);
#675=LINE('',#4443,#964);
#676=LINE('',#4445,#965);
#677=LINE('',#4449,#966);
#678=LINE('',#4450,#967);
#679=LINE('',#4453,#968);
#680=LINE('',#4456,#969);
#681=LINE('',#4459,#970);
#682=LINE('',#4461,#971);
#683=LINE('',#4462,#972);
#684=LINE('',#4465,#973);
#685=LINE('',#4469,#974);
#686=LINE('',#4471,#975);
#687=LINE('',#4475,#976);
#688=LINE('',#4476,#977);
#689=LINE('',#4479,#978);
#690=LINE('',#4482,#979);
#691=LINE('',#4485,#980);
#692=LINE('',#4487,#981);
#693=LINE('',#4488,#982);
#694=LINE('',#4491,#983);
#695=LINE('',#4495,#984);
#696=LINE('',#4497,#985);
#697=LINE('',#4501,#986);
#698=LINE('',#4502,#987);
#699=LINE('',#4505,#988);
#700=LINE('',#4508,#989);
#701=LINE('',#4511,#990);
#702=LINE('',#4513,#991);
#703=LINE('',#4514,#992);
#704=LINE('',#4517,#993);
#705=LINE('',#4521,#994);
#706=LINE('',#4523,#995);
#707=LINE('',#4527,#996);
#708=LINE('',#4528,#997);
#709=LINE('',#4531,#998);
#710=LINE('',#4534,#999);
#711=LINE('',#4537,#1000);
#712=LINE('',#4539,#1001);
#713=LINE('',#4540,#1002);
#714=LINE('',#4543,#1003);
#715=LINE('',#4548,#1004);
#716=LINE('',#4550,#1005);
#717=LINE('',#4552,#1006);
#718=LINE('',#4554,#1007);
#719=LINE('',#4556,#1008);
#720=LINE('',#4558,#1009);
#721=LINE('',#4560,#1010);
#722=LINE('',#4561,#1011);
#723=LINE('',#4566,#1012);
#724=LINE('',#4569,#1013);
#725=LINE('',#4574,#1014);
#726=LINE('',#4577,#1015);
#727=LINE('',#4582,#1016);
#728=LINE('',#4585,#1017);
#729=LINE('',#4592,#1018);
#730=LINE('',#4595,#1019);
#731=LINE('',#4600,#1020);
#732=LINE('',#4603,#1021);
#733=LINE('',#4608,#1022);
#734=LINE('',#4611,#1023);
#735=LINE('',#4613,#1024);
#736=LINE('',#4614,#1025);
#737=LINE('',#4617,#1026);
#738=LINE('',#4618,#1027);
#739=LINE('',#4620,#1028);
#740=LINE('',#4624,#1029);
#741=LINE('',#4626,#1030);
#742=LINE('',#4627,#1031);
#743=LINE('',#4630,#1032);
#744=LINE('',#4631,#1033);
#745=LINE('',#4633,#1034);
#746=LINE('',#4637,#1035);
#747=LINE('',#4639,#1036);
#748=LINE('',#4640,#1037);
#749=LINE('',#4643,#1038);
#750=LINE('',#4644,#1039);
#751=LINE('',#4646,#1040);
#752=LINE('',#4650,#1041);
#753=LINE('',#4652,#1042);
#754=LINE('',#4653,#1043);
#755=LINE('',#4656,#1044);
#756=LINE('',#4657,#1045);
#757=LINE('',#4659,#1046);
#758=LINE('',#4663,#1047);
#759=LINE('',#4665,#1048);
#760=LINE('',#4666,#1049);
#761=LINE('',#4669,#1050);
#762=LINE('',#4670,#1051);
#763=LINE('',#4672,#1052);
#764=LINE('',#4676,#1053);
#765=LINE('',#4678,#1054);
#766=LINE('',#4679,#1055);
#767=LINE('',#4682,#1056);
#768=LINE('',#4683,#1057);
#769=LINE('',#4685,#1058);
#770=LINE('',#4689,#1059);
#771=LINE('',#4698,#1060);
#772=LINE('',#4700,#1061);
#773=LINE('',#4701,#1062);
#774=LINE('',#4704,#1063);
#775=LINE('',#4706,#1064);
#776=LINE('',#4708,#1065);
#777=LINE('',#4713,#1066);
#778=LINE('',#4715,#1067);
#779=LINE('',#4717,#1068);
#780=LINE('',#4718,#1069);
#781=LINE('',#4727,#1070);
#782=LINE('',#4728,#1071);
#783=LINE('',#4732,#1072);
#784=LINE('',#4736,#1073);
#785=LINE('',#4737,#1074);
#786=LINE('',#4738,#1075);
#787=LINE('',#4741,#1076);
#788=LINE('',#4744,#1077);
#789=LINE('',#4747,#1078);
#790=LINE('',#4752,#1079);
#791=LINE('',#4758,#1080);
#792=LINE('',#4761,#1081);
#793=LINE('',#4764,#1082);
#794=LINE('',#4766,#1083);
#795=LINE('',#4768,#1084);
#796=LINE('',#4770,#1085);
#797=LINE('',#4772,#1086);
#798=LINE('',#4774,#1087);
#799=LINE('',#4776,#1088);
#800=LINE('',#4778,#1089);
#801=LINE('',#4780,#1090);
#802=LINE('',#4782,#1091);
#803=LINE('',#4784,#1092);
#804=LINE('',#4787,#1093);
#805=LINE('',#4796,#1094);
#806=LINE('',#4797,#1095);
#807=LINE('',#4801,#1096);
#808=LINE('',#4804,#1097);
#809=LINE('',#4808,#1098);
#810=LINE('',#4810,#1099);
#811=LINE('',#4816,#1100);
#812=LINE('',#4819,#1101);
#813=LINE('',#4822,#1102);
#814=LINE('',#4825,#1103);
#815=LINE('',#4826,#1104);
#816=LINE('',#4829,#1105);
#817=LINE('',#4831,#1106);
#818=LINE('',#4832,#1107);
#819=LINE('',#4833,#1108);
#820=LINE('',#4841,#1109);
#821=LINE('',#4844,#1110);
#822=LINE('',#4846,#1111);
#823=LINE('',#4848,#1112);
#824=LINE('',#4849,#1113);
#825=LINE('',#4851,#1114);
#826=LINE('',#4858,#1115);
#827=LINE('',#4859,#1116);
#828=LINE('',#5162,#1117);
#829=LINE('',#5163,#1118);
#830=LINE('',#5164,#1119);
#831=LINE('',#5165,#1120);
#832=LINE('',#5321,#1121);
#833=LINE('',#5323,#1122);
#834=LINE('',#5326,#1123);
#835=LINE('',#5327,#1124);
#836=LINE('',#5331,#1125);
#837=LINE('',#5500,#1126);
#838=LINE('',#5503,#1127);
#839=LINE('',#5508,#1128);
#840=LINE('',#5516,#1129);
#841=LINE('',#5519,#1130);
#842=LINE('',#5522,#1131);
#843=LINE('',#5525,#1132);
#844=LINE('',#5527,#1133);
#845=LINE('',#5529,#1134);
#846=LINE('',#5530,#1135);
#847=LINE('',#5532,#1136);
#848=LINE('',#5533,#1137);
#849=LINE('',#5535,#1138);
#850=LINE('',#5541,#1139);
#851=LINE('',#5557,#1140);
#852=VECTOR('',#3286,10.);
#853=VECTOR('',#3289,10.);
#854=VECTOR('',#3292,10.);
#855=VECTOR('',#3293,10.);
#856=VECTOR('',#3294,10.);
#857=VECTOR('',#3299,10.);
#858=VECTOR('',#3304,10.);
#859=VECTOR('',#3305,10.);
#860=VECTOR('',#3306,10.);
#861=VECTOR('',#3311,10.);
#862=VECTOR('',#3314,10.);
#863=VECTOR('',#3317,10.);
#864=VECTOR('',#3318,10.);
#865=VECTOR('',#3319,10.);
#866=VECTOR('',#3324,10.);
#867=VECTOR('',#3329,10.);
#868=VECTOR('',#3330,10.);
#869=VECTOR('',#3331,10.);
#870=VECTOR('',#3336,10.);
#871=VECTOR('',#3339,10.);
#872=VECTOR('',#3342,10.);
#873=VECTOR('',#3343,10.);
#874=VECTOR('',#3344,10.);
#875=VECTOR('',#3349,10.);
#876=VECTOR('',#3352,10.);
#877=VECTOR('',#3355,10.);
#878=VECTOR('',#3356,10.);
#879=VECTOR('',#3359,10.);
#880=VECTOR('',#3360,10.);
#881=VECTOR('',#3361,10.);
#882=VECTOR('',#3364,10.);
#883=VECTOR('',#3365,10.);
#884=VECTOR('',#3366,10.);
#885=VECTOR('',#3369,10.);
#886=VECTOR('',#3370,10.);
#887=VECTOR('',#3371,10.);
#888=VECTOR('',#3374,10.);
#889=VECTOR('',#3375,10.);
#890=VECTOR('',#3378,10.);
#891=VECTOR('',#3379,10.);
#892=VECTOR('',#3382,10.);
#893=VECTOR('',#3383,10.);
#894=VECTOR('',#3386,10.);
#895=VECTOR('',#3387,10.);
#896=VECTOR('',#3388,10.);
#897=VECTOR('',#3389,10.);
#898=VECTOR('',#3392,10.);
#899=VECTOR('',#3393,10.);
#900=VECTOR('',#3394,10.);
#901=VECTOR('',#3397,10.);
#902=VECTOR('',#3398,10.);
#903=VECTOR('',#3399,10.);
#904=VECTOR('',#3404,10.);
#905=VECTOR('',#3405,10.);
#906=VECTOR('',#3406,10.);
#907=VECTOR('',#3407,10.);
#908=VECTOR('',#3410,10.);
#909=VECTOR('',#3411,10.);
#910=VECTOR('',#3412,10.);
#911=VECTOR('',#3415,10.);
#912=VECTOR('',#3416,10.);
#913=VECTOR('',#3417,10.);
#914=VECTOR('',#3422,2.39999999999999);
#915=VECTOR('',#3429,1.64999999999999);
#916=VECTOR('',#3432,2.4);
#917=VECTOR('',#3439,1.65);
#918=VECTOR('',#3442,10.);
#919=VECTOR('',#3443,10.);
#920=VECTOR('',#3446,10.);
#921=VECTOR('',#3447,10.);
#922=VECTOR('',#3450,10.);
#923=VECTOR('',#3451,10.);
#924=VECTOR('',#3454,10.);
#925=VECTOR('',#3457,10.);
#926=VECTOR('',#3458,10.);
#927=VECTOR('',#3461,10.);
#928=VECTOR('',#3464,10.);
#929=VECTOR('',#3465,10.);
#930=VECTOR('',#3466,10.);
#931=VECTOR('',#3467,10.);
#932=VECTOR('',#3470,10.);
#933=VECTOR('',#3473,10.);
#934=VECTOR('',#3476,10.);
#935=VECTOR('',#3479,10.);
#936=VECTOR('',#3482,10.);
#937=VECTOR('',#3485,10.);
#938=VECTOR('',#3490,10.);
#939=VECTOR('',#3493,10.);
#940=VECTOR('',#3496,10.);
#941=VECTOR('',#3499,10.);
#942=VECTOR('',#3502,10.);
#943=VECTOR('',#3505,10.);
#944=VECTOR('',#3508,10.);
#945=VECTOR('',#3509,10.);
#946=VECTOR('',#3514,10.);
#947=VECTOR('',#3515,10.);
#948=VECTOR('',#3518,10.);
#949=VECTOR('',#3523,10.);
#950=VECTOR('',#3526,10.);
#951=VECTOR('',#3527,10.);
#952=VECTOR('',#3528,10.);
#953=VECTOR('',#3531,10.);
#954=VECTOR('',#3536,10.);
#955=VECTOR('',#3537,10.);
#956=VECTOR('',#3542,10.);
#957=VECTOR('',#3543,10.);
#958=VECTOR('',#3546,10.);
#959=VECTOR('',#3551,10.);
#960=VECTOR('',#3554,10.);
#961=VECTOR('',#3555,10.);
#962=VECTOR('',#3556,10.);
#963=VECTOR('',#3559,10.);
#964=VECTOR('',#3564,10.);
#965=VECTOR('',#3565,10.);
#966=VECTOR('',#3570,10.);
#967=VECTOR('',#3571,10.);
#968=VECTOR('',#3574,10.);
#969=VECTOR('',#3579,10.);
#970=VECTOR('',#3582,10.);
#971=VECTOR('',#3583,10.);
#972=VECTOR('',#3584,10.);
#973=VECTOR('',#3587,10.);
#974=VECTOR('',#3592,10.);
#975=VECTOR('',#3593,10.);
#976=VECTOR('',#3598,10.);
#977=VECTOR('',#3599,10.);
#978=VECTOR('',#3602,10.);
#979=VECTOR('',#3607,10.);
#980=VECTOR('',#3610,10.);
#981=VECTOR('',#3611,10.);
#982=VECTOR('',#3612,10.);
#983=VECTOR('',#3615,10.);
#984=VECTOR('',#3620,10.);
#985=VECTOR('',#3621,10.);
#986=VECTOR('',#3626,10.);
#987=VECTOR('',#3627,10.);
#988=VECTOR('',#3630,10.);
#989=VECTOR('',#3635,10.);
#990=VECTOR('',#3638,10.);
#991=VECTOR('',#3639,10.);
#992=VECTOR('',#3640,10.);
#993=VECTOR('',#3643,10.);
#994=VECTOR('',#3648,10.);
#995=VECTOR('',#3649,10.);
#996=VECTOR('',#3654,10.);
#997=VECTOR('',#3655,10.);
#998=VECTOR('',#3658,10.);
#999=VECTOR('',#3663,10.);
#1000=VECTOR('',#3666,10.);
#1001=VECTOR('',#3667,10.);
#1002=VECTOR('',#3668,2.5);
#1003=VECTOR('',#3671,10.);
#1004=VECTOR('',#3676,10.);
#1005=VECTOR('',#3677,10.);
#1006=VECTOR('',#3678,10.);
#1007=VECTOR('',#3679,10.);
#1008=VECTOR('',#3680,10.);
#1009=VECTOR('',#3681,10.);
#1010=VECTOR('',#3682,10.);
#1011=VECTOR('',#3683,10.);
#1012=VECTOR('',#3686,10.);
#1013=VECTOR('',#3689,10.);
#1014=VECTOR('',#3692,10.);
#1015=VECTOR('',#3695,10.);
#1016=VECTOR('',#3698,10.);
#1017=VECTOR('',#3701,10.);
#1018=VECTOR('',#3706,10.);
#1019=VECTOR('',#3709,10.);
#1020=VECTOR('',#3712,10.);
#1021=VECTOR('',#3715,10.);
#1022=VECTOR('',#3718,10.);
#1023=VECTOR('',#3721,10.);
#1024=VECTOR('',#3724,10.);
#1025=VECTOR('',#3725,10.);
#1026=VECTOR('',#3728,10.);
#1027=VECTOR('',#3729,10.);
#1028=VECTOR('',#3732,10.);
#1029=VECTOR('',#3739,10.);
#1030=VECTOR('',#3742,10.);
#1031=VECTOR('',#3743,10.);
#1032=VECTOR('',#3746,10.);
#1033=VECTOR('',#3747,10.);
#1034=VECTOR('',#3750,10.);
#1035=VECTOR('',#3757,2.5);
#1036=VECTOR('',#3760,10.);
#1037=VECTOR('',#3761,10.);
#1038=VECTOR('',#3764,10.);
#1039=VECTOR('',#3765,10.);
#1040=VECTOR('',#3768,10.);
#1041=VECTOR('',#3775,10.);
#1042=VECTOR('',#3778,10.);
#1043=VECTOR('',#3779,10.);
#1044=VECTOR('',#3782,10.);
#1045=VECTOR('',#3783,10.);
#1046=VECTOR('',#3786,10.);
#1047=VECTOR('',#3793,10.);
#1048=VECTOR('',#3796,10.);
#1049=VECTOR('',#3797,10.);
#1050=VECTOR('',#3800,10.);
#1051=VECTOR('',#3801,10.);
#1052=VECTOR('',#3804,10.);
#1053=VECTOR('',#3811,10.);
#1054=VECTOR('',#3814,10.);
#1055=VECTOR('',#3815,10.);
#1056=VECTOR('',#3818,10.);
#1057=VECTOR('',#3819,10.);
#1058=VECTOR('',#3822,10.);
#1059=VECTOR('',#3829,2.5);
#1060=VECTOR('',#3844,10.);
#1061=VECTOR('',#3845,10.);
#1062=VECTOR('',#3846,10.);
#1063=VECTOR('',#3849,10.);
#1064=VECTOR('',#3850,10.);
#1065=VECTOR('',#3851,10.);
#1066=VECTOR('',#3856,10.);
#1067=VECTOR('',#3857,10.);
#1068=VECTOR('',#3858,10.);
#1069=VECTOR('',#3859,10.);
#1070=VECTOR('',#3868,10.);
#1071=VECTOR('',#3869,10.);
#1072=VECTOR('',#3874,10.);
#1073=VECTOR('',#3877,10.);
#1074=VECTOR('',#3878,10.);
#1075=VECTOR('',#3879,10.);
#1076=VECTOR('',#3882,2.4);
#1077=VECTOR('',#3887,2.10000000000001);
#1078=VECTOR('',#3890,2.40000000000001);
#1079=VECTOR('',#3897,2.10000000000001);
#1080=VECTOR('',#3902,10.);
#1081=VECTOR('',#3905,10.);
#1082=VECTOR('',#3908,10.);
#1083=VECTOR('',#3909,10.);
#1084=VECTOR('',#3910,10.);
#1085=VECTOR('',#3911,10.);
#1086=VECTOR('',#3912,10.);
#1087=VECTOR('',#3913,10.);
#1088=VECTOR('',#3914,10.);
#1089=VECTOR('',#3915,10.);
#1090=VECTOR('',#3916,10.);
#1091=VECTOR('',#3917,10.);
#1092=VECTOR('',#3918,10.);
#1093=VECTOR('',#3921,10.);
#1094=VECTOR('',#3930,10.);
#1095=VECTOR('',#3931,10.);
#1096=VECTOR('',#3934,10.);
#1097=VECTOR('',#3937,10.);
#1098=VECTOR('',#3942,10.);
#1099=VECTOR('',#3945,10.);
#1100=VECTOR('',#3952,10.);
#1101=VECTOR('',#3955,10.);
#1102=VECTOR('',#3958,10.);
#1103=VECTOR('',#3963,10.);
#1104=VECTOR('',#3964,10.);
#1105=VECTOR('',#3967,10.);
#1106=VECTOR('',#3968,10.);
#1107=VECTOR('',#3969,10.);
#1108=VECTOR('',#3970,10.);
#1109=VECTOR('',#3979,10.);
#1110=VECTOR('',#3982,10.);
#1111=VECTOR('',#3985,10.);
#1112=VECTOR('',#3986,10.);
#1113=VECTOR('',#3987,10.);
#1114=VECTOR('',#3990,10.);
#1115=VECTOR('',#3999,10.);
#1116=VECTOR('',#4000,10.);
#1117=VECTOR('',#4031,10.);
#1118=VECTOR('',#4032,10.);
#1119=VECTOR('',#4033,10.);
#1120=VECTOR('',#4034,10.);
#1121=VECTOR('',#4037,10.);
#1122=VECTOR('',#4040,10.);
#1123=VECTOR('',#4043,10.);
#1124=VECTOR('',#4044,10.);
#1125=VECTOR('',#4049,3.00000000000001);
#1126=VECTOR('',#4052,10.);
#1127=VECTOR('',#4057,10.);
#1128=VECTOR('',#4064,3.);
#1129=VECTOR('',#4075,2.1);
#1130=VECTOR('',#4078,10.);
#1131=VECTOR('',#4081,10.);
#1132=VECTOR('',#4084,10.);
#1133=VECTOR('',#4085,10.);
#1134=VECTOR('',#4086,10.);
#1135=VECTOR('',#4087,10.);
#1136=VECTOR('',#4090,10.);
#1137=VECTOR('',#4091,10.);
#1138=VECTOR('',#4094,2.10000000000001);
#1139=VECTOR('',#4105,5.50000000000001);
#1140=VECTOR('',#4136,10.);
#1141=CIRCLE('',#2997,0.2);
#1142=CIRCLE('',#2998,0.2);
#1143=CIRCLE('',#3001,0.2);
#1144=CIRCLE('',#3002,0.2);
#1145=CIRCLE('',#3005,0.6);
#1146=CIRCLE('',#3006,0.6);
#1147=CIRCLE('',#3009,0.6);
#1148=CIRCLE('',#3010,0.6);
#1149=CIRCLE('',#3013,0.3);
#1150=CIRCLE('',#3014,0.3);
#1151=CIRCLE('',#3017,0.3);
#1152=CIRCLE('',#3018,0.3);
#1153=CIRCLE('',#3029,2.7);
#1154=CIRCLE('',#3033,2.69999999999998);
#1155=CIRCLE('',#3035,2.09999999999999);
#1156=CIRCLE('',#3037,2.09999999999999);
#1157=CIRCLE('',#3039,2.1);
#1158=CIRCLE('',#3041,2.1);
#1159=CIRCLE('',#3049,2.1);
#1160=CIRCLE('',#3050,2.1);
#1161=CIRCLE('',#3051,2.1);
#1162=CIRCLE('',#3052,2.1);
#1163=CIRCLE('',#3053,2.1);
#1164=CIRCLE('',#3054,2.1);
#1165=CIRCLE('',#3055,5.50000000000001);
#1166=CIRCLE('',#3056,2.1);
#1167=CIRCLE('',#3057,2.1);
#1168=CIRCLE('',#3058,2.1);
#1169=CIRCLE('',#3059,2.1);
#1170=CIRCLE('',#3060,2.1);
#1171=CIRCLE('',#3061,2.1);
#1172=CIRCLE('',#3063,1.5);
#1173=CIRCLE('',#3066,1.5);
#1174=CIRCLE('',#3070,1.5);
#1175=CIRCLE('',#3072,1.5);
#1176=CIRCLE('',#3075,1.5);
#1177=CIRCLE('',#3079,1.5);
#1178=CIRCLE('',#3081,1.5);
#1179=CIRCLE('',#3084,1.5);
#1180=CIRCLE('',#3088,1.5);
#1181=CIRCLE('',#3090,1.5);
#1182=CIRCLE('',#3093,1.5);
#1183=CIRCLE('',#3097,1.5);
#1184=CIRCLE('',#3099,1.5);
#1185=CIRCLE('',#3102,1.5);
#1186=CIRCLE('',#3106,1.5);
#1187=CIRCLE('',#3108,1.5);
#1188=CIRCLE('',#3111,1.5);
#1189=CIRCLE('',#3115,1.5);
#1190=CIRCLE('',#3117,2.1);
#1191=CIRCLE('',#3118,2.1);
#1192=CIRCLE('',#3119,2.1);
#1193=CIRCLE('',#3120,2.1);
#1194=CIRCLE('',#3121,2.1);
#1195=CIRCLE('',#3122,2.1);
#1196=CIRCLE('',#3123,5.50000000000001);
#1197=CIRCLE('',#3124,2.1);
#1198=CIRCLE('',#3125,2.1);
#1199=CIRCLE('',#3126,2.1);
#1200=CIRCLE('',#3127,2.1);
#1201=CIRCLE('',#3128,2.1);
#1202=CIRCLE('',#3129,2.1);
#1203=CIRCLE('',#3133,1.5);
#1204=CIRCLE('',#3139,1.5);
#1205=CIRCLE('',#3145,1.5);
#1206=CIRCLE('',#3151,1.5);
#1207=CIRCLE('',#3157,1.5);
#1208=CIRCLE('',#3163,1.5);
#1209=CIRCLE('',#3174,8.);
#1210=CIRCLE('',#3175,8.);
#1211=CIRCLE('',#3176,2.70000000000001);
#1212=CIRCLE('',#3177,2.7);
#1213=CIRCLE('',#3179,6.);
#1214=CIRCLE('',#3180,2.10000000000001);
#1215=CIRCLE('',#3184,2.10000000000001);
#1216=CIRCLE('',#3187,2.10000000000001);
#1217=CIRCLE('',#3189,2.10000000000001);
#1218=CIRCLE('',#3191,8.00000000000001);
#1219=CIRCLE('',#3192,8.);
#1220=CIRCLE('',#3194,8.);
#1221=CIRCLE('',#3195,1.6);
#1222=CIRCLE('',#3196,1.60000000000001);
#1223=CIRCLE('',#3198,8.);
#1224=CIRCLE('',#3200,8.00000000000001);
#1225=CIRCLE('',#3201,8.);
#1226=CIRCLE('',#3203,6.);
#1227=CIRCLE('',#3206,8.00000000000001);
#1228=CIRCLE('',#3207,8.);
#1229=CIRCLE('',#3209,6.);
#1230=CIRCLE('',#3213,6.);
#1231=CIRCLE('',#3215,6.);
#1232=CIRCLE('',#3216,6.);
#1233=CIRCLE('',#3220,7.99999999999999);
#1234=CIRCLE('',#3221,8.00000000000001);
#1235=CIRCLE('',#3224,7.99999999999999);
#1236=CIRCLE('',#3225,8.00000000000001);
#1237=CIRCLE('',#3227,2.49999999999999);
#1238=CIRCLE('',#3230,2.5);
#1239=CIRCLE('',#3233,2.50000000000001);
#1240=CIRCLE('',#3235,2.49999999999999);
#1241=CIRCLE('',#3239,7.99999999999999);
#1242=CIRCLE('',#3242,3.00000000000001);
#1243=CIRCLE('',#3246,8.);
#1244=CIRCLE('',#3248,3.);
#1245=CIRCLE('',#3250,1.60000000000001);
#1246=CIRCLE('',#3252,1.6);
#1247=CIRCLE('',#3262,6.00000000000001);
#1248=CIRCLE('',#3265,8.00000000000001);
#1249=CIRCLE('',#3267,7.99999999999999);
#1250=CIRCLE('',#3272,6.);
#1251=CIRCLE('',#3273,6.);
#1252=CIRCLE('',#3275,5.99999999999999);
#1253=VERTEX_POINT('',#4141);
#1254=VERTEX_POINT('',#4142);
#1255=VERTEX_POINT('',#4144);
#1256=VERTEX_POINT('',#4146);
#1257=VERTEX_POINT('',#4150);
#1258=VERTEX_POINT('',#4152);
#1259=VERTEX_POINT('',#4156);
#1260=VERTEX_POINT('',#4158);
#1261=VERTEX_POINT('',#4162);
#1262=VERTEX_POINT('',#4164);
#1263=VERTEX_POINT('',#4168);
#1264=VERTEX_POINT('',#4169);
#1265=VERTEX_POINT('',#4171);
#1266=VERTEX_POINT('',#4173);
#1267=VERTEX_POINT('',#4177);
#1268=VERTEX_POINT('',#4179);
#1269=VERTEX_POINT('',#4183);
#1270=VERTEX_POINT('',#4185);
#1271=VERTEX_POINT('',#4189);
#1272=VERTEX_POINT('',#4191);
#1273=VERTEX_POINT('',#4195);
#1274=VERTEX_POINT('',#4196);
#1275=VERTEX_POINT('',#4198);
#1276=VERTEX_POINT('',#4200);
#1277=VERTEX_POINT('',#4204);
#1278=VERTEX_POINT('',#4206);
#1279=VERTEX_POINT('',#4210);
#1280=VERTEX_POINT('',#4211);
#1281=VERTEX_POINT('',#4213);
#1282=VERTEX_POINT('',#4215);
#1283=VERTEX_POINT('',#4222);
#1284=VERTEX_POINT('',#4224);
#1285=VERTEX_POINT('',#4228);
#1286=VERTEX_POINT('',#4230);
#1287=VERTEX_POINT('',#4234);
#1288=VERTEX_POINT('',#4236);
#1289=VERTEX_POINT('',#4249);
#1290=VERTEX_POINT('',#4250);
#1291=VERTEX_POINT('',#4252);
#1292=VERTEX_POINT('',#4254);
#1293=VERTEX_POINT('',#4258);
#1294=VERTEX_POINT('',#4260);
#1295=VERTEX_POINT('',#4264);
#1296=VERTEX_POINT('',#4266);
#1297=VERTEX_POINT('',#4269);
#1298=VERTEX_POINT('',#4272);
#1299=VERTEX_POINT('',#4273);
#1300=VERTEX_POINT('',#4275);
#1301=VERTEX_POINT('',#4277);
#1302=VERTEX_POINT('',#4281);
#1303=VERTEX_POINT('',#4283);
#1304=VERTEX_POINT('',#4287);
#1305=VERTEX_POINT('',#4289);
#1306=VERTEX_POINT('',#4292);
#1307=VERTEX_POINT('',#4295);
#1308=VERTEX_POINT('',#4299);
#1309=VERTEX_POINT('',#4303);
#1310=VERTEX_POINT('',#4307);
#1311=VERTEX_POINT('',#4311);
#1312=VERTEX_POINT('',#4315);
#1313=VERTEX_POINT('',#4319);
#1314=VERTEX_POINT('',#4325);
#1315=VERTEX_POINT('',#4331);
#1316=VERTEX_POINT('',#4332);
#1317=VERTEX_POINT('',#4334);
#1318=VERTEX_POINT('',#4336);
#1319=VERTEX_POINT('',#4339);
#1320=VERTEX_POINT('',#4340);
#1321=VERTEX_POINT('',#4342);
#1322=VERTEX_POINT('',#4344);
#1323=VERTEX_POINT('',#4347);
#1324=VERTEX_POINT('',#4348);
#1325=VERTEX_POINT('',#4350);
#1326=VERTEX_POINT('',#4352);
#1327=VERTEX_POINT('',#4355);
#1328=VERTEX_POINT('',#4356);
#1329=VERTEX_POINT('',#4358);
#1330=VERTEX_POINT('',#4360);
#1331=VERTEX_POINT('',#4363);
#1332=VERTEX_POINT('',#4365);
#1333=VERTEX_POINT('',#4366);
#1334=VERTEX_POINT('',#4368);
#1335=VERTEX_POINT('',#4370);
#1336=VERTEX_POINT('',#4373);
#1337=VERTEX_POINT('',#4374);
#1338=VERTEX_POINT('',#4376);
#1339=VERTEX_POINT('',#4378);
#1340=VERTEX_POINT('',#4381);
#1341=VERTEX_POINT('',#4382);
#1342=VERTEX_POINT('',#4384);
#1343=VERTEX_POINT('',#4386);
#1344=VERTEX_POINT('',#4390);
#1345=VERTEX_POINT('',#4392);
#1346=VERTEX_POINT('',#4396);
#1347=VERTEX_POINT('',#4400);
#1348=VERTEX_POINT('',#4406);
#1349=VERTEX_POINT('',#4408);
#1350=VERTEX_POINT('',#4412);
#1351=VERTEX_POINT('',#4416);
#1352=VERTEX_POINT('',#4418);
#1353=VERTEX_POINT('',#4422);
#1354=VERTEX_POINT('',#4426);
#1355=VERTEX_POINT('',#4432);
#1356=VERTEX_POINT('',#4434);
#1357=VERTEX_POINT('',#4438);
#1358=VERTEX_POINT('',#4442);
#1359=VERTEX_POINT('',#4444);
#1360=VERTEX_POINT('',#4448);
#1361=VERTEX_POINT('',#4452);
#1362=VERTEX_POINT('',#4458);
#1363=VERTEX_POINT('',#4460);
#1364=VERTEX_POINT('',#4464);
#1365=VERTEX_POINT('',#4468);
#1366=VERTEX_POINT('',#4470);
#1367=VERTEX_POINT('',#4474);
#1368=VERTEX_POINT('',#4478);
#1369=VERTEX_POINT('',#4484);
#1370=VERTEX_POINT('',#4486);
#1371=VERTEX_POINT('',#4490);
#1372=VERTEX_POINT('',#4494);
#1373=VERTEX_POINT('',#4496);
#1374=VERTEX_POINT('',#4500);
#1375=VERTEX_POINT('',#4504);
#1376=VERTEX_POINT('',#4510);
#1377=VERTEX_POINT('',#4512);
#1378=VERTEX_POINT('',#4516);
#1379=VERTEX_POINT('',#4520);
#1380=VERTEX_POINT('',#4522);
#1381=VERTEX_POINT('',#4526);
#1382=VERTEX_POINT('',#4530);
#1383=VERTEX_POINT('',#4536);
#1384=VERTEX_POINT('',#4538);
#1385=VERTEX_POINT('',#4542);
#1386=VERTEX_POINT('',#4546);
#1387=VERTEX_POINT('',#4547);
#1388=VERTEX_POINT('',#4549);
#1389=VERTEX_POINT('',#4551);
#1390=VERTEX_POINT('',#4553);
#1391=VERTEX_POINT('',#4555);
#1392=VERTEX_POINT('',#4557);
#1393=VERTEX_POINT('',#4559);
#1394=VERTEX_POINT('',#4562);
#1395=VERTEX_POINT('',#4563);
#1396=VERTEX_POINT('',#4565);
#1397=VERTEX_POINT('',#4567);
#1398=VERTEX_POINT('',#4570);
#1399=VERTEX_POINT('',#4571);
#1400=VERTEX_POINT('',#4573);
#1401=VERTEX_POINT('',#4575);
#1402=VERTEX_POINT('',#4578);
#1403=VERTEX_POINT('',#4579);
#1404=VERTEX_POINT('',#4581);
#1405=VERTEX_POINT('',#4583);
#1406=VERTEX_POINT('',#4586);
#1407=VERTEX_POINT('',#4588);
#1408=VERTEX_POINT('',#4589);
#1409=VERTEX_POINT('',#4591);
#1410=VERTEX_POINT('',#4593);
#1411=VERTEX_POINT('',#4596);
#1412=VERTEX_POINT('',#4597);
#1413=VERTEX_POINT('',#4599);
#1414=VERTEX_POINT('',#4601);
#1415=VERTEX_POINT('',#4604);
#1416=VERTEX_POINT('',#4605);
#1417=VERTEX_POINT('',#4607);
#1418=VERTEX_POINT('',#4609);
#1419=VERTEX_POINT('',#4616);
#1420=VERTEX_POINT('',#4629);
#1421=VERTEX_POINT('',#4642);
#1422=VERTEX_POINT('',#4655);
#1423=VERTEX_POINT('',#4668);
#1424=VERTEX_POINT('',#4681);
#1425=VERTEX_POINT('',#4697);
#1426=VERTEX_POINT('',#4699);
#1427=VERTEX_POINT('',#4703);
#1428=VERTEX_POINT('',#4705);
#1429=VERTEX_POINT('',#4707);
#1430=VERTEX_POINT('',#4710);
#1431=VERTEX_POINT('',#4712);
#1432=VERTEX_POINT('',#4714);
#1433=VERTEX_POINT('',#4716);
#1434=VERTEX_POINT('',#4719);
#1435=VERTEX_POINT('',#4721);
#1436=VERTEX_POINT('',#4724);
#1437=VERTEX_POINT('',#4726);
#1438=VERTEX_POINT('',#4729);
#1439=VERTEX_POINT('',#4734);
#1440=VERTEX_POINT('',#4735);
#1441=VERTEX_POINT('',#4740);
#1442=VERTEX_POINT('',#4746);
#1443=VERTEX_POINT('',#4750);
#1444=VERTEX_POINT('',#4754);
#1445=VERTEX_POINT('',#4755);
#1446=VERTEX_POINT('',#4757);
#1447=VERTEX_POINT('',#4759);
#1448=VERTEX_POINT('',#4763);
#1449=VERTEX_POINT('',#4765);
#1450=VERTEX_POINT('',#4767);
#1451=VERTEX_POINT('',#4769);
#1452=VERTEX_POINT('',#4771);
#1453=VERTEX_POINT('',#4773);
#1454=VERTEX_POINT('',#4775);
#1455=VERTEX_POINT('',#4777);
#1456=VERTEX_POINT('',#4779);
#1457=VERTEX_POINT('',#4781);
#1458=VERTEX_POINT('',#4783);
#1459=VERTEX_POINT('',#4785);
#1460=VERTEX_POINT('',#4788);
#1461=VERTEX_POINT('',#4790);
#1462=VERTEX_POINT('',#4793);
#1463=VERTEX_POINT('',#4794);
#1464=VERTEX_POINT('',#4799);
#1465=VERTEX_POINT('',#4800);
#1466=VERTEX_POINT('',#4803);
#1467=VERTEX_POINT('',#4807);
#1468=VERTEX_POINT('',#4813);
#1469=VERTEX_POINT('',#4815);
#1470=VERTEX_POINT('',#4817);
#1471=VERTEX_POINT('',#4821);
#1472=VERTEX_POINT('',#4828);
#1473=VERTEX_POINT('',#4830);
#1474=VERTEX_POINT('',#4837);
#1475=VERTEX_POINT('',#4838);
#1476=VERTEX_POINT('',#4840);
#1477=VERTEX_POINT('',#4842);
#1478=VERTEX_POINT('',#4847);
#1479=VERTEX_POINT('',#4853);
#1480=VERTEX_POINT('',#4857);
#1481=VERTEX_POINT('',#4861);
#1482=VERTEX_POINT('',#4948);
#1483=VERTEX_POINT('',#4949);
#1484=VERTEX_POINT('',#4957);
#1485=VERTEX_POINT('',#4959);
#1486=VERTEX_POINT('',#4961);
#1487=VERTEX_POINT('',#4963);
#1488=VERTEX_POINT('',#4965);
#1489=VERTEX_POINT('',#4967);
#1490=VERTEX_POINT('',#4969);
#1491=VERTEX_POINT('',#5109);
#1492=VERTEX_POINT('',#5110);
#1493=VERTEX_POINT('',#5118);
#1494=VERTEX_POINT('',#5120);
#1495=VERTEX_POINT('',#5122);
#1496=VERTEX_POINT('',#5124);
#1497=VERTEX_POINT('',#5126);
#1498=VERTEX_POINT('',#5128);
#1499=VERTEX_POINT('',#5320);
#1500=VERTEX_POINT('',#5325);
#1501=VERTEX_POINT('',#5329);
#1502=VERTEX_POINT('',#5476);
#1503=VERTEX_POINT('',#5506);
#1504=VERTEX_POINT('',#5510);
#1505=VERTEX_POINT('',#5513);
#1506=VERTEX_POINT('',#5518);
#1507=VERTEX_POINT('',#5520);
#1508=VERTEX_POINT('',#5524);
#1509=VERTEX_POINT('',#5526);
#1510=VERTEX_POINT('',#5528);
#1511=EDGE_CURVE('',#1253,#1254,#1141,.T.);
#1512=EDGE_CURVE('',#1254,#1255,#563,.T.);
#1513=EDGE_CURVE('',#1255,#1256,#1142,.T.);
#1514=EDGE_CURVE('',#1256,#1253,#564,.T.);
#1515=EDGE_CURVE('',#1257,#1254,#565,.T.);
#1516=EDGE_CURVE('',#1258,#1257,#566,.T.);
#1517=EDGE_CURVE('',#1255,#1258,#567,.T.);
#1518=EDGE_CURVE('',#1257,#1259,#1143,.T.);
#1519=EDGE_CURVE('',#1259,#1260,#568,.T.);
#1520=EDGE_CURVE('',#1260,#1258,#1144,.T.);
#1521=EDGE_CURVE('',#1261,#1259,#569,.T.);
#1522=EDGE_CURVE('',#1261,#1262,#570,.T.);
#1523=EDGE_CURVE('',#1260,#1262,#571,.T.);
#1524=EDGE_CURVE('',#1263,#1264,#1145,.T.);
#1525=EDGE_CURVE('',#1264,#1265,#572,.T.);
#1526=EDGE_CURVE('',#1265,#1266,#1146,.T.);
#1527=EDGE_CURVE('',#1266,#1263,#573,.T.);
#1528=EDGE_CURVE('',#1267,#1264,#574,.T.);
#1529=EDGE_CURVE('',#1268,#1267,#575,.T.);
#1530=EDGE_CURVE('',#1265,#1268,#576,.T.);
#1531=EDGE_CURVE('',#1267,#1269,#1147,.T.);
#1532=EDGE_CURVE('',#1269,#1270,#577,.T.);
#1533=EDGE_CURVE('',#1270,#1268,#1148,.T.);
#1534=EDGE_CURVE('',#1271,#1269,#578,.T.);
#1535=EDGE_CURVE('',#1271,#1272,#579,.T.);
#1536=EDGE_CURVE('',#1270,#1272,#580,.T.);
#1537=EDGE_CURVE('',#1273,#1274,#1149,.T.);
#1538=EDGE_CURVE('',#1274,#1275,#581,.T.);
#1539=EDGE_CURVE('',#1275,#1276,#1150,.T.);
#1540=EDGE_CURVE('',#1276,#1273,#582,.T.);
#1541=EDGE_CURVE('',#1277,#1274,#583,.T.);
#1542=EDGE_CURVE('',#1277,#1278,#584,.T.);
#1543=EDGE_CURVE('',#1275,#1278,#585,.T.);
#1544=EDGE_CURVE('',#1279,#1280,#1151,.T.);
#1545=EDGE_CURVE('',#1280,#1281,#586,.T.);
#1546=EDGE_CURVE('',#1281,#1282,#1152,.T.);
#1547=EDGE_CURVE('',#1282,#1279,#587,.T.);
#1548=EDGE_CURVE('',#1281,#1276,#588,.T.);
#1549=EDGE_CURVE('',#1273,#1280,#589,.T.);
#1550=EDGE_CURVE('',#1278,#1283,#590,.T.);
#1551=EDGE_CURVE('',#1284,#1277,#591,.T.);
#1552=EDGE_CURVE('',#1283,#1284,#592,.T.);
#1553=EDGE_CURVE('',#1272,#1285,#593,.T.);
#1554=EDGE_CURVE('',#1286,#1271,#594,.T.);
#1555=EDGE_CURVE('',#1285,#1286,#595,.T.);
#1556=EDGE_CURVE('',#1262,#1287,#596,.T.);
#1557=EDGE_CURVE('',#1288,#1261,#597,.T.);
#1558=EDGE_CURVE('',#1287,#1288,#598,.T.);
#1559=EDGE_CURVE('',#1283,#1282,#599,.T.);
#1560=EDGE_CURVE('',#1279,#1284,#600,.T.);
#1561=EDGE_CURVE('',#1285,#1266,#601,.T.);
#1562=EDGE_CURVE('',#1263,#1286,#602,.T.);
#1563=EDGE_CURVE('',#1287,#1256,#603,.T.);
#1564=EDGE_CURVE('',#1253,#1288,#604,.T.);
#1565=EDGE_CURVE('',#1289,#1290,#605,.T.);
#1566=EDGE_CURVE('',#1290,#1291,#606,.T.);
#1567=EDGE_CURVE('',#1291,#1292,#607,.T.);
#1568=EDGE_CURVE('',#1292,#1289,#608,.T.);
#1569=EDGE_CURVE('',#1293,#1290,#609,.F.);
#1570=EDGE_CURVE('',#1294,#1293,#610,.F.);
#1571=EDGE_CURVE('',#1291,#1294,#611,.T.);
#1572=EDGE_CURVE('',#1289,#1295,#612,.T.);
#1573=EDGE_CURVE('',#1295,#1296,#613,.F.);
#1574=EDGE_CURVE('',#1293,#1296,#614,.T.);
#1575=EDGE_CURVE('',#1297,#1297,#1153,.T.);
#1576=EDGE_CURVE('',#1298,#1299,#615,.T.);
#1577=EDGE_CURVE('',#1299,#1300,#616,.T.);
#1578=EDGE_CURVE('',#1300,#1301,#617,.T.);
#1579=EDGE_CURVE('',#1301,#1298,#618,.T.);
#1580=EDGE_CURVE('',#1302,#1301,#619,.T.);
#1581=EDGE_CURVE('',#1303,#1302,#620,.F.);
#1582=EDGE_CURVE('',#1298,#1303,#621,.T.);
#1583=EDGE_CURVE('',#1304,#1300,#622,.T.);
#1584=EDGE_CURVE('',#1305,#1304,#623,.T.);
#1585=EDGE_CURVE('',#1302,#1305,#624,.T.);
#1586=EDGE_CURVE('',#1306,#1306,#1154,.T.);
#1587=EDGE_CURVE('',#1306,#1307,#625,.T.);
#1588=EDGE_CURVE('',#1307,#1307,#1155,.T.);
#1589=EDGE_CURVE('',#1308,#1308,#1156,.T.);
#1590=EDGE_CURVE('',#1308,#1307,#626,.T.);
#1591=EDGE_CURVE('',#1297,#1309,#627,.T.);
#1592=EDGE_CURVE('',#1309,#1309,#1157,.T.);
#1593=EDGE_CURVE('',#1310,#1310,#1158,.T.);
#1594=EDGE_CURVE('',#1310,#1309,#628,.T.);
#1595=EDGE_CURVE('',#1311,#1305,#629,.F.);
#1596=EDGE_CURVE('',#1303,#1311,#630,.T.);
#1597=EDGE_CURVE('',#1312,#1292,#631,.T.);
#1598=EDGE_CURVE('',#1295,#1312,#632,.F.);
#1599=EDGE_CURVE('',#1313,#1312,#633,.T.);
#1600=EDGE_CURVE('',#1296,#1313,#634,.F.);
#1601=EDGE_CURVE('',#1313,#1294,#635,.T.);
#1602=EDGE_CURVE('',#1314,#1299,#636,.T.);
#1603=EDGE_CURVE('',#1304,#1314,#637,.F.);
#1604=EDGE_CURVE('',#1314,#1311,#638,.T.);
#1605=EDGE_CURVE('',#1315,#1316,#639,.T.);
#1606=EDGE_CURVE('',#1317,#1315,#640,.T.);
#1607=EDGE_CURVE('',#1317,#1318,#641,.T.);
#1608=EDGE_CURVE('',#1316,#1318,#642,.T.);
#1609=EDGE_CURVE('',#1319,#1320,#1159,.T.);
#1610=EDGE_CURVE('',#1321,#1319,#643,.T.);
#1611=EDGE_CURVE('',#1322,#1321,#1160,.T.);
#1612=EDGE_CURVE('',#1320,#1322,#644,.T.);
#1613=EDGE_CURVE('',#1323,#1324,#1161,.T.);
#1614=EDGE_CURVE('',#1325,#1323,#645,.T.);
#1615=EDGE_CURVE('',#1326,#1325,#1162,.T.);
#1616=EDGE_CURVE('',#1324,#1326,#646,.T.);
#1617=EDGE_CURVE('',#1327,#1328,#1163,.T.);
#1618=EDGE_CURVE('',#1329,#1327,#647,.T.);
#1619=EDGE_CURVE('',#1330,#1329,#1164,.T.);
#1620=EDGE_CURVE('',#1328,#1330,#648,.T.);
#1621=EDGE_CURVE('',#1331,#1331,#1165,.T.);
#1622=EDGE_CURVE('',#1332,#1333,#1166,.T.);
#1623=EDGE_CURVE('',#1334,#1332,#649,.T.);
#1624=EDGE_CURVE('',#1335,#1334,#1167,.T.);
#1625=EDGE_CURVE('',#1333,#1335,#650,.T.);
#1626=EDGE_CURVE('',#1336,#1337,#1168,.T.);
#1627=EDGE_CURVE('',#1338,#1336,#651,.T.);
#1628=EDGE_CURVE('',#1339,#1338,#1169,.T.);
#1629=EDGE_CURVE('',#1337,#1339,#652,.T.);
#1630=EDGE_CURVE('',#1340,#1341,#1170,.T.);
#1631=EDGE_CURVE('',#1342,#1340,#653,.T.);
#1632=EDGE_CURVE('',#1343,#1342,#1171,.T.);
#1633=EDGE_CURVE('',#1341,#1343,#654,.T.);
#1634=EDGE_CURVE('',#1344,#1319,#655,.T.);
#1635=EDGE_CURVE('',#1320,#1345,#656,.T.);
#1636=EDGE_CURVE('',#1345,#1344,#1172,.T.);
#1637=EDGE_CURVE('',#1346,#1321,#657,.T.);
#1638=EDGE_CURVE('',#1344,#1346,#658,.T.);
#1639=EDGE_CURVE('',#1347,#1322,#659,.T.);
#1640=EDGE_CURVE('',#1346,#1347,#1173,.T.);
#1641=EDGE_CURVE('',#1347,#1345,#660,.T.);
#1642=EDGE_CURVE('',#1344,#1348,#661,.T.);
#1643=EDGE_CURVE('',#1349,#1348,#662,.T.);
#1644=EDGE_CURVE('',#1346,#1349,#663,.T.);
#1645=EDGE_CURVE('',#1345,#1350,#664,.T.);
#1646=EDGE_CURVE('',#1348,#1350,#1174,.T.);
#1647=EDGE_CURVE('',#1351,#1340,#665,.T.);
#1648=EDGE_CURVE('',#1341,#1352,#666,.T.);
#1649=EDGE_CURVE('',#1352,#1351,#1175,.T.);
#1650=EDGE_CURVE('',#1353,#1342,#667,.T.);
#1651=EDGE_CURVE('',#1351,#1353,#668,.T.);
#1652=EDGE_CURVE('',#1354,#1343,#669,.T.);
#1653=EDGE_CURVE('',#1353,#1354,#1176,.T.);
#1654=EDGE_CURVE('',#1354,#1352,#670,.T.);
#1655=EDGE_CURVE('',#1351,#1355,#671,.T.);
#1656=EDGE_CURVE('',#1356,#1355,#672,.T.);
#1657=EDGE_CURVE('',#1353,#1356,#673,.T.);
#1658=EDGE_CURVE('',#1352,#1357,#674,.T.);
#1659=EDGE_CURVE('',#1355,#1357,#1177,.T.);
#1660=EDGE_CURVE('',#1358,#1323,#675,.T.);
#1661=EDGE_CURVE('',#1324,#1359,#676,.T.);
#1662=EDGE_CURVE('',#1359,#1358,#1178,.T.);
#1663=EDGE_CURVE('',#1360,#1325,#677,.T.);
#1664=EDGE_CURVE('',#1358,#1360,#678,.T.);
#1665=EDGE_CURVE('',#1361,#1326,#679,.T.);
#1666=EDGE_CURVE('',#1360,#1361,#1179,.T.);
#1667=EDGE_CURVE('',#1361,#1359,#680,.T.);
#1668=EDGE_CURVE('',#1358,#1362,#681,.T.);
#1669=EDGE_CURVE('',#1363,#1362,#682,.T.);
#1670=EDGE_CURVE('',#1360,#1363,#683,.T.);
#1671=EDGE_CURVE('',#1359,#1364,#684,.T.);
#1672=EDGE_CURVE('',#1362,#1364,#1180,.T.);
#1673=EDGE_CURVE('',#1365,#1336,#685,.T.);
#1674=EDGE_CURVE('',#1337,#1366,#686,.T.);
#1675=EDGE_CURVE('',#1366,#1365,#1181,.T.);
#1676=EDGE_CURVE('',#1367,#1338,#687,.T.);
#1677=EDGE_CURVE('',#1365,#1367,#688,.T.);
#1678=EDGE_CURVE('',#1368,#1339,#689,.T.);
#1679=EDGE_CURVE('',#1367,#1368,#1182,.T.);
#1680=EDGE_CURVE('',#1368,#1366,#690,.T.);
#1681=EDGE_CURVE('',#1365,#1369,#691,.T.);
#1682=EDGE_CURVE('',#1370,#1369,#692,.T.);
#1683=EDGE_CURVE('',#1367,#1370,#693,.T.);
#1684=EDGE_CURVE('',#1366,#1371,#694,.T.);
#1685=EDGE_CURVE('',#1369,#1371,#1183,.T.);
#1686=EDGE_CURVE('',#1372,#1327,#695,.T.);
#1687=EDGE_CURVE('',#1328,#1373,#696,.T.);
#1688=EDGE_CURVE('',#1373,#1372,#1184,.T.);
#1689=EDGE_CURVE('',#1374,#1329,#697,.T.);
#1690=EDGE_CURVE('',#1372,#1374,#698,.T.);
#1691=EDGE_CURVE('',#1375,#1330,#699,.T.);
#1692=EDGE_CURVE('',#1374,#1375,#1185,.T.);
#1693=EDGE_CURVE('',#1375,#1373,#700,.T.);
#1694=EDGE_CURVE('',#1372,#1376,#701,.T.);
#1695=EDGE_CURVE('',#1377,#1376,#702,.T.);
#1696=EDGE_CURVE('',#1374,#1377,#703,.T.);
#1697=EDGE_CURVE('',#1373,#1378,#704,.T.);
#1698=EDGE_CURVE('',#1376,#1378,#1186,.T.);
#1699=EDGE_CURVE('',#1379,#1332,#705,.T.);
#1700=EDGE_CURVE('',#1333,#1380,#706,.T.);
#1701=EDGE_CURVE('',#1380,#1379,#1187,.T.);
#1702=EDGE_CURVE('',#1381,#1334,#707,.T.);
#1703=EDGE_CURVE('',#1379,#1381,#708,.T.);
#1704=EDGE_CURVE('',#1382,#1335,#709,.T.);
#1705=EDGE_CURVE('',#1381,#1382,#1188,.T.);
#1706=EDGE_CURVE('',#1382,#1380,#710,.T.);
#1707=EDGE_CURVE('',#1379,#1383,#711,.T.);
#1708=EDGE_CURVE('',#1384,#1383,#712,.T.);
#1709=EDGE_CURVE('',#1381,#1384,#713,.T.);
#1710=EDGE_CURVE('',#1380,#1385,#714,.T.);
#1711=EDGE_CURVE('',#1383,#1385,#1189,.T.);
#1712=EDGE_CURVE('',#1386,#1387,#715,.F.);
#1713=EDGE_CURVE('',#1387,#1388,#716,.T.);
#1714=EDGE_CURVE('',#1389,#1388,#717,.T.);
#1715=EDGE_CURVE('',#1390,#1389,#718,.T.);
#1716=EDGE_CURVE('',#1391,#1390,#719,.T.);
#1717=EDGE_CURVE('',#1391,#1392,#720,.T.);
#1718=EDGE_CURVE('',#1392,#1393,#721,.F.);
#1719=EDGE_CURVE('',#1386,#1393,#722,.F.);
#1720=EDGE_CURVE('',#1394,#1395,#1190,.T.);
#1721=EDGE_CURVE('',#1396,#1394,#723,.T.);
#1722=EDGE_CURVE('',#1397,#1396,#1191,.T.);
#1723=EDGE_CURVE('',#1395,#1397,#724,.T.);
#1724=EDGE_CURVE('',#1398,#1399,#1192,.T.);
#1725=EDGE_CURVE('',#1400,#1398,#725,.T.);
#1726=EDGE_CURVE('',#1401,#1400,#1193,.T.);
#1727=EDGE_CURVE('',#1399,#1401,#726,.T.);
#1728=EDGE_CURVE('',#1402,#1403,#1194,.T.);
#1729=EDGE_CURVE('',#1404,#1402,#727,.T.);
#1730=EDGE_CURVE('',#1405,#1404,#1195,.T.);
#1731=EDGE_CURVE('',#1403,#1405,#728,.T.);
#1732=EDGE_CURVE('',#1406,#1406,#1196,.T.);
#1733=EDGE_CURVE('',#1407,#1408,#1197,.T.);
#1734=EDGE_CURVE('',#1409,#1407,#729,.T.);
#1735=EDGE_CURVE('',#1410,#1409,#1198,.T.);
#1736=EDGE_CURVE('',#1408,#1410,#730,.T.);
#1737=EDGE_CURVE('',#1411,#1412,#1199,.T.);
#1738=EDGE_CURVE('',#1413,#1411,#731,.T.);
#1739=EDGE_CURVE('',#1414,#1413,#1200,.T.);
#1740=EDGE_CURVE('',#1412,#1414,#732,.T.);
#1741=EDGE_CURVE('',#1415,#1416,#1201,.T.);
#1742=EDGE_CURVE('',#1417,#1415,#733,.T.);
#1743=EDGE_CURVE('',#1418,#1417,#1202,.T.);
#1744=EDGE_CURVE('',#1416,#1418,#734,.T.);
#1745=EDGE_CURVE('',#1350,#1415,#735,.T.);
#1746=EDGE_CURVE('',#1416,#1348,#736,.T.);
#1747=EDGE_CURVE('',#1419,#1417,#737,.T.);
#1748=EDGE_CURVE('',#1350,#1419,#738,.T.);
#1749=EDGE_CURVE('',#1349,#1418,#739,.T.);
#1750=EDGE_CURVE('',#1419,#1349,#1203,.T.);
#1751=EDGE_CURVE('',#1347,#1419,#740,.T.);
#1752=EDGE_CURVE('',#1357,#1394,#741,.T.);
#1753=EDGE_CURVE('',#1395,#1355,#742,.T.);
#1754=EDGE_CURVE('',#1420,#1396,#743,.T.);
#1755=EDGE_CURVE('',#1357,#1420,#744,.T.);
#1756=EDGE_CURVE('',#1356,#1397,#745,.T.);
#1757=EDGE_CURVE('',#1420,#1356,#1204,.T.);
#1758=EDGE_CURVE('',#1354,#1420,#746,.T.);
#1759=EDGE_CURVE('',#1364,#1411,#747,.T.);
#1760=EDGE_CURVE('',#1412,#1362,#748,.T.);
#1761=EDGE_CURVE('',#1421,#1413,#749,.T.);
#1762=EDGE_CURVE('',#1364,#1421,#750,.T.);
#1763=EDGE_CURVE('',#1363,#1414,#751,.T.);
#1764=EDGE_CURVE('',#1421,#1363,#1205,.T.);
#1765=EDGE_CURVE('',#1361,#1421,#752,.T.);
#1766=EDGE_CURVE('',#1371,#1398,#753,.T.);
#1767=EDGE_CURVE('',#1399,#1369,#754,.T.);
#1768=EDGE_CURVE('',#1422,#1400,#755,.T.);
#1769=EDGE_CURVE('',#1371,#1422,#756,.T.);
#1770=EDGE_CURVE('',#1370,#1401,#757,.T.);
#1771=EDGE_CURVE('',#1422,#1370,#1206,.T.);
#1772=EDGE_CURVE('',#1368,#1422,#758,.T.);
#1773=EDGE_CURVE('',#1378,#1407,#759,.T.);
#1774=EDGE_CURVE('',#1408,#1376,#760,.T.);
#1775=EDGE_CURVE('',#1423,#1409,#761,.T.);
#1776=EDGE_CURVE('',#1378,#1423,#762,.T.);
#1777=EDGE_CURVE('',#1377,#1410,#763,.T.);
#1778=EDGE_CURVE('',#1423,#1377,#1207,.T.);
#1779=EDGE_CURVE('',#1375,#1423,#764,.T.);
#1780=EDGE_CURVE('',#1385,#1402,#765,.T.);
#1781=EDGE_CURVE('',#1403,#1383,#766,.T.);
#1782=EDGE_CURVE('',#1424,#1404,#767,.T.);
#1783=EDGE_CURVE('',#1385,#1424,#768,.T.);
#1784=EDGE_CURVE('',#1384,#1405,#769,.T.);
#1785=EDGE_CURVE('',#1424,#1384,#1208,.T.);
#1786=EDGE_CURVE('',#1382,#1424,#770,.T.);
#1787=EDGE_CURVE('',#1425,#1392,#771,.T.);
#1788=EDGE_CURVE('',#1426,#1425,#772,.T.);
#1789=EDGE_CURVE('',#1393,#1426,#773,.T.);
#1790=EDGE_CURVE('',#1386,#1427,#774,.F.);
#1791=EDGE_CURVE('',#1428,#1426,#775,.T.);
#1792=EDGE_CURVE('',#1428,#1429,#776,.T.);
#1793=EDGE_CURVE('',#1318,#1429,#1209,.T.);
#1794=EDGE_CURVE('',#1317,#1430,#1210,.T.);
#1795=EDGE_CURVE('',#1431,#1430,#777,.T.);
#1796=EDGE_CURVE('',#1432,#1431,#778,.T.);
#1797=EDGE_CURVE('',#1433,#1432,#779,.T.);
#1798=EDGE_CURVE('',#1427,#1433,#780,.T.);
#1799=EDGE_CURVE('',#1434,#1434,#1211,.T.);
#1800=EDGE_CURVE('',#1435,#1435,#1212,.T.);
#1801=EDGE_CURVE('',#1436,#1391,#1213,.T.);
#1802=EDGE_CURVE('',#1437,#1436,#781,.T.);
#1803=EDGE_CURVE('',#1425,#1437,#782,.T.);
#1804=EDGE_CURVE('',#1438,#1438,#1214,.T.);
#1805=EDGE_CURVE('',#1437,#1428,#783,.T.);
#1806=EDGE_CURVE('',#1439,#1440,#784,.T.);
#1807=EDGE_CURVE('',#1440,#1427,#785,.T.);
#1808=EDGE_CURVE('',#1433,#1439,#786,.T.);
#1809=EDGE_CURVE('',#1435,#1441,#787,.T.);
#1810=EDGE_CURVE('',#1441,#1441,#1215,.T.);
#1811=EDGE_CURVE('',#1438,#1441,#788,.T.);
#1812=EDGE_CURVE('',#1434,#1442,#789,.T.);
#1813=EDGE_CURVE('',#1442,#1442,#1216,.T.);
#1814=EDGE_CURVE('',#1443,#1443,#1217,.T.);
#1815=EDGE_CURVE('',#1443,#1442,#790,.T.);
#1816=EDGE_CURVE('',#1444,#1445,#1218,.F.);
#1817=EDGE_CURVE('',#1445,#1446,#791,.T.);
#1818=EDGE_CURVE('',#1446,#1447,#1219,.T.);
#1819=EDGE_CURVE('',#1447,#1444,#792,.T.);
#1820=EDGE_CURVE('',#1448,#1446,#793,.T.);
#1821=EDGE_CURVE('',#1449,#1448,#794,.T.);
#1822=EDGE_CURVE('',#1449,#1450,#795,.T.);
#1823=EDGE_CURVE('',#1451,#1450,#796,.T.);
#1824=EDGE_CURVE('',#1452,#1451,#797,.T.);
#1825=EDGE_CURVE('',#1452,#1453,#798,.T.);
#1826=EDGE_CURVE('',#1454,#1453,#799,.T.);
#1827=EDGE_CURVE('',#1455,#1454,#800,.T.);
#1828=EDGE_CURVE('',#1455,#1456,#801,.T.);
#1829=EDGE_CURVE('',#1457,#1456,#802,.T.);
#1830=EDGE_CURVE('',#1458,#1457,#803,.T.);
#1831=EDGE_CURVE('',#1459,#1458,#1220,.T.);
#1832=EDGE_CURVE('',#1447,#1459,#804,.T.);
#1833=EDGE_CURVE('',#1460,#1460,#1221,.T.);
#1834=EDGE_CURVE('',#1461,#1461,#1222,.T.);
#1835=EDGE_CURVE('',#1462,#1463,#1223,.F.);
#1836=EDGE_CURVE('',#1463,#1459,#805,.T.);
#1837=EDGE_CURVE('',#1458,#1462,#806,.T.);
#1838=EDGE_CURVE('',#1464,#1465,#807,.T.);
#1839=EDGE_CURVE('',#1465,#1316,#1224,.F.);
#1840=EDGE_CURVE('',#1429,#1466,#808,.T.);
#1841=EDGE_CURVE('',#1466,#1464,#1225,.T.);
#1842=EDGE_CURVE('',#1467,#1439,#809,.T.);
#1843=EDGE_CURVE('',#1388,#1467,#1226,.T.);
#1844=EDGE_CURVE('',#1387,#1440,#810,.T.);
#1845=EDGE_CURVE('',#1315,#1468,#1227,.F.);
#1846=EDGE_CURVE('',#1468,#1469,#811,.T.);
#1847=EDGE_CURVE('',#1469,#1470,#1228,.T.);
#1848=EDGE_CURVE('',#1470,#1430,#812,.T.);
#1849=EDGE_CURVE('',#1467,#1471,#813,.T.);
#1850=EDGE_CURVE('',#1471,#1389,#1229,.F.);
#1851=EDGE_CURVE('',#1464,#1448,#814,.T.);
#1852=EDGE_CURVE('',#1465,#1445,#815,.T.);
#1853=EDGE_CURVE('',#1472,#1436,#816,.T.);
#1854=EDGE_CURVE('',#1473,#1472,#817,.T.);
#1855=EDGE_CURVE('',#1473,#1450,#818,.T.);
#1856=EDGE_CURVE('',#1466,#1449,#819,.T.);
#1857=EDGE_CURVE('',#1390,#1472,#1230,.F.);
#1858=EDGE_CURVE('',#1474,#1475,#1231,.T.);
#1859=EDGE_CURVE('',#1474,#1476,#820,.T.);
#1860=EDGE_CURVE('',#1477,#1476,#1232,.T.);
#1861=EDGE_CURVE('',#1477,#1475,#821,.T.);
#1862=EDGE_CURVE('',#1475,#1452,#822,.T.);
#1863=EDGE_CURVE('',#1451,#1478,#823,.T.);
#1864=EDGE_CURVE('',#1474,#1478,#824,.T.);
#1865=EDGE_CURVE('',#1453,#1477,#825,.T.);
#1866=EDGE_CURVE('',#1479,#1462,#1233,.F.);
#1867=EDGE_CURVE('',#1463,#1479,#1234,.F.);
#1868=EDGE_CURVE('',#1480,#1476,#826,.T.);
#1869=EDGE_CURVE('',#1454,#1480,#827,.T.);
#1870=EDGE_CURVE('',#1481,#1444,#1235,.F.);
#1871=EDGE_CURVE('',#1445,#1481,#1236,.F.);
#1872=EDGE_CURVE('',#1482,#1483,#24,.T.);
#1873=EDGE_CURVE('',#1483,#1484,#15,.T.);
#1874=EDGE_CURVE('',#1484,#1485,#1237,.T.);
#1875=EDGE_CURVE('',#1485,#1486,#16,.T.);
#1876=EDGE_CURVE('',#1486,#1487,#17,.T.);
#1877=EDGE_CURVE('',#1487,#1488,#1238,.T.);
#1878=EDGE_CURVE('',#1488,#1489,#18,.T.);
#1879=EDGE_CURVE('',#1489,#1490,#25,.T.);
#1880=EDGE_CURVE('',#1490,#1482,#26,.T.);
#1881=EDGE_CURVE('',#1491,#1492,#27,.T.);
#1882=EDGE_CURVE('',#1492,#1493,#19,.T.);
#1883=EDGE_CURVE('',#1494,#1493,#1239,.T.);
#1884=EDGE_CURVE('',#1494,#1495,#20,.T.);
#1885=EDGE_CURVE('',#1496,#1495,#1240,.T.);
#1886=EDGE_CURVE('',#1496,#1497,#21,.T.);
#1887=EDGE_CURVE('',#1497,#1498,#28,.T.);
#1888=EDGE_CURVE('',#1498,#1491,#29,.T.);
#1889=EDGE_CURVE('',#1489,#1481,#828,.T.);
#1890=EDGE_CURVE('',#1444,#1463,#829,.T.);
#1891=EDGE_CURVE('',#1479,#1492,#830,.T.);
#1892=EDGE_CURVE('',#1497,#1483,#831,.T.);
#1893=EDGE_CURVE('',#1484,#1488,#30,.T.);
#1894=EDGE_CURVE('',#1487,#1485,#31,.T.);
#1895=EDGE_CURVE('',#1484,#1499,#832,.T.);
#1896=EDGE_CURVE('',#1499,#1465,#1241,.F.);
#1897=EDGE_CURVE('',#1481,#1488,#833,.T.);
#1898=EDGE_CURVE('',#1500,#1496,#834,.T.);
#1899=EDGE_CURVE('',#1499,#1500,#835,.T.);
#1900=EDGE_CURVE('',#1501,#1501,#1242,.T.);
#1901=EDGE_CURVE('',#1501,#1486,#836,.T.);
#1902=EDGE_CURVE('',#1493,#1496,#32,.T.);
#1903=EDGE_CURVE('',#1495,#1502,#33,.T.);
#1904=EDGE_CURVE('',#1502,#1494,#34,.T.);
#1905=EDGE_CURVE('',#1493,#1479,#837,.T.);
#1906=EDGE_CURVE('',#1462,#1468,#838,.T.);
#1907=EDGE_CURVE('',#1468,#1500,#1243,.F.);
#1908=EDGE_CURVE('',#1503,#1503,#1244,.T.);
#1909=EDGE_CURVE('',#1503,#1502,#839,.T.);
#1910=EDGE_CURVE('',#1504,#1504,#1245,.T.);
#1911=EDGE_CURVE('',#1505,#1505,#1246,.T.);
#1912=EDGE_CURVE('',#1505,#1460,#840,.T.);
#1913=EDGE_CURVE('',#1506,#1480,#841,.T.);
#1914=EDGE_CURVE('',#1507,#1506,#22,.T.);
#1915=EDGE_CURVE('',#1455,#1507,#842,.T.);
#1916=EDGE_CURVE('',#1478,#1508,#843,.T.);
#1917=EDGE_CURVE('',#1509,#1508,#844,.T.);
#1918=EDGE_CURVE('',#1510,#1509,#845,.T.);
#1919=EDGE_CURVE('',#1506,#1510,#846,.T.);
#1920=EDGE_CURVE('',#1456,#1470,#847,.T.);
#1921=EDGE_CURVE('',#1471,#1507,#848,.T.);
#1922=EDGE_CURVE('',#1504,#1461,#849,.T.);
#1923=EDGE_CURVE('',#1508,#1473,#23,.T.);
#1924=EDGE_CURVE('',#1472,#1509,#1247,.F.);
#1925=EDGE_CURVE('',#1331,#1406,#850,.T.);
#1926=EDGE_CURVE('',#1316,#1499,#1248,.F.);
#1927=EDGE_CURVE('',#1500,#1315,#1249,.F.);
#1928=EDGE_CURVE('',#1389,#1510,#1250,.F.);
#1929=EDGE_CURVE('',#1510,#1471,#1251,.F.);
#1930=EDGE_CURVE('',#1509,#1390,#1252,.F.);
#1931=EDGE_CURVE('',#1457,#1469,#851,.T.);
#1932=ORIENTED_EDGE('',*,*,#1511,.T.);
#1933=ORIENTED_EDGE('',*,*,#1512,.T.);
#1934=ORIENTED_EDGE('',*,*,#1513,.T.);
#1935=ORIENTED_EDGE('',*,*,#1514,.T.);
#1936=ORIENTED_EDGE('',*,*,#1512,.F.);
#1937=ORIENTED_EDGE('',*,*,#1515,.F.);
#1938=ORIENTED_EDGE('',*,*,#1516,.F.);
#1939=ORIENTED_EDGE('',*,*,#1517,.F.);
#1940=ORIENTED_EDGE('',*,*,#1518,.T.);
#1941=ORIENTED_EDGE('',*,*,#1519,.T.);
#1942=ORIENTED_EDGE('',*,*,#1520,.T.);
#1943=ORIENTED_EDGE('',*,*,#1516,.T.);
#1944=ORIENTED_EDGE('',*,*,#1519,.F.);
#1945=ORIENTED_EDGE('',*,*,#1521,.F.);
#1946=ORIENTED_EDGE('',*,*,#1522,.T.);
#1947=ORIENTED_EDGE('',*,*,#1523,.F.);
#1948=ORIENTED_EDGE('',*,*,#1524,.T.);
#1949=ORIENTED_EDGE('',*,*,#1525,.T.);
#1950=ORIENTED_EDGE('',*,*,#1526,.T.);
#1951=ORIENTED_EDGE('',*,*,#1527,.T.);
#1952=ORIENTED_EDGE('',*,*,#1525,.F.);
#1953=ORIENTED_EDGE('',*,*,#1528,.F.);
#1954=ORIENTED_EDGE('',*,*,#1529,.F.);
#1955=ORIENTED_EDGE('',*,*,#1530,.F.);
#1956=ORIENTED_EDGE('',*,*,#1531,.T.);
#1957=ORIENTED_EDGE('',*,*,#1532,.T.);
#1958=ORIENTED_EDGE('',*,*,#1533,.T.);
#1959=ORIENTED_EDGE('',*,*,#1529,.T.);
#1960=ORIENTED_EDGE('',*,*,#1532,.F.);
#1961=ORIENTED_EDGE('',*,*,#1534,.F.);
#1962=ORIENTED_EDGE('',*,*,#1535,.T.);
#1963=ORIENTED_EDGE('',*,*,#1536,.F.);
#1964=ORIENTED_EDGE('',*,*,#1537,.T.);
#1965=ORIENTED_EDGE('',*,*,#1538,.T.);
#1966=ORIENTED_EDGE('',*,*,#1539,.T.);
#1967=ORIENTED_EDGE('',*,*,#1540,.T.);
#1968=ORIENTED_EDGE('',*,*,#1538,.F.);
#1969=ORIENTED_EDGE('',*,*,#1541,.F.);
#1970=ORIENTED_EDGE('',*,*,#1542,.T.);
#1971=ORIENTED_EDGE('',*,*,#1543,.F.);
#1972=ORIENTED_EDGE('',*,*,#1544,.T.);
#1973=ORIENTED_EDGE('',*,*,#1545,.T.);
#1974=ORIENTED_EDGE('',*,*,#1546,.T.);
#1975=ORIENTED_EDGE('',*,*,#1547,.T.);
#1976=ORIENTED_EDGE('',*,*,#1540,.F.);
#1977=ORIENTED_EDGE('',*,*,#1548,.F.);
#1978=ORIENTED_EDGE('',*,*,#1545,.F.);
#1979=ORIENTED_EDGE('',*,*,#1549,.F.);
#1980=ORIENTED_EDGE('',*,*,#1550,.F.);
#1981=ORIENTED_EDGE('',*,*,#1542,.F.);
#1982=ORIENTED_EDGE('',*,*,#1551,.F.);
#1983=ORIENTED_EDGE('',*,*,#1552,.F.);
#1984=ORIENTED_EDGE('',*,*,#1553,.F.);
#1985=ORIENTED_EDGE('',*,*,#1535,.F.);
#1986=ORIENTED_EDGE('',*,*,#1554,.F.);
#1987=ORIENTED_EDGE('',*,*,#1555,.F.);
#1988=ORIENTED_EDGE('',*,*,#1556,.F.);
#1989=ORIENTED_EDGE('',*,*,#1522,.F.);
#1990=ORIENTED_EDGE('',*,*,#1557,.F.);
#1991=ORIENTED_EDGE('',*,*,#1558,.F.);
#1992=ORIENTED_EDGE('',*,*,#1547,.F.);
#1993=ORIENTED_EDGE('',*,*,#1559,.F.);
#1994=ORIENTED_EDGE('',*,*,#1552,.T.);
#1995=ORIENTED_EDGE('',*,*,#1560,.F.);
#1996=ORIENTED_EDGE('',*,*,#1527,.F.);
#1997=ORIENTED_EDGE('',*,*,#1561,.F.);
#1998=ORIENTED_EDGE('',*,*,#1555,.T.);
#1999=ORIENTED_EDGE('',*,*,#1562,.F.);
#2000=ORIENTED_EDGE('',*,*,#1514,.F.);
#2001=ORIENTED_EDGE('',*,*,#1563,.F.);
#2002=ORIENTED_EDGE('',*,*,#1558,.T.);
#2003=ORIENTED_EDGE('',*,*,#1564,.F.);
#2004=ORIENTED_EDGE('',*,*,#1565,.T.);
#2005=ORIENTED_EDGE('',*,*,#1566,.T.);
#2006=ORIENTED_EDGE('',*,*,#1567,.T.);
#2007=ORIENTED_EDGE('',*,*,#1568,.T.);
#2008=ORIENTED_EDGE('',*,*,#1566,.F.);
#2009=ORIENTED_EDGE('',*,*,#1569,.F.);
#2010=ORIENTED_EDGE('',*,*,#1570,.F.);
#2011=ORIENTED_EDGE('',*,*,#1571,.F.);
#2012=ORIENTED_EDGE('',*,*,#1565,.F.);
#2013=ORIENTED_EDGE('',*,*,#1572,.T.);
#2014=ORIENTED_EDGE('',*,*,#1573,.T.);
#2015=ORIENTED_EDGE('',*,*,#1574,.F.);
#2016=ORIENTED_EDGE('',*,*,#1569,.T.);
#2017=ORIENTED_EDGE('',*,*,#1575,.F.);
#2018=ORIENTED_EDGE('',*,*,#1576,.T.);
#2019=ORIENTED_EDGE('',*,*,#1577,.T.);
#2020=ORIENTED_EDGE('',*,*,#1578,.T.);
#2021=ORIENTED_EDGE('',*,*,#1579,.T.);
#2022=ORIENTED_EDGE('',*,*,#1579,.F.);
#2023=ORIENTED_EDGE('',*,*,#1580,.F.);
#2024=ORIENTED_EDGE('',*,*,#1581,.F.);
#2025=ORIENTED_EDGE('',*,*,#1582,.F.);
#2026=ORIENTED_EDGE('',*,*,#1578,.F.);
#2027=ORIENTED_EDGE('',*,*,#1583,.F.);
#2028=ORIENTED_EDGE('',*,*,#1584,.F.);
#2029=ORIENTED_EDGE('',*,*,#1585,.F.);
#2030=ORIENTED_EDGE('',*,*,#1580,.T.);
#2031=ORIENTED_EDGE('',*,*,#1586,.F.);
#2032=ORIENTED_EDGE('',*,*,#1586,.T.);
#2033=ORIENTED_EDGE('',*,*,#1587,.T.);
#2034=ORIENTED_EDGE('',*,*,#1588,.T.);
#2035=ORIENTED_EDGE('',*,*,#1587,.F.);
#2036=ORIENTED_EDGE('',*,*,#1589,.F.);
#2037=ORIENTED_EDGE('',*,*,#1590,.T.);
#2038=ORIENTED_EDGE('',*,*,#1588,.F.);
#2039=ORIENTED_EDGE('',*,*,#1590,.F.);
#2040=ORIENTED_EDGE('',*,*,#1575,.T.);
#2041=ORIENTED_EDGE('',*,*,#1591,.T.);
#2042=ORIENTED_EDGE('',*,*,#1592,.T.);
#2043=ORIENTED_EDGE('',*,*,#1591,.F.);
#2044=ORIENTED_EDGE('',*,*,#1593,.F.);
#2045=ORIENTED_EDGE('',*,*,#1594,.T.);
#2046=ORIENTED_EDGE('',*,*,#1592,.F.);
#2047=ORIENTED_EDGE('',*,*,#1594,.F.);
#2048=ORIENTED_EDGE('',*,*,#1581,.T.);
#2049=ORIENTED_EDGE('',*,*,#1585,.T.);
#2050=ORIENTED_EDGE('',*,*,#1595,.F.);
#2051=ORIENTED_EDGE('',*,*,#1596,.F.);
#2052=ORIENTED_EDGE('',*,*,#1568,.F.);
#2053=ORIENTED_EDGE('',*,*,#1597,.F.);
#2054=ORIENTED_EDGE('',*,*,#1598,.F.);
#2055=ORIENTED_EDGE('',*,*,#1572,.F.);
#2056=ORIENTED_EDGE('',*,*,#1598,.T.);
#2057=ORIENTED_EDGE('',*,*,#1599,.F.);
#2058=ORIENTED_EDGE('',*,*,#1600,.F.);
#2059=ORIENTED_EDGE('',*,*,#1573,.F.);
#2060=ORIENTED_EDGE('',*,*,#1567,.F.);
#2061=ORIENTED_EDGE('',*,*,#1571,.T.);
#2062=ORIENTED_EDGE('',*,*,#1601,.F.);
#2063=ORIENTED_EDGE('',*,*,#1599,.T.);
#2064=ORIENTED_EDGE('',*,*,#1597,.T.);
#2065=ORIENTED_EDGE('',*,*,#1593,.T.);
#2066=ORIENTED_EDGE('',*,*,#1577,.F.);
#2067=ORIENTED_EDGE('',*,*,#1602,.F.);
#2068=ORIENTED_EDGE('',*,*,#1603,.F.);
#2069=ORIENTED_EDGE('',*,*,#1583,.T.);
#2070=ORIENTED_EDGE('',*,*,#1576,.F.);
#2071=ORIENTED_EDGE('',*,*,#1582,.T.);
#2072=ORIENTED_EDGE('',*,*,#1596,.T.);
#2073=ORIENTED_EDGE('',*,*,#1604,.F.);
#2074=ORIENTED_EDGE('',*,*,#1602,.T.);
#2075=ORIENTED_EDGE('',*,*,#1589,.T.);
#2076=ORIENTED_EDGE('',*,*,#1605,.F.);
#2077=ORIENTED_EDGE('',*,*,#1606,.F.);
#2078=ORIENTED_EDGE('',*,*,#1607,.T.);
#2079=ORIENTED_EDGE('',*,*,#1608,.F.);
#2080=ORIENTED_EDGE('',*,*,#1560,.T.);
#2081=ORIENTED_EDGE('',*,*,#1551,.T.);
#2082=ORIENTED_EDGE('',*,*,#1541,.T.);
#2083=ORIENTED_EDGE('',*,*,#1537,.F.);
#2084=ORIENTED_EDGE('',*,*,#1549,.T.);
#2085=ORIENTED_EDGE('',*,*,#1544,.F.);
#2086=ORIENTED_EDGE('',*,*,#1562,.T.);
#2087=ORIENTED_EDGE('',*,*,#1554,.T.);
#2088=ORIENTED_EDGE('',*,*,#1534,.T.);
#2089=ORIENTED_EDGE('',*,*,#1531,.F.);
#2090=ORIENTED_EDGE('',*,*,#1528,.T.);
#2091=ORIENTED_EDGE('',*,*,#1524,.F.);
#2092=ORIENTED_EDGE('',*,*,#1564,.T.);
#2093=ORIENTED_EDGE('',*,*,#1557,.T.);
#2094=ORIENTED_EDGE('',*,*,#1521,.T.);
#2095=ORIENTED_EDGE('',*,*,#1518,.F.);
#2096=ORIENTED_EDGE('',*,*,#1515,.T.);
#2097=ORIENTED_EDGE('',*,*,#1511,.F.);
#2098=ORIENTED_EDGE('',*,*,#1609,.F.);
#2099=ORIENTED_EDGE('',*,*,#1610,.F.);
#2100=ORIENTED_EDGE('',*,*,#1611,.F.);
#2101=ORIENTED_EDGE('',*,*,#1612,.F.);
#2102=ORIENTED_EDGE('',*,*,#1613,.F.);
#2103=ORIENTED_EDGE('',*,*,#1614,.F.);
#2104=ORIENTED_EDGE('',*,*,#1615,.F.);
#2105=ORIENTED_EDGE('',*,*,#1616,.F.);
#2106=ORIENTED_EDGE('',*,*,#1617,.F.);
#2107=ORIENTED_EDGE('',*,*,#1618,.F.);
#2108=ORIENTED_EDGE('',*,*,#1619,.F.);
#2109=ORIENTED_EDGE('',*,*,#1620,.F.);
#2110=ORIENTED_EDGE('',*,*,#1621,.T.);
#2111=ORIENTED_EDGE('',*,*,#1622,.F.);
#2112=ORIENTED_EDGE('',*,*,#1623,.F.);
#2113=ORIENTED_EDGE('',*,*,#1624,.F.);
#2114=ORIENTED_EDGE('',*,*,#1625,.F.);
#2115=ORIENTED_EDGE('',*,*,#1626,.F.);
#2116=ORIENTED_EDGE('',*,*,#1627,.F.);
#2117=ORIENTED_EDGE('',*,*,#1628,.F.);
#2118=ORIENTED_EDGE('',*,*,#1629,.F.);
#2119=ORIENTED_EDGE('',*,*,#1630,.F.);
#2120=ORIENTED_EDGE('',*,*,#1631,.F.);
#2121=ORIENTED_EDGE('',*,*,#1632,.F.);
#2122=ORIENTED_EDGE('',*,*,#1633,.F.);
#2123=ORIENTED_EDGE('',*,*,#1634,.T.);
#2124=ORIENTED_EDGE('',*,*,#1609,.T.);
#2125=ORIENTED_EDGE('',*,*,#1635,.T.);
#2126=ORIENTED_EDGE('',*,*,#1636,.T.);
#2127=ORIENTED_EDGE('',*,*,#1637,.T.);
#2128=ORIENTED_EDGE('',*,*,#1610,.T.);
#2129=ORIENTED_EDGE('',*,*,#1634,.F.);
#2130=ORIENTED_EDGE('',*,*,#1638,.T.);
#2131=ORIENTED_EDGE('',*,*,#1639,.T.);
#2132=ORIENTED_EDGE('',*,*,#1611,.T.);
#2133=ORIENTED_EDGE('',*,*,#1637,.F.);
#2134=ORIENTED_EDGE('',*,*,#1640,.T.);
#2135=ORIENTED_EDGE('',*,*,#1635,.F.);
#2136=ORIENTED_EDGE('',*,*,#1612,.T.);
#2137=ORIENTED_EDGE('',*,*,#1639,.F.);
#2138=ORIENTED_EDGE('',*,*,#1641,.T.);
#2139=ORIENTED_EDGE('',*,*,#1638,.F.);
#2140=ORIENTED_EDGE('',*,*,#1642,.T.);
#2141=ORIENTED_EDGE('',*,*,#1643,.F.);
#2142=ORIENTED_EDGE('',*,*,#1644,.F.);
#2143=ORIENTED_EDGE('',*,*,#1636,.F.);
#2144=ORIENTED_EDGE('',*,*,#1645,.T.);
#2145=ORIENTED_EDGE('',*,*,#1646,.F.);
#2146=ORIENTED_EDGE('',*,*,#1642,.F.);
#2147=ORIENTED_EDGE('',*,*,#1647,.T.);
#2148=ORIENTED_EDGE('',*,*,#1630,.T.);
#2149=ORIENTED_EDGE('',*,*,#1648,.T.);
#2150=ORIENTED_EDGE('',*,*,#1649,.T.);
#2151=ORIENTED_EDGE('',*,*,#1650,.T.);
#2152=ORIENTED_EDGE('',*,*,#1631,.T.);
#2153=ORIENTED_EDGE('',*,*,#1647,.F.);
#2154=ORIENTED_EDGE('',*,*,#1651,.T.);
#2155=ORIENTED_EDGE('',*,*,#1652,.T.);
#2156=ORIENTED_EDGE('',*,*,#1632,.T.);
#2157=ORIENTED_EDGE('',*,*,#1650,.F.);
#2158=ORIENTED_EDGE('',*,*,#1653,.T.);
#2159=ORIENTED_EDGE('',*,*,#1648,.F.);
#2160=ORIENTED_EDGE('',*,*,#1633,.T.);
#2161=ORIENTED_EDGE('',*,*,#1652,.F.);
#2162=ORIENTED_EDGE('',*,*,#1654,.T.);
#2163=ORIENTED_EDGE('',*,*,#1651,.F.);
#2164=ORIENTED_EDGE('',*,*,#1655,.T.);
#2165=ORIENTED_EDGE('',*,*,#1656,.F.);
#2166=ORIENTED_EDGE('',*,*,#1657,.F.);
#2167=ORIENTED_EDGE('',*,*,#1649,.F.);
#2168=ORIENTED_EDGE('',*,*,#1658,.T.);
#2169=ORIENTED_EDGE('',*,*,#1659,.F.);
#2170=ORIENTED_EDGE('',*,*,#1655,.F.);
#2171=ORIENTED_EDGE('',*,*,#1660,.T.);
#2172=ORIENTED_EDGE('',*,*,#1613,.T.);
#2173=ORIENTED_EDGE('',*,*,#1661,.T.);
#2174=ORIENTED_EDGE('',*,*,#1662,.T.);
#2175=ORIENTED_EDGE('',*,*,#1663,.T.);
#2176=ORIENTED_EDGE('',*,*,#1614,.T.);
#2177=ORIENTED_EDGE('',*,*,#1660,.F.);
#2178=ORIENTED_EDGE('',*,*,#1664,.T.);
#2179=ORIENTED_EDGE('',*,*,#1665,.T.);
#2180=ORIENTED_EDGE('',*,*,#1615,.T.);
#2181=ORIENTED_EDGE('',*,*,#1663,.F.);
#2182=ORIENTED_EDGE('',*,*,#1666,.T.);
#2183=ORIENTED_EDGE('',*,*,#1661,.F.);
#2184=ORIENTED_EDGE('',*,*,#1616,.T.);
#2185=ORIENTED_EDGE('',*,*,#1665,.F.);
#2186=ORIENTED_EDGE('',*,*,#1667,.T.);
#2187=ORIENTED_EDGE('',*,*,#1664,.F.);
#2188=ORIENTED_EDGE('',*,*,#1668,.T.);
#2189=ORIENTED_EDGE('',*,*,#1669,.F.);
#2190=ORIENTED_EDGE('',*,*,#1670,.F.);
#2191=ORIENTED_EDGE('',*,*,#1662,.F.);
#2192=ORIENTED_EDGE('',*,*,#1671,.T.);
#2193=ORIENTED_EDGE('',*,*,#1672,.F.);
#2194=ORIENTED_EDGE('',*,*,#1668,.F.);
#2195=ORIENTED_EDGE('',*,*,#1673,.T.);
#2196=ORIENTED_EDGE('',*,*,#1626,.T.);
#2197=ORIENTED_EDGE('',*,*,#1674,.T.);
#2198=ORIENTED_EDGE('',*,*,#1675,.T.);
#2199=ORIENTED_EDGE('',*,*,#1676,.T.);
#2200=ORIENTED_EDGE('',*,*,#1627,.T.);
#2201=ORIENTED_EDGE('',*,*,#1673,.F.);
#2202=ORIENTED_EDGE('',*,*,#1677,.T.);
#2203=ORIENTED_EDGE('',*,*,#1678,.T.);
#2204=ORIENTED_EDGE('',*,*,#1628,.T.);
#2205=ORIENTED_EDGE('',*,*,#1676,.F.);
#2206=ORIENTED_EDGE('',*,*,#1679,.T.);
#2207=ORIENTED_EDGE('',*,*,#1674,.F.);
#2208=ORIENTED_EDGE('',*,*,#1629,.T.);
#2209=ORIENTED_EDGE('',*,*,#1678,.F.);
#2210=ORIENTED_EDGE('',*,*,#1680,.T.);
#2211=ORIENTED_EDGE('',*,*,#1677,.F.);
#2212=ORIENTED_EDGE('',*,*,#1681,.T.);
#2213=ORIENTED_EDGE('',*,*,#1682,.F.);
#2214=ORIENTED_EDGE('',*,*,#1683,.F.);
#2215=ORIENTED_EDGE('',*,*,#1675,.F.);
#2216=ORIENTED_EDGE('',*,*,#1684,.T.);
#2217=ORIENTED_EDGE('',*,*,#1685,.F.);
#2218=ORIENTED_EDGE('',*,*,#1681,.F.);
#2219=ORIENTED_EDGE('',*,*,#1686,.T.);
#2220=ORIENTED_EDGE('',*,*,#1617,.T.);
#2221=ORIENTED_EDGE('',*,*,#1687,.T.);
#2222=ORIENTED_EDGE('',*,*,#1688,.T.);
#2223=ORIENTED_EDGE('',*,*,#1689,.T.);
#2224=ORIENTED_EDGE('',*,*,#1618,.T.);
#2225=ORIENTED_EDGE('',*,*,#1686,.F.);
#2226=ORIENTED_EDGE('',*,*,#1690,.T.);
#2227=ORIENTED_EDGE('',*,*,#1691,.T.);
#2228=ORIENTED_EDGE('',*,*,#1619,.T.);
#2229=ORIENTED_EDGE('',*,*,#1689,.F.);
#2230=ORIENTED_EDGE('',*,*,#1692,.T.);
#2231=ORIENTED_EDGE('',*,*,#1687,.F.);
#2232=ORIENTED_EDGE('',*,*,#1620,.T.);
#2233=ORIENTED_EDGE('',*,*,#1691,.F.);
#2234=ORIENTED_EDGE('',*,*,#1693,.T.);
#2235=ORIENTED_EDGE('',*,*,#1690,.F.);
#2236=ORIENTED_EDGE('',*,*,#1694,.T.);
#2237=ORIENTED_EDGE('',*,*,#1695,.F.);
#2238=ORIENTED_EDGE('',*,*,#1696,.F.);
#2239=ORIENTED_EDGE('',*,*,#1688,.F.);
#2240=ORIENTED_EDGE('',*,*,#1697,.T.);
#2241=ORIENTED_EDGE('',*,*,#1698,.F.);
#2242=ORIENTED_EDGE('',*,*,#1694,.F.);
#2243=ORIENTED_EDGE('',*,*,#1699,.T.);
#2244=ORIENTED_EDGE('',*,*,#1622,.T.);
#2245=ORIENTED_EDGE('',*,*,#1700,.T.);
#2246=ORIENTED_EDGE('',*,*,#1701,.T.);
#2247=ORIENTED_EDGE('',*,*,#1702,.T.);
#2248=ORIENTED_EDGE('',*,*,#1623,.T.);
#2249=ORIENTED_EDGE('',*,*,#1699,.F.);
#2250=ORIENTED_EDGE('',*,*,#1703,.T.);
#2251=ORIENTED_EDGE('',*,*,#1704,.T.);
#2252=ORIENTED_EDGE('',*,*,#1624,.T.);
#2253=ORIENTED_EDGE('',*,*,#1702,.F.);
#2254=ORIENTED_EDGE('',*,*,#1705,.T.);
#2255=ORIENTED_EDGE('',*,*,#1700,.F.);
#2256=ORIENTED_EDGE('',*,*,#1625,.T.);
#2257=ORIENTED_EDGE('',*,*,#1704,.F.);
#2258=ORIENTED_EDGE('',*,*,#1706,.T.);
#2259=ORIENTED_EDGE('',*,*,#1703,.F.);
#2260=ORIENTED_EDGE('',*,*,#1707,.T.);
#2261=ORIENTED_EDGE('',*,*,#1708,.F.);
#2262=ORIENTED_EDGE('',*,*,#1709,.F.);
#2263=ORIENTED_EDGE('',*,*,#1701,.F.);
#2264=ORIENTED_EDGE('',*,*,#1710,.T.);
#2265=ORIENTED_EDGE('',*,*,#1711,.F.);
#2266=ORIENTED_EDGE('',*,*,#1707,.F.);
#2267=ORIENTED_EDGE('',*,*,#1712,.T.);
#2268=ORIENTED_EDGE('',*,*,#1713,.T.);
#2269=ORIENTED_EDGE('',*,*,#1714,.F.);
#2270=ORIENTED_EDGE('',*,*,#1715,.F.);
#2271=ORIENTED_EDGE('',*,*,#1716,.F.);
#2272=ORIENTED_EDGE('',*,*,#1717,.T.);
#2273=ORIENTED_EDGE('',*,*,#1718,.T.);
#2274=ORIENTED_EDGE('',*,*,#1719,.F.);
#2275=ORIENTED_EDGE('',*,*,#1561,.T.);
#2276=ORIENTED_EDGE('',*,*,#1526,.F.);
#2277=ORIENTED_EDGE('',*,*,#1530,.T.);
#2278=ORIENTED_EDGE('',*,*,#1533,.F.);
#2279=ORIENTED_EDGE('',*,*,#1536,.T.);
#2280=ORIENTED_EDGE('',*,*,#1553,.T.);
#2281=ORIENTED_EDGE('',*,*,#1720,.F.);
#2282=ORIENTED_EDGE('',*,*,#1721,.F.);
#2283=ORIENTED_EDGE('',*,*,#1722,.F.);
#2284=ORIENTED_EDGE('',*,*,#1723,.F.);
#2285=ORIENTED_EDGE('',*,*,#1724,.F.);
#2286=ORIENTED_EDGE('',*,*,#1725,.F.);
#2287=ORIENTED_EDGE('',*,*,#1726,.F.);
#2288=ORIENTED_EDGE('',*,*,#1727,.F.);
#2289=ORIENTED_EDGE('',*,*,#1728,.F.);
#2290=ORIENTED_EDGE('',*,*,#1729,.F.);
#2291=ORIENTED_EDGE('',*,*,#1730,.F.);
#2292=ORIENTED_EDGE('',*,*,#1731,.F.);
#2293=ORIENTED_EDGE('',*,*,#1732,.T.);
#2294=ORIENTED_EDGE('',*,*,#1733,.F.);
#2295=ORIENTED_EDGE('',*,*,#1734,.F.);
#2296=ORIENTED_EDGE('',*,*,#1735,.F.);
#2297=ORIENTED_EDGE('',*,*,#1736,.F.);
#2298=ORIENTED_EDGE('',*,*,#1737,.F.);
#2299=ORIENTED_EDGE('',*,*,#1738,.F.);
#2300=ORIENTED_EDGE('',*,*,#1739,.F.);
#2301=ORIENTED_EDGE('',*,*,#1740,.F.);
#2302=ORIENTED_EDGE('',*,*,#1741,.F.);
#2303=ORIENTED_EDGE('',*,*,#1742,.F.);
#2304=ORIENTED_EDGE('',*,*,#1743,.F.);
#2305=ORIENTED_EDGE('',*,*,#1744,.F.);
#2306=ORIENTED_EDGE('',*,*,#1563,.T.);
#2307=ORIENTED_EDGE('',*,*,#1513,.F.);
#2308=ORIENTED_EDGE('',*,*,#1517,.T.);
#2309=ORIENTED_EDGE('',*,*,#1520,.F.);
#2310=ORIENTED_EDGE('',*,*,#1523,.T.);
#2311=ORIENTED_EDGE('',*,*,#1556,.T.);
#2312=ORIENTED_EDGE('',*,*,#1559,.T.);
#2313=ORIENTED_EDGE('',*,*,#1546,.F.);
#2314=ORIENTED_EDGE('',*,*,#1548,.T.);
#2315=ORIENTED_EDGE('',*,*,#1539,.F.);
#2316=ORIENTED_EDGE('',*,*,#1543,.T.);
#2317=ORIENTED_EDGE('',*,*,#1550,.T.);
#2318=ORIENTED_EDGE('',*,*,#1745,.T.);
#2319=ORIENTED_EDGE('',*,*,#1741,.T.);
#2320=ORIENTED_EDGE('',*,*,#1746,.T.);
#2321=ORIENTED_EDGE('',*,*,#1646,.T.);
#2322=ORIENTED_EDGE('',*,*,#1747,.T.);
#2323=ORIENTED_EDGE('',*,*,#1742,.T.);
#2324=ORIENTED_EDGE('',*,*,#1745,.F.);
#2325=ORIENTED_EDGE('',*,*,#1748,.T.);
#2326=ORIENTED_EDGE('',*,*,#1749,.T.);
#2327=ORIENTED_EDGE('',*,*,#1743,.T.);
#2328=ORIENTED_EDGE('',*,*,#1747,.F.);
#2329=ORIENTED_EDGE('',*,*,#1750,.T.);
#2330=ORIENTED_EDGE('',*,*,#1746,.F.);
#2331=ORIENTED_EDGE('',*,*,#1744,.T.);
#2332=ORIENTED_EDGE('',*,*,#1749,.F.);
#2333=ORIENTED_EDGE('',*,*,#1643,.T.);
#2334=ORIENTED_EDGE('',*,*,#1641,.F.);
#2335=ORIENTED_EDGE('',*,*,#1751,.T.);
#2336=ORIENTED_EDGE('',*,*,#1748,.F.);
#2337=ORIENTED_EDGE('',*,*,#1645,.F.);
#2338=ORIENTED_EDGE('',*,*,#1752,.T.);
#2339=ORIENTED_EDGE('',*,*,#1720,.T.);
#2340=ORIENTED_EDGE('',*,*,#1753,.T.);
#2341=ORIENTED_EDGE('',*,*,#1659,.T.);
#2342=ORIENTED_EDGE('',*,*,#1754,.T.);
#2343=ORIENTED_EDGE('',*,*,#1721,.T.);
#2344=ORIENTED_EDGE('',*,*,#1752,.F.);
#2345=ORIENTED_EDGE('',*,*,#1755,.T.);
#2346=ORIENTED_EDGE('',*,*,#1756,.T.);
#2347=ORIENTED_EDGE('',*,*,#1722,.T.);
#2348=ORIENTED_EDGE('',*,*,#1754,.F.);
#2349=ORIENTED_EDGE('',*,*,#1757,.T.);
#2350=ORIENTED_EDGE('',*,*,#1753,.F.);
#2351=ORIENTED_EDGE('',*,*,#1723,.T.);
#2352=ORIENTED_EDGE('',*,*,#1756,.F.);
#2353=ORIENTED_EDGE('',*,*,#1656,.T.);
#2354=ORIENTED_EDGE('',*,*,#1654,.F.);
#2355=ORIENTED_EDGE('',*,*,#1758,.T.);
#2356=ORIENTED_EDGE('',*,*,#1755,.F.);
#2357=ORIENTED_EDGE('',*,*,#1658,.F.);
#2358=ORIENTED_EDGE('',*,*,#1759,.T.);
#2359=ORIENTED_EDGE('',*,*,#1737,.T.);
#2360=ORIENTED_EDGE('',*,*,#1760,.T.);
#2361=ORIENTED_EDGE('',*,*,#1672,.T.);
#2362=ORIENTED_EDGE('',*,*,#1761,.T.);
#2363=ORIENTED_EDGE('',*,*,#1738,.T.);
#2364=ORIENTED_EDGE('',*,*,#1759,.F.);
#2365=ORIENTED_EDGE('',*,*,#1762,.T.);
#2366=ORIENTED_EDGE('',*,*,#1763,.T.);
#2367=ORIENTED_EDGE('',*,*,#1739,.T.);
#2368=ORIENTED_EDGE('',*,*,#1761,.F.);
#2369=ORIENTED_EDGE('',*,*,#1764,.T.);
#2370=ORIENTED_EDGE('',*,*,#1760,.F.);
#2371=ORIENTED_EDGE('',*,*,#1740,.T.);
#2372=ORIENTED_EDGE('',*,*,#1763,.F.);
#2373=ORIENTED_EDGE('',*,*,#1669,.T.);
#2374=ORIENTED_EDGE('',*,*,#1667,.F.);
#2375=ORIENTED_EDGE('',*,*,#1765,.T.);
#2376=ORIENTED_EDGE('',*,*,#1762,.F.);
#2377=ORIENTED_EDGE('',*,*,#1671,.F.);
#2378=ORIENTED_EDGE('',*,*,#1766,.T.);
#2379=ORIENTED_EDGE('',*,*,#1724,.T.);
#2380=ORIENTED_EDGE('',*,*,#1767,.T.);
#2381=ORIENTED_EDGE('',*,*,#1685,.T.);
#2382=ORIENTED_EDGE('',*,*,#1768,.T.);
#2383=ORIENTED_EDGE('',*,*,#1725,.T.);
#2384=ORIENTED_EDGE('',*,*,#1766,.F.);
#2385=ORIENTED_EDGE('',*,*,#1769,.T.);
#2386=ORIENTED_EDGE('',*,*,#1770,.T.);
#2387=ORIENTED_EDGE('',*,*,#1726,.T.);
#2388=ORIENTED_EDGE('',*,*,#1768,.F.);
#2389=ORIENTED_EDGE('',*,*,#1771,.T.);
#2390=ORIENTED_EDGE('',*,*,#1767,.F.);
#2391=ORIENTED_EDGE('',*,*,#1727,.T.);
#2392=ORIENTED_EDGE('',*,*,#1770,.F.);
#2393=ORIENTED_EDGE('',*,*,#1682,.T.);
#2394=ORIENTED_EDGE('',*,*,#1680,.F.);
#2395=ORIENTED_EDGE('',*,*,#1772,.T.);
#2396=ORIENTED_EDGE('',*,*,#1769,.F.);
#2397=ORIENTED_EDGE('',*,*,#1684,.F.);
#2398=ORIENTED_EDGE('',*,*,#1773,.T.);
#2399=ORIENTED_EDGE('',*,*,#1733,.T.);
#2400=ORIENTED_EDGE('',*,*,#1774,.T.);
#2401=ORIENTED_EDGE('',*,*,#1698,.T.);
#2402=ORIENTED_EDGE('',*,*,#1775,.T.);
#2403=ORIENTED_EDGE('',*,*,#1734,.T.);
#2404=ORIENTED_EDGE('',*,*,#1773,.F.);
#2405=ORIENTED_EDGE('',*,*,#1776,.T.);
#2406=ORIENTED_EDGE('',*,*,#1777,.T.);
#2407=ORIENTED_EDGE('',*,*,#1735,.T.);
#2408=ORIENTED_EDGE('',*,*,#1775,.F.);
#2409=ORIENTED_EDGE('',*,*,#1778,.T.);
#2410=ORIENTED_EDGE('',*,*,#1774,.F.);
#2411=ORIENTED_EDGE('',*,*,#1736,.T.);
#2412=ORIENTED_EDGE('',*,*,#1777,.F.);
#2413=ORIENTED_EDGE('',*,*,#1695,.T.);
#2414=ORIENTED_EDGE('',*,*,#1693,.F.);
#2415=ORIENTED_EDGE('',*,*,#1779,.T.);
#2416=ORIENTED_EDGE('',*,*,#1776,.F.);
#2417=ORIENTED_EDGE('',*,*,#1697,.F.);
#2418=ORIENTED_EDGE('',*,*,#1780,.T.);
#2419=ORIENTED_EDGE('',*,*,#1728,.T.);
#2420=ORIENTED_EDGE('',*,*,#1781,.T.);
#2421=ORIENTED_EDGE('',*,*,#1711,.T.);
#2422=ORIENTED_EDGE('',*,*,#1782,.T.);
#2423=ORIENTED_EDGE('',*,*,#1729,.T.);
#2424=ORIENTED_EDGE('',*,*,#1780,.F.);
#2425=ORIENTED_EDGE('',*,*,#1783,.T.);
#2426=ORIENTED_EDGE('',*,*,#1784,.T.);
#2427=ORIENTED_EDGE('',*,*,#1730,.T.);
#2428=ORIENTED_EDGE('',*,*,#1782,.F.);
#2429=ORIENTED_EDGE('',*,*,#1785,.T.);
#2430=ORIENTED_EDGE('',*,*,#1781,.F.);
#2431=ORIENTED_EDGE('',*,*,#1731,.T.);
#2432=ORIENTED_EDGE('',*,*,#1784,.F.);
#2433=ORIENTED_EDGE('',*,*,#1708,.T.);
#2434=ORIENTED_EDGE('',*,*,#1706,.F.);
#2435=ORIENTED_EDGE('',*,*,#1786,.T.);
#2436=ORIENTED_EDGE('',*,*,#1783,.F.);
#2437=ORIENTED_EDGE('',*,*,#1710,.F.);
#2438=ORIENTED_EDGE('',*,*,#1705,.F.);
#2439=ORIENTED_EDGE('',*,*,#1709,.T.);
#2440=ORIENTED_EDGE('',*,*,#1785,.F.);
#2441=ORIENTED_EDGE('',*,*,#1786,.F.);
#2442=ORIENTED_EDGE('',*,*,#1692,.F.);
#2443=ORIENTED_EDGE('',*,*,#1696,.T.);
#2444=ORIENTED_EDGE('',*,*,#1778,.F.);
#2445=ORIENTED_EDGE('',*,*,#1779,.F.);
#2446=ORIENTED_EDGE('',*,*,#1679,.F.);
#2447=ORIENTED_EDGE('',*,*,#1683,.T.);
#2448=ORIENTED_EDGE('',*,*,#1771,.F.);
#2449=ORIENTED_EDGE('',*,*,#1772,.F.);
#2450=ORIENTED_EDGE('',*,*,#1666,.F.);
#2451=ORIENTED_EDGE('',*,*,#1670,.T.);
#2452=ORIENTED_EDGE('',*,*,#1764,.F.);
#2453=ORIENTED_EDGE('',*,*,#1765,.F.);
#2454=ORIENTED_EDGE('',*,*,#1653,.F.);
#2455=ORIENTED_EDGE('',*,*,#1657,.T.);
#2456=ORIENTED_EDGE('',*,*,#1757,.F.);
#2457=ORIENTED_EDGE('',*,*,#1758,.F.);
#2458=ORIENTED_EDGE('',*,*,#1640,.F.);
#2459=ORIENTED_EDGE('',*,*,#1644,.T.);
#2460=ORIENTED_EDGE('',*,*,#1750,.F.);
#2461=ORIENTED_EDGE('',*,*,#1751,.F.);
#2462=ORIENTED_EDGE('',*,*,#1787,.F.);
#2463=ORIENTED_EDGE('',*,*,#1788,.F.);
#2464=ORIENTED_EDGE('',*,*,#1789,.F.);
#2465=ORIENTED_EDGE('',*,*,#1718,.F.);
#2466=ORIENTED_EDGE('',*,*,#1790,.F.);
#2467=ORIENTED_EDGE('',*,*,#1719,.T.);
#2468=ORIENTED_EDGE('',*,*,#1789,.T.);
#2469=ORIENTED_EDGE('',*,*,#1791,.F.);
#2470=ORIENTED_EDGE('',*,*,#1792,.T.);
#2471=ORIENTED_EDGE('',*,*,#1793,.F.);
#2472=ORIENTED_EDGE('',*,*,#1607,.F.);
#2473=ORIENTED_EDGE('',*,*,#1794,.T.);
#2474=ORIENTED_EDGE('',*,*,#1795,.F.);
#2475=ORIENTED_EDGE('',*,*,#1796,.F.);
#2476=ORIENTED_EDGE('',*,*,#1797,.F.);
#2477=ORIENTED_EDGE('',*,*,#1798,.F.);
#2478=ORIENTED_EDGE('',*,*,#1799,.F.);
#2479=ORIENTED_EDGE('',*,*,#1800,.F.);
#2480=ORIENTED_EDGE('',*,*,#1787,.T.);
#2481=ORIENTED_EDGE('',*,*,#1717,.F.);
#2482=ORIENTED_EDGE('',*,*,#1801,.F.);
#2483=ORIENTED_EDGE('',*,*,#1802,.F.);
#2484=ORIENTED_EDGE('',*,*,#1803,.F.);
#2485=ORIENTED_EDGE('',*,*,#1804,.T.);
#2486=ORIENTED_EDGE('',*,*,#1788,.T.);
#2487=ORIENTED_EDGE('',*,*,#1803,.T.);
#2488=ORIENTED_EDGE('',*,*,#1805,.T.);
#2489=ORIENTED_EDGE('',*,*,#1791,.T.);
#2490=ORIENTED_EDGE('',*,*,#1806,.T.);
#2491=ORIENTED_EDGE('',*,*,#1807,.T.);
#2492=ORIENTED_EDGE('',*,*,#1798,.T.);
#2493=ORIENTED_EDGE('',*,*,#1808,.T.);
#2494=ORIENTED_EDGE('',*,*,#1800,.T.);
#2495=ORIENTED_EDGE('',*,*,#1809,.T.);
#2496=ORIENTED_EDGE('',*,*,#1810,.T.);
#2497=ORIENTED_EDGE('',*,*,#1809,.F.);
#2498=ORIENTED_EDGE('',*,*,#1804,.F.);
#2499=ORIENTED_EDGE('',*,*,#1811,.T.);
#2500=ORIENTED_EDGE('',*,*,#1810,.F.);
#2501=ORIENTED_EDGE('',*,*,#1811,.F.);
#2502=ORIENTED_EDGE('',*,*,#1799,.T.);
#2503=ORIENTED_EDGE('',*,*,#1812,.T.);
#2504=ORIENTED_EDGE('',*,*,#1813,.T.);
#2505=ORIENTED_EDGE('',*,*,#1812,.F.);
#2506=ORIENTED_EDGE('',*,*,#1814,.F.);
#2507=ORIENTED_EDGE('',*,*,#1815,.T.);
#2508=ORIENTED_EDGE('',*,*,#1813,.F.);
#2509=ORIENTED_EDGE('',*,*,#1815,.F.);
#2510=ORIENTED_EDGE('',*,*,#1816,.T.);
#2511=ORIENTED_EDGE('',*,*,#1817,.T.);
#2512=ORIENTED_EDGE('',*,*,#1818,.T.);
#2513=ORIENTED_EDGE('',*,*,#1819,.T.);
#2514=ORIENTED_EDGE('',*,*,#1818,.F.);
#2515=ORIENTED_EDGE('',*,*,#1820,.F.);
#2516=ORIENTED_EDGE('',*,*,#1821,.F.);
#2517=ORIENTED_EDGE('',*,*,#1822,.T.);
#2518=ORIENTED_EDGE('',*,*,#1823,.F.);
#2519=ORIENTED_EDGE('',*,*,#1824,.F.);
#2520=ORIENTED_EDGE('',*,*,#1825,.T.);
#2521=ORIENTED_EDGE('',*,*,#1826,.F.);
#2522=ORIENTED_EDGE('',*,*,#1827,.F.);
#2523=ORIENTED_EDGE('',*,*,#1828,.T.);
#2524=ORIENTED_EDGE('',*,*,#1829,.F.);
#2525=ORIENTED_EDGE('',*,*,#1830,.F.);
#2526=ORIENTED_EDGE('',*,*,#1831,.F.);
#2527=ORIENTED_EDGE('',*,*,#1832,.F.);
#2528=ORIENTED_EDGE('',*,*,#1833,.F.);
#2529=ORIENTED_EDGE('',*,*,#1834,.F.);
#2530=ORIENTED_EDGE('',*,*,#1835,.T.);
#2531=ORIENTED_EDGE('',*,*,#1836,.T.);
#2532=ORIENTED_EDGE('',*,*,#1831,.T.);
#2533=ORIENTED_EDGE('',*,*,#1837,.T.);
#2534=ORIENTED_EDGE('',*,*,#1838,.T.);
#2535=ORIENTED_EDGE('',*,*,#1839,.T.);
#2536=ORIENTED_EDGE('',*,*,#1608,.T.);
#2537=ORIENTED_EDGE('',*,*,#1793,.T.);
#2538=ORIENTED_EDGE('',*,*,#1840,.T.);
#2539=ORIENTED_EDGE('',*,*,#1841,.T.);
#2540=ORIENTED_EDGE('',*,*,#1806,.F.);
#2541=ORIENTED_EDGE('',*,*,#1842,.F.);
#2542=ORIENTED_EDGE('',*,*,#1843,.F.);
#2543=ORIENTED_EDGE('',*,*,#1713,.F.);
#2544=ORIENTED_EDGE('',*,*,#1844,.T.);
#2545=ORIENTED_EDGE('',*,*,#1814,.T.);
#2546=ORIENTED_EDGE('',*,*,#1790,.T.);
#2547=ORIENTED_EDGE('',*,*,#1807,.F.);
#2548=ORIENTED_EDGE('',*,*,#1844,.F.);
#2549=ORIENTED_EDGE('',*,*,#1712,.F.);
#2550=ORIENTED_EDGE('',*,*,#1794,.F.);
#2551=ORIENTED_EDGE('',*,*,#1606,.T.);
#2552=ORIENTED_EDGE('',*,*,#1845,.T.);
#2553=ORIENTED_EDGE('',*,*,#1846,.T.);
#2554=ORIENTED_EDGE('',*,*,#1847,.T.);
#2555=ORIENTED_EDGE('',*,*,#1848,.T.);
#2556=ORIENTED_EDGE('',*,*,#1843,.T.);
#2557=ORIENTED_EDGE('',*,*,#1849,.T.);
#2558=ORIENTED_EDGE('',*,*,#1850,.T.);
#2559=ORIENTED_EDGE('',*,*,#1714,.T.);
#2560=ORIENTED_EDGE('',*,*,#1838,.F.);
#2561=ORIENTED_EDGE('',*,*,#1851,.T.);
#2562=ORIENTED_EDGE('',*,*,#1820,.T.);
#2563=ORIENTED_EDGE('',*,*,#1817,.F.);
#2564=ORIENTED_EDGE('',*,*,#1852,.F.);
#2565=ORIENTED_EDGE('',*,*,#1802,.T.);
#2566=ORIENTED_EDGE('',*,*,#1853,.F.);
#2567=ORIENTED_EDGE('',*,*,#1854,.F.);
#2568=ORIENTED_EDGE('',*,*,#1855,.T.);
#2569=ORIENTED_EDGE('',*,*,#1822,.F.);
#2570=ORIENTED_EDGE('',*,*,#1856,.F.);
#2571=ORIENTED_EDGE('',*,*,#1840,.F.);
#2572=ORIENTED_EDGE('',*,*,#1792,.F.);
#2573=ORIENTED_EDGE('',*,*,#1805,.F.);
#2574=ORIENTED_EDGE('',*,*,#1595,.T.);
#2575=ORIENTED_EDGE('',*,*,#1584,.T.);
#2576=ORIENTED_EDGE('',*,*,#1603,.T.);
#2577=ORIENTED_EDGE('',*,*,#1604,.T.);
#2578=ORIENTED_EDGE('',*,*,#1801,.T.);
#2579=ORIENTED_EDGE('',*,*,#1716,.T.);
#2580=ORIENTED_EDGE('',*,*,#1857,.T.);
#2581=ORIENTED_EDGE('',*,*,#1853,.T.);
#2582=ORIENTED_EDGE('',*,*,#1858,.F.);
#2583=ORIENTED_EDGE('',*,*,#1859,.T.);
#2584=ORIENTED_EDGE('',*,*,#1860,.F.);
#2585=ORIENTED_EDGE('',*,*,#1861,.T.);
#2586=ORIENTED_EDGE('',*,*,#1858,.T.);
#2587=ORIENTED_EDGE('',*,*,#1862,.T.);
#2588=ORIENTED_EDGE('',*,*,#1824,.T.);
#2589=ORIENTED_EDGE('',*,*,#1863,.T.);
#2590=ORIENTED_EDGE('',*,*,#1864,.F.);
#2591=ORIENTED_EDGE('',*,*,#1861,.F.);
#2592=ORIENTED_EDGE('',*,*,#1865,.F.);
#2593=ORIENTED_EDGE('',*,*,#1825,.F.);
#2594=ORIENTED_EDGE('',*,*,#1862,.F.);
#2595=ORIENTED_EDGE('',*,*,#1835,.F.);
#2596=ORIENTED_EDGE('',*,*,#1866,.F.);
#2597=ORIENTED_EDGE('',*,*,#1867,.F.);
#2598=ORIENTED_EDGE('',*,*,#1860,.T.);
#2599=ORIENTED_EDGE('',*,*,#1868,.F.);
#2600=ORIENTED_EDGE('',*,*,#1869,.F.);
#2601=ORIENTED_EDGE('',*,*,#1826,.T.);
#2602=ORIENTED_EDGE('',*,*,#1865,.T.);
#2603=ORIENTED_EDGE('',*,*,#1816,.F.);
#2604=ORIENTED_EDGE('',*,*,#1870,.F.);
#2605=ORIENTED_EDGE('',*,*,#1871,.F.);
#2606=ORIENTED_EDGE('',*,*,#1872,.T.);
#2607=ORIENTED_EDGE('',*,*,#1873,.T.);
#2608=ORIENTED_EDGE('',*,*,#1874,.T.);
#2609=ORIENTED_EDGE('',*,*,#1875,.T.);
#2610=ORIENTED_EDGE('',*,*,#1876,.T.);
#2611=ORIENTED_EDGE('',*,*,#1877,.T.);
#2612=ORIENTED_EDGE('',*,*,#1878,.T.);
#2613=ORIENTED_EDGE('',*,*,#1879,.T.);
#2614=ORIENTED_EDGE('',*,*,#1880,.T.);
#2615=ORIENTED_EDGE('',*,*,#1881,.T.);
#2616=ORIENTED_EDGE('',*,*,#1882,.T.);
#2617=ORIENTED_EDGE('',*,*,#1883,.F.);
#2618=ORIENTED_EDGE('',*,*,#1884,.T.);
#2619=ORIENTED_EDGE('',*,*,#1885,.F.);
#2620=ORIENTED_EDGE('',*,*,#1886,.T.);
#2621=ORIENTED_EDGE('',*,*,#1887,.T.);
#2622=ORIENTED_EDGE('',*,*,#1888,.T.);
#2623=ORIENTED_EDGE('',*,*,#1879,.F.);
#2624=ORIENTED_EDGE('',*,*,#1889,.T.);
#2625=ORIENTED_EDGE('',*,*,#1870,.T.);
#2626=ORIENTED_EDGE('',*,*,#1890,.T.);
#2627=ORIENTED_EDGE('',*,*,#1867,.T.);
#2628=ORIENTED_EDGE('',*,*,#1891,.T.);
#2629=ORIENTED_EDGE('',*,*,#1881,.F.);
#2630=ORIENTED_EDGE('',*,*,#1888,.F.);
#2631=ORIENTED_EDGE('',*,*,#1887,.F.);
#2632=ORIENTED_EDGE('',*,*,#1892,.T.);
#2633=ORIENTED_EDGE('',*,*,#1872,.F.);
#2634=ORIENTED_EDGE('',*,*,#1880,.F.);
#2635=ORIENTED_EDGE('',*,*,#1874,.F.);
#2636=ORIENTED_EDGE('',*,*,#1893,.T.);
#2637=ORIENTED_EDGE('',*,*,#1877,.F.);
#2638=ORIENTED_EDGE('',*,*,#1894,.T.);
#2639=ORIENTED_EDGE('',*,*,#1893,.F.);
#2640=ORIENTED_EDGE('',*,*,#1895,.T.);
#2641=ORIENTED_EDGE('',*,*,#1896,.T.);
#2642=ORIENTED_EDGE('',*,*,#1852,.T.);
#2643=ORIENTED_EDGE('',*,*,#1871,.T.);
#2644=ORIENTED_EDGE('',*,*,#1897,.T.);
#2645=ORIENTED_EDGE('',*,*,#1873,.F.);
#2646=ORIENTED_EDGE('',*,*,#1892,.F.);
#2647=ORIENTED_EDGE('',*,*,#1886,.F.);
#2648=ORIENTED_EDGE('',*,*,#1898,.F.);
#2649=ORIENTED_EDGE('',*,*,#1899,.F.);
#2650=ORIENTED_EDGE('',*,*,#1895,.F.);
#2651=ORIENTED_EDGE('',*,*,#1900,.T.);
#2652=ORIENTED_EDGE('',*,*,#1901,.T.);
#2653=ORIENTED_EDGE('',*,*,#1875,.F.);
#2654=ORIENTED_EDGE('',*,*,#1894,.F.);
#2655=ORIENTED_EDGE('',*,*,#1876,.F.);
#2656=ORIENTED_EDGE('',*,*,#1901,.F.);
#2657=ORIENTED_EDGE('',*,*,#1883,.T.);
#2658=ORIENTED_EDGE('',*,*,#1902,.T.);
#2659=ORIENTED_EDGE('',*,*,#1885,.T.);
#2660=ORIENTED_EDGE('',*,*,#1903,.T.);
#2661=ORIENTED_EDGE('',*,*,#1904,.T.);
#2662=ORIENTED_EDGE('',*,*,#1882,.F.);
#2663=ORIENTED_EDGE('',*,*,#1891,.F.);
#2664=ORIENTED_EDGE('',*,*,#1905,.F.);
#2665=ORIENTED_EDGE('',*,*,#1878,.F.);
#2666=ORIENTED_EDGE('',*,*,#1897,.F.);
#2667=ORIENTED_EDGE('',*,*,#1889,.F.);
#2668=ORIENTED_EDGE('',*,*,#1902,.F.);
#2669=ORIENTED_EDGE('',*,*,#1905,.T.);
#2670=ORIENTED_EDGE('',*,*,#1866,.T.);
#2671=ORIENTED_EDGE('',*,*,#1906,.T.);
#2672=ORIENTED_EDGE('',*,*,#1907,.T.);
#2673=ORIENTED_EDGE('',*,*,#1898,.T.);
#2674=ORIENTED_EDGE('',*,*,#1908,.T.);
#2675=ORIENTED_EDGE('',*,*,#1909,.T.);
#2676=ORIENTED_EDGE('',*,*,#1903,.F.);
#2677=ORIENTED_EDGE('',*,*,#1884,.F.);
#2678=ORIENTED_EDGE('',*,*,#1904,.F.);
#2679=ORIENTED_EDGE('',*,*,#1909,.F.);
#2680=ORIENTED_EDGE('',*,*,#1900,.F.);
#2681=ORIENTED_EDGE('',*,*,#1910,.F.);
#2682=ORIENTED_EDGE('',*,*,#1908,.F.);
#2683=ORIENTED_EDGE('',*,*,#1911,.F.);
#2684=ORIENTED_EDGE('',*,*,#1911,.T.);
#2685=ORIENTED_EDGE('',*,*,#1912,.T.);
#2686=ORIENTED_EDGE('',*,*,#1833,.T.);
#2687=ORIENTED_EDGE('',*,*,#1912,.F.);
#2688=ORIENTED_EDGE('',*,*,#1913,.F.);
#2689=ORIENTED_EDGE('',*,*,#1914,.F.);
#2690=ORIENTED_EDGE('',*,*,#1915,.F.);
#2691=ORIENTED_EDGE('',*,*,#1827,.T.);
#2692=ORIENTED_EDGE('',*,*,#1869,.T.);
#2693=ORIENTED_EDGE('',*,*,#1859,.F.);
#2694=ORIENTED_EDGE('',*,*,#1864,.T.);
#2695=ORIENTED_EDGE('',*,*,#1916,.T.);
#2696=ORIENTED_EDGE('',*,*,#1917,.F.);
#2697=ORIENTED_EDGE('',*,*,#1918,.F.);
#2698=ORIENTED_EDGE('',*,*,#1919,.F.);
#2699=ORIENTED_EDGE('',*,*,#1913,.T.);
#2700=ORIENTED_EDGE('',*,*,#1868,.T.);
#2701=ORIENTED_EDGE('',*,*,#1796,.T.);
#2702=ORIENTED_EDGE('',*,*,#1795,.T.);
#2703=ORIENTED_EDGE('',*,*,#1848,.F.);
#2704=ORIENTED_EDGE('',*,*,#1920,.F.);
#2705=ORIENTED_EDGE('',*,*,#1828,.F.);
#2706=ORIENTED_EDGE('',*,*,#1915,.T.);
#2707=ORIENTED_EDGE('',*,*,#1921,.F.);
#2708=ORIENTED_EDGE('',*,*,#1849,.F.);
#2709=ORIENTED_EDGE('',*,*,#1842,.T.);
#2710=ORIENTED_EDGE('',*,*,#1808,.F.);
#2711=ORIENTED_EDGE('',*,*,#1797,.T.);
#2712=ORIENTED_EDGE('',*,*,#1600,.T.);
#2713=ORIENTED_EDGE('',*,*,#1601,.T.);
#2714=ORIENTED_EDGE('',*,*,#1570,.T.);
#2715=ORIENTED_EDGE('',*,*,#1574,.T.);
#2716=ORIENTED_EDGE('',*,*,#1910,.T.);
#2717=ORIENTED_EDGE('',*,*,#1922,.T.);
#2718=ORIENTED_EDGE('',*,*,#1834,.T.);
#2719=ORIENTED_EDGE('',*,*,#1922,.F.);
#2720=ORIENTED_EDGE('',*,*,#1923,.F.);
#2721=ORIENTED_EDGE('',*,*,#1916,.F.);
#2722=ORIENTED_EDGE('',*,*,#1863,.F.);
#2723=ORIENTED_EDGE('',*,*,#1823,.T.);
#2724=ORIENTED_EDGE('',*,*,#1855,.F.);
#2725=ORIENTED_EDGE('',*,*,#1923,.T.);
#2726=ORIENTED_EDGE('',*,*,#1854,.T.);
#2727=ORIENTED_EDGE('',*,*,#1924,.T.);
#2728=ORIENTED_EDGE('',*,*,#1917,.T.);
#2729=ORIENTED_EDGE('',*,*,#1621,.F.);
#2730=ORIENTED_EDGE('',*,*,#1925,.T.);
#2731=ORIENTED_EDGE('',*,*,#1732,.F.);
#2732=ORIENTED_EDGE('',*,*,#1925,.F.);
#2733=ORIENTED_EDGE('',*,*,#1896,.F.);
#2734=ORIENTED_EDGE('',*,*,#1926,.F.);
#2735=ORIENTED_EDGE('',*,*,#1839,.F.);
#2736=ORIENTED_EDGE('',*,*,#1845,.F.);
#2737=ORIENTED_EDGE('',*,*,#1927,.F.);
#2738=ORIENTED_EDGE('',*,*,#1907,.F.);
#2739=ORIENTED_EDGE('',*,*,#1927,.T.);
#2740=ORIENTED_EDGE('',*,*,#1605,.T.);
#2741=ORIENTED_EDGE('',*,*,#1926,.T.);
#2742=ORIENTED_EDGE('',*,*,#1899,.T.);
#2743=ORIENTED_EDGE('',*,*,#1836,.F.);
#2744=ORIENTED_EDGE('',*,*,#1890,.F.);
#2745=ORIENTED_EDGE('',*,*,#1819,.F.);
#2746=ORIENTED_EDGE('',*,*,#1832,.T.);
#2747=ORIENTED_EDGE('',*,*,#1841,.F.);
#2748=ORIENTED_EDGE('',*,*,#1856,.T.);
#2749=ORIENTED_EDGE('',*,*,#1821,.T.);
#2750=ORIENTED_EDGE('',*,*,#1851,.F.);
#2751=ORIENTED_EDGE('',*,*,#1928,.F.);
#2752=ORIENTED_EDGE('',*,*,#1850,.F.);
#2753=ORIENTED_EDGE('',*,*,#1929,.F.);
#2754=ORIENTED_EDGE('',*,*,#1924,.F.);
#2755=ORIENTED_EDGE('',*,*,#1857,.F.);
#2756=ORIENTED_EDGE('',*,*,#1930,.F.);
#2757=ORIENTED_EDGE('',*,*,#1930,.T.);
#2758=ORIENTED_EDGE('',*,*,#1715,.T.);
#2759=ORIENTED_EDGE('',*,*,#1928,.T.);
#2760=ORIENTED_EDGE('',*,*,#1918,.T.);
#2761=ORIENTED_EDGE('',*,*,#1914,.T.);
#2762=ORIENTED_EDGE('',*,*,#1919,.T.);
#2763=ORIENTED_EDGE('',*,*,#1929,.T.);
#2764=ORIENTED_EDGE('',*,*,#1921,.T.);
#2765=ORIENTED_EDGE('',*,*,#1846,.F.);
#2766=ORIENTED_EDGE('',*,*,#1906,.F.);
#2767=ORIENTED_EDGE('',*,*,#1837,.F.);
#2768=ORIENTED_EDGE('',*,*,#1830,.T.);
#2769=ORIENTED_EDGE('',*,*,#1931,.T.);
#2770=ORIENTED_EDGE('',*,*,#1847,.F.);
#2771=ORIENTED_EDGE('',*,*,#1931,.F.);
#2772=ORIENTED_EDGE('',*,*,#1829,.T.);
#2773=ORIENTED_EDGE('',*,*,#1920,.T.);
#2774=CYLINDRICAL_SURFACE('',#2996,0.2);
#2775=CYLINDRICAL_SURFACE('',#3000,0.2);
#2776=CYLINDRICAL_SURFACE('',#3004,0.6);
#2777=CYLINDRICAL_SURFACE('',#3008,0.6);
#2778=CYLINDRICAL_SURFACE('',#3012,0.3);
#2779=CYLINDRICAL_SURFACE('',#3016,0.3);
#2780=CYLINDRICAL_SURFACE('',#3036,2.09999999999999);
#2781=CYLINDRICAL_SURFACE('',#3040,2.1);
#2782=CYLINDRICAL_SURFACE('',#3069,1.5);
#2783=CYLINDRICAL_SURFACE('',#3078,1.5);
#2784=CYLINDRICAL_SURFACE('',#3087,1.5);
#2785=CYLINDRICAL_SURFACE('',#3096,1.5);
#2786=CYLINDRICAL_SURFACE('',#3105,1.5);
#2787=CYLINDRICAL_SURFACE('',#3114,1.5);
#2788=CYLINDRICAL_SURFACE('',#3166,1.5);
#2789=CYLINDRICAL_SURFACE('',#3167,1.5);
#2790=CYLINDRICAL_SURFACE('',#3168,1.5);
#2791=CYLINDRICAL_SURFACE('',#3169,1.5);
#2792=CYLINDRICAL_SURFACE('',#3170,1.5);
#2793=CYLINDRICAL_SURFACE('',#3171,1.5);
#2794=CYLINDRICAL_SURFACE('',#3185,2.10000000000001);
#2795=CYLINDRICAL_SURFACE('',#3188,2.10000000000001);
#2796=CYLINDRICAL_SURFACE('',#3190,8.);
#2797=CYLINDRICAL_SURFACE('',#3197,8.);
#2798=CYLINDRICAL_SURFACE('',#3199,8.);
#2799=CYLINDRICAL_SURFACE('',#3205,8.);
#2800=CYLINDRICAL_SURFACE('',#3208,6.);
#2801=CYLINDRICAL_SURFACE('',#3212,6.);
#2802=CYLINDRICAL_SURFACE('',#3214,6.);
#2803=CYLINDRICAL_SURFACE('',#3237,8.);
#2804=CYLINDRICAL_SURFACE('',#3238,8.);
#2805=CYLINDRICAL_SURFACE('',#3241,3.00000000000001);
#2806=CYLINDRICAL_SURFACE('',#3245,8.);
#2807=CYLINDRICAL_SURFACE('',#3247,3.);
#2808=CYLINDRICAL_SURFACE('',#3253,1.6);
#2809=CYLINDRICAL_SURFACE('',#3258,1.60000000000001);
#2810=CYLINDRICAL_SURFACE('',#3261,6.);
#2811=CYLINDRICAL_SURFACE('',#3263,5.50000000000001);
#2812=CYLINDRICAL_SURFACE('',#3268,8.);
#2813=CYLINDRICAL_SURFACE('',#3276,6.);
#2814=CYLINDRICAL_SURFACE('',#3277,6.);
#2815=ADVANCED_FACE('',(#195),#2774,.F.);
#2816=ADVANCED_FACE('',(#196),#107,.F.);
#2817=ADVANCED_FACE('',(#197),#2775,.F.);
#2818=ADVANCED_FACE('',(#198),#108,.F.);
#2819=ADVANCED_FACE('',(#199),#2776,.F.);
#2820=ADVANCED_FACE('',(#200),#109,.F.);
#2821=ADVANCED_FACE('',(#201),#2777,.F.);
#2822=ADVANCED_FACE('',(#202),#110,.F.);
#2823=ADVANCED_FACE('',(#203),#2778,.F.);
#2824=ADVANCED_FACE('',(#204),#111,.F.);
#2825=ADVANCED_FACE('',(#205),#2779,.F.);
#2826=ADVANCED_FACE('',(#206),#112,.F.);
#2827=ADVANCED_FACE('',(#207),#113,.F.);
#2828=ADVANCED_FACE('',(#208),#114,.F.);
#2829=ADVANCED_FACE('',(#209),#115,.F.);
#2830=ADVANCED_FACE('',(#210),#116,.F.);
#2831=ADVANCED_FACE('',(#211),#117,.F.);
#2832=ADVANCED_FACE('',(#212),#118,.F.);
#2833=ADVANCED_FACE('',(#213),#119,.T.);
#2834=ADVANCED_FACE('',(#214),#120,.T.);
#2835=ADVANCED_FACE('',(#215,#73),#121,.T.);
#2836=ADVANCED_FACE('',(#216),#122,.T.);
#2837=ADVANCED_FACE('',(#217),#123,.F.);
#2838=ADVANCED_FACE('',(#218,#74),#124,.T.);
#2839=ADVANCED_FACE('',(#219),#45,.F.);
#2840=ADVANCED_FACE('',(#220),#2780,.F.);
#2841=ADVANCED_FACE('',(#221),#46,.F.);
#2842=ADVANCED_FACE('',(#222),#2781,.F.);
#2843=ADVANCED_FACE('',(#223),#125,.T.);
#2844=ADVANCED_FACE('',(#224),#126,.F.);
#2845=ADVANCED_FACE('',(#225),#127,.T.);
#2846=ADVANCED_FACE('',(#226,#75),#128,.F.);
#2847=ADVANCED_FACE('',(#227),#129,.T.);
#2848=ADVANCED_FACE('',(#228,#76),#130,.F.);
#2849=ADVANCED_FACE('',(#229,#77,#78,#79,#80,#81,#82,#83,#84,#85,#86),#131,
 .T.);
#2850=ADVANCED_FACE('',(#230),#47,.F.);
#2851=ADVANCED_FACE('',(#231),#132,.T.);
#2852=ADVANCED_FACE('',(#232),#48,.F.);
#2853=ADVANCED_FACE('',(#233),#133,.T.);
#2854=ADVANCED_FACE('',(#234),#134,.F.);
#2855=ADVANCED_FACE('',(#235),#2782,.F.);
#2856=ADVANCED_FACE('',(#236),#49,.F.);
#2857=ADVANCED_FACE('',(#237),#135,.T.);
#2858=ADVANCED_FACE('',(#238),#50,.F.);
#2859=ADVANCED_FACE('',(#239),#136,.T.);
#2860=ADVANCED_FACE('',(#240),#137,.F.);
#2861=ADVANCED_FACE('',(#241),#2783,.F.);
#2862=ADVANCED_FACE('',(#242),#51,.F.);
#2863=ADVANCED_FACE('',(#243),#138,.T.);
#2864=ADVANCED_FACE('',(#244),#52,.F.);
#2865=ADVANCED_FACE('',(#245),#139,.T.);
#2866=ADVANCED_FACE('',(#246),#140,.F.);
#2867=ADVANCED_FACE('',(#247),#2784,.F.);
#2868=ADVANCED_FACE('',(#248),#53,.F.);
#2869=ADVANCED_FACE('',(#249),#141,.T.);
#2870=ADVANCED_FACE('',(#250),#54,.F.);
#2871=ADVANCED_FACE('',(#251),#142,.T.);
#2872=ADVANCED_FACE('',(#252),#143,.F.);
#2873=ADVANCED_FACE('',(#253),#2785,.F.);
#2874=ADVANCED_FACE('',(#254),#55,.F.);
#2875=ADVANCED_FACE('',(#255),#144,.T.);
#2876=ADVANCED_FACE('',(#256),#56,.F.);
#2877=ADVANCED_FACE('',(#257),#145,.T.);
#2878=ADVANCED_FACE('',(#258),#146,.F.);
#2879=ADVANCED_FACE('',(#259),#2786,.F.);
#2880=ADVANCED_FACE('',(#260),#57,.F.);
#2881=ADVANCED_FACE('',(#261),#147,.T.);
#2882=ADVANCED_FACE('',(#262),#58,.F.);
#2883=ADVANCED_FACE('',(#263),#148,.T.);
#2884=ADVANCED_FACE('',(#264),#149,.F.);
#2885=ADVANCED_FACE('',(#265),#2787,.F.);
#2886=ADVANCED_FACE('',(#266,#87,#88,#89,#90,#91,#92,#93,#94,#95,#96),#150,
 .F.);
#2887=ADVANCED_FACE('',(#267),#59,.F.);
#2888=ADVANCED_FACE('',(#268),#151,.T.);
#2889=ADVANCED_FACE('',(#269),#60,.F.);
#2890=ADVANCED_FACE('',(#270),#152,.T.);
#2891=ADVANCED_FACE('',(#271),#153,.F.);
#2892=ADVANCED_FACE('',(#272),#61,.F.);
#2893=ADVANCED_FACE('',(#273),#154,.T.);
#2894=ADVANCED_FACE('',(#274),#62,.F.);
#2895=ADVANCED_FACE('',(#275),#155,.T.);
#2896=ADVANCED_FACE('',(#276),#156,.F.);
#2897=ADVANCED_FACE('',(#277),#63,.F.);
#2898=ADVANCED_FACE('',(#278),#157,.T.);
#2899=ADVANCED_FACE('',(#279),#64,.F.);
#2900=ADVANCED_FACE('',(#280),#158,.T.);
#2901=ADVANCED_FACE('',(#281),#159,.F.);
#2902=ADVANCED_FACE('',(#282),#65,.F.);
#2903=ADVANCED_FACE('',(#283),#160,.T.);
#2904=ADVANCED_FACE('',(#284),#66,.F.);
#2905=ADVANCED_FACE('',(#285),#161,.T.);
#2906=ADVANCED_FACE('',(#286),#162,.F.);
#2907=ADVANCED_FACE('',(#287),#67,.F.);
#2908=ADVANCED_FACE('',(#288),#163,.T.);
#2909=ADVANCED_FACE('',(#289),#68,.F.);
#2910=ADVANCED_FACE('',(#290),#164,.T.);
#2911=ADVANCED_FACE('',(#291),#165,.F.);
#2912=ADVANCED_FACE('',(#292),#69,.F.);
#2913=ADVANCED_FACE('',(#293),#166,.T.);
#2914=ADVANCED_FACE('',(#294),#70,.F.);
#2915=ADVANCED_FACE('',(#295),#167,.T.);
#2916=ADVANCED_FACE('',(#296),#168,.F.);
#2917=ADVANCED_FACE('',(#297),#2788,.F.);
#2918=ADVANCED_FACE('',(#298),#2789,.F.);
#2919=ADVANCED_FACE('',(#299),#2790,.F.);
#2920=ADVANCED_FACE('',(#300),#2791,.F.);
#2921=ADVANCED_FACE('',(#301),#2792,.F.);
#2922=ADVANCED_FACE('',(#302),#2793,.F.);
#2923=ADVANCED_FACE('',(#303),#169,.T.);
#2924=ADVANCED_FACE('',(#304,#97,#98),#170,.F.);
#2925=ADVANCED_FACE('',(#305,#99),#171,.F.);
#2926=ADVANCED_FACE('',(#306),#172,.T.);
#2927=ADVANCED_FACE('',(#307),#173,.T.);
#2928=ADVANCED_FACE('',(#308),#71,.F.);
#2929=ADVANCED_FACE('',(#309),#2794,.F.);
#2930=ADVANCED_FACE('',(#310),#72,.F.);
#2931=ADVANCED_FACE('',(#311),#2795,.F.);
#2932=ADVANCED_FACE('',(#312),#2796,.T.);
#2933=ADVANCED_FACE('',(#313,#100,#101),#174,.T.);
#2934=ADVANCED_FACE('',(#314),#2797,.T.);
#2935=ADVANCED_FACE('',(#315),#2798,.T.);
#2936=ADVANCED_FACE('',(#316,#102),#175,.F.);
#2937=ADVANCED_FACE('',(#317),#176,.T.);
#2938=ADVANCED_FACE('',(#318),#2799,.T.);
#2939=ADVANCED_FACE('',(#319),#2800,.F.);
#2940=ADVANCED_FACE('',(#320),#177,.T.);
#2941=ADVANCED_FACE('',(#321,#103),#178,.F.);
#2942=ADVANCED_FACE('',(#322),#2801,.F.);
#2943=ADVANCED_FACE('',(#323),#2802,.F.);
#2944=ADVANCED_FACE('',(#324),#179,.T.);
#2945=ADVANCED_FACE('',(#325),#180,.F.);
#2946=ADVANCED_FACE('',(#326),#39,.T.);
#2947=ADVANCED_FACE('',(#327),#181,.T.);
#2948=ADVANCED_FACE('',(#328),#40,.T.);
#2949=ADVANCED_FACE('',(#329),#35,.F.);
#2950=ADVANCED_FACE('',(#330),#36,.F.);
#2951=ADVANCED_FACE('',(#331),#2803,.T.);
#2952=ADVANCED_FACE('',(#332),#37,.F.);
#2953=ADVANCED_FACE('',(#333),#2804,.T.);
#2954=ADVANCED_FACE('',(#334),#182,.F.);
#2955=ADVANCED_FACE('',(#335),#2805,.F.);
#2956=ADVANCED_FACE('',(#336),#38,.F.);
#2957=ADVANCED_FACE('',(#337),#183,.F.);
#2958=ADVANCED_FACE('',(#338),#184,.F.);
#2959=ADVANCED_FACE('',(#339),#2806,.T.);
#2960=ADVANCED_FACE('',(#340),#2807,.F.);
#2961=ADVANCED_FACE('',(#341,#104),#185,.F.);
#2962=ADVANCED_FACE('',(#342,#105),#186,.F.);
#2963=ADVANCED_FACE('',(#343),#2808,.F.);
#2964=ADVANCED_FACE('',(#344),#187,.T.);
#2965=ADVANCED_FACE('',(#345),#188,.T.);
#2966=ADVANCED_FACE('',(#346,#106),#189,.F.);
#2967=ADVANCED_FACE('',(#347),#2809,.F.);
#2968=ADVANCED_FACE('',(#348),#190,.T.);
#2969=ADVANCED_FACE('',(#349),#2810,.F.);
#2970=ADVANCED_FACE('',(#350),#2811,.F.);
#2971=ADVANCED_FACE('',(#351),#41,.T.);
#2972=ADVANCED_FACE('',(#352),#42,.T.);
#2973=ADVANCED_FACE('',(#353),#2812,.T.);
#2974=ADVANCED_FACE('',(#354),#191,.T.);
#2975=ADVANCED_FACE('',(#355),#192,.T.);
#2976=ADVANCED_FACE('',(#356),#43,.F.);
#2977=ADVANCED_FACE('',(#357),#44,.F.);
#2978=ADVANCED_FACE('',(#358),#2813,.F.);
#2979=ADVANCED_FACE('',(#359),#2814,.F.);
#2980=ADVANCED_FACE('',(#360),#193,.T.);
#2981=ADVANCED_FACE('',(#361),#194,.T.);
#2982=CLOSED_SHELL('',(#2815,#2816,#2817,#2818,#2819,#2820,#2821,#2822,
#2823,#2824,#2825,#2826,#2827,#2828,#2829,#2830,#2831,#2832,#2833,#2834,
#2835,#2836,#2837,#2838,#2839,#2840,#2841,#2842,#2843,#2844,#2845,#2846,
#2847,#2848,#2849,#2850,#2851,#2852,#2853,#2854,#2855,#2856,#2857,#2858,
#2859,#2860,#2861,#2862,#2863,#2864,#2865,#2866,#2867,#2868,#2869,#2870,
#2871,#2872,#2873,#2874,#2875,#2876,#2877,#2878,#2879,#2880,#2881,#2882,
#2883,#2884,#2885,#2886,#2887,#2888,#2889,#2890,#2891,#2892,#2893,#2894,
#2895,#2896,#2897,#2898,#2899,#2900,#2901,#2902,#2903,#2904,#2905,#2906,
#2907,#2908,#2909,#2910,#2911,#2912,#2913,#2914,#2915,#2916,#2917,#2918,
#2919,#2920,#2921,#2922,#2923,#2924,#2925,#2926,#2927,#2928,#2929,#2930,
#2931,#2932,#2933,#2934,#2935,#2936,#2937,#2938,#2939,#2940,#2941,#2942,
#2943,#2944,#2945,#2946,#2947,#2948,#2949,#2950,#2951,#2952,#2953,#2954,
#2955,#2956,#2957,#2958,#2959,#2960,#2961,#2962,#2963,#2964,#2965,#2966,
#2967,#2968,#2969,#2970,#2971,#2972,#2973,#2974,#2975,#2976,#2977,#2978,
#2979,#2980,#2981));
#2983=DERIVED_UNIT_ELEMENT(#2985,1.);
#2984=DERIVED_UNIT_ELEMENT(#5564,-3.);
#2985=(
MASS_UNIT()
NAMED_UNIT(*)
SI_UNIT(.KILO.,.GRAM.)
);
#2986=DERIVED_UNIT((#2983,#2984));
#2987=MEASURE_REPRESENTATION_ITEM('density measure',
POSITIVE_RATIO_MEASURE(1060.),#2986);
#2988=PROPERTY_DEFINITION_REPRESENTATION(#2993,#2990);
#2989=PROPERTY_DEFINITION_REPRESENTATION(#2994,#2991);
#2990=REPRESENTATION('material name',(#2992),#5561);
#2991=REPRESENTATION('density',(#2987),#5561);
#2992=DESCRIPTIVE_REPRESENTATION_ITEM('ABS Plastic','ABS Plastic');
#2993=PROPERTY_DEFINITION('material property','material name',#5571);
#2994=PROPERTY_DEFINITION('material property','density of part',#5571);
#2995=AXIS2_PLACEMENT_3D('',#4139,#3280,#3281);
#2996=AXIS2_PLACEMENT_3D('',#4140,#3282,#3283);
#2997=AXIS2_PLACEMENT_3D('',#4143,#3284,#3285);
#2998=AXIS2_PLACEMENT_3D('',#4147,#3287,#3288);
#2999=AXIS2_PLACEMENT_3D('',#4149,#3290,#3291);
#3000=AXIS2_PLACEMENT_3D('',#4155,#3295,#3296);
#3001=AXIS2_PLACEMENT_3D('',#4157,#3297,#3298);
#3002=AXIS2_PLACEMENT_3D('',#4160,#3300,#3301);
#3003=AXIS2_PLACEMENT_3D('',#4161,#3302,#3303);
#3004=AXIS2_PLACEMENT_3D('',#4167,#3307,#3308);
#3005=AXIS2_PLACEMENT_3D('',#4170,#3309,#3310);
#3006=AXIS2_PLACEMENT_3D('',#4174,#3312,#3313);
#3007=AXIS2_PLACEMENT_3D('',#4176,#3315,#3316);
#3008=AXIS2_PLACEMENT_3D('',#4182,#3320,#3321);
#3009=AXIS2_PLACEMENT_3D('',#4184,#3322,#3323);
#3010=AXIS2_PLACEMENT_3D('',#4187,#3325,#3326);
#3011=AXIS2_PLACEMENT_3D('',#4188,#3327,#3328);
#3012=AXIS2_PLACEMENT_3D('',#4194,#3332,#3333);
#3013=AXIS2_PLACEMENT_3D('',#4197,#3334,#3335);
#3014=AXIS2_PLACEMENT_3D('',#4201,#3337,#3338);
#3015=AXIS2_PLACEMENT_3D('',#4203,#3340,#3341);
#3016=AXIS2_PLACEMENT_3D('',#4209,#3345,#3346);
#3017=AXIS2_PLACEMENT_3D('',#4212,#3347,#3348);
#3018=AXIS2_PLACEMENT_3D('',#4216,#3350,#3351);
#3019=AXIS2_PLACEMENT_3D('',#4218,#3353,#3354);
#3020=AXIS2_PLACEMENT_3D('',#4221,#3357,#3358);
#3021=AXIS2_PLACEMENT_3D('',#4227,#3362,#3363);
#3022=AXIS2_PLACEMENT_3D('',#4233,#3367,#3368);
#3023=AXIS2_PLACEMENT_3D('',#4239,#3372,#3373);
#3024=AXIS2_PLACEMENT_3D('',#4242,#3376,#3377);
#3025=AXIS2_PLACEMENT_3D('',#4245,#3380,#3381);
#3026=AXIS2_PLACEMENT_3D('',#4248,#3384,#3385);
#3027=AXIS2_PLACEMENT_3D('',#4257,#3390,#3391);
#3028=AXIS2_PLACEMENT_3D('',#4263,#3395,#3396);
#3029=AXIS2_PLACEMENT_3D('',#4270,#3400,#3401);
#3030=AXIS2_PLACEMENT_3D('',#4271,#3402,#3403);
#3031=AXIS2_PLACEMENT_3D('',#4280,#3408,#3409);
#3032=AXIS2_PLACEMENT_3D('',#4286,#3413,#3414);
#3033=AXIS2_PLACEMENT_3D('',#4293,#3418,#3419);
#3034=AXIS2_PLACEMENT_3D('',#4294,#3420,#3421);
#3035=AXIS2_PLACEMENT_3D('',#4297,#3423,#3424);
#3036=AXIS2_PLACEMENT_3D('',#4298,#3425,#3426);
#3037=AXIS2_PLACEMENT_3D('',#4300,#3427,#3428);
#3038=AXIS2_PLACEMENT_3D('',#4302,#3430,#3431);
#3039=AXIS2_PLACEMENT_3D('',#4305,#3433,#3434);
#3040=AXIS2_PLACEMENT_3D('',#4306,#3435,#3436);
#3041=AXIS2_PLACEMENT_3D('',#4308,#3437,#3438);
#3042=AXIS2_PLACEMENT_3D('',#4310,#3440,#3441);
#3043=AXIS2_PLACEMENT_3D('',#4314,#3444,#3445);
#3044=AXIS2_PLACEMENT_3D('',#4318,#3448,#3449);
#3045=AXIS2_PLACEMENT_3D('',#4322,#3452,#3453);
#3046=AXIS2_PLACEMENT_3D('',#4324,#3455,#3456);
#3047=AXIS2_PLACEMENT_3D('',#4328,#3459,#3460);
#3048=AXIS2_PLACEMENT_3D('',#4330,#3462,#3463);
#3049=AXIS2_PLACEMENT_3D('',#4341,#3468,#3469);
#3050=AXIS2_PLACEMENT_3D('',#4345,#3471,#3472);
#3051=AXIS2_PLACEMENT_3D('',#4349,#3474,#3475);
#3052=AXIS2_PLACEMENT_3D('',#4353,#3477,#3478);
#3053=AXIS2_PLACEMENT_3D('',#4357,#3480,#3481);
#3054=AXIS2_PLACEMENT_3D('',#4361,#3483,#3484);
#3055=AXIS2_PLACEMENT_3D('',#4364,#3486,#3487);
#3056=AXIS2_PLACEMENT_3D('',#4367,#3488,#3489);
#3057=AXIS2_PLACEMENT_3D('',#4371,#3491,#3492);
#3058=AXIS2_PLACEMENT_3D('',#4375,#3494,#3495);
#3059=AXIS2_PLACEMENT_3D('',#4379,#3497,#3498);
#3060=AXIS2_PLACEMENT_3D('',#4383,#3500,#3501);
#3061=AXIS2_PLACEMENT_3D('',#4387,#3503,#3504);
#3062=AXIS2_PLACEMENT_3D('',#4389,#3506,#3507);
#3063=AXIS2_PLACEMENT_3D('',#4394,#3510,#3511);
#3064=AXIS2_PLACEMENT_3D('',#4395,#3512,#3513);
#3065=AXIS2_PLACEMENT_3D('',#4399,#3516,#3517);
#3066=AXIS2_PLACEMENT_3D('',#4402,#3519,#3520);
#3067=AXIS2_PLACEMENT_3D('',#4403,#3521,#3522);
#3068=AXIS2_PLACEMENT_3D('',#4405,#3524,#3525);
#3069=AXIS2_PLACEMENT_3D('',#4411,#3529,#3530);
#3070=AXIS2_PLACEMENT_3D('',#4414,#3532,#3533);
#3071=AXIS2_PLACEMENT_3D('',#4415,#3534,#3535);
#3072=AXIS2_PLACEMENT_3D('',#4420,#3538,#3539);
#3073=AXIS2_PLACEMENT_3D('',#4421,#3540,#3541);
#3074=AXIS2_PLACEMENT_3D('',#4425,#3544,#3545);
#3075=AXIS2_PLACEMENT_3D('',#4428,#3547,#3548);
#3076=AXIS2_PLACEMENT_3D('',#4429,#3549,#3550);
#3077=AXIS2_PLACEMENT_3D('',#4431,#3552,#3553);
#3078=AXIS2_PLACEMENT_3D('',#4437,#3557,#3558);
#3079=AXIS2_PLACEMENT_3D('',#4440,#3560,#3561);
#3080=AXIS2_PLACEMENT_3D('',#4441,#3562,#3563);
#3081=AXIS2_PLACEMENT_3D('',#4446,#3566,#3567);
#3082=AXIS2_PLACEMENT_3D('',#4447,#3568,#3569);
#3083=AXIS2_PLACEMENT_3D('',#4451,#3572,#3573);
#3084=AXIS2_PLACEMENT_3D('',#4454,#3575,#3576);
#3085=AXIS2_PLACEMENT_3D('',#4455,#3577,#3578);
#3086=AXIS2_PLACEMENT_3D('',#4457,#3580,#3581);
#3087=AXIS2_PLACEMENT_3D('',#4463,#3585,#3586);
#3088=AXIS2_PLACEMENT_3D('',#4466,#3588,#3589);
#3089=AXIS2_PLACEMENT_3D('',#4467,#3590,#3591);
#3090=AXIS2_PLACEMENT_3D('',#4472,#3594,#3595);
#3091=AXIS2_PLACEMENT_3D('',#4473,#3596,#3597);
#3092=AXIS2_PLACEMENT_3D('',#4477,#3600,#3601);
#3093=AXIS2_PLACEMENT_3D('',#4480,#3603,#3604);
#3094=AXIS2_PLACEMENT_3D('',#4481,#3605,#3606);
#3095=AXIS2_PLACEMENT_3D('',#4483,#3608,#3609);
#3096=AXIS2_PLACEMENT_3D('',#4489,#3613,#3614);
#3097=AXIS2_PLACEMENT_3D('',#4492,#3616,#3617);
#3098=AXIS2_PLACEMENT_3D('',#4493,#3618,#3619);
#3099=AXIS2_PLACEMENT_3D('',#4498,#3622,#3623);
#3100=AXIS2_PLACEMENT_3D('',#4499,#3624,#3625);
#3101=AXIS2_PLACEMENT_3D('',#4503,#3628,#3629);
#3102=AXIS2_PLACEMENT_3D('',#4506,#3631,#3632);
#3103=AXIS2_PLACEMENT_3D('',#4507,#3633,#3634);
#3104=AXIS2_PLACEMENT_3D('',#4509,#3636,#3637);
#3105=AXIS2_PLACEMENT_3D('',#4515,#3641,#3642);
#3106=AXIS2_PLACEMENT_3D('',#4518,#3644,#3645);
#3107=AXIS2_PLACEMENT_3D('',#4519,#3646,#3647);
#3108=AXIS2_PLACEMENT_3D('',#4524,#3650,#3651);
#3109=AXIS2_PLACEMENT_3D('',#4525,#3652,#3653);
#3110=AXIS2_PLACEMENT_3D('',#4529,#3656,#3657);
#3111=AXIS2_PLACEMENT_3D('',#4532,#3659,#3660);
#3112=AXIS2_PLACEMENT_3D('',#4533,#3661,#3662);
#3113=AXIS2_PLACEMENT_3D('',#4535,#3664,#3665);
#3114=AXIS2_PLACEMENT_3D('',#4541,#3669,#3670);
#3115=AXIS2_PLACEMENT_3D('',#4544,#3672,#3673);
#3116=AXIS2_PLACEMENT_3D('',#4545,#3674,#3675);
#3117=AXIS2_PLACEMENT_3D('',#4564,#3684,#3685);
#3118=AXIS2_PLACEMENT_3D('',#4568,#3687,#3688);
#3119=AXIS2_PLACEMENT_3D('',#4572,#3690,#3691);
#3120=AXIS2_PLACEMENT_3D('',#4576,#3693,#3694);
#3121=AXIS2_PLACEMENT_3D('',#4580,#3696,#3697);
#3122=AXIS2_PLACEMENT_3D('',#4584,#3699,#3700);
#3123=AXIS2_PLACEMENT_3D('',#4587,#3702,#3703);
#3124=AXIS2_PLACEMENT_3D('',#4590,#3704,#3705);
#3125=AXIS2_PLACEMENT_3D('',#4594,#3707,#3708);
#3126=AXIS2_PLACEMENT_3D('',#4598,#3710,#3711);
#3127=AXIS2_PLACEMENT_3D('',#4602,#3713,#3714);
#3128=AXIS2_PLACEMENT_3D('',#4606,#3716,#3717);
#3129=AXIS2_PLACEMENT_3D('',#4610,#3719,#3720);
#3130=AXIS2_PLACEMENT_3D('',#4612,#3722,#3723);
#3131=AXIS2_PLACEMENT_3D('',#4615,#3726,#3727);
#3132=AXIS2_PLACEMENT_3D('',#4619,#3730,#3731);
#3133=AXIS2_PLACEMENT_3D('',#4621,#3733,#3734);
#3134=AXIS2_PLACEMENT_3D('',#4622,#3735,#3736);
#3135=AXIS2_PLACEMENT_3D('',#4623,#3737,#3738);
#3136=AXIS2_PLACEMENT_3D('',#4625,#3740,#3741);
#3137=AXIS2_PLACEMENT_3D('',#4628,#3744,#3745);
#3138=AXIS2_PLACEMENT_3D('',#4632,#3748,#3749);
#3139=AXIS2_PLACEMENT_3D('',#4634,#3751,#3752);
#3140=AXIS2_PLACEMENT_3D('',#4635,#3753,#3754);
#3141=AXIS2_PLACEMENT_3D('',#4636,#3755,#3756);
#3142=AXIS2_PLACEMENT_3D('',#4638,#3758,#3759);
#3143=AXIS2_PLACEMENT_3D('',#4641,#3762,#3763);
#3144=AXIS2_PLACEMENT_3D('',#4645,#3766,#3767);
#3145=AXIS2_PLACEMENT_3D('',#4647,#3769,#3770);
#3146=AXIS2_PLACEMENT_3D('',#4648,#3771,#3772);
#3147=AXIS2_PLACEMENT_3D('',#4649,#3773,#3774);
#3148=AXIS2_PLACEMENT_3D('',#4651,#3776,#3777);
#3149=AXIS2_PLACEMENT_3D('',#4654,#3780,#3781);
#3150=AXIS2_PLACEMENT_3D('',#4658,#3784,#3785);
#3151=AXIS2_PLACEMENT_3D('',#4660,#3787,#3788);
#3152=AXIS2_PLACEMENT_3D('',#4661,#3789,#3790);
#3153=AXIS2_PLACEMENT_3D('',#4662,#3791,#3792);
#3154=AXIS2_PLACEMENT_3D('',#4664,#3794,#3795);
#3155=AXIS2_PLACEMENT_3D('',#4667,#3798,#3799);
#3156=AXIS2_PLACEMENT_3D('',#4671,#3802,#3803);
#3157=AXIS2_PLACEMENT_3D('',#4673,#3805,#3806);
#3158=AXIS2_PLACEMENT_3D('',#4674,#3807,#3808);
#3159=AXIS2_PLACEMENT_3D('',#4675,#3809,#3810);
#3160=AXIS2_PLACEMENT_3D('',#4677,#3812,#3813);
#3161=AXIS2_PLACEMENT_3D('',#4680,#3816,#3817);
#3162=AXIS2_PLACEMENT_3D('',#4684,#3820,#3821);
#3163=AXIS2_PLACEMENT_3D('',#4686,#3823,#3824);
#3164=AXIS2_PLACEMENT_3D('',#4687,#3825,#3826);
#3165=AXIS2_PLACEMENT_3D('',#4688,#3827,#3828);
#3166=AXIS2_PLACEMENT_3D('',#4690,#3830,#3831);
#3167=AXIS2_PLACEMENT_3D('',#4691,#3832,#3833);
#3168=AXIS2_PLACEMENT_3D('',#4692,#3834,#3835);
#3169=AXIS2_PLACEMENT_3D('',#4693,#3836,#3837);
#3170=AXIS2_PLACEMENT_3D('',#4694,#3838,#3839);
#3171=AXIS2_PLACEMENT_3D('',#4695,#3840,#3841);
#3172=AXIS2_PLACEMENT_3D('',#4696,#3842,#3843);
#3173=AXIS2_PLACEMENT_3D('',#4702,#3847,#3848);
#3174=AXIS2_PLACEMENT_3D('',#4709,#3852,#3853);
#3175=AXIS2_PLACEMENT_3D('',#4711,#3854,#3855);
#3176=AXIS2_PLACEMENT_3D('',#4720,#3860,#3861);
#3177=AXIS2_PLACEMENT_3D('',#4722,#3862,#3863);
#3178=AXIS2_PLACEMENT_3D('',#4723,#3864,#3865);
#3179=AXIS2_PLACEMENT_3D('',#4725,#3866,#3867);
#3180=AXIS2_PLACEMENT_3D('',#4730,#3870,#3871);
#3181=AXIS2_PLACEMENT_3D('',#4731,#3872,#3873);
#3182=AXIS2_PLACEMENT_3D('',#4733,#3875,#3876);
#3183=AXIS2_PLACEMENT_3D('',#4739,#3880,#3881);
#3184=AXIS2_PLACEMENT_3D('',#4742,#3883,#3884);
#3185=AXIS2_PLACEMENT_3D('',#4743,#3885,#3886);
#3186=AXIS2_PLACEMENT_3D('',#4745,#3888,#3889);
#3187=AXIS2_PLACEMENT_3D('',#4748,#3891,#3892);
#3188=AXIS2_PLACEMENT_3D('',#4749,#3893,#3894);
#3189=AXIS2_PLACEMENT_3D('',#4751,#3895,#3896);
#3190=AXIS2_PLACEMENT_3D('',#4753,#3898,#3899);
#3191=AXIS2_PLACEMENT_3D('',#4756,#3900,#3901);
#3192=AXIS2_PLACEMENT_3D('',#4760,#3903,#3904);
#3193=AXIS2_PLACEMENT_3D('',#4762,#3906,#3907);
#3194=AXIS2_PLACEMENT_3D('',#4786,#3919,#3920);
#3195=AXIS2_PLACEMENT_3D('',#4789,#3922,#3923);
#3196=AXIS2_PLACEMENT_3D('',#4791,#3924,#3925);
#3197=AXIS2_PLACEMENT_3D('',#4792,#3926,#3927);
#3198=AXIS2_PLACEMENT_3D('',#4795,#3928,#3929);
#3199=AXIS2_PLACEMENT_3D('',#4798,#3932,#3933);
#3200=AXIS2_PLACEMENT_3D('',#4802,#3935,#3936);
#3201=AXIS2_PLACEMENT_3D('',#4805,#3938,#3939);
#3202=AXIS2_PLACEMENT_3D('',#4806,#3940,#3941);
#3203=AXIS2_PLACEMENT_3D('',#4809,#3943,#3944);
#3204=AXIS2_PLACEMENT_3D('',#4811,#3946,#3947);
#3205=AXIS2_PLACEMENT_3D('',#4812,#3948,#3949);
#3206=AXIS2_PLACEMENT_3D('',#4814,#3950,#3951);
#3207=AXIS2_PLACEMENT_3D('',#4818,#3953,#3954);
#3208=AXIS2_PLACEMENT_3D('',#4820,#3956,#3957);
#3209=AXIS2_PLACEMENT_3D('',#4823,#3959,#3960);
#3210=AXIS2_PLACEMENT_3D('',#4824,#3961,#3962);
#3211=AXIS2_PLACEMENT_3D('',#4827,#3965,#3966);
#3212=AXIS2_PLACEMENT_3D('',#4834,#3971,#3972);
#3213=AXIS2_PLACEMENT_3D('',#4835,#3973,#3974);
#3214=AXIS2_PLACEMENT_3D('',#4836,#3975,#3976);
#3215=AXIS2_PLACEMENT_3D('',#4839,#3977,#3978);
#3216=AXIS2_PLACEMENT_3D('',#4843,#3980,#3981);
#3217=AXIS2_PLACEMENT_3D('',#4845,#3983,#3984);
#3218=AXIS2_PLACEMENT_3D('',#4850,#3988,#3989);
#3219=AXIS2_PLACEMENT_3D('',#4852,#3991,#3992);
#3220=AXIS2_PLACEMENT_3D('',#4854,#3993,#3994);
#3221=AXIS2_PLACEMENT_3D('',#4855,#3995,#3996);
#3222=AXIS2_PLACEMENT_3D('',#4856,#3997,#3998);
#3223=AXIS2_PLACEMENT_3D('',#4860,#4001,#4002);
#3224=AXIS2_PLACEMENT_3D('',#4862,#4003,#4004);
#3225=AXIS2_PLACEMENT_3D('',#4863,#4005,#4006);
#3226=AXIS2_PLACEMENT_3D('',#4958,#4007,#4008);
#3227=AXIS2_PLACEMENT_3D('',#4960,#4009,#4010);
#3228=AXIS2_PLACEMENT_3D('',#4962,#4011,#4012);
#3229=AXIS2_PLACEMENT_3D('',#4964,#4013,#4014);
#3230=AXIS2_PLACEMENT_3D('',#4966,#4015,#4016);
#3231=AXIS2_PLACEMENT_3D('',#4968,#4017,#4018);
#3232=AXIS2_PLACEMENT_3D('',#5119,#4019,#4020);
#3233=AXIS2_PLACEMENT_3D('',#5121,#4021,#4022);
#3234=AXIS2_PLACEMENT_3D('',#5123,#4023,#4024);
#3235=AXIS2_PLACEMENT_3D('',#5125,#4025,#4026);
#3236=AXIS2_PLACEMENT_3D('',#5127,#4027,#4028);
#3237=AXIS2_PLACEMENT_3D('',#5161,#4029,#4030);
#3238=AXIS2_PLACEMENT_3D('',#5319,#4035,#4036);
#3239=AXIS2_PLACEMENT_3D('',#5322,#4038,#4039);
#3240=AXIS2_PLACEMENT_3D('',#5324,#4041,#4042);
#3241=AXIS2_PLACEMENT_3D('',#5328,#4045,#4046);
#3242=AXIS2_PLACEMENT_3D('',#5330,#4047,#4048);
#3243=AXIS2_PLACEMENT_3D('',#5499,#4050,#4051);
#3244=AXIS2_PLACEMENT_3D('',#5501,#4053,#4054);
#3245=AXIS2_PLACEMENT_3D('',#5502,#4055,#4056);
#3246=AXIS2_PLACEMENT_3D('',#5504,#4058,#4059);
#3247=AXIS2_PLACEMENT_3D('',#5505,#4060,#4061);
#3248=AXIS2_PLACEMENT_3D('',#5507,#4062,#4063);
#3249=AXIS2_PLACEMENT_3D('',#5509,#4065,#4066);
#3250=AXIS2_PLACEMENT_3D('',#5511,#4067,#4068);
#3251=AXIS2_PLACEMENT_3D('',#5512,#4069,#4070);
#3252=AXIS2_PLACEMENT_3D('',#5514,#4071,#4072);
#3253=AXIS2_PLACEMENT_3D('',#5515,#4073,#4074);
#3254=AXIS2_PLACEMENT_3D('',#5517,#4076,#4077);
#3255=AXIS2_PLACEMENT_3D('',#5521,#4079,#4080);
#3256=AXIS2_PLACEMENT_3D('',#5523,#4082,#4083);
#3257=AXIS2_PLACEMENT_3D('',#5531,#4088,#4089);
#3258=AXIS2_PLACEMENT_3D('',#5534,#4092,#4093);
#3259=AXIS2_PLACEMENT_3D('',#5536,#4095,#4096);
#3260=AXIS2_PLACEMENT_3D('',#5537,#4097,#4098);
#3261=AXIS2_PLACEMENT_3D('',#5538,#4099,#4100);
#3262=AXIS2_PLACEMENT_3D('',#5539,#4101,#4102);
#3263=AXIS2_PLACEMENT_3D('',#5540,#4103,#4104);
#3264=AXIS2_PLACEMENT_3D('',#5542,#4106,#4107);
#3265=AXIS2_PLACEMENT_3D('',#5543,#4108,#4109);
#3266=AXIS2_PLACEMENT_3D('',#5544,#4110,#4111);
#3267=AXIS2_PLACEMENT_3D('',#5545,#4112,#4113);
#3268=AXIS2_PLACEMENT_3D('',#5546,#4114,#4115);
#3269=AXIS2_PLACEMENT_3D('',#5547,#4116,#4117);
#3270=AXIS2_PLACEMENT_3D('',#5548,#4118,#4119);
#3271=AXIS2_PLACEMENT_3D('',#5549,#4120,#4121);
#3272=AXIS2_PLACEMENT_3D('',#5550,#4122,#4123);
#3273=AXIS2_PLACEMENT_3D('',#5551,#4124,#4125);
#3274=AXIS2_PLACEMENT_3D('',#5552,#4126,#4127);
#3275=AXIS2_PLACEMENT_3D('',#5553,#4128,#4129);
#3276=AXIS2_PLACEMENT_3D('',#5554,#4130,#4131);
#3277=AXIS2_PLACEMENT_3D('',#5555,#4132,#4133);
#3278=AXIS2_PLACEMENT_3D('',#5556,#4134,#4135);
#3279=AXIS2_PLACEMENT_3D('',#5558,#4137,#4138);
#3280=DIRECTION('axis',(0.,0.,1.));
#3281=DIRECTION('refdir',(1.,0.,0.));
#3282=DIRECTION('center_axis',(0.,0.,-1.));
#3283=DIRECTION('ref_axis',(0.707106781186485,0.70710678118661,0.));
#3284=DIRECTION('center_axis',(0.,0.,1.));
#3285=DIRECTION('ref_axis',(0.707106781186485,0.70710678118661,0.));
#3286=DIRECTION('',(0.,0.,-1.));
#3287=DIRECTION('center_axis',(0.,0.,-1.));
#3288=DIRECTION('ref_axis',(0.707106781186485,0.70710678118661,0.));
#3289=DIRECTION('',(0.,0.,1.));
#3290=DIRECTION('center_axis',(0.,1.,0.));
#3291=DIRECTION('ref_axis',(1.,0.,0.));
#3292=DIRECTION('',(1.,0.,0.));
#3293=DIRECTION('',(0.,0.,1.));
#3294=DIRECTION('',(-1.,0.,0.));
#3295=DIRECTION('center_axis',(0.,0.,-1.));
#3296=DIRECTION('ref_axis',(-0.707106781186485,0.70710678118661,0.));
#3297=DIRECTION('center_axis',(0.,0.,1.));
#3298=DIRECTION('ref_axis',(-0.707106781186485,0.70710678118661,0.));
#3299=DIRECTION('',(0.,0.,-1.));
#3300=DIRECTION('center_axis',(0.,0.,-1.));
#3301=DIRECTION('ref_axis',(-0.707106781186485,0.70710678118661,0.));
#3302=DIRECTION('center_axis',(-1.,0.,0.));
#3303=DIRECTION('ref_axis',(0.,1.,0.));
#3304=DIRECTION('',(0.,1.,0.));
#3305=DIRECTION('',(0.,0.,-1.));
#3306=DIRECTION('',(0.,-1.,0.));
#3307=DIRECTION('center_axis',(0.,0.,-1.));
#3308=DIRECTION('ref_axis',(0.707106781186558,0.707106781186537,0.));
#3309=DIRECTION('center_axis',(0.,0.,1.));
#3310=DIRECTION('ref_axis',(0.707106781186558,0.707106781186537,0.));
#3311=DIRECTION('',(0.,0.,-1.));
#3312=DIRECTION('center_axis',(0.,0.,-1.));
#3313=DIRECTION('ref_axis',(0.707106781186558,0.707106781186537,0.));
#3314=DIRECTION('',(0.,0.,1.));
#3315=DIRECTION('center_axis',(0.,1.,0.));
#3316=DIRECTION('ref_axis',(1.,0.,0.));
#3317=DIRECTION('',(1.,0.,0.));
#3318=DIRECTION('',(0.,0.,1.));
#3319=DIRECTION('',(-1.,0.,0.));
#3320=DIRECTION('center_axis',(0.,0.,-1.));
#3321=DIRECTION('ref_axis',(-0.707106781186516,0.707106781186579,0.));
#3322=DIRECTION('center_axis',(0.,0.,1.));
#3323=DIRECTION('ref_axis',(-0.707106781186516,0.707106781186579,0.));
#3324=DIRECTION('',(0.,0.,-1.));
#3325=DIRECTION('center_axis',(0.,0.,-1.));
#3326=DIRECTION('ref_axis',(-0.707106781186516,0.707106781186579,0.));
#3327=DIRECTION('center_axis',(-1.,0.,0.));
#3328=DIRECTION('ref_axis',(0.,1.,0.));
#3329=DIRECTION('',(0.,1.,0.));
#3330=DIRECTION('',(0.,0.,-1.));
#3331=DIRECTION('',(0.,-1.,0.));
#3332=DIRECTION('center_axis',(0.,0.,-1.));
#3333=DIRECTION('ref_axis',(-0.707106781186568,0.707106781186527,0.));
#3334=DIRECTION('center_axis',(0.,0.,1.));
#3335=DIRECTION('ref_axis',(-0.707106781186568,0.707106781186527,0.));
#3336=DIRECTION('',(0.,0.,-1.));
#3337=DIRECTION('center_axis',(0.,0.,-1.));
#3338=DIRECTION('ref_axis',(-0.707106781186568,0.707106781186527,0.));
#3339=DIRECTION('',(0.,0.,1.));
#3340=DIRECTION('center_axis',(-1.,0.,0.));
#3341=DIRECTION('ref_axis',(0.,1.,0.));
#3342=DIRECTION('',(0.,1.,0.));
#3343=DIRECTION('',(0.,0.,-1.));
#3344=DIRECTION('',(0.,-1.,0.));
#3345=DIRECTION('center_axis',(0.,0.,-1.));
#3346=DIRECTION('ref_axis',(0.707106781186568,0.707106781186527,0.));
#3347=DIRECTION('center_axis',(0.,0.,1.));
#3348=DIRECTION('ref_axis',(0.707106781186568,0.707106781186527,0.));
#3349=DIRECTION('',(0.,0.,-1.));
#3350=DIRECTION('center_axis',(0.,0.,-1.));
#3351=DIRECTION('ref_axis',(0.707106781186568,0.707106781186527,0.));
#3352=DIRECTION('',(0.,0.,1.));
#3353=DIRECTION('center_axis',(0.,1.,0.));
#3354=DIRECTION('ref_axis',(1.,0.,0.));
#3355=DIRECTION('',(-1.,0.,0.));
#3356=DIRECTION('',(1.,0.,0.));
#3357=DIRECTION('center_axis',(0.,-1.,0.));
#3358=DIRECTION('ref_axis',(0.,0.,-1.));
#3359=DIRECTION('',(1.,0.,0.));
#3360=DIRECTION('',(-1.,0.,0.));
#3361=DIRECTION('',(0.,0.,1.));
#3362=DIRECTION('center_axis',(0.,-1.,0.));
#3363=DIRECTION('ref_axis',(0.,0.,-1.));
#3364=DIRECTION('',(1.,0.,0.));
#3365=DIRECTION('',(-1.,0.,0.));
#3366=DIRECTION('',(0.,0.,1.));
#3367=DIRECTION('center_axis',(0.,-1.,0.));
#3368=DIRECTION('ref_axis',(0.,0.,-1.));
#3369=DIRECTION('',(1.,0.,0.));
#3370=DIRECTION('',(-1.,0.,0.));
#3371=DIRECTION('',(0.,0.,1.));
#3372=DIRECTION('center_axis',(1.,0.,0.));
#3373=DIRECTION('ref_axis',(0.,-1.,0.));
#3374=DIRECTION('',(0.,1.,0.));
#3375=DIRECTION('',(0.,-1.,0.));
#3376=DIRECTION('center_axis',(1.,0.,0.));
#3377=DIRECTION('ref_axis',(0.,-1.,0.));
#3378=DIRECTION('',(0.,1.,0.));
#3379=DIRECTION('',(0.,-1.,0.));
#3380=DIRECTION('center_axis',(1.,0.,0.));
#3381=DIRECTION('ref_axis',(0.,-1.,0.));
#3382=DIRECTION('',(0.,1.,0.));
#3383=DIRECTION('',(0.,-1.,0.));
#3384=DIRECTION('center_axis',(0.707106781186547,0.,-0.707106781186548));
#3385=DIRECTION('ref_axis',(-0.707106781186548,0.,-0.707106781186547));
#3386=DIRECTION('',(-0.707106781186548,0.,-0.707106781186547));
#3387=DIRECTION('',(0.,1.,0.));
#3388=DIRECTION('',(0.707106781186548,0.,0.707106781186547));
#3389=DIRECTION('',(0.,-1.,0.));
#3390=DIRECTION('center_axis',(0.,0.,-1.));
#3391=DIRECTION('ref_axis',(-1.,0.,0.));
#3392=DIRECTION('',(-1.,0.,0.));
#3393=DIRECTION('',(2.60470287738539E-17,1.,0.));
#3394=DIRECTION('',(-1.,0.,0.));
#3395=DIRECTION('center_axis',(0.,-1.,0.));
#3396=DIRECTION('ref_axis',(1.,0.,0.));
#3397=DIRECTION('',(0.,0.,1.));
#3398=DIRECTION('',(1.,0.,0.));
#3399=DIRECTION('',(0.,0.,1.));
#3400=DIRECTION('center_axis',(0.,-1.,0.));
#3401=DIRECTION('ref_axis',(1.,0.,0.));
#3402=DIRECTION('center_axis',(-0.707106781186547,0.,-0.707106781186548));
#3403=DIRECTION('ref_axis',(-0.707106781186548,0.,0.707106781186547));
#3404=DIRECTION('',(0.707106781186548,0.,-0.707106781186547));
#3405=DIRECTION('',(0.,-1.,0.));
#3406=DIRECTION('',(-0.707106781186548,0.,0.707106781186547));
#3407=DIRECTION('',(0.,1.,0.));
#3408=DIRECTION('center_axis',(1.,0.,0.));
#3409=DIRECTION('ref_axis',(0.,0.,-1.));
#3410=DIRECTION('',(0.,0.,-1.));
#3411=DIRECTION('',(0.,1.,0.));
#3412=DIRECTION('',(0.,0.,1.));
#3413=DIRECTION('center_axis',(0.,-1.,0.));
#3414=DIRECTION('ref_axis',(1.,0.,0.));
#3415=DIRECTION('',(-1.,0.,0.));
#3416=DIRECTION('',(0.,0.,-1.));
#3417=DIRECTION('',(1.,0.,0.));
#3418=DIRECTION('center_axis',(0.,-1.,0.));
#3419=DIRECTION('ref_axis',(1.,0.,0.));
#3420=DIRECTION('center_axis',(0.,-1.,0.));
#3421=DIRECTION('ref_axis',(1.,0.,0.));
#3422=DIRECTION('',(0.70710678118654,0.707106781186555,8.65956056235484E-17));
#3423=DIRECTION('center_axis',(0.,1.,0.));
#3424=DIRECTION('ref_axis',(1.,0.,0.));
#3425=DIRECTION('center_axis',(0.,1.,0.));
#3426=DIRECTION('ref_axis',(1.,0.,0.));
#3427=DIRECTION('center_axis',(0.,-1.,0.));
#3428=DIRECTION('ref_axis',(1.,0.,0.));
#3429=DIRECTION('',(0.,-1.,0.));
#3430=DIRECTION('center_axis',(0.,-1.,0.));
#3431=DIRECTION('ref_axis',(1.,0.,0.));
#3432=DIRECTION('',(0.707106781186547,0.707106781186548,8.65956056235493E-17));
#3433=DIRECTION('center_axis',(0.,1.,0.));
#3434=DIRECTION('ref_axis',(1.,0.,0.));
#3435=DIRECTION('center_axis',(0.,1.,0.));
#3436=DIRECTION('ref_axis',(1.,0.,0.));
#3437=DIRECTION('center_axis',(0.,-1.,0.));
#3438=DIRECTION('ref_axis',(1.,0.,0.));
#3439=DIRECTION('',(0.,-1.,0.));
#3440=DIRECTION('center_axis',(0.,0.,1.));
#3441=DIRECTION('ref_axis',(1.,0.,0.));
#3442=DIRECTION('',(0.,1.,0.));
#3443=DIRECTION('',(1.,0.,0.));
#3444=DIRECTION('center_axis',(-1.,0.,0.));
#3445=DIRECTION('ref_axis',(0.,0.,1.));
#3446=DIRECTION('',(0.,0.,-1.));
#3447=DIRECTION('',(0.,-1.,0.));
#3448=DIRECTION('center_axis',(0.,0.,1.));
#3449=DIRECTION('ref_axis',(1.,0.,0.));
#3450=DIRECTION('',(1.,0.,0.));
#3451=DIRECTION('',(-2.60470287738539E-17,-1.,0.));
#3452=DIRECTION('center_axis',(0.,-1.,0.));
#3453=DIRECTION('ref_axis',(1.,0.,0.));
#3454=DIRECTION('',(0.,0.,-1.));
#3455=DIRECTION('center_axis',(0.,0.,-1.));
#3456=DIRECTION('ref_axis',(-1.,0.,0.));
#3457=DIRECTION('',(-1.,0.,0.));
#3458=DIRECTION('',(0.,-1.,0.));
#3459=DIRECTION('center_axis',(0.,-1.,0.));
#3460=DIRECTION('ref_axis',(1.,0.,0.));
#3461=DIRECTION('',(0.,0.,1.));
#3462=DIRECTION('center_axis',(0.,0.,1.));
#3463=DIRECTION('ref_axis',(0.,-1.,0.));
#3464=DIRECTION('',(1.,0.,0.));
#3465=DIRECTION('',(0.,1.,0.));
#3466=DIRECTION('',(1.,4.99397480854723E-17,0.));
#3467=DIRECTION('',(0.,-1.,0.));
#3468=DIRECTION('center_axis',(0.,0.,1.));
#3469=DIRECTION('ref_axis',(-1.,0.,0.));
#3470=DIRECTION('',(0.,-1.,0.));
#3471=DIRECTION('center_axis',(0.,0.,1.));
#3472=DIRECTION('ref_axis',(1.,0.,0.));
#3473=DIRECTION('',(0.,1.,0.));
#3474=DIRECTION('center_axis',(0.,0.,1.));
#3475=DIRECTION('ref_axis',(-1.,0.,0.));
#3476=DIRECTION('',(0.,-1.,0.));
#3477=DIRECTION('center_axis',(0.,0.,1.));
#3478=DIRECTION('ref_axis',(1.,0.,0.));
#3479=DIRECTION('',(0.,1.,0.));
#3480=DIRECTION('center_axis',(0.,0.,1.));
#3481=DIRECTION('ref_axis',(-1.,0.,0.));
#3482=DIRECTION('',(0.,-1.,0.));
#3483=DIRECTION('center_axis',(0.,0.,1.));
#3484=DIRECTION('ref_axis',(1.,0.,0.));
#3485=DIRECTION('',(0.,1.,0.));
#3486=DIRECTION('center_axis',(0.,0.,-1.));
#3487=DIRECTION('ref_axis',(-1.,0.,0.));
#3488=DIRECTION('center_axis',(0.,0.,1.));
#3489=DIRECTION('ref_axis',(-1.,0.,0.));
#3490=DIRECTION('',(0.,-1.,0.));
#3491=DIRECTION('center_axis',(0.,0.,1.));
#3492=DIRECTION('ref_axis',(1.,0.,0.));
#3493=DIRECTION('',(0.,1.,0.));
#3494=DIRECTION('center_axis',(0.,0.,1.));
#3495=DIRECTION('ref_axis',(-1.,0.,0.));
#3496=DIRECTION('',(0.,-1.,0.));
#3497=DIRECTION('center_axis',(0.,0.,1.));
#3498=DIRECTION('ref_axis',(1.,0.,0.));
#3499=DIRECTION('',(0.,1.,0.));
#3500=DIRECTION('center_axis',(0.,0.,1.));
#3501=DIRECTION('ref_axis',(-1.,0.,0.));
#3502=DIRECTION('',(0.,-1.,0.));
#3503=DIRECTION('center_axis',(0.,0.,1.));
#3504=DIRECTION('ref_axis',(1.,0.,0.));
#3505=DIRECTION('',(0.,1.,0.));
#3506=DIRECTION('center_axis',(0.,0.,1.));
#3507=DIRECTION('ref_axis',(-1.,0.,0.));
#3508=DIRECTION('',(-0.707106781186542,0.,0.707106781186553));
#3509=DIRECTION('',(-0.707106781186542,0.,-0.707106781186553));
#3510=DIRECTION('center_axis',(0.,0.,-1.));
#3511=DIRECTION('ref_axis',(-1.,0.,0.));
#3512=DIRECTION('center_axis',(0.707106781186553,0.,0.707106781186542));
#3513=DIRECTION('ref_axis',(0.707106781186542,0.,-0.707106781186553));
#3514=DIRECTION('',(-0.707106781186542,0.,0.707106781186553));
#3515=DIRECTION('',(0.,1.,0.));
#3516=DIRECTION('center_axis',(0.,0.,1.));
#3517=DIRECTION('ref_axis',(1.,0.,0.));
#3518=DIRECTION('',(0.707106781186542,0.,0.707106781186553));
#3519=DIRECTION('center_axis',(0.,0.,-1.));
#3520=DIRECTION('ref_axis',(1.,0.,0.));
#3521=DIRECTION('center_axis',(-0.707106781186553,0.,0.707106781186542));
#3522=DIRECTION('ref_axis',(0.707106781186542,0.,0.707106781186553));
#3523=DIRECTION('',(0.,-1.,0.));
#3524=DIRECTION('center_axis',(-1.,0.,0.));
#3525=DIRECTION('ref_axis',(0.,1.,0.));
#3526=DIRECTION('',(0.,0.,-1.));
#3527=DIRECTION('',(0.,-1.,0.));
#3528=DIRECTION('',(0.,0.,-1.));
#3529=DIRECTION('center_axis',(0.,0.,-1.));
#3530=DIRECTION('ref_axis',(-1.,0.,0.));
#3531=DIRECTION('',(0.,0.,-1.));
#3532=DIRECTION('center_axis',(0.,0.,1.));
#3533=DIRECTION('ref_axis',(-1.,0.,0.));
#3534=DIRECTION('center_axis',(0.,0.,1.));
#3535=DIRECTION('ref_axis',(-1.,0.,0.));
#3536=DIRECTION('',(-0.707106781186542,0.,0.707106781186553));
#3537=DIRECTION('',(-0.707106781186548,0.,-0.707106781186548));
#3538=DIRECTION('center_axis',(0.,0.,-1.));
#3539=DIRECTION('ref_axis',(-1.,0.,0.));
#3540=DIRECTION('center_axis',(0.707106781186553,0.,0.707106781186542));
#3541=DIRECTION('ref_axis',(0.707106781186542,0.,-0.707106781186553));
#3542=DIRECTION('',(-0.707106781186542,0.,0.707106781186553));
#3543=DIRECTION('',(0.,1.,0.));
#3544=DIRECTION('center_axis',(0.,0.,1.));
#3545=DIRECTION('ref_axis',(1.,0.,0.));
#3546=DIRECTION('',(0.707106781186537,0.,0.707106781186558));
#3547=DIRECTION('center_axis',(0.,0.,-1.));
#3548=DIRECTION('ref_axis',(1.,0.,0.));
#3549=DIRECTION('center_axis',(-0.707106781186548,0.,0.707106781186548));
#3550=DIRECTION('ref_axis',(0.707106781186548,0.,0.707106781186548));
#3551=DIRECTION('',(0.,-1.,0.));
#3552=DIRECTION('center_axis',(-1.,0.,0.));
#3553=DIRECTION('ref_axis',(0.,1.,0.));
#3554=DIRECTION('',(0.,0.,-1.));
#3555=DIRECTION('',(0.,-1.,0.));
#3556=DIRECTION('',(0.,0.,-1.));
#3557=DIRECTION('center_axis',(0.,0.,-1.));
#3558=DIRECTION('ref_axis',(-1.,0.,0.));
#3559=DIRECTION('',(0.,0.,-1.));
#3560=DIRECTION('center_axis',(0.,0.,1.));
#3561=DIRECTION('ref_axis',(-1.,0.,0.));
#3562=DIRECTION('center_axis',(0.,0.,1.));
#3563=DIRECTION('ref_axis',(-1.,0.,0.));
#3564=DIRECTION('',(-0.707106781186548,0.,0.707106781186548));
#3565=DIRECTION('',(-0.707106781186548,0.,-0.707106781186548));
#3566=DIRECTION('center_axis',(0.,0.,-1.));
#3567=DIRECTION('ref_axis',(-1.,0.,0.));
#3568=DIRECTION('center_axis',(0.707106781186548,0.,0.707106781186548));
#3569=DIRECTION('ref_axis',(0.707106781186548,0.,-0.707106781186548));
#3570=DIRECTION('',(-0.707106781186548,0.,0.707106781186548));
#3571=DIRECTION('',(0.,1.,0.));
#3572=DIRECTION('center_axis',(0.,0.,1.));
#3573=DIRECTION('ref_axis',(1.,0.,0.));
#3574=DIRECTION('',(0.707106781186537,0.,0.707106781186558));
#3575=DIRECTION('center_axis',(0.,0.,-1.));
#3576=DIRECTION('ref_axis',(1.,0.,0.));
#3577=DIRECTION('center_axis',(-0.707106781186548,0.,0.707106781186548));
#3578=DIRECTION('ref_axis',(0.707106781186548,0.,0.707106781186548));
#3579=DIRECTION('',(0.,-1.,0.));
#3580=DIRECTION('center_axis',(-1.,0.,0.));
#3581=DIRECTION('ref_axis',(0.,1.,0.));
#3582=DIRECTION('',(0.,0.,-1.));
#3583=DIRECTION('',(0.,-1.,0.));
#3584=DIRECTION('',(0.,0.,-1.));
#3585=DIRECTION('center_axis',(0.,0.,-1.));
#3586=DIRECTION('ref_axis',(-1.,0.,0.));
#3587=DIRECTION('',(0.,0.,-1.));
#3588=DIRECTION('center_axis',(0.,0.,1.));
#3589=DIRECTION('ref_axis',(-1.,0.,0.));
#3590=DIRECTION('center_axis',(0.,0.,1.));
#3591=DIRECTION('ref_axis',(-1.,0.,0.));
#3592=DIRECTION('',(-0.707106781186548,0.,0.707106781186548));
#3593=DIRECTION('',(-0.707106781186548,0.,-0.707106781186548));
#3594=DIRECTION('center_axis',(0.,0.,-1.));
#3595=DIRECTION('ref_axis',(-1.,0.,0.));
#3596=DIRECTION('center_axis',(0.707106781186548,0.,0.707106781186548));
#3597=DIRECTION('ref_axis',(0.707106781186548,0.,-0.707106781186548));
#3598=DIRECTION('',(-0.707106781186548,0.,0.707106781186548));
#3599=DIRECTION('',(0.,1.,0.));
#3600=DIRECTION('center_axis',(0.,0.,1.));
#3601=DIRECTION('ref_axis',(1.,0.,0.));
#3602=DIRECTION('',(0.707106781186537,0.,0.707106781186558));
#3603=DIRECTION('center_axis',(0.,0.,-1.));
#3604=DIRECTION('ref_axis',(1.,0.,0.));
#3605=DIRECTION('center_axis',(-0.707106781186548,0.,0.707106781186548));
#3606=DIRECTION('ref_axis',(0.707106781186548,0.,0.707106781186548));
#3607=DIRECTION('',(0.,-1.,0.));
#3608=DIRECTION('center_axis',(-1.,0.,0.));
#3609=DIRECTION('ref_axis',(0.,1.,0.));
#3610=DIRECTION('',(0.,0.,-1.));
#3611=DIRECTION('',(0.,-1.,0.));
#3612=DIRECTION('',(0.,0.,-1.));
#3613=DIRECTION('center_axis',(0.,0.,-1.));
#3614=DIRECTION('ref_axis',(-1.,0.,0.));
#3615=DIRECTION('',(0.,0.,-1.));
#3616=DIRECTION('center_axis',(0.,0.,1.));
#3617=DIRECTION('ref_axis',(-1.,0.,0.));
#3618=DIRECTION('center_axis',(0.,0.,1.));
#3619=DIRECTION('ref_axis',(-1.,0.,0.));
#3620=DIRECTION('',(-0.707106781186548,0.,0.707106781186548));
#3621=DIRECTION('',(-0.707106781186548,0.,-0.707106781186548));
#3622=DIRECTION('center_axis',(0.,0.,-1.));
#3623=DIRECTION('ref_axis',(-1.,0.,0.));
#3624=DIRECTION('center_axis',(0.707106781186548,0.,0.707106781186548));
#3625=DIRECTION('ref_axis',(0.707106781186548,0.,-0.707106781186548));
#3626=DIRECTION('',(-0.707106781186548,0.,0.707106781186548));
#3627=DIRECTION('',(0.,1.,0.));
#3628=DIRECTION('center_axis',(0.,0.,1.));
#3629=DIRECTION('ref_axis',(1.,0.,0.));
#3630=DIRECTION('',(0.707106781186537,0.,0.707106781186558));
#3631=DIRECTION('center_axis',(0.,0.,-1.));
#3632=DIRECTION('ref_axis',(1.,0.,0.));
#3633=DIRECTION('center_axis',(-0.707106781186548,0.,0.707106781186548));
#3634=DIRECTION('ref_axis',(0.707106781186548,0.,0.707106781186548));
#3635=DIRECTION('',(0.,-1.,0.));
#3636=DIRECTION('center_axis',(-1.,0.,0.));
#3637=DIRECTION('ref_axis',(0.,1.,0.));
#3638=DIRECTION('',(0.,0.,-1.));
#3639=DIRECTION('',(0.,-1.,0.));
#3640=DIRECTION('',(0.,0.,-1.));
#3641=DIRECTION('center_axis',(0.,0.,-1.));
#3642=DIRECTION('ref_axis',(-1.,0.,0.));
#3643=DIRECTION('',(0.,0.,-1.));
#3644=DIRECTION('center_axis',(0.,0.,1.));
#3645=DIRECTION('ref_axis',(-1.,0.,0.));
#3646=DIRECTION('center_axis',(0.,0.,1.));
#3647=DIRECTION('ref_axis',(-1.,0.,0.));
#3648=DIRECTION('',(-0.707106781186537,0.,0.707106781186558));
#3649=DIRECTION('',(-0.707106781186537,0.,-0.707106781186558));
#3650=DIRECTION('center_axis',(0.,0.,-1.));
#3651=DIRECTION('ref_axis',(-1.,0.,0.));
#3652=DIRECTION('center_axis',(0.707106781186548,0.,0.707106781186548));
#3653=DIRECTION('ref_axis',(0.707106781186548,0.,-0.707106781186548));
#3654=DIRECTION('',(-0.707106781186548,0.,0.707106781186548));
#3655=DIRECTION('',(0.,1.,0.));
#3656=DIRECTION('center_axis',(0.,0.,1.));
#3657=DIRECTION('ref_axis',(1.,0.,0.));
#3658=DIRECTION('',(0.707106781186537,0.,0.707106781186558));
#3659=DIRECTION('center_axis',(0.,0.,-1.));
#3660=DIRECTION('ref_axis',(1.,0.,0.));
#3661=DIRECTION('center_axis',(-0.707106781186548,0.,0.707106781186548));
#3662=DIRECTION('ref_axis',(0.707106781186548,0.,0.707106781186548));
#3663=DIRECTION('',(0.,-1.,0.));
#3664=DIRECTION('center_axis',(-1.,0.,0.));
#3665=DIRECTION('ref_axis',(0.,1.,0.));
#3666=DIRECTION('',(0.,0.,-1.));
#3667=DIRECTION('',(0.,-1.,0.));
#3668=DIRECTION('',(0.,0.,-1.));
#3669=DIRECTION('center_axis',(0.,0.,-1.));
#3670=DIRECTION('ref_axis',(-1.,0.,0.));
#3671=DIRECTION('',(0.,0.,-1.));
#3672=DIRECTION('center_axis',(0.,0.,1.));
#3673=DIRECTION('ref_axis',(-1.,0.,0.));
#3674=DIRECTION('center_axis',(0.,0.,1.));
#3675=DIRECTION('ref_axis',(0.,-1.,0.));
#3676=DIRECTION('',(0.,-1.,0.));
#3677=DIRECTION('',(-1.,0.,0.));
#3678=DIRECTION('',(-2.60470287738539E-17,-1.,0.));
#3679=DIRECTION('',(-1.,0.,0.));
#3680=DIRECTION('',(0.,1.,0.));
#3681=DIRECTION('',(-1.,0.,0.));
#3682=DIRECTION('',(0.,1.,0.));
#3683=DIRECTION('',(-1.,0.,0.));
#3684=DIRECTION('center_axis',(0.,0.,-1.));
#3685=DIRECTION('ref_axis',(-1.,0.,0.));
#3686=DIRECTION('',(0.,-1.,0.));
#3687=DIRECTION('center_axis',(0.,0.,-1.));
#3688=DIRECTION('ref_axis',(1.,0.,0.));
#3689=DIRECTION('',(0.,1.,0.));
#3690=DIRECTION('center_axis',(0.,0.,-1.));
#3691=DIRECTION('ref_axis',(-1.,0.,0.));
#3692=DIRECTION('',(0.,-1.,0.));
#3693=DIRECTION('center_axis',(0.,0.,-1.));
#3694=DIRECTION('ref_axis',(1.,0.,0.));
#3695=DIRECTION('',(0.,1.,0.));
#3696=DIRECTION('center_axis',(0.,0.,-1.));
#3697=DIRECTION('ref_axis',(-1.,0.,0.));
#3698=DIRECTION('',(0.,-1.,0.));
#3699=DIRECTION('center_axis',(0.,0.,-1.));
#3700=DIRECTION('ref_axis',(1.,0.,0.));
#3701=DIRECTION('',(0.,1.,0.));
#3702=DIRECTION('center_axis',(0.,0.,1.));
#3703=DIRECTION('ref_axis',(-1.,0.,0.));
#3704=DIRECTION('center_axis',(0.,0.,-1.));
#3705=DIRECTION('ref_axis',(-1.,0.,0.));
#3706=DIRECTION('',(0.,-1.,0.));
#3707=DIRECTION('center_axis',(0.,0.,-1.));
#3708=DIRECTION('ref_axis',(1.,0.,0.));
#3709=DIRECTION('',(0.,1.,0.));
#3710=DIRECTION('center_axis',(0.,0.,-1.));
#3711=DIRECTION('ref_axis',(-1.,0.,0.));
#3712=DIRECTION('',(0.,-1.,0.));
#3713=DIRECTION('center_axis',(0.,0.,-1.));
#3714=DIRECTION('ref_axis',(1.,0.,0.));
#3715=DIRECTION('',(0.,1.,0.));
#3716=DIRECTION('center_axis',(0.,0.,-1.));
#3717=DIRECTION('ref_axis',(-1.,0.,0.));
#3718=DIRECTION('',(0.,-1.,0.));
#3719=DIRECTION('center_axis',(0.,0.,-1.));
#3720=DIRECTION('ref_axis',(1.,0.,0.));
#3721=DIRECTION('',(0.,1.,0.));
#3722=DIRECTION('center_axis',(0.,0.,-1.));
#3723=DIRECTION('ref_axis',(-1.,0.,0.));
#3724=DIRECTION('',(0.707106781186542,0.,-0.707106781186553));
#3725=DIRECTION('',(0.707106781186542,0.,0.707106781186553));
#3726=DIRECTION('center_axis',(-0.707106781186553,0.,-0.707106781186542));
#3727=DIRECTION('ref_axis',(-0.707106781186542,0.,0.707106781186553));
#3728=DIRECTION('',(0.707106781186542,0.,-0.707106781186553));
#3729=DIRECTION('',(0.,1.,0.));
#3730=DIRECTION('center_axis',(0.,0.,-1.));
#3731=DIRECTION('ref_axis',(1.,0.,0.));
#3732=DIRECTION('',(-0.707106781186542,0.,-0.707106781186553));
#3733=DIRECTION('center_axis',(0.,0.,1.));
#3734=DIRECTION('ref_axis',(1.,0.,0.));
#3735=DIRECTION('center_axis',(0.707106781186553,0.,-0.707106781186542));
#3736=DIRECTION('ref_axis',(-0.707106781186542,0.,-0.707106781186553));
#3737=DIRECTION('center_axis',(1.,0.,0.));
#3738=DIRECTION('ref_axis',(0.,-1.,0.));
#3739=DIRECTION('',(0.,0.,-1.));
#3740=DIRECTION('center_axis',(0.,0.,-1.));
#3741=DIRECTION('ref_axis',(-1.,0.,0.));
#3742=DIRECTION('',(0.707106781186548,0.,-0.707106781186548));
#3743=DIRECTION('',(0.707106781186542,0.,0.707106781186553));
#3744=DIRECTION('center_axis',(-0.707106781186548,0.,-0.707106781186548));
#3745=DIRECTION('ref_axis',(-0.707106781186548,0.,0.707106781186548));
#3746=DIRECTION('',(0.707106781186548,0.,-0.707106781186548));
#3747=DIRECTION('',(0.,1.,0.));
#3748=DIRECTION('center_axis',(0.,0.,-1.));
#3749=DIRECTION('ref_axis',(1.,0.,0.));
#3750=DIRECTION('',(-0.707106781186542,0.,-0.707106781186553));
#3751=DIRECTION('center_axis',(0.,0.,1.));
#3752=DIRECTION('ref_axis',(1.,0.,0.));
#3753=DIRECTION('center_axis',(0.707106781186553,0.,-0.707106781186542));
#3754=DIRECTION('ref_axis',(-0.707106781186542,0.,-0.707106781186553));
#3755=DIRECTION('center_axis',(1.,0.,0.));
#3756=DIRECTION('ref_axis',(0.,-1.,0.));
#3757=DIRECTION('',(0.,0.,-1.));
#3758=DIRECTION('center_axis',(0.,0.,-1.));
#3759=DIRECTION('ref_axis',(-1.,0.,0.));
#3760=DIRECTION('',(0.707106781186548,0.,-0.707106781186548));
#3761=DIRECTION('',(0.707106781186548,0.,0.707106781186548));
#3762=DIRECTION('center_axis',(-0.707106781186548,0.,-0.707106781186548));
#3763=DIRECTION('ref_axis',(-0.707106781186548,0.,0.707106781186548));
#3764=DIRECTION('',(0.707106781186548,0.,-0.707106781186548));
#3765=DIRECTION('',(0.,1.,0.));
#3766=DIRECTION('center_axis',(0.,0.,-1.));
#3767=DIRECTION('ref_axis',(1.,0.,0.));
#3768=DIRECTION('',(-0.707106781186537,0.,-0.707106781186558));
#3769=DIRECTION('center_axis',(0.,0.,1.));
#3770=DIRECTION('ref_axis',(1.,0.,0.));
#3771=DIRECTION('center_axis',(0.707106781186548,0.,-0.707106781186548));
#3772=DIRECTION('ref_axis',(-0.707106781186548,0.,-0.707106781186548));
#3773=DIRECTION('center_axis',(1.,0.,0.));
#3774=DIRECTION('ref_axis',(0.,-1.,0.));
#3775=DIRECTION('',(0.,0.,-1.));
#3776=DIRECTION('center_axis',(0.,0.,-1.));
#3777=DIRECTION('ref_axis',(-1.,0.,0.));
#3778=DIRECTION('',(0.707106781186548,0.,-0.707106781186548));
#3779=DIRECTION('',(0.707106781186548,0.,0.707106781186548));
#3780=DIRECTION('center_axis',(-0.707106781186548,0.,-0.707106781186548));
#3781=DIRECTION('ref_axis',(-0.707106781186548,0.,0.707106781186548));
#3782=DIRECTION('',(0.707106781186548,0.,-0.707106781186548));
#3783=DIRECTION('',(0.,1.,0.));
#3784=DIRECTION('center_axis',(0.,0.,-1.));
#3785=DIRECTION('ref_axis',(1.,0.,0.));
#3786=DIRECTION('',(-0.707106781186537,0.,-0.707106781186558));
#3787=DIRECTION('center_axis',(0.,0.,1.));
#3788=DIRECTION('ref_axis',(1.,0.,0.));
#3789=DIRECTION('center_axis',(0.707106781186548,0.,-0.707106781186548));
#3790=DIRECTION('ref_axis',(-0.707106781186548,0.,-0.707106781186548));
#3791=DIRECTION('center_axis',(1.,0.,0.));
#3792=DIRECTION('ref_axis',(0.,-1.,0.));
#3793=DIRECTION('',(0.,0.,-1.));
#3794=DIRECTION('center_axis',(0.,0.,-1.));
#3795=DIRECTION('ref_axis',(-1.,0.,0.));
#3796=DIRECTION('',(0.707106781186548,0.,-0.707106781186548));
#3797=DIRECTION('',(0.707106781186548,0.,0.707106781186548));
#3798=DIRECTION('center_axis',(-0.707106781186548,0.,-0.707106781186548));
#3799=DIRECTION('ref_axis',(-0.707106781186548,0.,0.707106781186548));
#3800=DIRECTION('',(0.707106781186548,0.,-0.707106781186548));
#3801=DIRECTION('',(0.,1.,0.));
#3802=DIRECTION('center_axis',(0.,0.,-1.));
#3803=DIRECTION('ref_axis',(1.,0.,0.));
#3804=DIRECTION('',(-0.707106781186537,0.,-0.707106781186558));
#3805=DIRECTION('center_axis',(0.,0.,1.));
#3806=DIRECTION('ref_axis',(1.,0.,0.));
#3807=DIRECTION('center_axis',(0.707106781186548,0.,-0.707106781186548));
#3808=DIRECTION('ref_axis',(-0.707106781186548,0.,-0.707106781186548));
#3809=DIRECTION('center_axis',(1.,0.,0.));
#3810=DIRECTION('ref_axis',(0.,-1.,0.));
#3811=DIRECTION('',(0.,0.,-1.));
#3812=DIRECTION('center_axis',(0.,0.,-1.));
#3813=DIRECTION('ref_axis',(-1.,0.,0.));
#3814=DIRECTION('',(0.707106781186537,0.,-0.707106781186558));
#3815=DIRECTION('',(0.707106781186537,0.,0.707106781186558));
#3816=DIRECTION('center_axis',(-0.707106781186548,0.,-0.707106781186548));
#3817=DIRECTION('ref_axis',(-0.707106781186548,0.,0.707106781186548));
#3818=DIRECTION('',(0.707106781186548,0.,-0.707106781186548));
#3819=DIRECTION('',(0.,1.,0.));
#3820=DIRECTION('center_axis',(0.,0.,-1.));
#3821=DIRECTION('ref_axis',(1.,0.,0.));
#3822=DIRECTION('',(-0.707106781186537,0.,-0.707106781186558));
#3823=DIRECTION('center_axis',(0.,0.,1.));
#3824=DIRECTION('ref_axis',(1.,0.,0.));
#3825=DIRECTION('center_axis',(0.707106781186548,0.,-0.707106781186548));
#3826=DIRECTION('ref_axis',(-0.707106781186548,0.,-0.707106781186548));
#3827=DIRECTION('center_axis',(1.,0.,0.));
#3828=DIRECTION('ref_axis',(0.,-1.,0.));
#3829=DIRECTION('',(0.,0.,-1.));
#3830=DIRECTION('center_axis',(0.,0.,-1.));
#3831=DIRECTION('ref_axis',(1.,0.,0.));
#3832=DIRECTION('center_axis',(0.,0.,-1.));
#3833=DIRECTION('ref_axis',(1.,0.,0.));
#3834=DIRECTION('center_axis',(0.,0.,-1.));
#3835=DIRECTION('ref_axis',(1.,0.,0.));
#3836=DIRECTION('center_axis',(0.,0.,-1.));
#3837=DIRECTION('ref_axis',(1.,0.,0.));
#3838=DIRECTION('center_axis',(0.,0.,-1.));
#3839=DIRECTION('ref_axis',(1.,0.,0.));
#3840=DIRECTION('center_axis',(0.,0.,-1.));
#3841=DIRECTION('ref_axis',(1.,0.,0.));
#3842=DIRECTION('center_axis',(-0.9999999999622,0.,-8.69477278405581E-6));
#3843=DIRECTION('ref_axis',(-8.69477278405581E-6,0.,0.999999999962201));
#3844=DIRECTION('',(-8.69477278405581E-6,0.,0.999999999962201));
#3845=DIRECTION('',(0.,1.,0.));
#3846=DIRECTION('',(8.69477278405581E-6,4.34214762496168E-22,-0.999999999962201));
#3847=DIRECTION('center_axis',(-4.99397480854723E-17,1.,0.));
#3848=DIRECTION('ref_axis',(-1.,-4.99397480854723E-17,0.));
#3849=DIRECTION('',(0.,0.,1.));
#3850=DIRECTION('',(-0.707109855246265,-3.53128880397533E-17,0.707103707113466));
#3851=DIRECTION('',(0.,0.,1.));
#3852=DIRECTION('center_axis',(-4.99397480854723E-17,1.,0.));
#3853=DIRECTION('ref_axis',(0.707106781186549,0.,0.707106781186546));
#3854=DIRECTION('center_axis',(4.99397480854723E-17,-1.,0.));
#3855=DIRECTION('ref_axis',(-0.707106781186547,0.,0.707106781186548));
#3856=DIRECTION('',(0.,0.,1.));
#3857=DIRECTION('',(0.,0.,1.));
#3858=DIRECTION('',(0.,0.,1.));
#3859=DIRECTION('',(-0.707106781186547,-3.53127345219854E-17,-0.707106781186548));
#3860=DIRECTION('center_axis',(4.99397480854723E-17,-1.,0.));
#3861=DIRECTION('ref_axis',(1.,4.99397480854723E-17,0.));
#3862=DIRECTION('center_axis',(4.99397480854723E-17,-1.,0.));
#3863=DIRECTION('ref_axis',(1.,4.99397480854723E-17,0.));
#3864=DIRECTION('center_axis',(0.,-1.,0.));
#3865=DIRECTION('ref_axis',(1.,0.,0.));
#3866=DIRECTION('center_axis',(0.,-1.,0.));
#3867=DIRECTION('ref_axis',(0.707106781186548,0.,0.707106781186548));
#3868=DIRECTION('',(0.,0.,1.));
#3869=DIRECTION('',(0.707109855246265,0.,-0.707103707113466));
#3870=DIRECTION('center_axis',(0.,-1.,0.));
#3871=DIRECTION('ref_axis',(1.,0.,0.));
#3872=DIRECTION('center_axis',(-0.707103707113466,0.,-0.707109855246265));
#3873=DIRECTION('ref_axis',(-0.707109855246265,0.,0.707103707113466));
#3874=DIRECTION('',(0.,-1.,0.));
#3875=DIRECTION('center_axis',(0.707106781186548,-1.84180306757532E-17,
-0.707106781186547));
#3876=DIRECTION('ref_axis',(-0.707106781186547,0.,-0.707106781186548));
#3877=DIRECTION('',(0.707106781186547,0.,0.707106781186548));
#3878=DIRECTION('',(-2.60470287738539E-17,-1.,0.));
#3879=DIRECTION('',(2.60470287738539E-17,1.,0.));
#3880=DIRECTION('center_axis',(0.,-1.,0.));
#3881=DIRECTION('ref_axis',(1.,2.80911082980781E-17,0.));
#3882=DIRECTION('',(0.707106781186542,0.707106781186553,8.65956056235487E-17));
#3883=DIRECTION('center_axis',(-4.99397480854723E-17,1.,0.));
#3884=DIRECTION('ref_axis',(1.,0.,0.));
#3885=DIRECTION('center_axis',(0.,1.,0.));
#3886=DIRECTION('ref_axis',(1.,0.,0.));
#3887=DIRECTION('',(0.,-1.,0.));
#3888=DIRECTION('center_axis',(0.,-1.,0.));
#3889=DIRECTION('ref_axis',(1.,2.80911082980782E-17,0.));
#3890=DIRECTION('',(0.707106781186539,0.707106781186556,8.65956056235483E-17));
#3891=DIRECTION('center_axis',(-4.99397480854723E-17,1.,0.));
#3892=DIRECTION('ref_axis',(1.,0.,0.));
#3893=DIRECTION('center_axis',(0.,1.,0.));
#3894=DIRECTION('ref_axis',(1.,0.,0.));
#3895=DIRECTION('center_axis',(0.,-1.,0.));
#3896=DIRECTION('ref_axis',(1.,0.,0.));
#3897=DIRECTION('',(0.,-1.,0.));
#3898=DIRECTION('center_axis',(0.,0.,-1.));
#3899=DIRECTION('ref_axis',(0.707106781186549,0.707106781186546,0.));
#3900=DIRECTION('center_axis',(1.66533453693773E-15,0.,1.));
#3901=DIRECTION('ref_axis',(0.,1.,0.));
#3902=DIRECTION('',(0.,0.,-1.));
#3903=DIRECTION('center_axis',(0.,0.,1.));
#3904=DIRECTION('ref_axis',(0.707106781186549,0.707106781186546,0.));
#3905=DIRECTION('',(0.,0.,1.));
#3906=DIRECTION('center_axis',(0.,0.,-1.));
#3907=DIRECTION('ref_axis',(0.,1.,0.));
#3908=DIRECTION('',(0.,1.,0.));
#3909=DIRECTION('',(1.,0.,0.));
#3910=DIRECTION('',(0.,1.,0.));
#3911=DIRECTION('',(1.,0.,0.));
#3912=DIRECTION('',(0.,-1.,0.));
#3913=DIRECTION('',(-1.,0.,0.));
#3914=DIRECTION('',(0.,1.,0.));
#3915=DIRECTION('',(1.,0.,0.));
#3916=DIRECTION('',(-2.60470287738539E-17,-1.,0.));
#3917=DIRECTION('',(1.,0.,0.));
#3918=DIRECTION('',(0.,-1.,0.));
#3919=DIRECTION('center_axis',(0.,0.,1.));
#3920=DIRECTION('ref_axis',(-0.707106781186547,0.707106781186548,0.));
#3921=DIRECTION('',(-1.,0.,0.));
#3922=DIRECTION('center_axis',(0.,0.,-1.));
#3923=DIRECTION('ref_axis',(-1.,0.,0.));
#3924=DIRECTION('center_axis',(0.,0.,-1.));
#3925=DIRECTION('ref_axis',(-1.,0.,0.));
#3926=DIRECTION('center_axis',(0.,0.,1.));
#3927=DIRECTION('ref_axis',(-0.707106781186547,0.707106781186548,0.));
#3928=DIRECTION('center_axis',(0.,-1.38777878078144E-15,1.));
#3929=DIRECTION('ref_axis',(-1.,0.,0.));
#3930=DIRECTION('',(0.,0.,-1.));
#3931=DIRECTION('',(0.,0.,1.));
#3932=DIRECTION('center_axis',(0.,1.,0.));
#3933=DIRECTION('ref_axis',(0.707106781186549,0.,0.707106781186546));
#3934=DIRECTION('',(0.,1.,0.));
#3935=DIRECTION('center_axis',(0.,1.,0.));
#3936=DIRECTION('ref_axis',(1.,0.,0.));
#3937=DIRECTION('',(0.,-1.,0.));
#3938=DIRECTION('center_axis',(0.,1.,0.));
#3939=DIRECTION('ref_axis',(0.707106781186549,0.,0.707106781186546));
#3940=DIRECTION('center_axis',(0.,-1.,0.));
#3941=DIRECTION('ref_axis',(1.,0.,0.));
#3942=DIRECTION('',(0.,0.,-1.));
#3943=DIRECTION('center_axis',(0.,-1.,0.));
#3944=DIRECTION('ref_axis',(-0.707106781186546,0.,0.707106781186549));
#3945=DIRECTION('',(0.,0.,-1.));
#3946=DIRECTION('center_axis',(1.,0.,0.));
#3947=DIRECTION('ref_axis',(0.,0.,-1.));
#3948=DIRECTION('center_axis',(0.,1.,0.));
#3949=DIRECTION('ref_axis',(-0.707106781186547,0.,0.707106781186548));
#3950=DIRECTION('center_axis',(0.,1.,0.));
#3951=DIRECTION('ref_axis',(0.,0.,1.));
#3952=DIRECTION('',(0.,-1.,0.));
#3953=DIRECTION('center_axis',(0.,1.,0.));
#3954=DIRECTION('ref_axis',(-0.707106781186547,0.,0.707106781186548));
#3955=DIRECTION('',(0.,1.,0.));
#3956=DIRECTION('center_axis',(-2.60470287738539E-17,-1.,0.));
#3957=DIRECTION('ref_axis',(-0.707106781186546,0.,0.707106781186549));
#3958=DIRECTION('',(2.60470287738539E-17,1.,0.));
#3959=DIRECTION('center_axis',(0.,-1.,0.));
#3960=DIRECTION('ref_axis',(-1.,0.,0.));
#3961=DIRECTION('center_axis',(1.,0.,0.));
#3962=DIRECTION('ref_axis',(0.,0.,-1.));
#3963=DIRECTION('',(0.,0.,-1.));
#3964=DIRECTION('',(0.,0.66486301396961,-0.746965308869994));
#3965=DIRECTION('center_axis',(1.,0.,0.));
#3966=DIRECTION('ref_axis',(0.,0.,-1.));
#3967=DIRECTION('',(0.,-1.,0.));
#3968=DIRECTION('',(0.,-0.66486301396961,0.746965308869994));
#3969=DIRECTION('',(0.,0.,-1.));
#3970=DIRECTION('',(0.,0.,-1.));
#3971=DIRECTION('center_axis',(0.,-1.,0.));
#3972=DIRECTION('ref_axis',(0.707106781186548,0.,0.707106781186548));
#3973=DIRECTION('center_axis',(0.,-1.,0.));
#3974=DIRECTION('ref_axis',(0.,0.,1.));
#3975=DIRECTION('center_axis',(1.,0.,0.));
#3976=DIRECTION('ref_axis',(0.,0.934602939453433,0.355692768502542));
#3977=DIRECTION('center_axis',(-1.,0.,0.));
#3978=DIRECTION('ref_axis',(0.,0.934602939453433,0.355692768502542));
#3979=DIRECTION('',(-1.,0.,0.));
#3980=DIRECTION('center_axis',(1.,0.,0.));
#3981=DIRECTION('ref_axis',(0.,0.934602939453433,0.355692768502542));
#3982=DIRECTION('',(1.,0.,0.));
#3983=DIRECTION('center_axis',(-1.,0.,0.));
#3984=DIRECTION('ref_axis',(0.,-1.,0.));
#3985=DIRECTION('',(0.,0.,-1.));
#3986=DIRECTION('',(0.,0.,1.));
#3987=DIRECTION('',(0.,-0.66486301396961,0.746965308869994));
#3988=DIRECTION('center_axis',(0.,1.,0.));
#3989=DIRECTION('ref_axis',(0.,0.,1.));
#3990=DIRECTION('',(0.,0.,1.));
#3991=DIRECTION('center_axis',(0.,0.,1.));
#3992=DIRECTION('ref_axis',(1.,0.,0.));
#3993=DIRECTION('center_axis',(2.30559053716519E-15,0.66486301396961,-0.746965308869994));
#3994=DIRECTION('ref_axis',(0.,0.746965308869994,0.66486301396961));
#3995=DIRECTION('center_axis',(-1.,0.,0.));
#3996=DIRECTION('ref_axis',(0.,1.,0.));
#3997=DIRECTION('center_axis',(1.,0.,0.));
#3998=DIRECTION('ref_axis',(0.,1.,0.));
#3999=DIRECTION('',(0.,0.66486301396961,-0.746965308869994));
#4000=DIRECTION('',(0.,0.,1.));
#4001=DIRECTION('center_axis',(0.,0.,1.));
#4002=DIRECTION('ref_axis',(1.,0.,0.));
#4003=DIRECTION('center_axis',(1.,0.,0.));
#4004=DIRECTION('ref_axis',(0.,0.746965308869994,0.66486301396961));
#4005=DIRECTION('center_axis',(0.,0.664863013969612,-0.746965308869993));
#4006=DIRECTION('ref_axis',(1.,0.,0.));
#4007=DIRECTION('center_axis',(0.,0.746965308869994,0.66486301396961));
#4008=DIRECTION('ref_axis',(0.,-0.66486301396961,0.746965308869994));
#4009=DIRECTION('center_axis',(-0.943557966922171,-0.22020757153449,0.247400461795411));
#4010=DIRECTION('ref_axis',(0.,0.746965308869992,0.664863013969613));
#4011=DIRECTION('center_axis',(0.,-0.89958347883823,-0.436748857584434));
#4012=DIRECTION('ref_axis',(0.,-0.436748857584434,0.89958347883823));
#4013=DIRECTION('center_axis',(0.,-0.89958347883823,-0.436748857584434));
#4014=DIRECTION('ref_axis',(0.,-0.436748857584434,0.89958347883823));
#4015=DIRECTION('center_axis',(-0.943557966922171,0.22020757153449,-0.247400461795411));
#4016=DIRECTION('ref_axis',(-0.227272727272705,-0.973831149346757,0.));
#4017=DIRECTION('center_axis',(0.,0.746965308869994,0.66486301396961));
#4018=DIRECTION('ref_axis',(0.,-0.66486301396961,0.746965308869994));
#4019=DIRECTION('center_axis',(0.,0.746965308869994,0.66486301396961));
#4020=DIRECTION('ref_axis',(0.,-0.66486301396961,0.746965308869995));
#4021=DIRECTION('center_axis',(-0.943569544013358,-0.220185642251408,0.247375824519616));
#4022=DIRECTION('ref_axis',(0.227248619036828,-0.97383677541252,0.));
#4023=DIRECTION('center_axis',(0.,-0.89958347883823,-0.436748857584435));
#4024=DIRECTION('ref_axis',(0.,-0.436748857584435,0.89958347883823));
#4025=DIRECTION('center_axis',(-0.943569544013678,0.220185642251002,-0.247375824518753));
#4026=DIRECTION('ref_axis',(0.,0.74696530886999,0.664863013969615));
#4027=DIRECTION('center_axis',(0.,0.746965308869994,0.66486301396961));
#4028=DIRECTION('ref_axis',(0.,-0.66486301396961,0.746965308869995));
#4029=DIRECTION('center_axis',(1.,0.,0.));
#4030=DIRECTION('ref_axis',(0.,0.934602939453433,0.355692768502542));
#4031=DIRECTION('',(1.,0.,0.));
#4032=DIRECTION('',(-1.,0.,0.));
#4033=DIRECTION('',(1.,0.,0.));
#4034=DIRECTION('',(1.,0.,0.));
#4035=DIRECTION('center_axis',(0.,-0.66486301396961,0.746965308869994));
#4036=DIRECTION('ref_axis',(0.70710678118655,0.528184235213074,0.470129145738037));
#4037=DIRECTION('',(0.,-0.66486301396961,0.746965308869994));
#4038=DIRECTION('center_axis',(0.,-0.66486301396961,0.746965308869994));
#4039=DIRECTION('ref_axis',(0.,0.746965308869994,0.66486301396961));
#4040=DIRECTION('',(0.,-0.66486301396961,0.746965308869994));
#4041=DIRECTION('center_axis',(0.,-0.746965308869994,-0.66486301396961));
#4042=DIRECTION('ref_axis',(0.,0.66486301396961,-0.746965308869994));
#4043=DIRECTION('',(0.,0.66486301396961,-0.746965308869994));
#4044=DIRECTION('',(-1.,0.,0.));
#4045=DIRECTION('center_axis',(0.,0.,1.));
#4046=DIRECTION('ref_axis',(1.,0.,0.));
#4047=DIRECTION('center_axis',(0.,0.,-1.));
#4048=DIRECTION('ref_axis',(1.,0.,0.));
#4049=DIRECTION('',(0.,0.,1.));
#4050=DIRECTION('center_axis',(0.,-0.746965308869994,-0.66486301396961));
#4051=DIRECTION('ref_axis',(0.,0.66486301396961,-0.746965308869994));
#4052=DIRECTION('',(0.,0.66486301396961,-0.746965308869994));
#4053=DIRECTION('center_axis',(0.,-0.746965308869994,-0.66486301396961));
#4054=DIRECTION('ref_axis',(0.,0.66486301396961,-0.746965308869994));
#4055=DIRECTION('center_axis',(0.,0.66486301396961,-0.746965308869994));
#4056=DIRECTION('ref_axis',(-0.707106781186548,0.528184235213075,0.470129145738038));
#4057=DIRECTION('',(0.,-0.66486301396961,0.746965308869994));
#4058=DIRECTION('center_axis',(0.,-0.66486301396961,0.746965308869994));
#4059=DIRECTION('ref_axis',(-1.,0.,0.));
#4060=DIRECTION('center_axis',(0.,0.,1.));
#4061=DIRECTION('ref_axis',(1.,0.,0.));
#4062=DIRECTION('center_axis',(0.,0.,-1.));
#4063=DIRECTION('ref_axis',(1.,0.,0.));
#4064=DIRECTION('',(0.,0.,1.));
#4065=DIRECTION('center_axis',(0.,0.,-1.));
#4066=DIRECTION('ref_axis',(1.,0.,0.));
#4067=DIRECTION('center_axis',(0.,0.,1.));
#4068=DIRECTION('ref_axis',(-1.,0.,0.));
#4069=DIRECTION('center_axis',(0.,0.,-1.));
#4070=DIRECTION('ref_axis',(1.,0.,0.));
#4071=DIRECTION('center_axis',(0.,0.,1.));
#4072=DIRECTION('ref_axis',(-1.,0.,0.));
#4073=DIRECTION('center_axis',(0.,0.,1.));
#4074=DIRECTION('ref_axis',(-1.,0.,0.));
#4075=DIRECTION('',(0.,0.,-1.));
#4076=DIRECTION('center_axis',(0.,-1.,0.));
#4077=DIRECTION('ref_axis',(1.,0.,0.));
#4078=DIRECTION('',(1.,0.,0.));
#4079=DIRECTION('center_axis',(0.,1.,0.));
#4080=DIRECTION('ref_axis',(1.23024371055123E-16,0.,1.));
#4081=DIRECTION('',(0.,0.,1.));
#4082=DIRECTION('center_axis',(0.,-0.746965308869994,-0.66486301396961));
#4083=DIRECTION('ref_axis',(0.,0.66486301396961,-0.746965308869994));
#4084=DIRECTION('',(1.,0.,0.));
#4085=DIRECTION('',(0.,0.66486301396961,-0.746965308869994));
#4086=DIRECTION('',(1.,0.,0.));
#4087=DIRECTION('',(-1.73177060555376E-17,-0.66486301396961,0.746965308869994));
#4088=DIRECTION('center_axis',(-1.,2.60470287738539E-17,0.));
#4089=DIRECTION('ref_axis',(-2.60470287738539E-17,-1.,0.));
#4090=DIRECTION('',(0.,0.,1.));
#4091=DIRECTION('',(1.73177060555376E-17,0.66486301396961,-0.746965308869994));
#4092=DIRECTION('center_axis',(0.,0.,1.));
#4093=DIRECTION('ref_axis',(-1.,0.,0.));
#4094=DIRECTION('',(0.,0.,-1.));
#4095=DIRECTION('center_axis',(0.,-1.,0.));
#4096=DIRECTION('ref_axis',(1.,0.,0.));
#4097=DIRECTION('center_axis',(0.,1.,0.));
#4098=DIRECTION('ref_axis',(-6.15121855275615E-17,0.,1.));
#4099=DIRECTION('center_axis',(0.,0.66486301396961,-0.746965308869994));
#4100=DIRECTION('ref_axis',(0.70710678118655,0.528184235213075,0.470129145738036));
#4101=DIRECTION('center_axis',(0.,0.664863013969611,-0.746965308869994));
#4102=DIRECTION('ref_axis',(1.,0.,0.));
#4103=DIRECTION('center_axis',(0.,0.,-1.));
#4104=DIRECTION('ref_axis',(-1.,0.,0.));
#4105=DIRECTION('',(0.,0.,-1.));
#4106=DIRECTION('center_axis',(0.184840736041181,-0.933345261298105,0.307734504909877));
#4107=DIRECTION('ref_axis',(0.480584535583759,0.358979976060466,0.800107418379164));
#4108=DIRECTION('center_axis',(1.,0.,0.));
#4109=DIRECTION('ref_axis',(0.,0.,1.));
#4110=DIRECTION('center_axis',(-0.184840736041178,-0.933345261298105,0.307734504909878));
#4111=DIRECTION('ref_axis',(-0.480584535583759,0.358979976060466,0.800107418379163));
#4112=DIRECTION('center_axis',(-1.,-4.94096725487428E-16,5.55111512312578E-16));
#4113=DIRECTION('ref_axis',(0.,0.746965308869994,0.66486301396961));
#4114=DIRECTION('center_axis',(-1.,0.,0.));
#4115=DIRECTION('ref_axis',(0.,0.409351307577239,0.912376844831567));
#4116=DIRECTION('center_axis',(0.,1.,0.));
#4117=DIRECTION('ref_axis',(0.,0.,1.));
#4118=DIRECTION('center_axis',(0.,-1.,0.));
#4119=DIRECTION('ref_axis',(0.,0.,-1.));
#4120=DIRECTION('center_axis',(-0.184840736041176,-0.933345261298105,0.307734504909879));
#4121=DIRECTION('ref_axis',(-0.480584535583759,0.358979976060466,0.800107418379164));
#4122=DIRECTION('center_axis',(1.,0.,0.));
#4123=DIRECTION('ref_axis',(0.,0.,1.));
#4124=DIRECTION('center_axis',(0.,0.664863013969612,-0.746965308869992));
#4125=DIRECTION('ref_axis',(0.,0.746965308869992,0.664863013969612));
#4126=DIRECTION('center_axis',(0.184840736041177,-0.933345261298106,0.307734504909876));
#4127=DIRECTION('ref_axis',(0.480584535583763,0.358979976060465,0.800107418379162));
#4128=DIRECTION('center_axis',(-1.,0.,0.));
#4129=DIRECTION('ref_axis',(0.,0.746965308869994,0.664863013969611));
#4130=DIRECTION('center_axis',(1.,0.,0.));
#4131=DIRECTION('ref_axis',(0.,0.409351307577239,0.912376844831567));
#4132=DIRECTION('center_axis',(-1.73177060555376E-17,-0.66486301396961,
0.746965308869994));
#4133=DIRECTION('ref_axis',(-0.707106781186549,0.528184235213075,0.470129145738038));
#4134=DIRECTION('center_axis',(-1.,0.,0.));
#4135=DIRECTION('ref_axis',(0.,0.,1.));
#4136=DIRECTION('',(0.,0.,1.));
#4137=DIRECTION('center_axis',(0.,-1.,0.));
#4138=DIRECTION('ref_axis',(0.,0.,-1.));
#4139=CARTESIAN_POINT('',(0.,0.,0.));
#4140=CARTESIAN_POINT('Origin',(285.7,49.,99.55));
#4141=CARTESIAN_POINT('',(285.9,49.,99.55));
#4142=CARTESIAN_POINT('',(285.7,49.2,99.55));
#4143=CARTESIAN_POINT('Origin',(285.7,49.,99.55));
#4144=CARTESIAN_POINT('',(285.7,49.2,97.55));
#4145=CARTESIAN_POINT('',(285.7,49.2,99.55));
#4146=CARTESIAN_POINT('',(285.9,49.,97.55));
#4147=CARTESIAN_POINT('Origin',(285.7,49.,97.55));
#4148=CARTESIAN_POINT('',(285.9,49.,99.55));
#4149=CARTESIAN_POINT('Origin',(269.6,49.2,99.55));
#4150=CARTESIAN_POINT('',(269.8,49.2,99.55));
#4151=CARTESIAN_POINT('',(287.300033744872,49.2,99.55));
#4152=CARTESIAN_POINT('',(269.8,49.2,97.55));
#4153=CARTESIAN_POINT('',(269.8,49.2,99.55));
#4154=CARTESIAN_POINT('',(287.300033744872,49.2,97.55));
#4155=CARTESIAN_POINT('Origin',(269.8,49.,99.55));
#4156=CARTESIAN_POINT('',(269.6,49.,99.55));
#4157=CARTESIAN_POINT('Origin',(269.8,49.,99.55));
#4158=CARTESIAN_POINT('',(269.6,49.,97.55));
#4159=CARTESIAN_POINT('',(269.6,49.,99.55));
#4160=CARTESIAN_POINT('Origin',(269.8,49.,97.55));
#4161=CARTESIAN_POINT('Origin',(269.6,35.3190402264807,99.55));
#4162=CARTESIAN_POINT('',(269.6,29.0540402264807,99.55));
#4163=CARTESIAN_POINT('',(269.6,63.686371714794,99.55));
#4164=CARTESIAN_POINT('',(269.6,29.0540402264807,97.55));
#4165=CARTESIAN_POINT('',(269.6,29.0540402264807,99.55));
#4166=CARTESIAN_POINT('',(269.6,63.686371714794,97.55));
#4167=CARTESIAN_POINT('Origin',(265.15,50.6,99.55));
#4168=CARTESIAN_POINT('',(265.75,50.6,99.55));
#4169=CARTESIAN_POINT('',(265.15,51.2,99.55));
#4170=CARTESIAN_POINT('Origin',(265.15,50.6,99.55));
#4171=CARTESIAN_POINT('',(265.15,51.2,97.55));
#4172=CARTESIAN_POINT('',(265.15,51.2,99.55));
#4173=CARTESIAN_POINT('',(265.75,50.6,97.55));
#4174=CARTESIAN_POINT('Origin',(265.15,50.6,97.55));
#4175=CARTESIAN_POINT('',(265.75,50.6,99.55));
#4176=CARTESIAN_POINT('Origin',(252.25,51.2,99.55));
#4177=CARTESIAN_POINT('',(252.85,51.2,99.55));
#4178=CARTESIAN_POINT('',(278.625033744872,51.2,99.55));
#4179=CARTESIAN_POINT('',(252.85,51.2,97.55));
#4180=CARTESIAN_POINT('',(252.85,51.2,99.55));
#4181=CARTESIAN_POINT('',(278.625033744872,51.2,97.55));
#4182=CARTESIAN_POINT('Origin',(252.85,50.6,99.55));
#4183=CARTESIAN_POINT('',(252.25,50.6,99.55));
#4184=CARTESIAN_POINT('Origin',(252.85,50.6,99.55));
#4185=CARTESIAN_POINT('',(252.25,50.6,97.55));
#4186=CARTESIAN_POINT('',(252.25,50.6,99.55));
#4187=CARTESIAN_POINT('Origin',(252.85,50.6,97.55));
#4188=CARTESIAN_POINT('Origin',(252.25,35.5,99.55));
#4189=CARTESIAN_POINT('',(252.25,29.054,99.55));
#4190=CARTESIAN_POINT('',(252.25,63.7768516015537,99.55));
#4191=CARTESIAN_POINT('',(252.25,29.054,97.55));
#4192=CARTESIAN_POINT('',(252.25,29.054,99.55));
#4193=CARTESIAN_POINT('',(252.25,63.7768516015537,97.55));
#4194=CARTESIAN_POINT('Origin',(234.45,50.9,99.55));
#4195=CARTESIAN_POINT('',(234.45,51.2,99.55));
#4196=CARTESIAN_POINT('',(234.15,50.9,99.55));
#4197=CARTESIAN_POINT('Origin',(234.45,50.9,99.55));
#4198=CARTESIAN_POINT('',(234.15,50.9,97.55));
#4199=CARTESIAN_POINT('',(234.15,50.9,99.55));
#4200=CARTESIAN_POINT('',(234.45,51.2,97.55));
#4201=CARTESIAN_POINT('Origin',(234.45,50.9,97.55));
#4202=CARTESIAN_POINT('',(234.45,51.2,99.55));
#4203=CARTESIAN_POINT('Origin',(234.15,35.3,99.55));
#4204=CARTESIAN_POINT('',(234.15,29.054,99.55));
#4205=CARTESIAN_POINT('',(234.15,63.6768516015537,99.55));
#4206=CARTESIAN_POINT('',(234.15,29.054,97.55));
#4207=CARTESIAN_POINT('',(234.15,29.054,99.55));
#4208=CARTESIAN_POINT('',(234.15,63.6768516015537,97.55));
#4209=CARTESIAN_POINT('Origin',(247.55,50.9,99.55));
#4210=CARTESIAN_POINT('',(247.85,50.9,99.55));
#4211=CARTESIAN_POINT('',(247.55,51.2,99.55));
#4212=CARTESIAN_POINT('Origin',(247.55,50.9,99.55));
#4213=CARTESIAN_POINT('',(247.55,51.2,97.55));
#4214=CARTESIAN_POINT('',(247.55,51.2,99.55));
#4215=CARTESIAN_POINT('',(247.85,50.9,97.55));
#4216=CARTESIAN_POINT('Origin',(247.55,50.9,97.55));
#4217=CARTESIAN_POINT('',(247.85,50.9,99.55));
#4218=CARTESIAN_POINT('Origin',(234.15,51.2,99.55));
#4219=CARTESIAN_POINT('',(269.575033744872,51.2,97.55));
#4220=CARTESIAN_POINT('',(269.575033744872,51.2,99.55));
#4221=CARTESIAN_POINT('Origin',(247.85,29.054,99.55));
#4222=CARTESIAN_POINT('',(247.85,29.054,97.55));
#4223=CARTESIAN_POINT('',(276.425033744872,29.054,97.55));
#4224=CARTESIAN_POINT('',(247.85,29.054,99.55));
#4225=CARTESIAN_POINT('',(276.425033744872,29.054,99.55));
#4226=CARTESIAN_POINT('',(247.85,29.054,99.55));
#4227=CARTESIAN_POINT('Origin',(265.75,29.054,99.55));
#4228=CARTESIAN_POINT('',(265.75,29.054,97.55));
#4229=CARTESIAN_POINT('',(285.375033744872,29.054,97.55));
#4230=CARTESIAN_POINT('',(265.75,29.054,99.55));
#4231=CARTESIAN_POINT('',(285.375033744872,29.054,99.55));
#4232=CARTESIAN_POINT('',(265.75,29.054,99.55));
#4233=CARTESIAN_POINT('Origin',(285.9,29.0540402264807,99.55));
#4234=CARTESIAN_POINT('',(285.9,29.0540402264807,97.55));
#4235=CARTESIAN_POINT('',(295.450033744872,29.0540402264807,97.55));
#4236=CARTESIAN_POINT('',(285.9,29.0540402264807,99.55));
#4237=CARTESIAN_POINT('',(295.450033744872,29.0540402264807,99.55));
#4238=CARTESIAN_POINT('',(285.9,29.0540402264807,99.55));
#4239=CARTESIAN_POINT('Origin',(247.85,51.2,99.55));
#4240=CARTESIAN_POINT('',(247.85,63.6768516015537,97.55));
#4241=CARTESIAN_POINT('',(247.85,63.6768516015537,99.55));
#4242=CARTESIAN_POINT('Origin',(265.75,51.2,99.55));
#4243=CARTESIAN_POINT('',(265.75,71.6268516015537,97.55));
#4244=CARTESIAN_POINT('',(265.75,71.6268516015537,99.55));
#4245=CARTESIAN_POINT('Origin',(285.9,49.2,99.55));
#4246=CARTESIAN_POINT('',(285.9,63.686371714794,97.55));
#4247=CARTESIAN_POINT('',(285.9,63.686371714794,99.55));
#4248=CARTESIAN_POINT('Origin',(226.574934894443,29.0537032031073,24.75));
#4249=CARTESIAN_POINT('',(228.574934894443,29.0537032031073,26.75));
#4250=CARTESIAN_POINT('',(224.574934894443,29.0537032031073,22.75));
#4251=CARTESIAN_POINT('',(226.824934894443,29.0537032031073,25.));
#4252=CARTESIAN_POINT('',(224.574934894443,43.5537032031073,22.75));
#4253=CARTESIAN_POINT('',(224.574934894443,29.0537032031073,22.75));
#4254=CARTESIAN_POINT('',(228.574934894443,43.5537032031073,26.75));
#4255=CARTESIAN_POINT('',(226.824934894443,43.5537032031073,25.));
#4256=CARTESIAN_POINT('',(228.574934894443,29.0537032031073,26.75));
#4257=CARTESIAN_POINT('Origin',(230.649934894443,29.0537032031073,22.75));
#4258=CARTESIAN_POINT('',(216.074934894443,29.0537032031073,22.75));
#4259=CARTESIAN_POINT('',(226.987434894443,29.0537032031073,22.75));
#4260=CARTESIAN_POINT('',(216.074934894443,43.5537032031073,22.75));
#4261=CARTESIAN_POINT('',(216.074934894443,91.9893847503787,22.75));
#4262=CARTESIAN_POINT('',(226.987434894443,43.5537032031073,22.75));
#4263=CARTESIAN_POINT('Origin',(223.324934894443,29.0537032031073,29.));
#4264=CARTESIAN_POINT('',(228.574934894443,29.0537032031073,35.25));
#4265=CARTESIAN_POINT('',(228.574934894443,29.0537032031073,32.6625));
#4266=CARTESIAN_POINT('',(216.074934894443,29.0537032031073,35.25));
#4267=CARTESIAN_POINT('',(219.662434894443,29.0537032031073,35.25));
#4268=CARTESIAN_POINT('',(216.074934894443,29.0537032031073,22.525));
#4269=CARTESIAN_POINT('',(220.624934894443,29.0537032031073,29.));
#4270=CARTESIAN_POINT('Origin',(223.324934894443,29.0537032031073,29.));
#4271=CARTESIAN_POINT('Origin',(383.425132461189,29.0537032031073,24.75));
#4272=CARTESIAN_POINT('',(381.425132461189,43.5537032031073,26.75));
#4273=CARTESIAN_POINT('',(385.425132461189,43.5537032031073,22.75));
#4274=CARTESIAN_POINT('',(383.175116218328,43.5537032031073,25.0000162428616));
#4275=CARTESIAN_POINT('',(385.425132461189,29.0537032031073,22.75));
#4276=CARTESIAN_POINT('',(385.425132461189,29.0537032031073,22.75));
#4277=CARTESIAN_POINT('',(381.425132461189,29.0537032031073,26.75));
#4278=CARTESIAN_POINT('',(383.175116218328,29.0537032031073,25.0000162428616));
#4279=CARTESIAN_POINT('',(381.425132461189,29.0537032031073,26.75));
#4280=CARTESIAN_POINT('Origin',(381.425132461189,29.0537032031073,21.675));
#4281=CARTESIAN_POINT('',(381.425132461189,29.0537032031073,35.25));
#4282=CARTESIAN_POINT('',(381.425132461189,29.0537032031073,25.3375));
#4283=CARTESIAN_POINT('',(381.425132461189,43.5537032031073,35.25));
#4284=CARTESIAN_POINT('',(381.425132461189,29.0537032031073,35.25));
#4285=CARTESIAN_POINT('',(381.425132461189,43.5537032031073,25.3375));
#4286=CARTESIAN_POINT('Origin',(386.675067489743,29.0537032031073,29.));
#4287=CARTESIAN_POINT('',(393.925067489743,29.0537032031073,22.75));
#4288=CARTESIAN_POINT('',(390.33753500402,29.0537032031073,22.75));
#4289=CARTESIAN_POINT('',(393.925067489743,29.0537032031073,35.25));
#4290=CARTESIAN_POINT('',(393.925067489743,29.0537032031073,43.4));
#4291=CARTESIAN_POINT('',(383.012599975466,29.0537032031073,35.25));
#4292=CARTESIAN_POINT('',(383.975067489743,29.0537032031073,29.));
#4293=CARTESIAN_POINT('Origin',(386.675067489743,29.0537032031073,29.));
#4294=CARTESIAN_POINT('Origin',(386.675067489743,29.3537032031073,29.));
#4295=CARTESIAN_POINT('',(384.575067489743,29.6537032031073,29.));
#4296=CARTESIAN_POINT('',(384.275067489743,29.3537032031073,29.));
#4297=CARTESIAN_POINT('Origin',(386.675067489743,29.6537032031073,29.));
#4298=CARTESIAN_POINT('Origin',(386.675067489743,29.0537032031073,29.));
#4299=CARTESIAN_POINT('',(384.575067489743,43.5537032031073,29.));
#4300=CARTESIAN_POINT('Origin',(386.675067489743,43.5537032031073,29.));
#4301=CARTESIAN_POINT('',(384.575067489743,29.0537032031073,29.));
#4302=CARTESIAN_POINT('Origin',(223.324934894443,29.3537032031073,29.));
#4303=CARTESIAN_POINT('',(221.224934894443,29.6537032031073,29.));
#4304=CARTESIAN_POINT('',(220.924934894443,29.3537032031073,29.));
#4305=CARTESIAN_POINT('Origin',(223.324934894443,29.6537032031073,29.));
#4306=CARTESIAN_POINT('Origin',(223.324934894443,29.0537032031073,29.));
#4307=CARTESIAN_POINT('',(221.224934894443,43.5537032031073,29.));
#4308=CARTESIAN_POINT('Origin',(223.324934894443,43.5537032031073,29.));
#4309=CARTESIAN_POINT('',(221.224934894443,29.0537032031073,29.));
#4310=CARTESIAN_POINT('Origin',(379.350132461189,29.0537032031073,35.25));
#4311=CARTESIAN_POINT('',(393.925067489743,43.5537032031073,35.25));
#4312=CARTESIAN_POINT('',(393.925067489743,60.521543976743,35.25));
#4313=CARTESIAN_POINT('',(383.012599975466,43.5537032031073,35.25));
#4314=CARTESIAN_POINT('Origin',(228.574934894443,29.0537032031073,36.325));
#4315=CARTESIAN_POINT('',(228.574934894443,43.5537032031073,35.25));
#4316=CARTESIAN_POINT('',(228.574934894443,43.5537032031073,32.6625));
#4317=CARTESIAN_POINT('',(228.574934894443,29.0537032031073,35.25));
#4318=CARTESIAN_POINT('Origin',(215.999934894443,29.0537032031073,35.25));
#4319=CARTESIAN_POINT('',(216.074934894443,43.5537032031073,35.25));
#4320=CARTESIAN_POINT('',(219.662434894443,43.5537032031073,35.25));
#4321=CARTESIAN_POINT('',(216.074934894443,91.9893847503787,35.25));
#4322=CARTESIAN_POINT('Origin',(223.324934894443,43.5537032031073,29.));
#4323=CARTESIAN_POINT('',(216.074934894443,43.5537032031073,22.525));
#4324=CARTESIAN_POINT('Origin',(394.000002518296,29.0537032031073,22.75));
#4325=CARTESIAN_POINT('',(393.925067489743,43.5537032031073,22.75));
#4326=CARTESIAN_POINT('',(390.33753500402,43.5537032031073,22.75));
#4327=CARTESIAN_POINT('',(393.925067489743,60.521543976743,22.75));
#4328=CARTESIAN_POINT('Origin',(386.675067489743,43.5537032031073,29.));
#4329=CARTESIAN_POINT('',(393.925067489743,43.5537032031073,43.4));
#4330=CARTESIAN_POINT('Origin',(305.000067489743,92.0537032031073,99.55));
#4331=CARTESIAN_POINT('',(222.075067489743,83.4643853908798,99.55));
#4332=CARTESIAN_POINT('',(387.925067489743,83.4643853908798,99.55));
#4333=CARTESIAN_POINT('',(259.537567489743,83.4643853908798,99.55));
#4334=CARTESIAN_POINT('',(222.075067489743,29.0537032031073,99.55));
#4335=CARTESIAN_POINT('',(222.075067489743,92.021543976743,99.55));
#4336=CARTESIAN_POINT('',(387.925067489743,29.0537032031073,99.55));
#4337=CARTESIAN_POINT('',(349.462567489743,29.0537032031073,99.55));
#4338=CARTESIAN_POINT('',(387.925067489743,92.021543976743,99.55));
#4339=CARTESIAN_POINT('',(286.650067489743,36.2590442969936,99.55));
#4340=CARTESIAN_POINT('',(290.850067489743,36.2590442969936,99.55));
#4341=CARTESIAN_POINT('Origin',(288.750067489743,36.2590442969936,99.55));
#4342=CARTESIAN_POINT('',(286.650067489743,76.2590442969936,99.55));
#4343=CARTESIAN_POINT('',(286.650067489743,64.1563737500505,99.55));
#4344=CARTESIAN_POINT('',(290.850067489743,76.2590442969936,99.55));
#4345=CARTESIAN_POINT('Origin',(288.750067489743,76.2590442969936,99.55));
#4346=CARTESIAN_POINT('',(290.850067489743,84.1563737500505,99.55));
#4347=CARTESIAN_POINT('',(319.150067489743,36.2590442969936,99.55));
#4348=CARTESIAN_POINT('',(323.350067489743,36.2590442969936,99.55));
#4349=CARTESIAN_POINT('Origin',(321.250067489743,36.2590442969936,99.55));
#4350=CARTESIAN_POINT('',(319.150067489743,76.2590442969936,99.55));
#4351=CARTESIAN_POINT('',(319.150067489743,64.1563737500505,99.55));
#4352=CARTESIAN_POINT('',(323.350067489743,76.2590442969936,99.55));
#4353=CARTESIAN_POINT('Origin',(321.250067489743,76.2590442969936,99.55));
#4354=CARTESIAN_POINT('',(323.350067489743,84.1563737500505,99.55));
#4355=CARTESIAN_POINT('',(351.650067489743,36.2590442969936,99.55));
#4356=CARTESIAN_POINT('',(355.850067489743,36.2590442969936,99.55));
#4357=CARTESIAN_POINT('Origin',(353.750067489743,36.2590442969936,99.55));
#4358=CARTESIAN_POINT('',(351.650067489743,76.2590442969936,99.55));
#4359=CARTESIAN_POINT('',(351.650067489743,64.1563737500505,99.55));
#4360=CARTESIAN_POINT('',(355.850067489743,76.2590442969936,99.55));
#4361=CARTESIAN_POINT('Origin',(353.750067489743,76.2590442969936,99.55));
#4362=CARTESIAN_POINT('',(355.850067489743,84.1563737500505,99.55));
#4363=CARTESIAN_POINT('',(375.500002235174,40.0000005960464,99.55));
#4364=CARTESIAN_POINT('Origin',(370.000002235174,40.0000005960464,99.55));
#4365=CARTESIAN_POINT('',(367.900020600878,50.2050005960299,99.55));
#4366=CARTESIAN_POINT('',(372.100020600878,50.2050005960299,99.55));
#4367=CARTESIAN_POINT('Origin',(370.000020600878,50.2050005960299,99.55));
#4368=CARTESIAN_POINT('',(367.900020600878,76.2590442969936,99.55));
#4369=CARTESIAN_POINT('',(367.900020600878,71.1293518995686,99.55));
#4370=CARTESIAN_POINT('',(372.100020600878,76.2590442969936,99.55));
#4371=CARTESIAN_POINT('Origin',(370.000020600878,76.2590442969936,99.55));
#4372=CARTESIAN_POINT('',(372.100020600878,84.1563737500505,99.55));
#4373=CARTESIAN_POINT('',(335.400067489743,36.2590442969936,99.55));
#4374=CARTESIAN_POINT('',(339.600067489743,36.2590442969936,99.55));
#4375=CARTESIAN_POINT('Origin',(337.500067489743,36.2590442969936,99.55));
#4376=CARTESIAN_POINT('',(335.400067489743,76.2590442969936,99.55));
#4377=CARTESIAN_POINT('',(335.400067489743,64.1563737500505,99.55));
#4378=CARTESIAN_POINT('',(339.600067489743,76.2590442969936,99.55));
#4379=CARTESIAN_POINT('Origin',(337.500067489743,76.2590442969936,99.55));
#4380=CARTESIAN_POINT('',(339.600067489743,84.1563737500505,99.55));
#4381=CARTESIAN_POINT('',(302.900067489743,36.2590442969936,99.55));
#4382=CARTESIAN_POINT('',(307.100067489743,36.2590442969936,99.55));
#4383=CARTESIAN_POINT('Origin',(305.000067489743,36.2590442969936,99.55));
#4384=CARTESIAN_POINT('',(302.900067489743,76.2590442969936,99.55));
#4385=CARTESIAN_POINT('',(302.900067489743,64.1563737500505,99.55));
#4386=CARTESIAN_POINT('',(307.100067489743,76.2590442969936,99.55));
#4387=CARTESIAN_POINT('Origin',(305.000067489743,76.2590442969936,99.55));
#4388=CARTESIAN_POINT('',(307.100067489743,84.1563737500505,99.55));
#4389=CARTESIAN_POINT('Origin',(288.750067489743,36.2590442969936,99.25));
#4390=CARTESIAN_POINT('',(287.250067489743,36.2590442969936,98.95));
#4391=CARTESIAN_POINT('',(287.250067489743,36.2590442969936,98.95));
#4392=CARTESIAN_POINT('',(290.250067489743,36.2590442969936,98.95));
#4393=CARTESIAN_POINT('',(290.850067489743,36.2590442969936,99.55));
#4394=CARTESIAN_POINT('Origin',(288.750067489743,36.2590442969936,98.95));
#4395=CARTESIAN_POINT('Origin',(286.950067489743,64.1563737500505,99.25));
#4396=CARTESIAN_POINT('',(287.250067489743,76.2590442969936,98.95));
#4397=CARTESIAN_POINT('',(287.250067489743,76.2590442969936,98.95));
#4398=CARTESIAN_POINT('',(287.250067489743,64.1563737500505,98.95));
#4399=CARTESIAN_POINT('Origin',(288.750067489743,76.2590442969936,99.25));
#4400=CARTESIAN_POINT('',(290.250067489743,76.2590442969936,98.95));
#4401=CARTESIAN_POINT('',(290.250067489743,76.2590442969936,98.95));
#4402=CARTESIAN_POINT('Origin',(288.750067489743,76.2590442969936,98.95));
#4403=CARTESIAN_POINT('Origin',(290.550067489743,84.1563737500505,99.25));
#4404=CARTESIAN_POINT('',(290.250067489743,84.1563737500505,98.95));
#4405=CARTESIAN_POINT('Origin',(287.250067489743,36.2590442969936,99.55));
#4406=CARTESIAN_POINT('',(287.250067489743,36.2590442969936,98.15));
#4407=CARTESIAN_POINT('',(287.250067489743,36.2590442969936,99.55));
#4408=CARTESIAN_POINT('',(287.250067489743,76.2590442969936,98.15));
#4409=CARTESIAN_POINT('',(287.250067489743,64.1563737500505,98.15));
#4410=CARTESIAN_POINT('',(287.250067489743,76.2590442969936,99.55));
#4411=CARTESIAN_POINT('Origin',(288.750067489743,36.2590442969936,99.55));
#4412=CARTESIAN_POINT('',(290.250067489743,36.2590442969936,98.15));
#4413=CARTESIAN_POINT('',(290.250067489743,36.2590442969936,99.55));
#4414=CARTESIAN_POINT('Origin',(288.750067489743,36.2590442969936,98.15));
#4415=CARTESIAN_POINT('Origin',(305.000067489743,36.2590442969936,99.25));
#4416=CARTESIAN_POINT('',(303.500067489743,36.2590442969936,98.95));
#4417=CARTESIAN_POINT('',(303.500067489743,36.2590442969936,98.95));
#4418=CARTESIAN_POINT('',(306.500067489743,36.2590442969936,98.95));
#4419=CARTESIAN_POINT('',(307.100067489743,36.2590442969936,99.55));
#4420=CARTESIAN_POINT('Origin',(305.000067489743,36.2590442969936,98.95));
#4421=CARTESIAN_POINT('Origin',(303.200067489743,64.1563737500505,99.25));
#4422=CARTESIAN_POINT('',(303.500067489743,76.2590442969936,98.95));
#4423=CARTESIAN_POINT('',(303.500067489743,76.2590442969936,98.95));
#4424=CARTESIAN_POINT('',(303.500067489743,64.1563737500505,98.95));
#4425=CARTESIAN_POINT('Origin',(305.000067489743,76.2590442969936,99.25));
#4426=CARTESIAN_POINT('',(306.500067489743,76.2590442969936,98.95));
#4427=CARTESIAN_POINT('',(306.500067489743,76.2590442969936,98.95));
#4428=CARTESIAN_POINT('Origin',(305.000067489743,76.2590442969936,98.95));
#4429=CARTESIAN_POINT('Origin',(306.800067489743,84.1563737500505,99.25));
#4430=CARTESIAN_POINT('',(306.500067489743,84.1563737500505,98.95));
#4431=CARTESIAN_POINT('Origin',(303.500067489743,36.2590442969936,99.55));
#4432=CARTESIAN_POINT('',(303.500067489743,36.2590442969936,98.15));
#4433=CARTESIAN_POINT('',(303.500067489743,36.2590442969936,99.55));
#4434=CARTESIAN_POINT('',(303.500067489743,76.2590442969936,98.15));
#4435=CARTESIAN_POINT('',(303.500067489743,64.1563737500505,98.15));
#4436=CARTESIAN_POINT('',(303.500067489743,76.2590442969936,99.55));
#4437=CARTESIAN_POINT('Origin',(305.000067489743,36.2590442969936,99.55));
#4438=CARTESIAN_POINT('',(306.500067489743,36.2590442969936,98.15));
#4439=CARTESIAN_POINT('',(306.500067489743,36.2590442969936,99.55));
#4440=CARTESIAN_POINT('Origin',(305.000067489743,36.2590442969936,98.15));
#4441=CARTESIAN_POINT('Origin',(321.250067489743,36.2590442969936,99.25));
#4442=CARTESIAN_POINT('',(319.750067489743,36.2590442969936,98.95));
#4443=CARTESIAN_POINT('',(319.750067489743,36.2590442969936,98.95));
#4444=CARTESIAN_POINT('',(322.750067489743,36.2590442969936,98.95));
#4445=CARTESIAN_POINT('',(323.350067489743,36.2590442969936,99.55));
#4446=CARTESIAN_POINT('Origin',(321.250067489743,36.2590442969936,98.95));
#4447=CARTESIAN_POINT('Origin',(319.450067489743,64.1563737500505,99.25));
#4448=CARTESIAN_POINT('',(319.750067489743,76.2590442969936,98.95));
#4449=CARTESIAN_POINT('',(319.750067489743,76.2590442969936,98.95));
#4450=CARTESIAN_POINT('',(319.750067489743,64.1563737500505,98.95));
#4451=CARTESIAN_POINT('Origin',(321.250067489743,76.2590442969936,99.25));
#4452=CARTESIAN_POINT('',(322.750067489743,76.2590442969936,98.95));
#4453=CARTESIAN_POINT('',(322.750067489743,76.2590442969936,98.95));
#4454=CARTESIAN_POINT('Origin',(321.250067489743,76.2590442969936,98.95));
#4455=CARTESIAN_POINT('Origin',(323.050067489743,84.1563737500505,99.25));
#4456=CARTESIAN_POINT('',(322.750067489743,84.1563737500505,98.95));
#4457=CARTESIAN_POINT('Origin',(319.750067489743,36.2590442969936,99.55));
#4458=CARTESIAN_POINT('',(319.750067489743,36.2590442969936,98.15));
#4459=CARTESIAN_POINT('',(319.750067489743,36.2590442969936,99.55));
#4460=CARTESIAN_POINT('',(319.750067489743,76.2590442969936,98.15));
#4461=CARTESIAN_POINT('',(319.750067489743,64.1563737500505,98.15));
#4462=CARTESIAN_POINT('',(319.750067489743,76.2590442969936,99.55));
#4463=CARTESIAN_POINT('Origin',(321.250067489743,36.2590442969936,99.55));
#4464=CARTESIAN_POINT('',(322.750067489743,36.2590442969936,98.15));
#4465=CARTESIAN_POINT('',(322.750067489743,36.2590442969936,99.55));
#4466=CARTESIAN_POINT('Origin',(321.250067489743,36.2590442969936,98.15));
#4467=CARTESIAN_POINT('Origin',(337.500067489743,36.2590442969936,99.25));
#4468=CARTESIAN_POINT('',(336.000067489743,36.2590442969936,98.95));
#4469=CARTESIAN_POINT('',(336.000067489743,36.2590442969936,98.95));
#4470=CARTESIAN_POINT('',(339.000067489743,36.2590442969936,98.95));
#4471=CARTESIAN_POINT('',(339.600067489743,36.2590442969936,99.55));
#4472=CARTESIAN_POINT('Origin',(337.500067489743,36.2590442969936,98.95));
#4473=CARTESIAN_POINT('Origin',(335.700067489743,64.1563737500505,99.25));
#4474=CARTESIAN_POINT('',(336.000067489743,76.2590442969936,98.95));
#4475=CARTESIAN_POINT('',(336.000067489743,76.2590442969936,98.95));
#4476=CARTESIAN_POINT('',(336.000067489743,64.1563737500505,98.95));
#4477=CARTESIAN_POINT('Origin',(337.500067489743,76.2590442969936,99.25));
#4478=CARTESIAN_POINT('',(339.000067489743,76.2590442969936,98.95));
#4479=CARTESIAN_POINT('',(339.000067489743,76.2590442969936,98.95));
#4480=CARTESIAN_POINT('Origin',(337.500067489743,76.2590442969936,98.95));
#4481=CARTESIAN_POINT('Origin',(339.300067489743,84.1563737500505,99.25));
#4482=CARTESIAN_POINT('',(339.000067489743,84.1563737500505,98.95));
#4483=CARTESIAN_POINT('Origin',(336.000067489743,36.2590442969936,99.55));
#4484=CARTESIAN_POINT('',(336.000067489743,36.2590442969936,98.15));
#4485=CARTESIAN_POINT('',(336.000067489743,36.2590442969936,99.55));
#4486=CARTESIAN_POINT('',(336.000067489743,76.2590442969936,98.15));
#4487=CARTESIAN_POINT('',(336.000067489743,64.1563737500505,98.15));
#4488=CARTESIAN_POINT('',(336.000067489743,76.2590442969936,99.55));
#4489=CARTESIAN_POINT('Origin',(337.500067489743,36.2590442969936,99.55));
#4490=CARTESIAN_POINT('',(339.000067489743,36.2590442969936,98.15));
#4491=CARTESIAN_POINT('',(339.000067489743,36.2590442969936,99.55));
#4492=CARTESIAN_POINT('Origin',(337.500067489743,36.2590442969936,98.15));
#4493=CARTESIAN_POINT('Origin',(353.750067489743,36.2590442969936,99.25));
#4494=CARTESIAN_POINT('',(352.250067489743,36.2590442969936,98.95));
#4495=CARTESIAN_POINT('',(352.250067489743,36.2590442969936,98.95));
#4496=CARTESIAN_POINT('',(355.250067489743,36.2590442969936,98.95));
#4497=CARTESIAN_POINT('',(355.850067489743,36.2590442969936,99.55));
#4498=CARTESIAN_POINT('Origin',(353.750067489743,36.2590442969936,98.95));
#4499=CARTESIAN_POINT('Origin',(351.950067489743,64.1563737500505,99.25));
#4500=CARTESIAN_POINT('',(352.250067489743,76.2590442969936,98.95));
#4501=CARTESIAN_POINT('',(352.250067489743,76.2590442969936,98.95));
#4502=CARTESIAN_POINT('',(352.250067489743,64.1563737500505,98.95));
#4503=CARTESIAN_POINT('Origin',(353.750067489743,76.2590442969936,99.25));
#4504=CARTESIAN_POINT('',(355.250067489743,76.2590442969936,98.95));
#4505=CARTESIAN_POINT('',(355.250067489743,76.2590442969936,98.95));
#4506=CARTESIAN_POINT('Origin',(353.750067489743,76.2590442969936,98.95));
#4507=CARTESIAN_POINT('Origin',(355.550067489743,84.1563737500505,99.25));
#4508=CARTESIAN_POINT('',(355.250067489743,84.1563737500505,98.95));
#4509=CARTESIAN_POINT('Origin',(352.250067489743,36.2590442969936,99.55));
#4510=CARTESIAN_POINT('',(352.250067489743,36.2590442969936,98.15));
#4511=CARTESIAN_POINT('',(352.250067489743,36.2590442969936,99.55));
#4512=CARTESIAN_POINT('',(352.250067489743,76.2590442969936,98.15));
#4513=CARTESIAN_POINT('',(352.250067489743,64.1563737500505,98.15));
#4514=CARTESIAN_POINT('',(352.250067489743,76.2590442969936,99.55));
#4515=CARTESIAN_POINT('Origin',(353.750067489743,36.2590442969936,99.55));
#4516=CARTESIAN_POINT('',(355.250067489743,36.2590442969936,98.15));
#4517=CARTESIAN_POINT('',(355.250067489743,36.2590442969936,99.55));
#4518=CARTESIAN_POINT('Origin',(353.750067489743,36.2590442969936,98.15));
#4519=CARTESIAN_POINT('Origin',(370.000020600878,50.2050005960299,99.25));
#4520=CARTESIAN_POINT('',(368.500020600878,50.2050005960299,98.95));
#4521=CARTESIAN_POINT('',(368.500020600878,50.2050005960299,98.95));
#4522=CARTESIAN_POINT('',(371.500020600878,50.2050005960299,98.95));
#4523=CARTESIAN_POINT('',(372.100020600878,50.2050005960299,99.55));
#4524=CARTESIAN_POINT('Origin',(370.000020600878,50.2050005960299,98.95));
#4525=CARTESIAN_POINT('Origin',(368.200020600878,71.1293518995686,99.25));
#4526=CARTESIAN_POINT('',(368.500020600878,76.2590442969936,98.95));
#4527=CARTESIAN_POINT('',(368.500020600878,76.2590442969936,98.95));
#4528=CARTESIAN_POINT('',(368.500020600878,71.1293518995686,98.95));
#4529=CARTESIAN_POINT('Origin',(370.000020600878,76.2590442969936,99.25));
#4530=CARTESIAN_POINT('',(371.500020600878,76.2590442969936,98.95));
#4531=CARTESIAN_POINT('',(371.500020600878,76.2590442969936,98.95));
#4532=CARTESIAN_POINT('Origin',(370.000020600878,76.2590442969936,98.95));
#4533=CARTESIAN_POINT('Origin',(371.800020600878,84.1563737500505,99.25));
#4534=CARTESIAN_POINT('',(371.500020600878,84.1563737500505,98.95));
#4535=CARTESIAN_POINT('Origin',(368.500020600878,50.2050005960299,99.55));
#4536=CARTESIAN_POINT('',(368.500020600878,50.2050005960299,98.15));
#4537=CARTESIAN_POINT('',(368.500020600878,50.2050005960299,99.55));
#4538=CARTESIAN_POINT('',(368.500020600878,76.2590442969936,98.15));
#4539=CARTESIAN_POINT('',(368.500020600878,71.1293518995686,98.15));
#4540=CARTESIAN_POINT('',(368.500020600878,76.2590442969936,99.55));
#4541=CARTESIAN_POINT('Origin',(370.000020600878,50.2050005960299,99.55));
#4542=CARTESIAN_POINT('',(371.500020600878,50.2050005960299,98.15));
#4543=CARTESIAN_POINT('',(371.500020600878,50.2050005960299,99.55));
#4544=CARTESIAN_POINT('Origin',(370.000020600878,50.2050005960299,98.15));
#4545=CARTESIAN_POINT('Origin',(305.000067489743,92.0537032031073,97.55));
#4546=CARTESIAN_POINT('',(226.075067489743,29.0537032031073,97.55));
#4547=CARTESIAN_POINT('',(226.075067489743,43.5537032031073,97.55));
#4548=CARTESIAN_POINT('',(226.075067489743,60.5537032031073,97.55));
#4549=CARTESIAN_POINT('',(222.074934894443,43.5537032031073,97.55));
#4550=CARTESIAN_POINT('',(263.162567489743,43.5537032031073,97.55));
#4551=CARTESIAN_POINT('',(222.074934894443,83.4643853908798,97.55));
#4552=CARTESIAN_POINT('',(222.074934894443,123.489384750379,97.55));
#4553=CARTESIAN_POINT('',(387.925067489743,83.4643853908798,97.55));
#4554=CARTESIAN_POINT('',(259.537567489743,83.4643853908798,97.55));
#4555=CARTESIAN_POINT('',(387.925067489743,43.5537032031073,97.55));
#4556=CARTESIAN_POINT('',(387.925067489743,92.021543976743,97.55));
#4557=CARTESIAN_POINT('',(383.925084882272,43.5537032031073,97.55));
#4558=CARTESIAN_POINT('',(346.837603355544,43.5537032031073,97.55));
#4559=CARTESIAN_POINT('',(383.925084882272,29.0537032031073,97.55));
#4560=CARTESIAN_POINT('',(383.925084882272,60.5537032031073,97.55));
#4561=CARTESIAN_POINT('',(305.000067489743,29.0537032031073,97.55));
#4562=CARTESIAN_POINT('',(307.100067489743,36.2590442969936,97.55));
#4563=CARTESIAN_POINT('',(302.900067489743,36.2590442969936,97.55));
#4564=CARTESIAN_POINT('Origin',(305.000067489743,36.2590442969936,97.55));
#4565=CARTESIAN_POINT('',(307.100067489743,76.2590442969936,97.55));
#4566=CARTESIAN_POINT('',(307.100067489743,84.1563737500505,97.55));
#4567=CARTESIAN_POINT('',(302.900067489743,76.2590442969936,97.55));
#4568=CARTESIAN_POINT('Origin',(305.000067489743,76.2590442969936,97.55));
#4569=CARTESIAN_POINT('',(302.900067489743,64.1563737500505,97.55));
#4570=CARTESIAN_POINT('',(339.600067489743,36.2590442969936,97.55));
#4571=CARTESIAN_POINT('',(335.400067489743,36.2590442969936,97.55));
#4572=CARTESIAN_POINT('Origin',(337.500067489743,36.2590442969936,97.55));
#4573=CARTESIAN_POINT('',(339.600067489743,76.2590442969936,97.55));
#4574=CARTESIAN_POINT('',(339.600067489743,84.1563737500505,97.55));
#4575=CARTESIAN_POINT('',(335.400067489743,76.2590442969936,97.55));
#4576=CARTESIAN_POINT('Origin',(337.500067489743,76.2590442969936,97.55));
#4577=CARTESIAN_POINT('',(335.400067489743,64.1563737500505,97.55));
#4578=CARTESIAN_POINT('',(372.100020600878,50.2050005960299,97.55));
#4579=CARTESIAN_POINT('',(367.900020600878,50.2050005960299,97.55));
#4580=CARTESIAN_POINT('Origin',(370.000020600878,50.2050005960299,97.55));
#4581=CARTESIAN_POINT('',(372.100020600878,76.2590442969936,97.55));
#4582=CARTESIAN_POINT('',(372.100020600878,84.1563737500505,97.55));
#4583=CARTESIAN_POINT('',(367.900020600878,76.2590442969936,97.55));
#4584=CARTESIAN_POINT('Origin',(370.000020600878,76.2590442969936,97.55));
#4585=CARTESIAN_POINT('',(367.900020600878,71.1293518995686,97.55));
#4586=CARTESIAN_POINT('',(375.500002235174,40.0000005960464,97.55));
#4587=CARTESIAN_POINT('Origin',(370.000002235174,40.0000005960464,97.55));
#4588=CARTESIAN_POINT('',(355.850067489743,36.2590442969936,97.55));
#4589=CARTESIAN_POINT('',(351.650067489743,36.2590442969936,97.55));
#4590=CARTESIAN_POINT('Origin',(353.750067489743,36.2590442969936,97.55));
#4591=CARTESIAN_POINT('',(355.850067489743,76.2590442969936,97.55));
#4592=CARTESIAN_POINT('',(355.850067489743,84.1563737500505,97.55));
#4593=CARTESIAN_POINT('',(351.650067489743,76.2590442969936,97.55));
#4594=CARTESIAN_POINT('Origin',(353.750067489743,76.2590442969936,97.55));
#4595=CARTESIAN_POINT('',(351.650067489743,64.1563737500505,97.55));
#4596=CARTESIAN_POINT('',(323.350067489743,36.2590442969936,97.55));
#4597=CARTESIAN_POINT('',(319.150067489743,36.2590442969936,97.55));
#4598=CARTESIAN_POINT('Origin',(321.250067489743,36.2590442969936,97.55));
#4599=CARTESIAN_POINT('',(323.350067489743,76.2590442969936,97.55));
#4600=CARTESIAN_POINT('',(323.350067489743,84.1563737500505,97.55));
#4601=CARTESIAN_POINT('',(319.150067489743,76.2590442969936,97.55));
#4602=CARTESIAN_POINT('Origin',(321.250067489743,76.2590442969936,97.55));
#4603=CARTESIAN_POINT('',(319.150067489743,64.1563737500505,97.55));
#4604=CARTESIAN_POINT('',(290.850067489743,36.2590442969936,97.55));
#4605=CARTESIAN_POINT('',(286.650067489743,36.2590442969936,97.55));
#4606=CARTESIAN_POINT('Origin',(288.750067489743,36.2590442969936,97.55));
#4607=CARTESIAN_POINT('',(290.850067489743,76.2590442969936,97.55));
#4608=CARTESIAN_POINT('',(290.850067489743,84.1563737500505,97.55));
#4609=CARTESIAN_POINT('',(286.650067489743,76.2590442969936,97.55));
#4610=CARTESIAN_POINT('Origin',(288.750067489743,76.2590442969936,97.55));
#4611=CARTESIAN_POINT('',(286.650067489743,64.1563737500505,97.55));
#4612=CARTESIAN_POINT('Origin',(288.750067489743,36.2590442969936,97.85));
#4613=CARTESIAN_POINT('',(290.250067489743,36.2590442969936,98.15));
#4614=CARTESIAN_POINT('',(286.650067489743,36.2590442969936,97.55));
#4615=CARTESIAN_POINT('Origin',(290.550067489743,84.1563737500505,97.85));
#4616=CARTESIAN_POINT('',(290.250067489743,76.2590442969936,98.15));
#4617=CARTESIAN_POINT('',(290.250067489743,76.2590442969936,98.15));
#4618=CARTESIAN_POINT('',(290.250067489743,84.1563737500505,98.15));
#4619=CARTESIAN_POINT('Origin',(288.750067489743,76.2590442969936,97.85));
#4620=CARTESIAN_POINT('',(287.250067489743,76.2590442969936,98.15));
#4621=CARTESIAN_POINT('Origin',(288.750067489743,76.2590442969936,98.15));
#4622=CARTESIAN_POINT('Origin',(286.950067489743,64.1563737500505,97.85));
#4623=CARTESIAN_POINT('Origin',(290.250067489743,76.2590442969936,99.55));
#4624=CARTESIAN_POINT('',(290.250067489743,76.2590442969936,99.55));
#4625=CARTESIAN_POINT('Origin',(305.000067489743,36.2590442969936,97.85));
#4626=CARTESIAN_POINT('',(306.500067489743,36.2590442969936,98.15));
#4627=CARTESIAN_POINT('',(302.900067489743,36.2590442969936,97.55));
#4628=CARTESIAN_POINT('Origin',(306.800067489743,84.1563737500505,97.85));
#4629=CARTESIAN_POINT('',(306.500067489743,76.2590442969936,98.15));
#4630=CARTESIAN_POINT('',(306.500067489743,76.2590442969936,98.15));
#4631=CARTESIAN_POINT('',(306.500067489743,84.1563737500505,98.15));
#4632=CARTESIAN_POINT('Origin',(305.000067489743,76.2590442969936,97.85));
#4633=CARTESIAN_POINT('',(303.500067489743,76.2590442969936,98.15));
#4634=CARTESIAN_POINT('Origin',(305.000067489743,76.2590442969936,98.15));
#4635=CARTESIAN_POINT('Origin',(303.200067489743,64.1563737500505,97.85));
#4636=CARTESIAN_POINT('Origin',(306.500067489743,76.2590442969936,99.55));
#4637=CARTESIAN_POINT('',(306.500067489743,76.2590442969936,99.55));
#4638=CARTESIAN_POINT('Origin',(321.250067489743,36.2590442969936,97.85));
#4639=CARTESIAN_POINT('',(322.750067489743,36.2590442969936,98.15));
#4640=CARTESIAN_POINT('',(319.150067489743,36.2590442969936,97.55));
#4641=CARTESIAN_POINT('Origin',(323.050067489743,84.1563737500505,97.85));
#4642=CARTESIAN_POINT('',(322.750067489743,76.2590442969936,98.15));
#4643=CARTESIAN_POINT('',(322.750067489743,76.2590442969936,98.15));
#4644=CARTESIAN_POINT('',(322.750067489743,84.1563737500505,98.15));
#4645=CARTESIAN_POINT('Origin',(321.250067489743,76.2590442969936,97.85));
#4646=CARTESIAN_POINT('',(319.750067489743,76.2590442969936,98.15));
#4647=CARTESIAN_POINT('Origin',(321.250067489743,76.2590442969936,98.15));
#4648=CARTESIAN_POINT('Origin',(319.450067489743,64.1563737500505,97.85));
#4649=CARTESIAN_POINT('Origin',(322.750067489743,76.2590442969936,99.55));
#4650=CARTESIAN_POINT('',(322.750067489743,76.2590442969936,99.55));
#4651=CARTESIAN_POINT('Origin',(337.500067489743,36.2590442969936,97.85));
#4652=CARTESIAN_POINT('',(339.000067489743,36.2590442969936,98.15));
#4653=CARTESIAN_POINT('',(335.400067489743,36.2590442969936,97.55));
#4654=CARTESIAN_POINT('Origin',(339.300067489743,84.1563737500505,97.85));
#4655=CARTESIAN_POINT('',(339.000067489743,76.2590442969936,98.15));
#4656=CARTESIAN_POINT('',(339.000067489743,76.2590442969936,98.15));
#4657=CARTESIAN_POINT('',(339.000067489743,84.1563737500505,98.15));
#4658=CARTESIAN_POINT('Origin',(337.500067489743,76.2590442969936,97.85));
#4659=CARTESIAN_POINT('',(336.000067489743,76.2590442969936,98.15));
#4660=CARTESIAN_POINT('Origin',(337.500067489743,76.2590442969936,98.15));
#4661=CARTESIAN_POINT('Origin',(335.700067489743,64.1563737500505,97.85));
#4662=CARTESIAN_POINT('Origin',(339.000067489743,76.2590442969936,99.55));
#4663=CARTESIAN_POINT('',(339.000067489743,76.2590442969936,99.55));
#4664=CARTESIAN_POINT('Origin',(353.750067489743,36.2590442969936,97.85));
#4665=CARTESIAN_POINT('',(355.250067489743,36.2590442969936,98.15));
#4666=CARTESIAN_POINT('',(351.650067489743,36.2590442969936,97.55));
#4667=CARTESIAN_POINT('Origin',(355.550067489743,84.1563737500505,97.85));
#4668=CARTESIAN_POINT('',(355.250067489743,76.2590442969936,98.15));
#4669=CARTESIAN_POINT('',(355.250067489743,76.2590442969936,98.15));
#4670=CARTESIAN_POINT('',(355.250067489743,84.1563737500505,98.15));
#4671=CARTESIAN_POINT('Origin',(353.750067489743,76.2590442969936,97.85));
#4672=CARTESIAN_POINT('',(352.250067489743,76.2590442969936,98.15));
#4673=CARTESIAN_POINT('Origin',(353.750067489743,76.2590442969936,98.15));
#4674=CARTESIAN_POINT('Origin',(351.950067489743,64.1563737500505,97.85));
#4675=CARTESIAN_POINT('Origin',(355.250067489743,76.2590442969936,99.55));
#4676=CARTESIAN_POINT('',(355.250067489743,76.2590442969936,99.55));
#4677=CARTESIAN_POINT('Origin',(370.000020600878,50.2050005960299,97.85));
#4678=CARTESIAN_POINT('',(371.500020600878,50.2050005960299,98.15));
#4679=CARTESIAN_POINT('',(367.900020600878,50.2050005960299,97.55));
#4680=CARTESIAN_POINT('Origin',(371.800020600878,84.1563737500505,97.85));
#4681=CARTESIAN_POINT('',(371.500020600878,76.2590442969936,98.15));
#4682=CARTESIAN_POINT('',(371.500020600878,76.2590442969936,98.15));
#4683=CARTESIAN_POINT('',(371.500020600878,84.1563737500505,98.15));
#4684=CARTESIAN_POINT('Origin',(370.000020600878,76.2590442969936,97.85));
#4685=CARTESIAN_POINT('',(368.500020600878,76.2590442969936,98.15));
#4686=CARTESIAN_POINT('Origin',(370.000020600878,76.2590442969936,98.15));
#4687=CARTESIAN_POINT('Origin',(368.200020600878,71.1293518995686,97.85));
#4688=CARTESIAN_POINT('Origin',(371.500020600878,76.2590442969936,99.55));
#4689=CARTESIAN_POINT('',(371.500020600878,76.2590442969936,99.55));
#4690=CARTESIAN_POINT('Origin',(370.000020600878,76.2590442969936,99.55));
#4691=CARTESIAN_POINT('Origin',(353.750067489743,76.2590442969936,99.55));
#4692=CARTESIAN_POINT('Origin',(337.500067489743,76.2590442969936,99.55));
#4693=CARTESIAN_POINT('Origin',(321.250067489743,76.2590442969936,99.55));
#4694=CARTESIAN_POINT('Origin',(305.000067489743,76.2590442969936,99.55));
#4695=CARTESIAN_POINT('Origin',(288.750067489743,76.2590442969936,99.55));
#4696=CARTESIAN_POINT('Origin',(383.925193560965,29.0537032031073,85.0506862354901));
#4697=CARTESIAN_POINT('',(383.925176172364,43.5537032031073,87.050577553171));
#4698=CARTESIAN_POINT('',(383.925162042414,43.5537032031073,88.6756862353152));
#4699=CARTESIAN_POINT('',(383.925176172364,29.0537032031073,87.0505775531709));
#4700=CARTESIAN_POINT('',(383.925176172364,44.7876235899252,87.0505775531709));
#4701=CARTESIAN_POINT('',(383.925493533987,29.0537032031073,50.5502996470374));
#4702=CARTESIAN_POINT('Origin',(393.925067489743,29.0537032031073,16.05));
#4703=CARTESIAN_POINT('',(226.074934894443,29.0537032031073,87.05));
#4704=CARTESIAN_POINT('',(226.075067489743,29.0537032031073,56.8));
#4705=CARTESIAN_POINT('',(393.925067489743,29.0537032031073,77.0507731821974));
#4706=CARTESIAN_POINT('',(406.67526078481,29.0537032031073,64.3006907466817));
#4707=CARTESIAN_POINT('',(393.925067489743,29.0537032031073,96.8415026221291));
#4708=CARTESIAN_POINT('',(393.925067489743,29.0537032031073,16.05));
#4709=CARTESIAN_POINT('Origin',(387.925067489743,29.0537032031073,91.55));
#4710=CARTESIAN_POINT('',(216.074946916881,29.0534433384755,96.8413659019016));
#4711=CARTESIAN_POINT('Origin',(222.075067489743,29.0537032031073,91.55));
#4712=CARTESIAN_POINT('',(216.074934894443,29.0534174271183,91.5898889210099));
#4713=CARTESIAN_POINT('',(216.074934894443,29.0534174271183,57.3));
#4714=CARTESIAN_POINT('',(216.074934894443,29.0534174271183,91.55));
#4715=CARTESIAN_POINT('',(216.074934894443,29.0534174271183,57.3));
#4716=CARTESIAN_POINT('',(216.074934894443,29.0537032031073,77.05));
#4717=CARTESIAN_POINT('',(216.074934894443,29.0537032031073,54.175));
#4718=CARTESIAN_POINT('',(247.787468043268,29.0537032031073,108.762533148825));
#4719=CARTESIAN_POINT('',(218.625067489743,29.0537032031073,92.3));
#4720=CARTESIAN_POINT('Origin',(221.325067489743,29.0537032031073,92.3));
#4721=CARTESIAN_POINT('',(385.975130523683,29.0537032031073,92.3007275353868));
#4722=CARTESIAN_POINT('Origin',(388.675130523683,29.0537032031073,92.3007275353868));
#4723=CARTESIAN_POINT('Origin',(388.675139221344,43.5537032031073,92.3007275353868));
#4724=CARTESIAN_POINT('',(393.925067489743,43.5537032031073,91.55));
#4725=CARTESIAN_POINT('Origin',(387.925067489743,43.5537032031073,91.55));
#4726=CARTESIAN_POINT('',(393.925067489743,43.5537032031073,77.0507731821974));
#4727=CARTESIAN_POINT('',(393.925067489743,43.5537032031073,75.0503637676934));
#4728=CARTESIAN_POINT('',(386.300085422851,43.5537032031073,84.6756889518907));
#4729=CARTESIAN_POINT('',(386.575130523683,43.5537032031073,92.3007275353868));
#4730=CARTESIAN_POINT('Origin',(388.675130523683,43.5537032031073,92.3007275353868));
#4731=CARTESIAN_POINT('Origin',(388.925067489932,60.521543976743,82.0507297083334));
#4732=CARTESIAN_POINT('',(393.925067489743,60.521543976743,77.0507731821974));
#4733=CARTESIAN_POINT('Origin',(221.074934894443,91.9893847503787,82.05));
#4734=CARTESIAN_POINT('',(216.074934894443,43.5537032031073,77.05));
#4735=CARTESIAN_POINT('',(226.074934894443,43.5537032031073,87.05));
#4736=CARTESIAN_POINT('',(223.699968043268,43.5537032031073,84.675033148825));
#4737=CARTESIAN_POINT('',(226.074934894443,91.9893847503787,87.05));
#4738=CARTESIAN_POINT('',(216.074934894443,91.9893847503787,77.05));
#4739=CARTESIAN_POINT('Origin',(388.675130523683,29.3537032031073,92.3007275353868));
#4740=CARTESIAN_POINT('',(386.575130523683,29.6537032031073,92.3007275353868));
#4741=CARTESIAN_POINT('',(386.275130523683,29.3537032031073,92.3007275353868));
#4742=CARTESIAN_POINT('Origin',(388.675130523683,29.6537032031073,92.3007275353868));
#4743=CARTESIAN_POINT('Origin',(388.675130523683,29.0537032031073,92.3007275353868));
#4744=CARTESIAN_POINT('',(386.575130523683,29.0537032031073,92.3007275353868));
#4745=CARTESIAN_POINT('Origin',(221.325067489743,29.3537032031073,92.3));
#4746=CARTESIAN_POINT('',(219.225067489743,29.6537032031074,92.3));
#4747=CARTESIAN_POINT('',(218.925067489743,29.3537032031073,92.3));
#4748=CARTESIAN_POINT('Origin',(221.325067489743,29.6537032031074,92.3));
#4749=CARTESIAN_POINT('Origin',(221.325067489743,29.0537032031073,92.3));
#4750=CARTESIAN_POINT('',(219.225067489743,43.5537032031073,92.3));
#4751=CARTESIAN_POINT('Origin',(221.325067489743,43.5537032031073,92.3));
#4752=CARTESIAN_POINT('',(219.225067489743,29.0537032031073,92.3));
#4753=CARTESIAN_POINT('Origin',(387.925067489743,148.925417427118,36.925));
#4754=CARTESIAN_POINT('',(387.925067489743,156.925417427118,18.0053464600866));
#4755=CARTESIAN_POINT('',(395.925067489743,148.925417427118,18.0053464600866));
#4756=CARTESIAN_POINT('Origin',(387.925067489743,148.925417427118,18.0053464600866));
#4757=CARTESIAN_POINT('',(395.925067489743,148.925417427118,16.05));
#4758=CARTESIAN_POINT('',(395.925067489743,148.925417427118,36.925));
#4759=CARTESIAN_POINT('',(387.925067489743,156.925417427118,16.05));
#4760=CARTESIAN_POINT('Origin',(387.925067489743,148.925417427118,16.05));
#4761=CARTESIAN_POINT('',(387.925067489743,156.925417427118,36.925));
#4762=CARTESIAN_POINT('Origin',(305.000067489743,27.0537032031074,16.05));
#4763=CARTESIAN_POINT('',(395.925067489743,27.0537032031074,16.05));
#4764=CARTESIAN_POINT('',(395.925067489743,154.392417427118,16.05));
#4765=CARTESIAN_POINT('',(393.925067489743,27.0537032031073,16.05));
#4766=CARTESIAN_POINT('',(305.000067489743,27.0537032031074,16.05));
#4767=CARTESIAN_POINT('',(393.925067489743,140.42506629765,16.05));
#4768=CARTESIAN_POINT('',(393.925067489743,89.7230603151129,16.05));
#4769=CARTESIAN_POINT('',(379.425067489743,140.42506629765,16.05));
#4770=CARTESIAN_POINT('',(342.212534340918,140.42506629765,16.05));
#4771=CARTESIAN_POINT('',(379.425067489743,154.925417427118,16.05));
#4772=CARTESIAN_POINT('',(379.425067489743,151.30006629765,16.05));
#4773=CARTESIAN_POINT('',(230.574934894443,154.925417427118,16.05));
#4774=CARTESIAN_POINT('',(305.000034340918,154.925417427118,16.05));
#4775=CARTESIAN_POINT('',(230.574934894443,140.42506629765,16.05));
#4776=CARTESIAN_POINT('',(230.574934894443,144.05006629765,16.05));
#4777=CARTESIAN_POINT('',(216.074934894443,140.42506629765,16.05));
#4778=CARTESIAN_POINT('',(260.537468043268,140.42506629765,16.05));
#4779=CARTESIAN_POINT('',(216.074934894443,27.0537032031074,16.05));
#4780=CARTESIAN_POINT('',(216.074934894443,90.9893847503787,16.05));
#4781=CARTESIAN_POINT('',(214.075067489743,27.0537032031074,16.05));
#4782=CARTESIAN_POINT('',(305.000067489743,27.0537032031074,16.05));
#4783=CARTESIAN_POINT('',(214.075067489743,148.925417427118,16.05));
#4784=CARTESIAN_POINT('',(214.075067489743,156.92506629765,16.05));
#4785=CARTESIAN_POINT('',(222.075067489743,156.925417427118,16.05));
#4786=CARTESIAN_POINT('Origin',(222.075067489743,148.925417427118,16.05));
#4787=CARTESIAN_POINT('',(260.537567489743,156.925417427118,16.05));
#4788=CARTESIAN_POINT('',(224.924934894443,147.67506629765,16.05));
#4789=CARTESIAN_POINT('Origin',(223.324934894443,147.67506629765,16.05));
#4790=CARTESIAN_POINT('',(388.275067489743,147.67506629765,16.05));
#4791=CARTESIAN_POINT('Origin',(386.675067489743,147.67506629765,16.05));
#4792=CARTESIAN_POINT('Origin',(222.075067489743,148.925417427118,36.925));
#4793=CARTESIAN_POINT('',(214.075067489743,148.925417427118,18.0053464600867));
#4794=CARTESIAN_POINT('',(222.075067489743,156.925417427118,18.0053464600866));
#4795=CARTESIAN_POINT('Origin',(222.075067489743,148.925417427118,18.0053464600866));
#4796=CARTESIAN_POINT('',(222.075067489743,156.925417427118,36.925));
#4797=CARTESIAN_POINT('',(214.075067489743,148.925417427118,36.925));
#4798=CARTESIAN_POINT('Origin',(387.925067489743,92.021543976743,91.55));
#4799=CARTESIAN_POINT('',(395.925067489743,27.0537032031073,91.55));
#4800=CARTESIAN_POINT('',(395.925067489743,83.4643853908798,91.55));
#4801=CARTESIAN_POINT('',(395.925067489743,92.021543976743,91.55));
#4802=CARTESIAN_POINT('Origin',(387.925067489743,83.4643853908798,91.55));
#4803=CARTESIAN_POINT('',(393.925067489743,27.0537032031073,96.8415026221291));
#4804=CARTESIAN_POINT('',(393.925067489743,92.021543976743,96.8415026221292));
#4805=CARTESIAN_POINT('Origin',(387.925067489743,27.0537032031073,91.55));
#4806=CARTESIAN_POINT('Origin',(221.325067489743,43.5537032031073,92.3));
#4807=CARTESIAN_POINT('',(216.074934894443,43.5537032031073,91.55));
#4808=CARTESIAN_POINT('',(216.074934894443,43.5537032031073,54.175));
#4809=CARTESIAN_POINT('Origin',(222.074934894443,43.5537032031073,91.55));
#4810=CARTESIAN_POINT('',(226.075067489743,43.5537032031073,94.925));
#4811=CARTESIAN_POINT('Origin',(226.075067489743,29.0537032031073,97.55));
#4812=CARTESIAN_POINT('Origin',(222.075067489743,92.021543976743,91.55));
#4813=CARTESIAN_POINT('',(214.075067489743,83.4643853908798,91.55));
#4814=CARTESIAN_POINT('Origin',(222.075067489743,83.4643853908798,91.55));
#4815=CARTESIAN_POINT('',(214.075067489743,27.0537032031073,91.55));
#4816=CARTESIAN_POINT('',(214.075067489743,92.021543976743,91.55));
#4817=CARTESIAN_POINT('',(216.074934894443,27.0537032031073,96.8413522693937));
#4818=CARTESIAN_POINT('Origin',(222.075067489743,27.0537032031073,91.55));
#4819=CARTESIAN_POINT('',(216.074934894443,92.021543976743,96.8413522693937));
#4820=CARTESIAN_POINT('Origin',(222.074934894443,123.489384750379,91.55));
#4821=CARTESIAN_POINT('',(216.074934894443,83.4643853908798,91.55));
#4822=CARTESIAN_POINT('',(216.074934894443,123.489384750379,91.55));
#4823=CARTESIAN_POINT('Origin',(222.074934894443,83.4643853908798,91.55));
#4824=CARTESIAN_POINT('Origin',(395.925067489743,91.9893847503787,57.8));
#4825=CARTESIAN_POINT('',(395.925067489743,27.0537032031073,16.05));
#4826=CARTESIAN_POINT('',(395.925067489743,92.5360150826457,81.3581371165371));
#4827=CARTESIAN_POINT('Origin',(393.925067489743,91.9893847503787,57.8));
#4828=CARTESIAN_POINT('',(393.925067489743,83.4643853908798,91.55));
#4829=CARTESIAN_POINT('',(393.925067489743,92.021543976743,91.55));
#4830=CARTESIAN_POINT('',(393.925067489743,140.42506629765,27.5553849996299));
#4831=CARTESIAN_POINT('',(393.925067489743,91.9442301334711,82.0230001305068));
#4832=CARTESIAN_POINT('',(393.925067489743,140.42506629765,36.925));
#4833=CARTESIAN_POINT('',(393.925067489743,27.0537032031073,57.8));
#4834=CARTESIAN_POINT('Origin',(387.925067489743,92.021543976743,91.55));
#4835=CARTESIAN_POINT('Origin',(387.925067489743,83.4643853908798,91.55));
#4836=CARTESIAN_POINT('Origin',(259.537534340918,148.925417427118,18.0053464600866));
#4837=CARTESIAN_POINT('',(379.425067489743,153.407209280338,21.9945245439043));
#4838=CARTESIAN_POINT('',(379.425067489743,154.925417427118,18.0053464600866));
#4839=CARTESIAN_POINT('Origin',(379.425067489743,148.925417427118,18.0053464600866));
#4840=CARTESIAN_POINT('',(230.574934894443,153.407209280338,21.9945245439043));
#4841=CARTESIAN_POINT('',(259.537534340918,153.407209280338,21.9945245439043));
#4842=CARTESIAN_POINT('',(230.574934894443,154.925417427118,18.0053464600866));
#4843=CARTESIAN_POINT('Origin',(230.574934894443,148.925417427118,18.0053464600866));
#4844=CARTESIAN_POINT('',(259.537534340918,154.925417427118,18.0053464600866));
#4845=CARTESIAN_POINT('Origin',(379.425067489743,154.92506629765,16.05));
#4846=CARTESIAN_POINT('',(379.425067489743,154.925417427118,36.425));
#4847=CARTESIAN_POINT('',(379.425067489743,140.42506629765,36.5798003663031));
#4848=CARTESIAN_POINT('',(379.425067489743,140.42506629765,16.05));
#4849=CARTESIAN_POINT('',(379.425067489743,120.703298330187,58.7369608516231));
#4850=CARTESIAN_POINT('Origin',(305.000001192093,154.925417427118,56.8));
#4851=CARTESIAN_POINT('',(230.574934894443,154.925417427118,36.425));
#4852=CARTESIAN_POINT('Origin',(222.075067489743,148.925417427118,18.0053464600867));
#4853=CARTESIAN_POINT('',(222.075067489743,154.901139898078,23.3242505718435));
#4854=CARTESIAN_POINT('Origin',(222.075067489743,148.925417427118,18.0053464600867));
#4855=CARTESIAN_POINT('Origin',(222.075067489743,148.925417427118,18.0053464600866));
#4856=CARTESIAN_POINT('Origin',(230.574934894443,140.42506629765,16.05));
#4857=CARTESIAN_POINT('',(230.574934894443,140.42506629765,36.5798003663031));
#4858=CARTESIAN_POINT('',(230.574934894443,117.498487831938,62.337525499372));
#4859=CARTESIAN_POINT('',(230.574934894443,140.42506629765,16.05));
#4860=CARTESIAN_POINT('Origin',(387.925067489743,148.925417427118,18.0053464600866));
#4861=CARTESIAN_POINT('',(387.925067489743,154.901139898078,23.3242505718435));
#4862=CARTESIAN_POINT('Origin',(387.925067489743,148.925417427118,18.0053464600866));
#4863=CARTESIAN_POINT('Origin',(387.925067489743,148.925417427118,18.0053464600867));
#4864=CARTESIAN_POINT('Ctrl Pts',(387.356885671561,144.75357284961,33.6999604892869));
#4865=CARTESIAN_POINT('Ctrl Pts',(386.856038042759,144.636685022986,33.9407175190586));
#4866=CARTESIAN_POINT('Ctrl Pts',(385.793408475712,144.666078295136,33.8801753984422));
#4867=CARTESIAN_POINT('Ctrl Pts',(384.427076572489,145.489087528219,32.1850009379799));
#4868=CARTESIAN_POINT('Ctrl Pts',(383.642824451769,146.877584582064,29.3250758612136));
#4869=CARTESIAN_POINT('Ctrl Pts',(383.642134148682,148.47285115171,26.0392619993683));
#4870=CARTESIAN_POINT('Ctrl Pts',(384.296856627529,149.629061925595,23.6577832795504));
#4871=CARTESIAN_POINT('Ctrl Pts',(385.110141648476,150.273019609365,22.331406156107));
#4872=CARTESIAN_POINT('Ctrl Pts',(385.822044743751,150.5860220514,21.6867065288467));
#4873=CARTESIAN_POINT('Ctrl Pts',(386.590568334619,150.707092722117,21.4373339815406));
#4874=CARTESIAN_POINT('Ctrl Pts',(387.10646185716,150.655003659002,21.544623238954));
#4875=CARTESIAN_POINT('Ctrl Pts',(387.356885671561,150.59655974569,21.6650017538398));
#4876=CARTESIAN_POINT('Ctrl Pts',(387.400266430986,144.763697051852,33.8744213081652));
#4877=CARTESIAN_POINT('Ctrl Pts',(386.868809950302,144.631820375998,34.1132391380201));
#4878=CARTESIAN_POINT('Ctrl Pts',(385.732389482956,144.665449993097,34.0533588821387));
#4879=CARTESIAN_POINT('Ctrl Pts',(384.302172627184,145.593208716091,32.3719523845293));
#4880=CARTESIAN_POINT('Ctrl Pts',(383.563141315726,147.12206703516,29.5434759636461));
#4881=CARTESIAN_POINT('Ctrl Pts',(383.716575934934,148.798075067895,26.3154838825344));
#4882=CARTESIAN_POINT('Ctrl Pts',(384.520255970448,149.89348767233,24.0231311914012));
#4883=CARTESIAN_POINT('Ctrl Pts',(385.356665244629,150.413602346294,22.7977751811532));
#4884=CARTESIAN_POINT('Ctrl Pts',(386.00109103866,150.625713070121,22.2305641944585));
#4885=CARTESIAN_POINT('Ctrl Pts',(386.611264302797,150.691505189095,22.0233312948143));
#4886=CARTESIAN_POINT('Ctrl Pts',(387.012964124473,150.664365901665,22.1120985219728));
#4887=CARTESIAN_POINT('Ctrl Pts',(387.220053997908,150.628493523604,22.2152863996258));
#4888=CARTESIAN_POINT('Ctrl Pts',(387.495904690394,144.745906380698,34.2233398206463));
#4889=CARTESIAN_POINT('Ctrl Pts',(386.895698099141,144.586818749654,34.4582751455668));
#4890=CARTESIAN_POINT('Ctrl Pts',(385.603048730005,144.627002209035,34.399110102007));
#4891=CARTESIAN_POINT('Ctrl Pts',(384.00847715272,145.745693122328,32.7450897994551));
#4892=CARTESIAN_POINT('Ctrl Pts',(383.279369884617,147.562261579677,29.9790200756526));
#4893=CARTESIAN_POINT('Ctrl Pts',(383.6449736166,149.485037393458,26.8664671471973));
#4894=CARTESIAN_POINT('Ctrl Pts',(384.72006131537,150.608237355953,24.7522317051028));
#4895=CARTESIAN_POINT('Ctrl Pts',(385.654982380086,151.008671840809,23.7297118521659));
#4896=CARTESIAN_POINT('Ctrl Pts',(386.241286075007,151.095235013925,23.3176266989319));
#4897=CARTESIAN_POINT('Ctrl Pts',(386.640373554457,151.084903906108,23.194928390806));
#4898=CARTESIAN_POINT('Ctrl Pts',(386.885708055583,151.09149540127,23.2458549346771));
#4899=CARTESIAN_POINT('Ctrl Pts',(387.038440460169,151.085253906541,23.3144961309319));
#4900=CARTESIAN_POINT('Ctrl Pts',(387.632083274,144.629597662573,34.6391851524295));
#4901=CARTESIAN_POINT('Ctrl Pts',(386.931763550647,144.444865915256,34.8717647970715));
#4902=CARTESIAN_POINT('Ctrl Pts',(385.427315395064,144.491411561329,34.8130164715741));
#4903=CARTESIAN_POINT('Ctrl Pts',(383.558051831362,145.791136668605,33.1756263405132));
#4904=CARTESIAN_POINT('Ctrl Pts',(382.669888949883,147.926124882813,30.4451314723444));
#4905=CARTESIAN_POINT('Ctrl Pts',(383.043960502039,150.238865327768,27.3929088665785));
#4906=CARTESIAN_POINT('Ctrl Pts',(384.280299152145,151.663299952851,25.3606083670871));
#4907=CARTESIAN_POINT('Ctrl Pts',(385.395028219846,152.227218605404,24.4219063735635));
#4908=CARTESIAN_POINT('Ctrl Pts',(386.115462666893,152.386210203798,24.0703376294418));
#4909=CARTESIAN_POINT('Ctrl Pts',(386.629261607083,152.399990564782,23.979465677416));
#4910=CARTESIAN_POINT('Ctrl Pts',(386.9485184411,152.396479177392,24.0161204525984));
#4911=CARTESIAN_POINT('Ctrl Pts',(387.14155346461,152.377602329269,24.0715351823229));
#4912=CARTESIAN_POINT('Ctrl Pts',(387.775982724507,144.446875204046,35.0253631062252));
#4913=CARTESIAN_POINT('Ctrl Pts',(386.968932822594,144.243211787501,35.2591518424861));
#4914=CARTESIAN_POINT('Ctrl Pts',(385.245218159648,144.294423464966,35.2004068551968));
#4915=CARTESIAN_POINT('Ctrl Pts',(383.06897294167,145.728001136471,33.5545671921932));
#4916=CARTESIAN_POINT('Ctrl Pts',(381.935440823782,148.11685194448,30.802664559271));
#4917=CARTESIAN_POINT('Ctrl Pts',(382.172478253788,150.786818030606,27.7054678709446));
#4918=CARTESIAN_POINT('Ctrl Pts',(383.438586962365,152.578552670139,25.5938571838072));
#4919=CARTESIAN_POINT('Ctrl Pts',(384.740690367854,153.436944723538,24.5566094429062));
#4920=CARTESIAN_POINT('Ctrl Pts',(385.712384295579,153.781732576584,24.1269748799429));
#4921=CARTESIAN_POINT('Ctrl Pts',(386.585981841017,153.884658471901,23.9925934023103));
#4922=CARTESIAN_POINT('Ctrl Pts',(387.154882698222,153.841776056211,24.048955023765));
#4923=CARTESIAN_POINT('Ctrl Pts',(387.456609588717,153.78426985379,24.1220004220064));
#4924=CARTESIAN_POINT('Ctrl Pts',(387.865430864941,144.299365402667,35.2352120693898));
#4925=CARTESIAN_POINT('Ctrl Pts',(386.991684839935,144.088322982524,35.472296129865));
#4926=CARTESIAN_POINT('Ctrl Pts',(385.133226925317,144.141075968073,35.4119605094005));
#4927=CARTESIAN_POINT('Ctrl Pts',(382.75976426162,145.626819437025,33.7425765557496));
#4928=CARTESIAN_POINT('Ctrl Pts',(381.44385350797,148.123240548251,30.9373624106381));
#4929=CARTESIAN_POINT('Ctrl Pts',(381.53864740175,150.965746345326,27.7442261953249));
#4930=CARTESIAN_POINT('Ctrl Pts',(382.766797116112,152.973886909446,25.4886783776966));
#4931=CARTESIAN_POINT('Ctrl Pts',(384.182782734821,154.039533254152,24.2928536982059));
#4932=CARTESIAN_POINT('Ctrl Pts',(385.354291644234,154.529380041338,23.742789871705));
#4933=CARTESIAN_POINT('Ctrl Pts',(386.547146284674,154.706953203439,23.5435785374536));
#4934=CARTESIAN_POINT('Ctrl Pts',(387.341344336366,154.631045353634,23.6279021467072));
#4935=CARTESIAN_POINT('Ctrl Pts',(387.736961534687,154.542261221065,23.7274462921489));
#4936=CARTESIAN_POINT('Ctrl Pts',(387.925067489743,144.186408248418,35.362118024211));
#4937=CARTESIAN_POINT('Ctrl Pts',(387.00684683694,143.972113899607,35.6028750539826));
#4938=CARTESIAN_POINT('Ctrl Pts',(385.058692630686,144.026001565215,35.5423329333662));
#4939=CARTESIAN_POINT('Ctrl Pts',(382.553750808111,145.534851825868,33.8471584729039));
#4940=CARTESIAN_POINT('Ctrl Pts',(381.115955253457,148.080429757918,30.9872333961376));
#4941=CARTESIAN_POINT('Ctrl Pts',(381.114689697797,151.005085135601,27.7014195342923));
#4942=CARTESIAN_POINT('Ctrl Pts',(382.315014242352,153.124804887725,25.3199408144744));
#4943=CARTESIAN_POINT('Ctrl Pts',(383.806036780753,154.305393974636,23.993563691031));
#4944=CARTESIAN_POINT('Ctrl Pts',(385.111192455424,154.879231785034,23.3488640637708));
#4945=CARTESIAN_POINT('Ctrl Pts',(386.520152372017,155.101194681348,23.0994915164646));
#4946=CARTESIAN_POINT('Ctrl Pts',(387.465957163341,155.005698065638,23.206780773878));
#4947=CARTESIAN_POINT('Ctrl Pts',(387.925067489743,154.898550891232,23.3271592887639));
#4948=CARTESIAN_POINT('',(385.616604753058,154.925417426311,23.2968490840469));
#4949=CARTESIAN_POINT('',(385.436213387596,154.901139898078,23.3242505718435));
#4950=CARTESIAN_POINT('Ctrl Pts',(385.616592214605,154.925409433777,23.2968861258694));
#4951=CARTESIAN_POINT('Ctrl Pts',(385.566589167714,154.919219022839,23.3038997079485));
#4952=CARTESIAN_POINT('Ctrl Pts',(385.51665886422,154.912596406213,23.3113770922304));
#4953=CARTESIAN_POINT('Ctrl Pts',(385.466796079358,154.905542184922,23.3193064470178));
#4954=CARTESIAN_POINT('Ctrl Pts',(385.456574054705,154.904096047805,23.3209319892001));
#4955=CARTESIAN_POINT('Ctrl Pts',(385.446357491484,154.902632138976,23.3225761093553));
#4956=CARTESIAN_POINT('Ctrl Pts',(385.436146377569,154.901150490527,23.3242386713596));
#4957=CARTESIAN_POINT('',(387.925067489743,144.186408248418,35.3621180242109));
#4958=CARTESIAN_POINT('Origin',(386.675067489743,149.542479569825,29.3446386564874));
#4959=CARTESIAN_POINT('',(387.356885671561,144.75357284961,33.6999604892869));
#4960=CARTESIAN_POINT('Origin',(387.925067489743,142.318994976243,33.6999604892869));
#4961=CARTESIAN_POINT('',(383.675067489743,147.67506629765,27.6824811215634));
#4962=CARTESIAN_POINT('Origin',(386.675067489743,147.67506629765,27.6824811215634));
#4963=CARTESIAN_POINT('',(387.356885671561,150.59655974569,21.6650017538398));
#4964=CARTESIAN_POINT('Origin',(386.675067489743,147.67506629765,27.6824811215634));
#4965=CARTESIAN_POINT('',(387.925067489743,154.898550891232,23.3271592887638));
#4966=CARTESIAN_POINT('Origin',(387.925067489743,153.031137619057,21.6650017538398));
#4967=CARTESIAN_POINT('',(387.913921591889,154.901139898078,23.3242505718435));
#4968=CARTESIAN_POINT('Origin',(386.675067489743,149.542479569825,29.3446386564874));
#4969=CARTESIAN_POINT('',(387.733530215289,154.925417427002,23.2968490824808));
#4970=CARTESIAN_POINT('Ctrl Pts',(387.913921591889,154.901139898078,23.3242505718435));
#4971=CARTESIAN_POINT('Ctrl Pts',(387.903713982477,154.902622369336,23.3225850338643));
#4972=CARTESIAN_POINT('Ctrl Pts',(387.893500848191,154.904087162227,23.3209379553415));
#4973=CARTESIAN_POINT('Ctrl Pts',(387.833470392411,154.912588102861,23.3113713441832));
#4974=CARTESIAN_POINT('Ctrl Pts',(387.783554010145,154.919217092488,23.3038796008486));
#4975=CARTESIAN_POINT('Ctrl Pts',(387.733530215289,154.925417426885,23.2968490824808));
#4976=CARTESIAN_POINT('Ctrl Pts',(387.733536481499,154.92540029142,23.29686590508));
#4977=CARTESIAN_POINT('Ctrl Pts',(387.638071306262,154.937219272886,23.2834621734378));
#4978=CARTESIAN_POINT('Ctrl Pts',(387.542219810352,154.947472510336,23.271743947805));
#4979=CARTESIAN_POINT('Ctrl Pts',(387.445963674883,154.956137525216,23.2618013171849));
#4980=CARTESIAN_POINT('Ctrl Pts',(387.426364931388,154.957901811754,23.2597768948845));
#4981=CARTESIAN_POINT('Ctrl Pts',(387.406749243922,154.959600219257,23.2578260652947));
#4982=CARTESIAN_POINT('Ctrl Pts',(387.387116208198,154.961232494937,23.255949567514));
#4983=CARTESIAN_POINT('Ctrl Pts',(387.279899052405,154.970146447845,23.2457019034383));
#4984=CARTESIAN_POINT('Ctrl Pts',(387.172646666072,154.977043744539,23.2377242948698));
#4985=CARTESIAN_POINT('Ctrl Pts',(387.065299915952,154.981935351289,23.2320600607152));
#4986=CARTESIAN_POINT('Ctrl Pts',(386.950688860585,154.987157979934,23.2260125198852));
#4987=CARTESIAN_POINT('Ctrl Pts',(386.835968315756,154.990095633061,23.2226010801698));
#4988=CARTESIAN_POINT('Ctrl Pts',(386.721021224123,154.990725786148,23.2218767582873));
#4989=CARTESIAN_POINT('Ctrl Pts',(386.655779008359,154.991083451427,23.2214656442359));
#4990=CARTESIAN_POINT('Ctrl Pts',(386.590463159223,154.99069698666,23.2219202446397));
#4991=CARTESIAN_POINT('Ctrl Pts',(386.525050640934,154.989555097196,23.2232516043912));
#4992=CARTESIAN_POINT('Ctrl Pts',(386.502951417384,154.989169316749,23.2237013962284));
#4993=CARTESIAN_POINT('Ctrl Pts',(386.480841166703,154.98869726329,23.2242512776215));
#4994=CARTESIAN_POINT('Ctrl Pts',(386.458719099374,154.988138620118,23.2249014334594));
#4995=CARTESIAN_POINT('Ctrl Pts',(386.350781114156,154.985412888495,23.2280736736564));
#4996=CARTESIAN_POINT('Ctrl Pts',(386.24332119345,154.980651725397,23.2336059367228));
#4997=CARTESIAN_POINT('Ctrl Pts',(386.136251522277,154.973910811722,23.2413950973652));
#4998=CARTESIAN_POINT('Ctrl Pts',(386.035036785096,154.967538514148,23.2487583201961));
#4999=CARTESIAN_POINT('Ctrl Pts',(385.934170110988,154.959395872859,23.2581392778348));
#5000=CARTESIAN_POINT('Ctrl Pts',(385.833617071052,154.949509535697,23.2694491100414));
#5001=CARTESIAN_POINT('Ctrl Pts',(385.761110418372,154.942380708807,23.2776043888493));
#5002=CARTESIAN_POINT('Ctrl Pts',(385.688767650444,154.934344801423,23.2867625759094));
#5003=CARTESIAN_POINT('Ctrl Pts',(385.616592214605,154.925409433777,23.2968861258694));
#5004=CARTESIAN_POINT('Ctrl Pts',(222.643189037333,150.596576623888,21.6649669893586));
#5005=CARTESIAN_POINT('Ctrl Pts',(222.893610854451,150.655013534008,21.5446028991364));
#5006=CARTESIAN_POINT('Ctrl Pts',(223.409547745289,150.707140545923,21.4372354775503));
#5007=CARTESIAN_POINT('Ctrl Pts',(224.177909344747,150.585900153198,21.6869576058842));
#5008=CARTESIAN_POINT('Ctrl Pts',(224.890151510603,150.273240387867,22.3309514126319));
#5009=CARTESIAN_POINT('Ctrl Pts',(225.347160769853,149.910608219212,23.0778747351599));
#5010=CARTESIAN_POINT('Ctrl Pts',(225.607148594066,149.625405806029,23.6653138882782));
#5011=CARTESIAN_POINT('Ctrl Pts',(225.767961779371,149.424552894425,24.0790160830693));
#5012=CARTESIAN_POINT('Ctrl Pts',(226.014458785419,149.047003797362,24.8566642080049));
#5013=CARTESIAN_POINT('Ctrl Pts',(226.356658293136,148.206356820016,26.5881676091539));
#5014=CARTESIAN_POINT('Ctrl Pts',(226.358283635021,146.877600650146,29.3250427653499));
#5015=CARTESIAN_POINT('Ctrl Pts',(225.572797406367,145.488821759024,32.1855483500057));
#5016=CARTESIAN_POINT('Ctrl Pts',(224.206565707932,144.666600155927,33.8791005076018));
#5017=CARTESIAN_POINT('Ctrl Pts',(223.14403267157,144.636682151172,33.9407234342126));
#5018=CARTESIAN_POINT('Ctrl Pts',(222.643189037334,144.753555971412,33.6999952537688));
#5019=CARTESIAN_POINT('Ctrl Pts',(222.78000822637,150.628503916583,22.2152566206276));
#5020=CARTESIAN_POINT('Ctrl Pts',(222.987094320612,150.664371458105,22.1120815135139));
#5021=CARTESIAN_POINT('Ctrl Pts',(223.388967377491,150.691574690201,22.023246448424));
#5022=CARTESIAN_POINT('Ctrl Pts',(223.999236585201,150.625550821953,22.2305474738105));
#5023=CARTESIAN_POINT('Ctrl Pts',(224.643873903262,150.414336633439,22.7971074396994));
#5024=CARTESIAN_POINT('Ctrl Pts',(225.11372617517,150.120531195214,23.487340059275));
#5025=CARTESIAN_POINT('Ctrl Pts',(225.397630596414,149.870310547875,24.0414360327578));
#5026=CARTESIAN_POINT('Ctrl Pts',(225.577890473457,149.689804660007,24.4340997619313));
#5027=CARTESIAN_POINT('Ctrl Pts',(225.865664531161,149.339270456419,25.1781067872499));
#5028=CARTESIAN_POINT('Ctrl Pts',(226.307236202008,148.517388734127,26.855083725033));
#5029=CARTESIAN_POINT('Ctrl Pts',(226.438689731207,147.12238791766,29.5432829687841));
#5030=CARTESIAN_POINT('Ctrl Pts',(225.697572554983,145.592550852773,32.3725288737249));
#5031=CARTESIAN_POINT('Ctrl Pts',(224.267622326379,144.666103407909,34.052184642972));
#5032=CARTESIAN_POINT('Ctrl Pts',(223.1312653507,144.63181709853,34.1132450128407));
#5033=CARTESIAN_POINT('Ctrl Pts',(222.599812698648,144.763678009637,33.8744557924477));
#5034=CARTESIAN_POINT('Ctrl Pts',(222.961611456023,151.085247175722,23.3144892759649));
#5035=CARTESIAN_POINT('Ctrl Pts',(223.114336802092,151.091486467008,23.2458575260197));
#5036=CARTESIAN_POINT('Ctrl Pts',(223.359997456739,151.084975760518,23.1948966190201));
#5037=CARTESIAN_POINT('Ctrl Pts',(223.759347761797,151.09552734936,23.3174295289536));
#5038=CARTESIAN_POINT('Ctrl Pts',(224.345985846239,151.010050664358,23.7285571233135));
#5039=CARTESIAN_POINT('Ctrl Pts',(224.870551354386,150.782892674015,24.3053478920624));
#5040=CARTESIAN_POINT('Ctrl Pts',(225.210450896068,150.555783224322,24.7926050344401));
#5041=CARTESIAN_POINT('Ctrl Pts',(225.432264952831,150.385074248621,25.143034657847));
#5042=CARTESIAN_POINT('Ctrl Pts',(225.800318243346,150.036799312841,25.8196125181925));
#5043=CARTESIAN_POINT('Ctrl Pts',(226.4123107457,149.161846138181,27.3872226057617));
#5044=CARTESIAN_POINT('Ctrl Pts',(226.723654593636,147.563116814319,29.9787034388107));
#5045=CARTESIAN_POINT('Ctrl Pts',(225.990888695354,145.744770183381,32.7459294277978));
#5046=CARTESIAN_POINT('Ctrl Pts',(224.397145451085,144.628089271484,34.3979488238176));
#5047=CARTESIAN_POINT('Ctrl Pts',(223.104387110948,144.586815017151,34.4582810211447));
#5048=CARTESIAN_POINT('Ctrl Pts',(222.504184403094,144.745883656181,34.2233738253847));
#5049=CARTESIAN_POINT('Ctrl Pts',(222.858508707532,152.37760463208,24.0715314951516));
#5050=CARTESIAN_POINT('Ctrl Pts',(223.051535591063,152.39647763222,24.01612490615));
#5051=CARTESIAN_POINT('Ctrl Pts',(223.371237981398,152.400036032943,23.979441984829));
#5052=CARTESIAN_POINT('Ctrl Pts',(223.885422252126,152.386505738087,24.0701157693302));
#5053=CARTESIAN_POINT('Ctrl Pts',(224.606277842884,152.228641514459,24.4205542094714));
#5054=CARTESIAN_POINT('Ctrl Pts',(225.231675357143,151.90943266434,24.9504912582718));
#5055=CARTESIAN_POINT('Ctrl Pts',(225.631301870253,151.608903721482,25.4090861298155));
#5056=CARTESIAN_POINT('Ctrl Pts',(225.890675183007,151.386363733919,25.7411121171452));
#5057=CARTESIAN_POINT('Ctrl Pts',(226.317512066117,150.940662013392,26.3875878716197));
#5058=CARTESIAN_POINT('Ctrl Pts',(227.014087644484,149.850712158151,27.9037564578325));
#5059=CARTESIAN_POINT('Ctrl Pts',(227.333648345308,147.926834556756,30.4447648866703));
#5060=CARTESIAN_POINT('Ctrl Pts',(226.441164218436,145.790182054648,33.1765919605238));
#5061=CARTESIAN_POINT('Ctrl Pts',(224.572982556094,144.49255134783,34.8118778942977));
#5062=CARTESIAN_POINT('Ctrl Pts',(223.06833527995,144.444861510431,34.8717706184628));
#5063=CARTESIAN_POINT('Ctrl Pts',(222.368020264224,144.629571178396,34.6392188134783));
#5064=CARTESIAN_POINT('Ctrl Pts',(222.543484608635,153.784284389917,24.1219953616035));
#5065=CARTESIAN_POINT('Ctrl Pts',(222.845204698551,153.841782688831,24.0489597748178));
#5066=CARTESIAN_POINT('Ctrl Pts',(223.414360781412,153.884726310614,23.9925427127512));
#5067=CARTESIAN_POINT('Ctrl Pts',(224.287925342474,153.78194459961,24.1267663154923));
#5068=CARTESIAN_POINT('Ctrl Pts',(225.260283646737,153.4379894702,24.5555378845536));
#5069=CARTESIAN_POINT('Ctrl Pts',(225.991188888966,152.953722892489,25.1404625417006));
#5070=CARTESIAN_POINT('Ctrl Pts',(226.435283595793,152.542649617522,25.6306258040131));
#5071=CARTESIAN_POINT('Ctrl Pts',(226.717834952392,152.246538530871,25.982378975704));
#5072=CARTESIAN_POINT('Ctrl Pts',(227.169682602154,151.67350295832,26.6597070557453));
#5073=CARTESIAN_POINT('Ctrl Pts',(227.863176334479,150.33983153422,28.2237194937022));
#5074=CARTESIAN_POINT('Ctrl Pts',(228.067580807052,148.117280609693,30.8022943292548));
#5075=CARTESIAN_POINT('Ctrl Pts',(226.930366592981,145.727264979853,33.5553437296209));
#5076=CARTESIAN_POINT('Ctrl Pts',(224.75496498969,144.295520261027,35.199198420789));
#5077=CARTESIAN_POINT('Ctrl Pts',(223.031180237914,144.243206992089,35.2591577131684));
#5078=CARTESIAN_POINT('Ctrl Pts',(222.22413622958,144.446846032665,35.0253969680218));
#5079=CARTESIAN_POINT('Ctrl Pts',(222.263155195251,154.542286878112,23.7274174667772));
#5080=CARTESIAN_POINT('Ctrl Pts',(222.658767446728,154.631059975285,23.6278856974404));
#5081=CARTESIAN_POINT('Ctrl Pts',(223.45325468605,154.70699127999,23.5435011196762));
#5082=CARTESIAN_POINT('Ctrl Pts',(224.646231610551,154.529300717601,23.7432246026308));
#5083=CARTESIAN_POINT('Ctrl Pts',(225.818163171341,154.040090003075,24.2920346726367));
#5084=CARTESIAN_POINT('Ctrl Pts',(226.613650183891,153.439706754343,24.9662394773597));
#5085=CARTESIAN_POINT('Ctrl Pts',(227.077615485031,152.956026285336,25.5092511905779));
#5086=CARTESIAN_POINT('Ctrl Pts',(227.367755379655,152.612886673982,25.8944199015405));
#5087=CARTESIAN_POINT('Ctrl Pts',(227.820065209052,151.961728500154,26.6255467756565));
#5088=CARTESIAN_POINT('Ctrl Pts',(228.4746926159,150.490318813846,28.277687083428));
#5089=CARTESIAN_POINT('Ctrl Pts',(228.558740539803,148.123411810357,30.9373874678048));
#5090=CARTESIAN_POINT('Ctrl Pts',(227.239877988424,145.62629546724,33.7434597632002));
#5091=CARTESIAN_POINT('Ctrl Pts',(224.866851217055,144.142158589609,35.4110734931625));
#5092=CARTESIAN_POINT('Ctrl Pts',(223.008436966872,144.088317789555,35.4723019667663));
#5093=CARTESIAN_POINT('Ctrl Pts',(222.134697692744,144.299334930467,35.2352463045275));
#5094=CARTESIAN_POINT('Ctrl Pts',(222.075067489741,154.898581834594,23.3271245242826));
#5095=CARTESIAN_POINT('Ctrl Pts',(222.534174154457,155.005716169815,23.2067604340604));
#5096=CARTESIAN_POINT('Ctrl Pts',(223.480058454328,155.101282358325,23.0993930124743));
#5097=CARTESIAN_POINT('Ctrl Pts',(224.888721386666,154.879008304995,23.3491151408082));
#5098=CARTESIAN_POINT('Ctrl Pts',(226.194498690737,154.305798735223,23.9931089475559));
#5099=CARTESIAN_POINT('Ctrl Pts',(227.032348999363,153.640973092689,24.740032270084));
#5100=CARTESIAN_POINT('Ctrl Pts',(227.508993343752,153.118102001853,25.3274714232022));
#5101=CARTESIAN_POINT('Ctrl Pts',(227.803817516811,152.749871663913,25.7411736179934));
#5102=CARTESIAN_POINT('Ctrl Pts',(228.255728694567,152.057698319297,26.5188217429289));
#5103=CARTESIAN_POINT('Ctrl Pts',(228.883094458715,150.516512194163,28.2503251440779));
#5104=CARTESIAN_POINT('Ctrl Pts',(228.886074252169,148.080459216067,30.9872003002739));
#5105=CARTESIAN_POINT('Ctrl Pts',(227.446016166303,145.534364582344,33.8477058849298));
#5106=CARTESIAN_POINT('Ctrl Pts',(224.941258052506,144.02695831,35.5412580425259));
#5107=CARTESIAN_POINT('Ctrl Pts',(222.993280819176,143.972108634614,35.6028809691366));
#5108=CARTESIAN_POINT('Ctrl Pts',(222.075067489743,144.186377305056,35.3621527886928));
#5109=CARTESIAN_POINT('',(222.266472150137,154.925417425839,23.2968490851183));
#5110=CARTESIAN_POINT('',(222.086080792296,154.901139898078,23.3242505718435));
#5111=CARTESIAN_POINT('Ctrl Pts',(222.266468255845,154.925402485245,23.2968634160826));
#5112=CARTESIAN_POINT('Ctrl Pts',(222.216825566358,154.919255613533,23.303834497342));
#5113=CARTESIAN_POINT('Ctrl Pts',(222.1672395548,154.91267952192,23.3112676799625));
#5114=CARTESIAN_POINT('Ctrl Pts',(222.117705114693,154.90567274594,23.3191535218635));
#5115=CARTESIAN_POINT('Ctrl Pts',(222.107157822733,154.904180803933,23.3208326420213));
#5116=CARTESIAN_POINT('Ctrl Pts',(222.09661638485,154.90266982662,23.3225317273726));
#5117=CARTESIAN_POINT('Ctrl Pts',(222.086080803757,154.901139837401,23.3242506400141));
#5118=CARTESIAN_POINT('',(222.075067489741,154.898581834594,23.3271245242827));
#5119=CARTESIAN_POINT('Origin',(223.324934894443,149.542479569825,29.3446386564874));
#5120=CARTESIAN_POINT('',(222.643189037332,150.596576623888,21.6649669893586));
#5121=CARTESIAN_POINT('Origin',(222.07506748974,153.031168562419,21.6649669893586));
#5122=CARTESIAN_POINT('',(222.643189037334,144.753555971412,33.6999952537688));
#5123=CARTESIAN_POINT('Origin',(223.324934894443,147.67506629765,27.6824811215634));
#5124=CARTESIAN_POINT('',(222.075067489743,144.186377305056,35.3621527886928));
#5125=CARTESIAN_POINT('Origin',(222.075067489743,142.318964032881,33.6999952537688));
#5126=CARTESIAN_POINT('',(224.563788996589,154.901139898078,23.3242505718435));
#5127=CARTESIAN_POINT('Origin',(223.324934894443,149.542479569825,29.3446386564874));
#5128=CARTESIAN_POINT('',(224.383397640916,154.925417425704,23.2968490854229));
#5129=CARTESIAN_POINT('Ctrl Pts',(224.563805739977,154.901091991151,23.3243043946795));
#5130=CARTESIAN_POINT('Ctrl Pts',(224.553267531715,154.902621412529,23.3225886556238));
#5131=CARTESIAN_POINT('Ctrl Pts',(224.542723538445,154.904131978369,23.3208925034723));
#5132=CARTESIAN_POINT('Ctrl Pts',(224.532173753649,154.905623650163,23.319216090839));
#5133=CARTESIAN_POINT('Ctrl Pts',(224.482623626049,154.912629719871,23.3113423321328));
#5134=CARTESIAN_POINT('Ctrl Pts',(224.433027287686,154.91920756187,23.3039169632525));
#5135=CARTESIAN_POINT('Ctrl Pts',(224.383378535365,154.925357516525,23.2969505649458));
#5136=CARTESIAN_POINT('Ctrl Pts',(224.383378535365,154.925357516525,23.2969505649458));
#5137=CARTESIAN_POINT('Ctrl Pts',(224.283811978652,154.937690753118,23.282980016651));
#5138=CARTESIAN_POINT('Ctrl Pts',(224.183990746182,154.948304993435,23.2708543448141));
#5139=CARTESIAN_POINT('Ctrl Pts',(224.08392269103,154.957185722754,23.2606634573524));
#5140=CARTESIAN_POINT('Ctrl Pts',(223.976536948901,154.96671587408,23.2497273398134));
#5141=CARTESIAN_POINT('Ctrl Pts',(223.868866635791,154.974250902564,23.2410185528825));
#5142=CARTESIAN_POINT('Ctrl Pts',(223.76086173777,154.979762249346,23.2346328140381));
#5143=CARTESIAN_POINT('Ctrl Pts',(223.665894157165,154.984608319102,23.2290179004598));
#5144=CARTESIAN_POINT('Ctrl Pts',(223.570666333923,154.987890159962,23.2251983029078));
#5145=CARTESIAN_POINT('Ctrl Pts',(223.475116330815,154.989570345171,23.2232389174996));
#5146=CARTESIAN_POINT('Ctrl Pts',(223.417315179173,154.990586741161,23.2220536246747));
#5147=CARTESIAN_POINT('Ctrl Pts',(223.359395675399,154.99101662998,23.2215491228779));
#5148=CARTESIAN_POINT('Ctrl Pts',(223.301340973033,154.99085264332,23.2217352195458));
#5149=CARTESIAN_POINT('Ctrl Pts',(223.189992724153,154.9905381188,23.2220921508062));
#5150=CARTESIAN_POINT('Ctrl Pts',(223.079153705222,154.988045345068,23.2249847029899));
#5151=CARTESIAN_POINT('Ctrl Pts',(222.968709420495,154.983441563679,23.2303167884569));
#5152=CARTESIAN_POINT('Ctrl Pts',(222.86367559626,154.979063312994,23.2353876649549));
#5153=CARTESIAN_POINT('Ctrl Pts',(222.758997305441,154.972774674592,23.2426657805783));
#5154=CARTESIAN_POINT('Ctrl Pts',(222.654610520623,154.96460381937,23.2520709346404));
#5155=CARTESIAN_POINT('Ctrl Pts',(222.557497778932,154.957002338455,23.2608207040541));
#5156=CARTESIAN_POINT('Ctrl Pts',(222.460636855576,154.947771011614,23.2714118902348));
#5157=CARTESIAN_POINT('Ctrl Pts',(222.364019463774,154.936919670847,23.2837729159505));
#5158=CARTESIAN_POINT('Ctrl Pts',(222.331474015684,154.933264410226,23.287936712067));
#5159=CARTESIAN_POINT('Ctrl Pts',(222.298956610862,154.929425267905,23.2923012345178));
#5160=CARTESIAN_POINT('Ctrl Pts',(222.266468255845,154.925402485245,23.2968634160826));
#5161=CARTESIAN_POINT('Origin',(215.075067489743,148.925417427118,18.0053464600866));
#5162=CARTESIAN_POINT('',(215.075067489743,154.901139898078,23.3242505718435));
#5163=CARTESIAN_POINT('',(215.075067489743,156.925417427118,18.0053464600866));
#5164=CARTESIAN_POINT('',(215.075067489743,154.901139898078,23.3242505718435));
#5165=CARTESIAN_POINT('',(215.075067489743,154.901139898078,23.3242505718435));
#5166=CARTESIAN_POINT('Ctrl Pts',(387.356885671561,150.59655974569,21.6650017538398));
#5167=CARTESIAN_POINT('Ctrl Pts',(387.601864862547,150.539386498667,21.7827630428744));
#5168=CARTESIAN_POINT('Ctrl Pts',(388.082236943099,150.361569316473,21.9812576916689));
#5169=CARTESIAN_POINT('Ctrl Pts',(388.715431486157,149.918483254644,22.2346310728326));
#5170=CARTESIAN_POINT('Ctrl Pts',(389.212214317132,149.334363791388,22.5466179956783));
#5171=CARTESIAN_POINT('Ctrl Pts',(389.532551014591,148.673060384396,23.0719758377639));
#5172=CARTESIAN_POINT('Ctrl Pts',(389.670625527052,148.046879953812,23.9103660871512));
#5173=CARTESIAN_POINT('Ctrl Pts',(389.681603003036,147.603419610265,24.7865120111061));
#5174=CARTESIAN_POINT('Ctrl Pts',(389.652499966732,147.285767751675,25.5377497746635));
#5175=CARTESIAN_POINT('Ctrl Pts',(389.614404158505,147.062985340924,26.1196377168677));
#5176=CARTESIAN_POINT('Ctrl Pts',(389.562429681049,146.852548070049,26.7129336641512));
#5177=CARTESIAN_POINT('Ctrl Pts',(389.4326896654,146.452415303881,27.9152786987323));
#5178=CARTESIAN_POINT('Ctrl Pts',(389.14702909392,145.912945151421,29.7407962098839));
#5179=CARTESIAN_POINT('Ctrl Pts',(388.641851687831,145.366788154625,31.7137923840942));
#5180=CARTESIAN_POINT('Ctrl Pts',(388.028138892712,144.974888725848,33.0825402885976));
#5181=CARTESIAN_POINT('Ctrl Pts',(387.601864862547,144.810746096633,33.5821992002524));
#5182=CARTESIAN_POINT('Ctrl Pts',(387.356885671561,144.75357284961,33.6999604892869));
#5183=CARTESIAN_POINT('Ctrl Pts',(387.220053997908,150.628493523604,22.2152863996257));
#5184=CARTESIAN_POINT('Ctrl Pts',(387.481173892329,150.579611962989,22.3381624490628));
#5185=CARTESIAN_POINT('Ctrl Pts',(387.987828399569,150.41220515505,22.5472965326228));
#5186=CARTESIAN_POINT('Ctrl Pts',(388.632438500645,149.990733238995,22.8163247284967));
#5187=CARTESIAN_POINT('Ctrl Pts',(389.111964396851,149.469533225416,23.1362389654826));
#5188=CARTESIAN_POINT('Ctrl Pts',(389.421321179837,148.95145172546,23.622874462193));
#5189=CARTESIAN_POINT('Ctrl Pts',(389.612831017951,148.458198337171,24.3599709837921));
#5190=CARTESIAN_POINT('Ctrl Pts',(389.690791922872,148.047945450752,25.1621391062438));
#5191=CARTESIAN_POINT('Ctrl Pts',(389.709655277888,147.730741737226,25.8696259693597));
#5192=CARTESIAN_POINT('Ctrl Pts',(389.704424604335,147.497716567797,26.4247405156732));
#5193=CARTESIAN_POINT('Ctrl Pts',(389.681119653119,147.270133908488,26.9963694299717));
#5194=CARTESIAN_POINT('Ctrl Pts',(389.600356375092,146.824821560455,28.1634147176987));
#5195=CARTESIAN_POINT('Ctrl Pts',(389.355953074117,146.191008589437,29.9573150232593));
#5196=CARTESIAN_POINT('Ctrl Pts',(388.838891760057,145.523058180183,31.908678443523));
#5197=CARTESIAN_POINT('Ctrl Pts',(388.164161947138,145.036508181492,33.2645506325311));
#5198=CARTESIAN_POINT('Ctrl Pts',(387.680845032383,144.833018959962,33.7588461349911));
#5199=CARTESIAN_POINT('Ctrl Pts',(387.400266430986,144.763697051852,33.8744213081652));
#5200=CARTESIAN_POINT('Ctrl Pts',(387.038497519284,151.084716803229,23.3138004458968));
#5201=CARTESIAN_POINT('Ctrl Pts',(387.365796160415,151.046866059864,23.4469218920781));
#5202=CARTESIAN_POINT('Ctrl Pts',(387.993364424153,150.885715420514,23.6775017175073));
#5203=CARTESIAN_POINT('Ctrl Pts',(388.766529181482,150.466234332286,23.9781033441747));
#5204=CARTESIAN_POINT('Ctrl Pts',(389.310891682573,150.001300855236,24.3141713798667));
#5205=CARTESIAN_POINT('Ctrl Pts',(389.664025938658,149.668052447711,24.7235239539364));
#5206=CARTESIAN_POINT('Ctrl Pts',(389.962602831049,149.333683696216,25.2578624143317));
#5207=CARTESIAN_POINT('Ctrl Pts',(390.136089660874,148.922976547092,25.9121046807749));
#5208=CARTESIAN_POINT('Ctrl Pts',(390.211341487299,148.566967311878,26.5320224492027));
#5209=CARTESIAN_POINT('Ctrl Pts',(390.239415014173,148.290093305482,27.0335833198239));
#5210=CARTESIAN_POINT('Ctrl Pts',(390.239870125051,148.010417625856,27.561850033624));
#5211=CARTESIAN_POINT('Ctrl Pts',(390.189215564373,147.449299695812,28.6582681506779));
#5212=CARTESIAN_POINT('Ctrl Pts',(389.930041038791,146.621799162946,30.3894954189761));
#5213=CARTESIAN_POINT('Ctrl Pts',(389.304769428463,145.741695125538,32.2981059662422));
#5214=CARTESIAN_POINT('Ctrl Pts',(388.462339811774,145.101266113214,33.6283645456766));
#5215=CARTESIAN_POINT('Ctrl Pts',(387.852005267119,144.835426592102,34.1121325134055));
#5216=CARTESIAN_POINT('Ctrl Pts',(387.495904745196,144.745901207818,34.2233354253466));
#5217=CARTESIAN_POINT('Ctrl Pts',(387.161494672179,152.637992742193,24.2272513638119));
#5218=CARTESIAN_POINT('Ctrl Pts',(387.64417258748,152.591198689392,24.3651173206751));
#5219=CARTESIAN_POINT('Ctrl Pts',(388.576120852709,152.383453702804,24.5973474961869));
#5220=CARTESIAN_POINT('Ctrl Pts',(389.759965350159,151.822709061221,24.879100752703));
#5221=CARTESIAN_POINT('Ctrl Pts',(390.637550299314,151.17231094773,25.1751449207553));
#5222=CARTESIAN_POINT('Ctrl Pts',(391.209699345528,150.65595135223,25.5056621218064));
#5223=CARTESIAN_POINT('Ctrl Pts',(391.595829921061,150.145747214168,25.9289962384222));
#5224=CARTESIAN_POINT('Ctrl Pts',(391.755668417511,149.590593042889,26.5154244446116));
#5225=CARTESIAN_POINT('Ctrl Pts',(391.789098670983,149.130391640112,27.0992753988536));
#5226=CARTESIAN_POINT('Ctrl Pts',(391.773800481126,148.78064206317,27.5808488846755));
#5227=CARTESIAN_POINT('Ctrl Pts',(391.721820381261,148.43368924834,28.0947552974742));
#5228=CARTESIAN_POINT('Ctrl Pts',(391.551452980717,147.748208200258,29.1711618052574));
#5229=CARTESIAN_POINT('Ctrl Pts',(391.068808543777,146.768006066291,30.8942061352642));
#5230=CARTESIAN_POINT('Ctrl Pts',(390.129942156303,145.752947420926,32.803698260999));
#5231=CARTESIAN_POINT('Ctrl Pts',(388.958545305128,145.019453431093,34.133588133043));
#5232=CARTESIAN_POINT('Ctrl Pts',(388.13553469605,144.712714495317,34.6143667707022));
#5233=CARTESIAN_POINT('Ctrl Pts',(387.659316906733,144.606374333083,34.7223804625533));
#5234=CARTESIAN_POINT('Ctrl Pts',(387.548512191212,154.078240677219,24.0331532489797));
#5235=CARTESIAN_POINT('Ctrl Pts',(388.149742497966,154.003146537032,24.1626686684958));
#5236=CARTESIAN_POINT('Ctrl Pts',(389.321872899825,153.715124779602,24.3632519488708));
#5237=CARTESIAN_POINT('Ctrl Pts',(390.852891792625,152.940780932114,24.5625824504));
#5238=CARTESIAN_POINT('Ctrl Pts',(392.038212929467,151.957647930973,24.7675740133081));
#5239=CARTESIAN_POINT('Ctrl Pts',(392.807938966282,150.973220207996,25.0888611902576));
#5240=CARTESIAN_POINT('Ctrl Pts',(393.196631539823,150.063856104283,25.6418619504924));
#5241=CARTESIAN_POINT('Ctrl Pts',(393.272429785396,149.349772394466,26.3474371727989));
#5242=CARTESIAN_POINT('Ctrl Pts',(393.227704566758,148.820240798853,27.0108832865725));
#5243=CARTESIAN_POINT('Ctrl Pts',(393.149706215096,148.441268120463,27.5459981934437));
#5244=CARTESIAN_POINT('Ctrl Pts',(393.033467827792,148.079809542113,28.1076883456251));
#5245=CARTESIAN_POINT('Ctrl Pts',(392.731838520848,147.387760126254,29.2705132072189));
#5246=CARTESIAN_POINT('Ctrl Pts',(392.043430887992,146.449100938399,31.0976113129626));
#5247=CARTESIAN_POINT('Ctrl Pts',(390.835522423132,145.498577379748,33.1010804662935));
#5248=CARTESIAN_POINT('Ctrl Pts',(389.384883110969,144.807611252769,34.4887802250637));
#5249=CARTESIAN_POINT('Ctrl Pts',(388.382357323081,144.510567006099,34.9878918657991));
#5250=CARTESIAN_POINT('Ctrl Pts',(387.805793633385,144.401436510972,35.0986142884844));
#5251=CARTESIAN_POINT('Ctrl Pts',(387.831014512215,154.720406056149,23.5273027904564));
#5252=CARTESIAN_POINT('Ctrl Pts',(388.474102817594,154.623132537162,23.64810085528));
#5253=CARTESIAN_POINT('Ctrl Pts',(389.733644982463,154.278198021849,23.8217312280121));
#5254=CARTESIAN_POINT('Ctrl Pts',(391.391269185807,153.362872845393,23.9613437131117));
#5255=CARTESIAN_POINT('Ctrl Pts',(392.68895272435,152.161121223026,24.1105046683251));
#5256=CARTESIAN_POINT('Ctrl Pts',(393.527208266306,150.861141794683,24.4564287671474));
#5257=CARTESIAN_POINT('Ctrl Pts',(393.901123331764,149.69370571471,25.1535289411413));
#5258=CARTESIAN_POINT('Ctrl Pts',(393.939787564077,148.897641898584,25.980232475526));
#5259=CARTESIAN_POINT('Ctrl Pts',(393.867938564457,148.343993003904,26.7233691362851));
#5260=CARTESIAN_POINT('Ctrl Pts',(393.7701654441,147.963125604086,27.3115466438543));
#5261=CARTESIAN_POINT('Ctrl Pts',(393.634958702098,147.609872185308,27.9204877516133));
#5262=CARTESIAN_POINT('Ctrl Pts',(393.295555893022,146.949469844974,29.1688093037729));
#5263=CARTESIAN_POINT('Ctrl Pts',(392.545268571124,146.091548534396,31.1000777272409));
#5264=CARTESIAN_POINT('Ctrl Pts',(391.226873545667,145.24275279779,33.2050394624124));
#5265=CARTESIAN_POINT('Ctrl Pts',(389.633682533588,144.623091969689,34.6603365559369));
#5266=CARTESIAN_POINT('Ctrl Pts',(388.529645274131,144.34912355232,35.1829672637341));
#5267=CARTESIAN_POINT('Ctrl Pts',(387.895249177342,144.242886825543,35.2986650468004));
#5268=CARTESIAN_POINT('Ctrl Pts',(387.925067489743,154.898550891232,23.3271592887639));
#5269=CARTESIAN_POINT('Ctrl Pts',(388.578345332372,154.79373327169,23.4449205777986));
#5270=CARTESIAN_POINT('Ctrl Pts',(389.859337547177,154.429864787785,23.6097074057587));
#5271=CARTESIAN_POINT('Ctrl Pts',(391.547856328665,153.468717827941,23.7306160211974));
#5272=CARTESIAN_POINT('Ctrl Pts',(392.8726105446,152.196665597594,23.863547510499));
#5273=CARTESIAN_POINT('Ctrl Pts',(393.726841737823,150.795388198338,24.2207790371275));
#5274=CARTESIAN_POINT('Ctrl Pts',(394.095040437721,149.545498017228,24.9684760461908));
#5275=CARTESIAN_POINT('Ctrl Pts',(394.12431370701,148.724075975192,25.837135093848));
#5276=CARTESIAN_POINT('Ctrl Pts',(394.0467056102,148.163602418372,26.6078552132294));
#5277=CARTESIAN_POINT('Ctrl Pts',(393.945116788262,147.782937937651,27.2144607763394));
#5278=CARTESIAN_POINT('Ctrl Pts',(393.806518181712,147.433221514218,27.8398756735041));
#5279=CARTESIAN_POINT('Ctrl Pts',(393.460544806648,146.785015566634,29.1182080134257));
#5280=CARTESIAN_POINT('Ctrl Pts',(392.698783282702,145.957246242373,31.0872600841673));
#5281=CARTESIAN_POINT('Ctrl Pts',(391.351643533133,145.147400500629,33.2306560889932));
#5282=CARTESIAN_POINT('Ctrl Pts',(389.71507607948,144.555681118344,34.7122338201105));
#5283=CARTESIAN_POINT('Ctrl Pts',(388.578345332376,144.291225867961,35.2443567351752));
#5284=CARTESIAN_POINT('Ctrl Pts',(387.925067489743,144.186408248418,35.3621180242109));
#5285=CARTESIAN_POINT('Ctrl Pts',(387.925067489743,144.186408248418,35.3621180242109));
#5286=CARTESIAN_POINT('Ctrl Pts',(388.578345332376,144.291225867961,35.2443567351752));
#5287=CARTESIAN_POINT('Ctrl Pts',(389.71507607948,144.555681118344,34.7122338201105));
#5288=CARTESIAN_POINT('Ctrl Pts',(391.351643533133,145.147400500629,33.2306560889932));
#5289=CARTESIAN_POINT('Ctrl Pts',(392.698783282702,145.957246242373,31.0872600841673));
#5290=CARTESIAN_POINT('Ctrl Pts',(393.460544806648,146.785015566634,29.1182080134257));
#5291=CARTESIAN_POINT('Ctrl Pts',(393.806518181712,147.433221514218,27.8398756735041));
#5292=CARTESIAN_POINT('Ctrl Pts',(393.945116788262,147.782937937651,27.2144607763394));
#5293=CARTESIAN_POINT('Ctrl Pts',(394.0467056102,148.163602418372,26.6078552132294));
#5294=CARTESIAN_POINT('Ctrl Pts',(394.12431370701,148.724075975192,25.837135093848));
#5295=CARTESIAN_POINT('Ctrl Pts',(394.095040437721,149.545498017228,24.9684760461908));
#5296=CARTESIAN_POINT('Ctrl Pts',(393.726841737823,150.795388198338,24.2207790371275));
#5297=CARTESIAN_POINT('Ctrl Pts',(392.8726105446,152.196665597594,23.863547510499));
#5298=CARTESIAN_POINT('Ctrl Pts',(391.547856328665,153.468717827941,23.7306160211974));
#5299=CARTESIAN_POINT('Ctrl Pts',(389.859337547177,154.429864787785,23.6097074057587));
#5300=CARTESIAN_POINT('Ctrl Pts',(388.578345332372,154.79373327169,23.4449205777986));
#5301=CARTESIAN_POINT('Ctrl Pts',(387.925067489743,154.898550891232,23.3271592887639));
#5302=CARTESIAN_POINT('Ctrl Pts',(387.356885671561,150.59655974569,21.6650017538398));
#5303=CARTESIAN_POINT('Ctrl Pts',(387.601864862547,150.539386498667,21.7827630428744));
#5304=CARTESIAN_POINT('Ctrl Pts',(388.082236943099,150.361569316473,21.9812576916689));
#5305=CARTESIAN_POINT('Ctrl Pts',(388.715431486157,149.918483254644,22.2346310728326));
#5306=CARTESIAN_POINT('Ctrl Pts',(389.212214317132,149.334363791388,22.5466179956783));
#5307=CARTESIAN_POINT('Ctrl Pts',(389.532551014591,148.673060384396,23.0719758377639));
#5308=CARTESIAN_POINT('Ctrl Pts',(389.670625527052,148.046879953812,23.9103660871512));
#5309=CARTESIAN_POINT('Ctrl Pts',(389.681603003036,147.603419610265,24.7865120111061));
#5310=CARTESIAN_POINT('Ctrl Pts',(389.652499966732,147.285767751675,25.5377497746635));
#5311=CARTESIAN_POINT('Ctrl Pts',(389.614404158505,147.062985340924,26.1196377168677));
#5312=CARTESIAN_POINT('Ctrl Pts',(389.562429681049,146.852548070049,26.7129336641512));
#5313=CARTESIAN_POINT('Ctrl Pts',(389.4326896654,146.452415303881,27.9152786987323));
#5314=CARTESIAN_POINT('Ctrl Pts',(389.14702909392,145.912945151421,29.7407962098839));
#5315=CARTESIAN_POINT('Ctrl Pts',(388.641851687831,145.366788154625,31.7137923840942));
#5316=CARTESIAN_POINT('Ctrl Pts',(388.028138892712,144.974888725848,33.0825402885976));
#5317=CARTESIAN_POINT('Ctrl Pts',(387.601864862547,144.810746096633,33.5821992002524));
#5318=CARTESIAN_POINT('Ctrl Pts',(387.356885671561,144.75357284961,33.6999604892869));
#5319=CARTESIAN_POINT('Origin',(387.925067489743,92.5360150826457,81.3581371165371));
#5320=CARTESIAN_POINT('',(387.925067489743,89.4401078618397,96.8689041117569));
#5321=CARTESIAN_POINT('',(387.925067489743,98.5117375536056,86.677041228294));
#5322=CARTESIAN_POINT('Origin',(387.925067489743,83.4643853908798,91.55));
#5323=CARTESIAN_POINT('',(387.925067489743,98.5117375536056,86.677041228294));
#5324=CARTESIAN_POINT('Origin',(214.075067489743,87.0537032031074,99.55));
#5325=CARTESIAN_POINT('',(222.075067489743,89.4401078618397,96.8689041117569));
#5326=CARTESIAN_POINT('',(222.075067489743,98.5117375536056,86.677041228294));
#5327=CARTESIAN_POINT('',(259.537567489743,89.4401078618397,96.8689041117569));
#5328=CARTESIAN_POINT('Origin',(386.675067489743,147.67506629765,18.05));
#5329=CARTESIAN_POINT('',(383.675067489743,147.67506629765,18.05));
#5330=CARTESIAN_POINT('Origin',(386.675067489743,147.67506629765,18.05));
#5331=CARTESIAN_POINT('',(383.675067489743,147.67506629765,18.05));
#5332=CARTESIAN_POINT('Ctrl Pts',(222.643189037334,144.753555971412,33.6999952537688));
#5333=CARTESIAN_POINT('Ctrl Pts',(222.398213205028,144.810722039684,33.5822487510032));
#5334=CARTESIAN_POINT('Ctrl Pts',(221.972367616744,144.97458894251,33.0829548599919));
#5335=CARTESIAN_POINT('Ctrl Pts',(221.358810633307,145.367104843865,31.7129638910612));
#5336=CARTESIAN_POINT('Ctrl Pts',(220.851085708365,145.911491332178,29.7435560379679));
#5337=CARTESIAN_POINT('Ctrl Pts',(220.473934352889,146.633093049199,27.3088954112));
#5338=CARTESIAN_POINT('Ctrl Pts',(220.328724348096,147.267212436913,25.512995057341));
#5339=CARTESIAN_POINT('Ctrl Pts',(220.322567799627,147.780393147477,24.4358691566153));
#5340=CARTESIAN_POINT('Ctrl Pts',(220.341150928877,148.012392289329,24.0202072982272));
#5341=CARTESIAN_POINT('Ctrl Pts',(220.367662229637,148.184398338104,23.7520087607075));
#5342=CARTESIAN_POINT('Ctrl Pts',(220.387264459011,148.285243339582,23.6064429803804));
#5343=CARTESIAN_POINT('Ctrl Pts',(220.409914903982,148.387678631623,23.4661496703524));
#5344=CARTESIAN_POINT('Ctrl Pts',(220.444365945239,148.518463462229,23.3014711797379));
#5345=CARTESIAN_POINT('Ctrl Pts',(220.547586447467,148.838984577337,22.9413934970325));
#5346=CARTESIAN_POINT('Ctrl Pts',(220.787960151274,149.333857599695,22.5459281771395));
#5347=CARTESIAN_POINT('Ctrl Pts',(221.449871570606,150.114599190622,22.1322976627599));
#5348=CARTESIAN_POINT('Ctrl Pts',(222.15323737272,150.482244487344,21.9004599948897));
#5349=CARTESIAN_POINT('Ctrl Pts',(222.643189037332,150.596576623888,21.6649669893586));
#5350=CARTESIAN_POINT('Ctrl Pts',(222.599812698648,144.763678009637,33.8744557924477));
#5351=CARTESIAN_POINT('Ctrl Pts',(222.319237605813,144.832991264098,33.7588951297321));
#5352=CARTESIAN_POINT('Ctrl Pts',(221.836441407518,145.036273184666,33.2649075106518));
#5353=CARTESIAN_POINT('Ctrl Pts',(221.161599872183,145.523333013708,31.9078590131897));
#5354=CARTESIAN_POINT('Ctrl Pts',(220.642065947735,146.190210939795,29.959854935372));
#5355=CARTESIAN_POINT('Ctrl Pts',(220.319389855363,147.03587837621,27.5674875692605));
#5356=CARTESIAN_POINT('Ctrl Pts',(220.268482580253,147.726147834935,25.837654835255));
#5357=CARTESIAN_POINT('Ctrl Pts',(220.339511827967,148.212462212692,24.8408228256988));
#5358=CARTESIAN_POINT('Ctrl Pts',(220.388798253895,148.417294204552,24.4638741244736));
#5359=CARTESIAN_POINT('Ctrl Pts',(220.434072851178,148.561415089413,24.2237766670383));
#5360=CARTESIAN_POINT('Ctrl Pts',(220.463139026908,148.643926999711,24.094006709422));
#5361=CARTESIAN_POINT('Ctrl Pts',(220.494355918009,148.726562558441,23.9692140880017));
#5362=CARTESIAN_POINT('Ctrl Pts',(220.537502965287,148.830268445367,23.8228340533275));
#5363=CARTESIAN_POINT('Ctrl Pts',(220.654942444724,149.08044514864,23.5020240137072));
#5364=CARTESIAN_POINT('Ctrl Pts',(220.887852242953,149.469171661956,23.1355468346273));
#5365=CARTESIAN_POINT('Ctrl Pts',(221.525517711713,150.164692712778,22.7110850154011));
#5366=CARTESIAN_POINT('Ctrl Pts',(222.257775118295,150.530753036033,22.4609783576041));
#5367=CARTESIAN_POINT('Ctrl Pts',(222.780008226369,150.628503916583,22.2152566206278));
#5368=CARTESIAN_POINT('Ctrl Pts',(222.504184340956,144.74587835609,34.2233693448627));
#5369=CARTESIAN_POINT('Ctrl Pts',(222.148087983052,144.835392603643,34.112180391753));
#5370=CARTESIAN_POINT('Ctrl Pts',(221.538447366032,145.101257138701,33.6286528782033));
#5371=CARTESIAN_POINT('Ctrl Pts',(220.695833450481,145.741770783984,32.2972067443805));
#5372=CARTESIAN_POINT('Ctrl Pts',(220.067874116352,146.622591510158,30.3916255186044));
#5373=CARTESIAN_POINT('Ctrl Pts',(219.725261651985,147.723485180888,28.0833733708882));
#5374=CARTESIAN_POINT('Ctrl Pts',(219.757926211169,148.582623045767,26.4850045419831));
#5375=CARTESIAN_POINT('Ctrl Pts',(219.932666673512,149.088858980863,25.6489464290569));
#5376=CARTESIAN_POINT('Ctrl Pts',(220.029101072348,149.275914901592,25.3495019632863));
#5377=CARTESIAN_POINT('Ctrl Pts',(220.106779809108,149.392522210004,25.1656671533355));
#5378=CARTESIAN_POINT('Ctrl Pts',(220.153519957702,149.455114637334,25.0675315612405));
#5379=CARTESIAN_POINT('Ctrl Pts',(220.201757529288,149.515229760197,24.9737806155669));
#5380=CARTESIAN_POINT('Ctrl Pts',(220.264455467626,149.586561492595,24.8640346072704));
#5381=CARTESIAN_POINT('Ctrl Pts',(220.423011256001,149.748964679333,24.6218370770672));
#5382=CARTESIAN_POINT('Ctrl Pts',(220.689349539486,150.00121228096,24.3132010675655));
#5383=CARTESIAN_POINT('Ctrl Pts',(221.412418557897,150.619975263931,23.8668691424117));
#5384=CARTESIAN_POINT('Ctrl Pts',(222.306962141153,151.009012610187,23.5799907334277));
#5385=CARTESIAN_POINT('Ctrl Pts',(222.961552060261,151.084704601081,23.3137797839331));
#5386=CARTESIAN_POINT('Ctrl Pts',(222.340789515815,144.606346984845,34.7224139718044));
#5387=CARTESIAN_POINT('Ctrl Pts',(221.864577615455,144.712673891137,34.6144138389225));
#5388=CARTESIAN_POINT('Ctrl Pts',(221.042436926875,145.019416527515,34.1337964469342));
#5389=CARTESIAN_POINT('Ctrl Pts',(219.871034638928,145.753045516164,32.8028450332923));
#5390=CARTESIAN_POINT('Ctrl Pts',(218.927816191852,146.768984738736,30.8960558783117));
#5391=CARTESIAN_POINT('Ctrl Pts',(218.290040028293,148.073001134463,28.5990282311263));
#5392=CARTESIAN_POINT('Ctrl Pts',(218.164906613523,149.141090600067,27.0437287513076));
#5393=CARTESIAN_POINT('Ctrl Pts',(218.307133310612,149.814717058179,26.2792288231639));
#5394=CARTESIAN_POINT('Ctrl Pts',(218.40777991014,150.074070436128,26.0171588221378));
#5395=CARTESIAN_POINT('Ctrl Pts',(218.499489203588,150.241965965718,25.8623269801325));
#5396=CARTESIAN_POINT('Ctrl Pts',(218.557790719127,150.333923073367,25.781175864276));
#5397=CARTESIAN_POINT('Ctrl Pts',(218.619984239045,150.423434998261,25.7045830746371));
#5398=CARTESIAN_POINT('Ctrl Pts',(218.704842144749,150.531608173542,25.6162101815551));
#5399=CARTESIAN_POINT('Ctrl Pts',(218.93196284562,150.782587334592,25.423875601127));
#5400=CARTESIAN_POINT('Ctrl Pts',(219.362358219129,151.172379628273,25.1741648933737));
#5401=CARTESIAN_POINT('Ctrl Pts',(220.530009388695,152.038586967618,24.7812103801375));
#5402=CARTESIAN_POINT('Ctrl Pts',(221.873222547258,152.544414052602,24.5029342907877));
#5403=CARTESIAN_POINT('Ctrl Pts',(222.838567547049,152.637990244648,24.22723507576));
#5404=CARTESIAN_POINT('Ctrl Pts',(222.194328513836,144.401406729687,35.0986481463794));
#5405=CARTESIAN_POINT('Ctrl Pts',(221.617772444089,144.510523571958,34.9879396266488));
#5406=CARTESIAN_POINT('Ctrl Pts',(220.616260129999,144.807308363723,34.4890703065273));
#5407=CARTESIAN_POINT('Ctrl Pts',(219.165986992355,145.498878978875,33.1002150324475));
#5408=CARTESIAN_POINT('Ctrl Pts',(217.952130792706,146.448218913802,31.0997739605958));
#5409=CARTESIAN_POINT('Ctrl Pts',(217.042917943067,147.700998298275,28.6642433753645));
#5410=CARTESIAN_POINT('Ctrl Pts',(216.720824022165,148.800650955341,26.9624009434507));
#5411=CARTESIAN_POINT('Ctrl Pts',(216.757239851442,149.635835524749,26.0639725548793));
#5412=CARTESIAN_POINT('Ctrl Pts',(216.826600948977,149.997930215586,25.7431118632945));
#5413=CARTESIAN_POINT('Ctrl Pts',(216.907364391329,150.258058289337,25.5490337483047));
#5414=CARTESIAN_POINT('Ctrl Pts',(216.963594320978,150.408436846982,25.4470035990941));
#5415=CARTESIAN_POINT('Ctrl Pts',(217.026643985825,150.559954242396,25.3507599214428));
#5416=CARTESIAN_POINT('Ctrl Pts',(217.118811936414,150.751720348476,25.2410445580292));
#5417=CARTESIAN_POINT('Ctrl Pts',(217.384355550041,151.218754401631,25.0095195941336));
#5418=CARTESIAN_POINT('Ctrl Pts',(217.962090023755,151.956984370035,24.7664924609428));
#5419=CARTESIAN_POINT('Ctrl Pts',(219.541259039207,153.269824286604,24.4959493197876));
#5420=CARTESIAN_POINT('Ctrl Pts',(221.249141655935,153.928085486824,24.2921282592356));
#5421=CARTESIAN_POINT('Ctrl Pts',(222.451587326218,154.078254732788,24.0331288437884));
#5422=CARTESIAN_POINT('Ctrl Pts',(222.104882591244,144.242856117761,35.2986995466101));
#5423=CARTESIAN_POINT('Ctrl Pts',(221.470495125685,144.349079518364,35.1830162913931));
#5424=CARTESIAN_POINT('Ctrl Pts',(220.367560556203,144.622549137665,34.660661815238));
#5425=CARTESIAN_POINT('Ctrl Pts',(218.774724203825,145.243285293198,33.2042195403008));
#5426=CARTESIAN_POINT('Ctrl Pts',(217.449700377134,146.089266372903,31.102607189349));
#5427=CARTESIAN_POINT('Ctrl Pts',(216.45900583605,147.237256606555,28.5277472063028));
#5428=CARTESIAN_POINT('Ctrl Pts',(216.080946925685,148.303022391143,26.6833493192711));
#5429=CARTESIAN_POINT('Ctrl Pts',(216.074692686015,149.215615848916,25.6491095700683));
#5430=CARTESIAN_POINT('Ctrl Pts',(216.128413017577,149.636493045157,25.2671360059157));
#5431=CARTESIAN_POINT('Ctrl Pts',(216.201422001259,149.953275387063,25.0309267051443));
#5432=CARTESIAN_POINT('Ctrl Pts',(216.254683540741,150.140458443226,24.9059012702163));
#5433=CARTESIAN_POINT('Ctrl Pts',(216.315826137967,150.331575953631,24.7875764081941));
#5434=CARTESIAN_POINT('Ctrl Pts',(216.408034004986,150.577626761462,24.6528202133879));
#5435=CARTESIAN_POINT('Ctrl Pts',(216.68201124904,151.187299008718,24.3711230405896));
#5436=CARTESIAN_POINT('Ctrl Pts',(217.311143900508,152.160080541232,24.1095363483103));
#5437=CARTESIAN_POINT('Ctrl Pts',(219.040022602079,153.766594989186,23.9139586722922));
#5438=CARTESIAN_POINT('Ctrl Pts',(220.882951954296,154.525911798469,23.7688370710144));
#5439=CARTESIAN_POINT('Ctrl Pts',(222.169111342494,154.720434356353,23.5272709955301));
#5440=CARTESIAN_POINT('Ctrl Pts',(222.075067489743,144.186377305056,35.3621527886928));
#5441=CARTESIAN_POINT('Ctrl Pts',(221.421798603593,144.291181763554,35.2444062859271));
#5442=CARTESIAN_POINT('Ctrl Pts',(220.286210368168,144.555085712654,34.7126076230031));
#5443=CARTESIAN_POINT('Ctrl Pts',(218.650058412339,145.147941322139,33.2297921924292));
#5444=CARTESIAN_POINT('Ctrl Pts',(217.296125279161,145.954527938639,31.0899727657962));
#5445=CARTESIAN_POINT('Ctrl Pts',(216.290388331225,147.063381396852,28.4647599377189));
#5446=CARTESIAN_POINT('Ctrl Pts',(215.903161651778,148.115368634208,26.5704473006965));
#5447=CARTESIAN_POINT('Ctrl Pts',(215.886744189193,149.051659464761,25.4892799914075));
#5448=CARTESIAN_POINT('Ctrl Pts',(215.936299200526,149.491030734406,25.0861144973681));
#5449=CARTESIAN_POINT('Ctrl Pts',(216.006996002554,149.825808497321,24.8352132947557));
#5450=CARTESIAN_POINT('Ctrl Pts',(216.059268614219,150.024720201062,24.7021347032853));
#5451=CARTESIAN_POINT('Ctrl Pts',(216.119669800807,150.228477077155,24.5760461264487));
#5452=CARTESIAN_POINT('Ctrl Pts',(216.21153924416,150.49188490246,24.432405373343));
#5453=CARTESIAN_POINT('Ctrl Pts',(216.486793916768,151.147253627079,24.1326280305408));
#5454=CARTESIAN_POINT('Ctrl Pts',(217.127790460252,152.195346498277,23.8625095962317));
#5455=CARTESIAN_POINT('Ctrl Pts',(218.892887578469,153.896349802808,23.6888850567241));
#5456=CARTESIAN_POINT('Ctrl Pts',(220.768529717442,154.688972917597,23.5626175298134));
#5457=CARTESIAN_POINT('Ctrl Pts',(222.075067489739,154.898581834594,23.3271245242827));
#5458=CARTESIAN_POINT('Ctrl Pts',(222.075067489739,154.898581834594,23.3271245242827));
#5459=CARTESIAN_POINT('Ctrl Pts',(220.768529717442,154.688972917597,23.5626175298134));
#5460=CARTESIAN_POINT('Ctrl Pts',(218.892887578469,153.896349802808,23.6888850567241));
#5461=CARTESIAN_POINT('Ctrl Pts',(217.127790460252,152.195346498277,23.8625095962317));
#5462=CARTESIAN_POINT('Ctrl Pts',(216.486793916768,151.147253627079,24.1326280305408));
#5463=CARTESIAN_POINT('Ctrl Pts',(216.21153924416,150.49188490246,24.432405373343));
#5464=CARTESIAN_POINT('Ctrl Pts',(216.119669800807,150.228477077155,24.5760461264487));
#5465=CARTESIAN_POINT('Ctrl Pts',(216.059268614219,150.024720201062,24.7021347032853));
#5466=CARTESIAN_POINT('Ctrl Pts',(216.006996002554,149.825808497321,24.8352132947557));
#5467=CARTESIAN_POINT('Ctrl Pts',(215.936299200526,149.491030734406,25.0861144973681));
#5468=CARTESIAN_POINT('Ctrl Pts',(215.886744189193,149.051659464761,25.4892799914075));
#5469=CARTESIAN_POINT('Ctrl Pts',(215.903161651778,148.115368634208,26.5704473006965));
#5470=CARTESIAN_POINT('Ctrl Pts',(216.290388331225,147.063381396852,28.4647599377189));
#5471=CARTESIAN_POINT('Ctrl Pts',(217.296125279161,145.954527938639,31.0899727657962));
#5472=CARTESIAN_POINT('Ctrl Pts',(218.650058412339,145.147941322139,33.2297921924292));
#5473=CARTESIAN_POINT('Ctrl Pts',(220.286210368168,144.555085712654,34.7126076230031));
#5474=CARTESIAN_POINT('Ctrl Pts',(221.421798603593,144.291181763554,35.2444062859271));
#5475=CARTESIAN_POINT('Ctrl Pts',(222.075067489743,144.186377305056,35.3621527886928));
#5476=CARTESIAN_POINT('',(220.324907946279,147.674933547469,24.6608162827462));
#5477=CARTESIAN_POINT('Ctrl Pts',(222.643189037334,144.753555971412,33.6999952537688));
#5478=CARTESIAN_POINT('Ctrl Pts',(222.398213205028,144.810722039684,33.5822487510032));
#5479=CARTESIAN_POINT('Ctrl Pts',(221.972367616744,144.97458894251,33.0829548599919));
#5480=CARTESIAN_POINT('Ctrl Pts',(221.358810633307,145.367104843865,31.7129638910612));
#5481=CARTESIAN_POINT('Ctrl Pts',(220.851085708365,145.911491332178,29.7435560379679));
#5482=CARTESIAN_POINT('Ctrl Pts',(220.473934352889,146.633093049199,27.3088954112));
#5483=CARTESIAN_POINT('Ctrl Pts',(220.335409081911,147.238020789137,25.5956692218385));
#5484=CARTESIAN_POINT('Ctrl Pts',(220.324962829378,147.624507755144,24.764833850412));
#5485=CARTESIAN_POINT('Ctrl Pts',(220.324907841209,147.675028690837,24.6606200173535));
#5486=CARTESIAN_POINT('Ctrl Pts',(220.324907946279,147.674933547469,24.6608162827462));
#5487=CARTESIAN_POINT('Ctrl Pts',(220.324867876006,147.710702785846,24.5870282169044));
#5488=CARTESIAN_POINT('Ctrl Pts',(220.326918614709,147.83471044527,24.3385514305103));
#5489=CARTESIAN_POINT('Ctrl Pts',(220.341150928877,148.012392289329,24.0202072982272));
#5490=CARTESIAN_POINT('Ctrl Pts',(220.367662229637,148.184398338104,23.7520087607075));
#5491=CARTESIAN_POINT('Ctrl Pts',(220.387264459011,148.285243339582,23.6064429803804));
#5492=CARTESIAN_POINT('Ctrl Pts',(220.409914903982,148.387678631623,23.4661496703524));
#5493=CARTESIAN_POINT('Ctrl Pts',(220.444365945239,148.518463462229,23.3014711797379));
#5494=CARTESIAN_POINT('Ctrl Pts',(220.547586447467,148.838984577337,22.9413934970325));
#5495=CARTESIAN_POINT('Ctrl Pts',(220.787960151274,149.333857599695,22.5459281771395));
#5496=CARTESIAN_POINT('Ctrl Pts',(221.449871570606,150.114599190622,22.1322976627599));
#5497=CARTESIAN_POINT('Ctrl Pts',(222.15323737272,150.482244487344,21.9004599948897));
#5498=CARTESIAN_POINT('Ctrl Pts',(222.643189037332,150.596576623888,21.6649669893586));
#5499=CARTESIAN_POINT('Origin',(214.075067489743,87.0537032031074,99.55));
#5500=CARTESIAN_POINT('',(222.075067489743,98.5117375536056,86.677041228294));
#5501=CARTESIAN_POINT('Origin',(214.075067489743,87.0537032031074,99.55));
#5502=CARTESIAN_POINT('Origin',(222.075067489743,92.5360150826457,81.3581371165371));
#5503=CARTESIAN_POINT('',(214.075067489743,92.5360150826457,81.3581371165371));
#5504=CARTESIAN_POINT('Origin',(222.075067489743,83.4643853908798,91.55));
#5505=CARTESIAN_POINT('Origin',(223.324934894443,147.67506629765,18.05));
#5506=CARTESIAN_POINT('',(220.324934894443,147.67506629765,18.05));
#5507=CARTESIAN_POINT('Origin',(223.324934894443,147.67506629765,18.05));
#5508=CARTESIAN_POINT('',(220.324934894443,147.67506629765,18.05));
#5509=CARTESIAN_POINT('Origin',(386.675067489743,147.67506629765,18.05));
#5510=CARTESIAN_POINT('',(388.275067489743,147.67506629765,18.05));
#5511=CARTESIAN_POINT('Origin',(386.675067489743,147.67506629765,18.05));
#5512=CARTESIAN_POINT('Origin',(223.324934894443,147.67506629765,18.05));
#5513=CARTESIAN_POINT('',(224.924934894443,147.67506629765,18.05));
#5514=CARTESIAN_POINT('Origin',(223.324934894443,147.67506629765,18.05));
#5515=CARTESIAN_POINT('Origin',(223.324934894443,147.67506629765,16.05));
#5516=CARTESIAN_POINT('',(224.924934894443,147.67506629765,16.05));
#5517=CARTESIAN_POINT('Origin',(216.074934894443,140.42506629765,16.05));
#5518=CARTESIAN_POINT('',(222.074934894443,140.42506629765,36.5798003663031));
#5519=CARTESIAN_POINT('',(215.075001192093,140.42506629765,36.5798003663031));
#5520=CARTESIAN_POINT('',(216.074934894443,140.42506629765,27.5553849996299));
#5521=CARTESIAN_POINT('Origin',(222.074934894443,140.42506629765,27.5553849996299));
#5522=CARTESIAN_POINT('',(216.074934894443,140.42506629765,16.05));
#5523=CARTESIAN_POINT('Origin',(214.075067489743,84.3762026870183,99.55));
#5524=CARTESIAN_POINT('',(387.925067489743,140.42506629765,36.5798003663031));
#5525=CARTESIAN_POINT('',(296.750067489743,140.42506629765,36.5798003663031));
#5526=CARTESIAN_POINT('',(387.925067489743,87.9461772440997,95.5391780838177));
#5527=CARTESIAN_POINT('',(387.925067489743,96.4260219866911,86.0121782143244));
#5528=CARTESIAN_POINT('',(222.074934894443,87.9461772440997,95.5391780838177));
#5529=CARTESIAN_POINT('',(259.537567489743,87.9461772440997,95.5391780838177));
#5530=CARTESIAN_POINT('',(222.074934894443,120.703298330187,58.7369608516231));
#5531=CARTESIAN_POINT('Origin',(216.074934894443,154.92506629765,16.05));
#5532=CARTESIAN_POINT('',(216.074934894443,27.0537032031073,57.8));
#5533=CARTESIAN_POINT('',(216.074934894443,116.221506476967,54.7477827678055));
#5534=CARTESIAN_POINT('Origin',(386.675067489743,147.67506629765,16.05));
#5535=CARTESIAN_POINT('',(388.275067489743,147.67506629765,16.05));
#5536=CARTESIAN_POINT('Origin',(379.425067489743,140.42506629765,16.05));
#5537=CARTESIAN_POINT('Origin',(387.925067489743,140.42506629765,27.5553849996299));
#5538=CARTESIAN_POINT('Origin',(387.925067489743,91.9442301334711,82.0230001305068));
#5539=CARTESIAN_POINT('Origin',(387.925067489743,83.4643853908798,91.55));
#5540=CARTESIAN_POINT('Origin',(370.000002235174,40.0000005960464,99.55));
#5541=CARTESIAN_POINT('',(375.500002235174,40.0000005960464,99.55));
#5542=CARTESIAN_POINT('Origin',(387.925067489743,83.4643853908798,91.55));
#5543=CARTESIAN_POINT('Origin',(387.925067489743,83.4643853908798,91.55));
#5544=CARTESIAN_POINT('Origin',(222.075067489743,83.4643853908798,91.55));
#5545=CARTESIAN_POINT('Origin',(222.075067489743,83.4643853908798,91.55));
#5546=CARTESIAN_POINT('Origin',(259.537567489743,83.4643853908798,91.55));
#5547=CARTESIAN_POINT('Origin',(216.075067489743,156.925417427118,16.05));
#5548=CARTESIAN_POINT('Origin',(305.000067489743,27.0537032031073,99.55));
#5549=CARTESIAN_POINT('Origin',(222.074934894443,83.4643853908798,91.55));
#5550=CARTESIAN_POINT('Origin',(222.074934894443,83.4643853908798,91.55));
#5551=CARTESIAN_POINT('Origin',(222.074934894443,83.4643853908798,91.55));
#5552=CARTESIAN_POINT('Origin',(387.925067489743,83.4643853908798,91.55));
#5553=CARTESIAN_POINT('Origin',(387.925067489743,83.4643853908798,91.55));
#5554=CARTESIAN_POINT('Origin',(259.537567489743,83.4643853908798,91.55));
#5555=CARTESIAN_POINT('Origin',(222.074934894443,116.221506476967,54.7477827678055));
#5556=CARTESIAN_POINT('Origin',(214.075067489743,91.9893847503787,57.8));
#5557=CARTESIAN_POINT('',(214.075067489743,27.0537032031073,16.05));
#5558=CARTESIAN_POINT('Origin',(305.000067489743,27.0537032031073,99.55));
#5559=UNCERTAINTY_MEASURE_WITH_UNIT(LENGTH_MEASURE(0.01),#5563,
'DISTANCE_ACCURACY_VALUE',
'Maximum model space distance between geometric entities at asserted c
onnectivities');
#5560=UNCERTAINTY_MEASURE_WITH_UNIT(LENGTH_MEASURE(0.01),#5563,
'DISTANCE_ACCURACY_VALUE',
'Maximum model space distance between geometric entities at asserted c
onnectivities');
#5561=(
GEOMETRIC_REPRESENTATION_CONTEXT(3)
GLOBAL_UNCERTAINTY_ASSIGNED_CONTEXT((#5559))
GLOBAL_UNIT_ASSIGNED_CONTEXT((#5563,#5565,#5566))
REPRESENTATION_CONTEXT('','3D')
);
#5562=(
GEOMETRIC_REPRESENTATION_CONTEXT(3)
GLOBAL_UNCERTAINTY_ASSIGNED_CONTEXT((#5560))
GLOBAL_UNIT_ASSIGNED_CONTEXT((#5563,#5565,#5566))
REPRESENTATION_CONTEXT('','3D')
);
#5563=(
LENGTH_UNIT()
NAMED_UNIT(*)
SI_UNIT(.MILLI.,.METRE.)
);
#5564=(
LENGTH_UNIT()
NAMED_UNIT(*)
SI_UNIT($,.METRE.)
);
#5565=(
NAMED_UNIT(*)
PLANE_ANGLE_UNIT()
SI_UNIT($,.RADIAN.)
);
#5566=(
NAMED_UNIT(*)
SI_UNIT($,.STERADIAN.)
SOLID_ANGLE_UNIT()
);
#5567=SHAPE_DEFINITION_REPRESENTATION(#5568,#5569);
#5568=PRODUCT_DEFINITION_SHAPE('',$,#5571);
#5569=SHAPE_REPRESENTATION('',(#2995),#5561);
#5570=PRODUCT_DEFINITION_CONTEXT('part definition',#5575,'design');
#5571=PRODUCT_DEFINITION('Back Cover (pi4 cutouts)',
'Back Cover (pi4 cutouts)',#5572,#5570);
#5572=PRODUCT_DEFINITION_FORMATION('',$,#5577);
#5573=PRODUCT_RELATED_PRODUCT_CATEGORY('Back Cover (pi4 cutouts)',
'Back Cover (pi4 cutouts)',(#5577));
#5574=APPLICATION_PROTOCOL_DEFINITION('international standard',
'automotive_design',2009,#5575);
#5575=APPLICATION_CONTEXT(
'Core Data for Automotive Mechanical Design Process');
#5576=PRODUCT_CONTEXT('part definition',#5575,'mechanical');
#5577=PRODUCT('Back Cover (pi4 cutouts)','Back Cover (pi4 cutouts)',$,(#5576));
#5578=PRESENTATION_STYLE_ASSIGNMENT((#5579));
#5579=SURFACE_STYLE_USAGE(.BOTH.,#5580);
#5580=SURFACE_SIDE_STYLE('',(#5581));
#5581=SURFACE_STYLE_FILL_AREA(#5582);
#5582=FILL_AREA_STYLE('ABS (White)',(#5583));
#5583=FILL_AREA_STYLE_COLOUR('ABS (White)',#5584);
#5584=COLOUR_RGB('ABS (White)',0.964705882352941,0.964705882352941,0.952941176470588);
ENDSEC;
END-ISO-10303-21;
