ISO-10303-21;
HEADER;
/* Generated by software containing ST-Developer
 * from STEP Tools, Inc. (www.steptools.com) 
 */

FILE_DESCRIPTION(
/* description */ (''),
/* implementation_level */ '2;1');

FILE_NAME(
/* name */ 'Bottom Cover (piZero).step',
/* time_stamp */ '2026-05-12T09:55:18-05:00',
/* author */ (''),
/* organization */ (''),
/* preprocessor_version */ 'ST-DEVELOPER v20.1',
/* originating_system */ 'Autodesk Translation Framework v15.8.0.0',
/* authorisation */ '');

FILE_SCHEMA (('AUTOMOTIVE_DESIGN { 1 0 10303 214 3 1 1 }'));
ENDSEC;

DATA;
#10=MECHANICAL_DESIGN_GEOMETRIC_PRESENTATION_REPRESENTATION('',(#13),#8383);
#11=SHAPE_REPRESENTATION_RELATIONSHIP('SRR','None',#8390,#12);
#12=ADVANCED_BREP_SHAPE_REPRESENTATION('',(#14),#8382);
#13=STYLED_ITEM('',(#8399),#14);
#14=MANIFOLD_SOLID_BREP('Bottom Cover (piZero)',#4653);
#15=ELLIPSE('',#4708,0.848528137423854,0.6);
#16=ELLIPSE('',#4709,0.848528137423854,0.6);
#17=ELLIPSE('',#4711,0.848528137423857,0.6);
#18=ELLIPSE('',#4720,0.848528137423857,0.6);
#19=ELLIPSE('',#4721,0.848528137423857,0.6);
#20=ELLIPSE('',#4723,0.848528137423857,0.6);
#21=ELLIPSE('',#4728,0.848528137423857,0.6);
#22=ELLIPSE('',#4735,0.848528137423857,0.6);
#23=ELLIPSE('',#4736,0.848528137423857,0.6);
#24=ELLIPSE('',#4738,0.848528137423857,0.6);
#25=ELLIPSE('',#4747,0.848528137423857,0.6);
#26=ELLIPSE('',#4748,0.848528137423857,0.6);
#27=ELLIPSE('',#4752,0.848528137423857,0.6);
#28=ELLIPSE('',#4753,0.848528137423857,0.6);
#29=ELLIPSE('',#4755,0.848528137423857,0.6);
#30=ELLIPSE('',#4759,0.848528137423857,0.6);
#31=ELLIPSE('',#4760,0.848528137423857,0.6);
#32=ELLIPSE('',#4764,0.848528137423857,0.6);
#33=ELLIPSE('',#4770,0.848528137423857,0.6);
#34=ELLIPSE('',#4779,0.848528137423857,0.6);
#35=ELLIPSE('',#4783,0.848528137423857,0.6);
#36=ELLIPSE('',#4788,0.848528137423857,0.6);
#37=ELLIPSE('',#4789,0.848528137423857,0.6);
#38=ELLIPSE('',#4793,0.848528137423857,0.6);
#39=ELLIPSE('',#4798,0.848528137423857,0.6);
#40=ELLIPSE('',#4799,0.848528137423857,0.6);
#41=ELLIPSE('',#4807,0.848528137423857,0.6);
#42=ELLIPSE('',#4816,0.848528137423857,0.6);
#43=ELLIPSE('',#4817,0.848528137423857,0.6);
#44=ELLIPSE('',#4821,0.848528137423857,0.6);
#45=ELLIPSE('',#4822,0.848528137423857,0.6);
#46=ELLIPSE('',#4824,0.848528137423854,0.6);
#47=ELLIPSE('',#4830,0.848528137423857,0.6);
#48=ELLIPSE('',#4831,0.848528137423857,0.6);
#49=ELLIPSE('',#4833,0.848528137423854,0.6);
#50=ELLIPSE('',#4839,0.848528137423857,0.6);
#51=ELLIPSE('',#4845,0.848528137423857,0.6);
#52=ELLIPSE('',#4846,0.848528137423857,0.6);
#53=ELLIPSE('',#4850,0.848528137423857,0.6);
#54=ELLIPSE('',#4851,0.848528137423857,0.6);
#55=ELLIPSE('',#4853,0.848528137423854,0.6);
#56=ELLIPSE('',#4859,0.848528137423854,0.6);
#57=ELLIPSE('',#4868,0.848528137423854,0.6);
#58=ELLIPSE('',#4873,0.848528137423854,0.6);
#59=ELLIPSE('',#4875,0.848528137423854,0.6);
#60=ELLIPSE('',#4878,0.848528137423857,0.6);
#61=ELLIPSE('',#4881,0.848528137423857,0.6);
#62=ELLIPSE('',#4882,0.848528137423857,0.6);
#63=ELLIPSE('',#4887,0.848528137423854,0.6);
#64=ELLIPSE('',#4897,0.848528137423854,0.6);
#65=ELLIPSE('',#4900,0.848528137423857,0.6);
#66=ELLIPSE('',#4905,0.848528137423854,0.6);
#67=ELLIPSE('',#4907,0.848528137423854,0.6);
#68=ELLIPSE('',#4911,0.848528137423857,0.6);
#69=ELLIPSE('',#4914,0.848528137423854,0.6);
#70=ELLIPSE('',#4915,0.848528137423857,0.6);
#71=B_SPLINE_CURVE_WITH_KNOTS('',3,(#6602,#6603,#6604,#6605,#6606,#6607,
#6608,#6609),.UNSPECIFIED.,.F.,.F.,(4,2,2,4),(0.0941664177670732,0.112914862451732,
0.131663307136392,0.133820983941686),.UNSPECIFIED.);
#72=B_SPLINE_CURVE_WITH_KNOTS('',3,(#6612,#6613,#6614,#6615,#6616,#6617,
#6618,#6619),.UNSPECIFIED.,.F.,.F.,(4,2,2,4),(0.306777369454301,0.308935046259595,
0.327683490944255,0.346431935628914),.UNSPECIFIED.);
#73=B_SPLINE_CURVE_WITH_KNOTS('',3,(#6634,#6635,#6636,#6637,#6638,#6639,
#6640,#6641),.UNSPECIFIED.,.F.,.F.,(4,2,2,4),(0.0941664177670732,0.112914862451732,
0.131663307136392,0.133820983941685),.UNSPECIFIED.);
#74=B_SPLINE_CURVE_WITH_KNOTS('',3,(#6662,#6663,#6664,#6665,#6666,#6667,
#6668,#6669),.UNSPECIFIED.,.F.,.F.,(4,2,2,4),(0.0941664177670724,0.112914862451732,
0.131663307136391,0.133820983941684),.UNSPECIFIED.);
#75=B_SPLINE_CURVE_WITH_KNOTS('',3,(#6672,#6673,#6674,#6675,#6676,#6677,
#6678,#6679),.UNSPECIFIED.,.F.,.F.,(4,2,2,4),(0.306777369454302,0.308935046259597,
0.327683490944257,0.346431935628916),.UNSPECIFIED.);
#76=B_SPLINE_CURVE_WITH_KNOTS('',3,(#6693,#6694,#6695,#6696,#6697,#6698,
#6699,#6700),.UNSPECIFIED.,.F.,.F.,(4,2,2,4),(0.306777369454303,0.308935046259597,
0.327683490944256,0.346431935628915),.UNSPECIFIED.);
#77=B_SPLINE_CURVE_WITH_KNOTS('',3,(#6719,#6720,#6721,#6722,#6723,#6724,
#6725,#6726),.UNSPECIFIED.,.F.,.F.,(4,2,2,4),(0.094166417767073,0.112914862451732,
0.131663307136392,0.133820983941685),.UNSPECIFIED.);
#78=B_SPLINE_CURVE_WITH_KNOTS('',3,(#6729,#6730,#6731,#6732,#6733,#6734,
#6735,#6736),.UNSPECIFIED.,.F.,.F.,(4,2,2,4),(0.306777369454303,0.308935046259597,
0.327683490944256,0.346431935628915),.UNSPECIFIED.);
#79=B_SPLINE_CURVE_WITH_KNOTS('',3,(#6741,#6742,#6743,#6744,#6745,#6746,
#6747,#6748),.UNSPECIFIED.,.F.,.F.,(4,2,2,4),(0.0941664177670732,0.112914862451732,
0.131663307136392,0.133820983941684),.UNSPECIFIED.);
#80=B_SPLINE_CURVE_WITH_KNOTS('',3,(#6769,#6770,#6771,#6772,#6773,#6774,
#6775,#6776),.UNSPECIFIED.,.F.,.F.,(4,2,2,4),(0.094166417767073,0.112914862451732,
0.131663307136392,0.133820983941685),.UNSPECIFIED.);
#81=B_SPLINE_CURVE_WITH_KNOTS('',3,(#6779,#6780,#6781,#6782,#6783,#6784,
#6785,#6786),.UNSPECIFIED.,.F.,.F.,(4,2,2,4),(0.306777369454302,0.308935046259597,
0.327683490944256,0.346431935628915),.UNSPECIFIED.);
#82=B_SPLINE_CURVE_WITH_KNOTS('',3,(#6795,#6796,#6797,#6798,#6799,#6800,
#6801,#6802),.UNSPECIFIED.,.F.,.F.,(4,2,2,4),(0.306777369454303,0.308935046259597,
0.327683490944256,0.346431935628915),.UNSPECIFIED.);
#83=B_SPLINE_CURVE_WITH_KNOTS('',3,(#6845,#6846,#6847,#6848,#6849,#6850,
#6851,#6852),.UNSPECIFIED.,.F.,.F.,(4,2,2,4),(0.094166417767073,0.112914862451732,
0.131663307136392,0.133820983941685),.UNSPECIFIED.);
#84=B_SPLINE_CURVE_WITH_KNOTS('',3,(#6855,#6856,#6857,#6858,#6859,#6860,
#6861,#6862),.UNSPECIFIED.,.F.,.F.,(4,2,2,4),(0.306777369454304,0.308935046259597,
0.327683490944256,0.346431935628915),.UNSPECIFIED.);
#85=B_SPLINE_CURVE_WITH_KNOTS('',3,(#6879,#6880,#6881,#6882,#6883,#6884,
#6885,#6886),.UNSPECIFIED.,.F.,.F.,(4,2,2,4),(0.094166417767073,0.112914862451732,
0.131663307136392,0.133820983941686),.UNSPECIFIED.);
#86=B_SPLINE_CURVE_WITH_KNOTS('',3,(#6889,#6890,#6891,#6892,#6893,#6894,
#6895,#6896),.UNSPECIFIED.,.F.,.F.,(4,2,2,4),(0.306777369454304,0.308935046259597,
0.327683490944256,0.346431935628915),.UNSPECIFIED.);
#87=B_SPLINE_CURVE_WITH_KNOTS('',3,(#6905,#6906,#6907,#6908,#6909,#6910,
#6911,#6912),.UNSPECIFIED.,.F.,.F.,(4,2,2,4),(0.306777369454303,0.308935046259597,
0.327683490944256,0.346431935628915),.UNSPECIFIED.);
#88=B_SPLINE_CURVE_WITH_KNOTS('',3,(#6928,#6929,#6930,#6931,#6932,#6933,
#6934,#6935),.UNSPECIFIED.,.F.,.F.,(4,2,2,4),(0.094166417767073,0.112914862451732,
0.131663307136392,0.133820983941685),.UNSPECIFIED.);
#89=B_SPLINE_CURVE_WITH_KNOTS('',3,(#6938,#6939,#6940,#6941,#6942,#6943,
#6944,#6945),.UNSPECIFIED.,.F.,.F.,(4,2,2,4),(0.306777369454304,0.308935046259597,
0.327683490944256,0.346431935628915),.UNSPECIFIED.);
#90=B_SPLINE_CURVE_WITH_KNOTS('',3,(#6962,#6963,#6964,#6965,#6966,#6967,
#6968,#6969),.UNSPECIFIED.,.F.,.F.,(4,2,2,4),(0.094166417767073,0.112914862451733,
0.131663307136392,0.133820983941685),.UNSPECIFIED.);
#91=B_SPLINE_CURVE_WITH_KNOTS('',3,(#6972,#6973,#6974,#6975,#6976,#6977,
#6978,#6979),.UNSPECIFIED.,.F.,.F.,(4,2,2,4),(0.306777369454303,0.308935046259596,
0.327683490944256,0.346431935628915),.UNSPECIFIED.);
#92=B_SPLINE_CURVE_WITH_KNOTS('',3,(#6984,#6985,#6986,#6987,#6988,#6989,
#6990,#6991),.UNSPECIFIED.,.F.,.F.,(4,2,2,4),(0.0941664177670732,0.112914862451733,
0.131663307136392,0.133820983941686),.UNSPECIFIED.);
#93=B_SPLINE_CURVE_WITH_KNOTS('',3,(#7010,#7011,#7012,#7013,#7014,#7015,
#7016,#7017),.UNSPECIFIED.,.F.,.F.,(4,2,2,4),(0.306777369454303,0.308935046259596,
0.327683490944256,0.346431935628915),.UNSPECIFIED.);
#94=B_SPLINE_CURVE_WITH_KNOTS('',3,(#7067,#7068,#7069,#7070,#7071,#7072,
#7073,#7074),.UNSPECIFIED.,.F.,.F.,(4,2,2,4),(0.0941664177670732,0.112914862451732,
0.131663307136392,0.133820983941685),.UNSPECIFIED.);
#95=B_SPLINE_CURVE_WITH_KNOTS('',3,(#7077,#7078,#7079,#7080,#7081,#7082,
#7083,#7084),.UNSPECIFIED.,.F.,.F.,(4,2,2,4),(0.306777369454303,0.308935046259597,
0.327683490944256,0.346431935628915),.UNSPECIFIED.);
#96=B_SPLINE_CURVE_WITH_KNOTS('',3,(#7101,#7102,#7103,#7104,#7105,#7106,
#7107,#7108),.UNSPECIFIED.,.F.,.F.,(4,2,2,4),(0.0941664177670732,0.112914862451732,
0.131663307136392,0.133820983941685),.UNSPECIFIED.);
#97=B_SPLINE_CURVE_WITH_KNOTS('',3,(#7126,#7127,#7128,#7129,#7130,#7131,
#7132,#7133),.UNSPECIFIED.,.F.,.F.,(4,2,2,4),(0.0941664177670732,0.112914862451732,
0.131663307136392,0.133820983941684),.UNSPECIFIED.);
#98=B_SPLINE_CURVE_WITH_KNOTS('',3,(#7136,#7137,#7138,#7139,#7140,#7141,
#7142,#7143),.UNSPECIFIED.,.F.,.F.,(4,2,2,4),(0.306777369454304,0.308935046259597,
0.327683490944256,0.346431935628915),.UNSPECIFIED.);
#99=B_SPLINE_CURVE_WITH_KNOTS('',3,(#7160,#7161,#7162,#7163,#7164,#7165,
#7166,#7167),.UNSPECIFIED.,.F.,.F.,(4,2,2,4),(0.0941664177670732,0.112914862451732,
0.131663307136392,0.133820983941685),.UNSPECIFIED.);
#100=B_SPLINE_CURVE_WITH_KNOTS('',3,(#7183,#7184,#7185,#7186,#7187,#7188,
#7189,#7190),.UNSPECIFIED.,.F.,.F.,(4,2,2,4),(0.306777369454303,0.308935046259597,
0.327683490944256,0.346431935628915),.UNSPECIFIED.);
#101=B_SPLINE_CURVE_WITH_KNOTS('',3,(#7201,#7202,#7203,#7204,#7205,#7206,
#7207,#7208),.UNSPECIFIED.,.F.,.F.,(4,2,2,4),(0.0941664177670731,0.112914862451733,
0.131663307136392,0.133820983941686),.UNSPECIFIED.);
#102=B_SPLINE_CURVE_WITH_KNOTS('',3,(#7222,#7223,#7224,#7225,#7226,#7227,
#7228,#7229),.UNSPECIFIED.,.F.,.F.,(4,2,2,4),(0.0941664177670732,0.112914862451733,
0.131663307136393,0.133820983941687),.UNSPECIFIED.);
#103=B_SPLINE_CURVE_WITH_KNOTS('',3,(#7232,#7233,#7234,#7235,#7236,#7237,
#7238,#7239),.UNSPECIFIED.,.F.,.F.,(4,2,2,4),(0.306777369454303,0.308935046259597,
0.327683490944256,0.346431935628915),.UNSPECIFIED.);
#104=B_SPLINE_CURVE_WITH_KNOTS('',3,(#7244,#7245,#7246,#7247),
 .UNSPECIFIED.,.F.,.F.,(4,4),(-0.11768597597489,0.),.UNSPECIFIED.);
#105=B_SPLINE_CURVE_WITH_KNOTS('',3,(#7299,#7300,#7301,#7302,#7303,#7304,
#7305,#7306),.UNSPECIFIED.,.F.,.F.,(4,2,2,4),(0.0941664177670732,0.112914862451732,
0.131663307136392,0.133820983941685),.UNSPECIFIED.);
#106=B_SPLINE_CURVE_WITH_KNOTS('',3,(#7309,#7310,#7311,#7312,#7313,#7314,
#7315,#7316),.UNSPECIFIED.,.F.,.F.,(4,2,2,4),(0.306777369454303,0.308935046259597,
0.327683490944256,0.346431935628915),.UNSPECIFIED.);
#107=B_SPLINE_CURVE_WITH_KNOTS('',3,(#7331,#7332,#7333,#7334,#7335,#7336,
#7337,#7338),.UNSPECIFIED.,.F.,.F.,(4,2,2,4),(0.0941664177670732,0.112914862451732,
0.131663307136392,0.133820983941685),.UNSPECIFIED.);
#108=B_SPLINE_CURVE_WITH_KNOTS('',3,(#7352,#7353,#7354,#7355,#7356,#7357,
#7358,#7359),.UNSPECIFIED.,.F.,.F.,(4,2,2,4),(0.0941664177670732,0.112914862451732,
0.131663307136392,0.133820983941686),.UNSPECIFIED.);
#109=B_SPLINE_CURVE_WITH_KNOTS('',3,(#7362,#7363,#7364,#7365,#7366,#7367,
#7368,#7369),.UNSPECIFIED.,.F.,.F.,(4,2,2,4),(0.306777369454304,0.308935046259597,
0.327683490944256,0.346431935628915),.UNSPECIFIED.);
#110=B_SPLINE_CURVE_WITH_KNOTS('',3,(#7384,#7385,#7386,#7387,#7388,#7389,
#7390,#7391),.UNSPECIFIED.,.F.,.F.,(4,2,2,4),(0.0941664177670732,0.112914862451732,
0.131663307136392,0.133820983941686),.UNSPECIFIED.);
#111=B_SPLINE_CURVE_WITH_KNOTS('',3,(#7405,#7406,#7407,#7408,#7409,#7410,
#7411,#7412),.UNSPECIFIED.,.F.,.F.,(4,2,2,4),(0.0941664177670732,0.112914862451732,
0.131663307136392,0.133820983941685),.UNSPECIFIED.);
#112=B_SPLINE_CURVE_WITH_KNOTS('',3,(#7415,#7416,#7417,#7418,#7419,#7420,
#7421,#7422),.UNSPECIFIED.,.F.,.F.,(4,2,2,4),(0.306777369454305,0.308935046259597,
0.327683490944256,0.346431935628915),.UNSPECIFIED.);
#113=B_SPLINE_CURVE_WITH_KNOTS('',3,(#7433,#7434,#7435,#7436,#7437,#7438,
#7439,#7440),.UNSPECIFIED.,.F.,.F.,(4,2,2,4),(0.0941664177670732,0.112914862451732,
0.131663307136392,0.133820983941686),.UNSPECIFIED.);
#114=B_SPLINE_CURVE_WITH_KNOTS('',3,(#7451,#7452,#7453,#7454,#7455,#7456,
#7457,#7458),.UNSPECIFIED.,.F.,.F.,(4,2,2,4),(0.306777369454304,0.308935046259597,
0.327683490944256,0.346431935628915),.UNSPECIFIED.);
#115=B_SPLINE_CURVE_WITH_KNOTS('',3,(#7475,#7476,#7477,#7478,#7479,#7480,
#7481,#7482),.UNSPECIFIED.,.F.,.F.,(4,2,2,4),(0.0941664177670732,0.112914862451732,
0.131663307136392,0.133820983941684),.UNSPECIFIED.);
#116=B_SPLINE_CURVE_WITH_KNOTS('',3,(#7485,#7486,#7487,#7488,#7489,#7490,
#7491,#7492),.UNSPECIFIED.,.F.,.F.,(4,2,2,4),(0.306777369454303,0.308935046259597,
0.327683490944256,0.346431935628915),.UNSPECIFIED.);
#117=B_SPLINE_CURVE_WITH_KNOTS('',3,(#7507,#7508,#7509,#7510,#7511,#7512,
#7513,#7514),.UNSPECIFIED.,.F.,.F.,(4,2,2,4),(0.0941664177670732,0.112914862451732,
0.131663307136392,0.133820983941685),.UNSPECIFIED.);
#118=B_SPLINE_CURVE_WITH_KNOTS('',3,(#7528,#7529,#7530,#7531,#7532,#7533,
#7534,#7535),.UNSPECIFIED.,.F.,.F.,(4,2,2,4),(0.0941664177670733,0.112914862451733,
0.131663307136392,0.133820983941685),.UNSPECIFIED.);
#119=B_SPLINE_CURVE_WITH_KNOTS('',3,(#7538,#7539,#7540,#7541,#7542,#7543,
#7544,#7545),.UNSPECIFIED.,.F.,.F.,(4,2,2,4),(0.306777369454303,0.308935046259596,
0.327683490944256,0.346431935628916),.UNSPECIFIED.);
#120=B_SPLINE_CURVE_WITH_KNOTS('',3,(#7552,#7553,#7554,#7555,#7556,#7557,
#7558,#7559),.UNSPECIFIED.,.F.,.F.,(4,2,2,4),(0.306777369454303,0.308935046259595,
0.327683490944255,0.346431935628915),.UNSPECIFIED.);
#121=B_SPLINE_CURVE_WITH_KNOTS('',3,(#7570,#7571,#7572,#7573,#7574,#7575,
#7576,#7577),.UNSPECIFIED.,.F.,.F.,(4,2,2,4),(0.0941664177670731,0.112914862451733,
0.131663307136392,0.133820983941685),.UNSPECIFIED.);
#122=B_SPLINE_CURVE_WITH_KNOTS('',3,(#7591,#7592,#7593,#7594,#7595,#7596,
#7597,#7598),.UNSPECIFIED.,.F.,.F.,(4,2,2,4),(0.306777369454301,0.308935046259595,
0.327683490944255,0.346431935628914),.UNSPECIFIED.);
#123=B_SPLINE_CURVE_WITH_KNOTS('',3,(#7604,#7605,#7606,#7607,#7608,#7609,
#7610,#7611),.UNSPECIFIED.,.F.,.F.,(4,2,2,4),(0.306777369454301,0.308935046259595,
0.327683490944255,0.346431935628914),.UNSPECIFIED.);
#124=B_SPLINE_CURVE_WITH_KNOTS('',3,(#7620,#7621,#7622,#7623,#7624,#7625,
#7626,#7627),.UNSPECIFIED.,.F.,.F.,(4,2,2,4),(0.306777369454301,0.308935046259595,
0.327683490944255,0.346431935628914),.UNSPECIFIED.);
#125=B_SPLINE_CURVE_WITH_KNOTS('',3,(#7647,#7648,#7649,#7650,#7651,#7652,
#7653,#7654),.UNSPECIFIED.,.F.,.F.,(4,2,2,4),(0.0941664177670726,0.112914862451732,
0.131663307136391,0.133820983941685),.UNSPECIFIED.);
#126=B_SPLINE_CURVE_WITH_KNOTS('',3,(#7657,#7658,#7659,#7660,#7661,#7662,
#7663,#7664),.UNSPECIFIED.,.F.,.F.,(4,2,2,4),(0.306777369454303,0.308935046259596,
0.327683490944256,0.346431935628916),.UNSPECIFIED.);
#127=B_SPLINE_CURVE_WITH_KNOTS('',3,(#7679,#7680,#7681,#7682,#7683,#7684,
#7685,#7686),.UNSPECIFIED.,.F.,.F.,(4,2,2,4),(0.3067773694543,0.308935046259595,
0.327683490944255,0.346431935628914),.UNSPECIFIED.);
#128=B_SPLINE_CURVE_WITH_KNOTS('',3,(#7765,#7766,#7767,#7768),
 .UNSPECIFIED.,.F.,.F.,(4,4),(-0.117685967367001,0.),.UNSPECIFIED.);
#129=B_SPLINE_CURVE_WITH_KNOTS('',3,(#7787,#7788,#7789,#7790),
 .UNSPECIFIED.,.F.,.F.,(4,4),(-0.117685967690506,0.),.UNSPECIFIED.);
#130=B_SPLINE_CURVE_WITH_KNOTS('',3,(#7796,#7797,#7798,#7799),
 .UNSPECIFIED.,.F.,.F.,(4,4),(-0.117685975974869,0.),.UNSPECIFIED.);
#131=B_SPLINE_CURVE_WITH_KNOTS('',3,(#7843,#7844,#7845,#7846),
 .UNSPECIFIED.,.F.,.F.,(4,4),(-0.117685988581596,0.),.UNSPECIFIED.);
#132=B_SPLINE_CURVE_WITH_KNOTS('',3,(#7850,#7851,#7852,#7853),
 .UNSPECIFIED.,.F.,.F.,(4,4),(-0.117685988581598,0.),.UNSPECIFIED.);
#133=B_SPLINE_CURVE_WITH_KNOTS('',3,(#7860,#7861,#7862,#7863),
 .UNSPECIFIED.,.F.,.F.,(4,4),(-0.117685967690481,0.),.UNSPECIFIED.);
#134=B_SPLINE_CURVE_WITH_KNOTS('',3,(#7867,#7868,#7869,#7870),
 .UNSPECIFIED.,.F.,.F.,(4,4),(-0.117685974595582,0.),.UNSPECIFIED.);
#135=(
BOUNDED_CURVE()
B_SPLINE_CURVE(2,(#6594,#6595,#6596),.UNSPECIFIED.,.F.,.F.)
B_SPLINE_CURVE_WITH_KNOTS((3,3),(0.0263431721034075,0.100070148545815),
 .UNSPECIFIED.)
CURVE()
GEOMETRIC_REPRESENTATION_ITEM()
RATIONAL_B_SPLINE_CURVE((1.,1.,1.))
REPRESENTATION_ITEM('')
);
#136=(
BOUNDED_CURVE()
B_SPLINE_CURVE(2,(#6598,#6599,#6600),.UNSPECIFIED.,.F.,.F.)
B_SPLINE_CURVE_WITH_KNOTS((3,3),(0.,0.0737269764424076),.UNSPECIFIED.)
CURVE()
GEOMETRIC_REPRESENTATION_ITEM()
RATIONAL_B_SPLINE_CURVE((1.,1.,1.))
REPRESENTATION_ITEM('')
);
#137=(
BOUNDED_CURVE()
B_SPLINE_CURVE(2,(#6627,#6628,#6629),.UNSPECIFIED.,.F.,.F.)
B_SPLINE_CURVE_WITH_KNOTS((3,3),(0.,0.0737269764424076),.UNSPECIFIED.)
CURVE()
GEOMETRIC_REPRESENTATION_ITEM()
RATIONAL_B_SPLINE_CURVE((1.,1.,1.))
REPRESENTATION_ITEM('')
);
#138=(
BOUNDED_CURVE()
B_SPLINE_CURVE(2,(#6652,#6653,#6654),.UNSPECIFIED.,.F.,.F.)
B_SPLINE_CURVE_WITH_KNOTS((3,3),(0.0263436297680075,0.100070600670118),
 .UNSPECIFIED.)
CURVE()
GEOMETRIC_REPRESENTATION_ITEM()
RATIONAL_B_SPLINE_CURVE((1.,1.,1.))
REPRESENTATION_ITEM('')
);
#139=(
BOUNDED_CURVE()
B_SPLINE_CURVE(2,(#6658,#6659,#6660),.UNSPECIFIED.,.F.,.F.)
B_SPLINE_CURVE_WITH_KNOTS((3,3),(0.,0.07372697644241),.UNSPECIFIED.)
CURVE()
GEOMETRIC_REPRESENTATION_ITEM()
RATIONAL_B_SPLINE_CURVE((1.,1.,1.))
REPRESENTATION_ITEM('')
);
#140=(
BOUNDED_CURVE()
B_SPLINE_CURVE(2,(#6705,#6706,#6707),.UNSPECIFIED.,.F.,.F.)
B_SPLINE_CURVE_WITH_KNOTS((3,3),(0.0263431721034077,0.100070148545817),
 .UNSPECIFIED.)
CURVE()
GEOMETRIC_REPRESENTATION_ITEM()
RATIONAL_B_SPLINE_CURVE((1.,1.,1.))
REPRESENTATION_ITEM('')
);
#141=(
BOUNDED_CURVE()
B_SPLINE_CURVE(2,(#6715,#6716,#6717),.UNSPECIFIED.,.F.,.F.)
B_SPLINE_CURVE_WITH_KNOTS((3,3),(0.,0.0737269764424106),.UNSPECIFIED.)
CURVE()
GEOMETRIC_REPRESENTATION_ITEM()
RATIONAL_B_SPLINE_CURVE((1.,1.,1.))
REPRESENTATION_ITEM('')
);
#142=(
BOUNDED_CURVE()
B_SPLINE_CURVE(2,(#6759,#6760,#6761),.UNSPECIFIED.,.F.,.F.)
B_SPLINE_CURVE_WITH_KNOTS((3,3),(0.0263431721034065,0.100070148545816),
 .UNSPECIFIED.)
CURVE()
GEOMETRIC_REPRESENTATION_ITEM()
RATIONAL_B_SPLINE_CURVE((1.,1.,1.))
REPRESENTATION_ITEM('')
);
#143=(
BOUNDED_CURVE()
B_SPLINE_CURVE(2,(#6765,#6766,#6767),.UNSPECIFIED.,.F.,.F.)
B_SPLINE_CURVE_WITH_KNOTS((3,3),(0.,0.0737269764424104),.UNSPECIFIED.)
CURVE()
GEOMETRIC_REPRESENTATION_ITEM()
RATIONAL_B_SPLINE_CURVE((1.,1.,1.))
REPRESENTATION_ITEM('')
);
#144=(
BOUNDED_CURVE()
B_SPLINE_CURVE(2,(#6808,#6809,#6810),.UNSPECIFIED.,.F.,.F.)
B_SPLINE_CURVE_WITH_KNOTS((3,3),(0.0263431721034058,0.100070148545816),
 .UNSPECIFIED.)
CURVE()
GEOMETRIC_REPRESENTATION_ITEM()
RATIONAL_B_SPLINE_CURVE((1.,1.,1.))
REPRESENTATION_ITEM('')
);
#145=(
BOUNDED_CURVE()
B_SPLINE_CURVE(2,(#6841,#6842,#6843),.UNSPECIFIED.,.F.,.F.)
B_SPLINE_CURVE_WITH_KNOTS((3,3),(0.,0.0737269764424106),.UNSPECIFIED.)
CURVE()
GEOMETRIC_REPRESENTATION_ITEM()
RATIONAL_B_SPLINE_CURVE((1.,1.,1.))
REPRESENTATION_ITEM('')
);
#146=(
BOUNDED_CURVE()
B_SPLINE_CURVE(2,(#6865,#6866,#6867),.UNSPECIFIED.,.F.,.F.)
B_SPLINE_CURVE_WITH_KNOTS((3,3),(0.026343172103406,0.100070148545816),
 .UNSPECIFIED.)
CURVE()
GEOMETRIC_REPRESENTATION_ITEM()
RATIONAL_B_SPLINE_CURVE((1.,1.,1.))
REPRESENTATION_ITEM('')
);
#147=(
BOUNDED_CURVE()
B_SPLINE_CURVE(2,(#6875,#6876,#6877),.UNSPECIFIED.,.F.,.F.)
B_SPLINE_CURVE_WITH_KNOTS((3,3),(0.,0.0737269764424099),.UNSPECIFIED.)
CURVE()
GEOMETRIC_REPRESENTATION_ITEM()
RATIONAL_B_SPLINE_CURVE((1.,1.,1.))
REPRESENTATION_ITEM('')
);
#148=(
BOUNDED_CURVE()
B_SPLINE_CURVE(2,(#6916,#6917,#6918),.UNSPECIFIED.,.F.,.F.)
B_SPLINE_CURVE_WITH_KNOTS((3,3),(0.0263431721034058,0.100070148545816),
 .UNSPECIFIED.)
CURVE()
GEOMETRIC_REPRESENTATION_ITEM()
RATIONAL_B_SPLINE_CURVE((1.,1.,1.))
REPRESENTATION_ITEM('')
);
#149=(
BOUNDED_CURVE()
B_SPLINE_CURVE(2,(#6924,#6925,#6926),.UNSPECIFIED.,.F.,.F.)
B_SPLINE_CURVE_WITH_KNOTS((3,3),(0.,0.0737269764424101),.UNSPECIFIED.)
CURVE()
GEOMETRIC_REPRESENTATION_ITEM()
RATIONAL_B_SPLINE_CURVE((1.,1.,1.))
REPRESENTATION_ITEM('')
);
#150=(
BOUNDED_CURVE()
B_SPLINE_CURVE(2,(#6948,#6949,#6950),.UNSPECIFIED.,.F.,.F.)
B_SPLINE_CURVE_WITH_KNOTS((3,3),(0.0263431721034076,0.100070148545816),
 .UNSPECIFIED.)
CURVE()
GEOMETRIC_REPRESENTATION_ITEM()
RATIONAL_B_SPLINE_CURVE((1.,1.,1.))
REPRESENTATION_ITEM('')
);
#151=(
BOUNDED_CURVE()
B_SPLINE_CURVE(2,(#6958,#6959,#6960),.UNSPECIFIED.,.F.,.F.)
B_SPLINE_CURVE_WITH_KNOTS((3,3),(3.63380165917491E-7,0.0737273342822787),
 .UNSPECIFIED.)
CURVE()
GEOMETRIC_REPRESENTATION_ITEM()
RATIONAL_B_SPLINE_CURVE((1.,1.,1.))
REPRESENTATION_ITEM('')
);
#152=(
BOUNDED_CURVE()
B_SPLINE_CURVE(2,(#7002,#7003,#7004),.UNSPECIFIED.,.F.,.F.)
B_SPLINE_CURVE_WITH_KNOTS((3,3),(0.026343172103407,0.100070148545816),
 .UNSPECIFIED.)
CURVE()
GEOMETRIC_REPRESENTATION_ITEM()
RATIONAL_B_SPLINE_CURVE((1.,1.,1.))
REPRESENTATION_ITEM('')
);
#153=(
BOUNDED_CURVE()
B_SPLINE_CURVE(2,(#7007,#7008,#7009),.UNSPECIFIED.,.F.,.F.)
B_SPLINE_CURVE_WITH_KNOTS((3,3),(0.,0.073726976442409),.UNSPECIFIED.)
CURVE()
GEOMETRIC_REPRESENTATION_ITEM()
RATIONAL_B_SPLINE_CURVE((1.,1.,1.))
REPRESENTATION_ITEM('')
);
#154=(
BOUNDED_CURVE()
B_SPLINE_CURVE(2,(#7022,#7023,#7024),.UNSPECIFIED.,.F.,.F.)
B_SPLINE_CURVE_WITH_KNOTS((3,3),(0.026343172103407,0.100070148545817),
 .UNSPECIFIED.)
CURVE()
GEOMETRIC_REPRESENTATION_ITEM()
RATIONAL_B_SPLINE_CURVE((1.,1.,1.))
REPRESENTATION_ITEM('')
);
#155=(
BOUNDED_CURVE()
B_SPLINE_CURVE(2,(#7063,#7064,#7065),.UNSPECIFIED.,.F.,.F.)
B_SPLINE_CURVE_WITH_KNOTS((3,3),(0.,0.07372697644241),.UNSPECIFIED.)
CURVE()
GEOMETRIC_REPRESENTATION_ITEM()
RATIONAL_B_SPLINE_CURVE((1.,1.,1.))
REPRESENTATION_ITEM('')
);
#156=(
BOUNDED_CURVE()
B_SPLINE_CURVE(2,(#7091,#7092,#7093),.UNSPECIFIED.,.F.,.F.)
B_SPLINE_CURVE_WITH_KNOTS((3,3),(0.0263431721034072,0.100070148545817),
 .UNSPECIFIED.)
CURVE()
GEOMETRIC_REPRESENTATION_ITEM()
RATIONAL_B_SPLINE_CURVE((1.,1.,1.))
REPRESENTATION_ITEM('')
);
#157=(
BOUNDED_CURVE()
B_SPLINE_CURVE(2,(#7097,#7098,#7099),.UNSPECIFIED.,.F.,.F.)
B_SPLINE_CURVE_WITH_KNOTS((3,3),(0.,0.0737269764424098),.UNSPECIFIED.)
CURVE()
GEOMETRIC_REPRESENTATION_ITEM()
RATIONAL_B_SPLINE_CURVE((1.,1.,1.))
REPRESENTATION_ITEM('')
);
#158=(
BOUNDED_CURVE()
B_SPLINE_CURVE(2,(#7112,#7113,#7114),.UNSPECIFIED.,.F.,.F.)
B_SPLINE_CURVE_WITH_KNOTS((3,3),(0.026343172103407,0.100070148545817),
 .UNSPECIFIED.)
CURVE()
GEOMETRIC_REPRESENTATION_ITEM()
RATIONAL_B_SPLINE_CURVE((1.,1.,1.))
REPRESENTATION_ITEM('')
);
#159=(
BOUNDED_CURVE()
B_SPLINE_CURVE(2,(#7122,#7123,#7124),.UNSPECIFIED.,.F.,.F.)
B_SPLINE_CURVE_WITH_KNOTS((3,3),(0.,0.0737269764424095),.UNSPECIFIED.)
CURVE()
GEOMETRIC_REPRESENTATION_ITEM()
RATIONAL_B_SPLINE_CURVE((1.,1.,1.))
REPRESENTATION_ITEM('')
);
#160=(
BOUNDED_CURVE()
B_SPLINE_CURVE(2,(#7150,#7151,#7152),.UNSPECIFIED.,.F.,.F.)
B_SPLINE_CURVE_WITH_KNOTS((3,3),(0.0263431721034072,0.100070148545817),
 .UNSPECIFIED.)
CURVE()
GEOMETRIC_REPRESENTATION_ITEM()
RATIONAL_B_SPLINE_CURVE((1.,1.,1.))
REPRESENTATION_ITEM('')
);
#161=(
BOUNDED_CURVE()
B_SPLINE_CURVE(2,(#7156,#7157,#7158),.UNSPECIFIED.,.F.,.F.)
B_SPLINE_CURVE_WITH_KNOTS((3,3),(0.,0.0737269764424093),.UNSPECIFIED.)
CURVE()
GEOMETRIC_REPRESENTATION_ITEM()
RATIONAL_B_SPLINE_CURVE((1.,1.,1.))
REPRESENTATION_ITEM('')
);
#162=(
BOUNDED_CURVE()
B_SPLINE_CURVE(2,(#7171,#7172,#7173),.UNSPECIFIED.,.F.,.F.)
B_SPLINE_CURVE_WITH_KNOTS((3,3),(0.026343172103407,0.100070148545817),
 .UNSPECIFIED.)
CURVE()
GEOMETRIC_REPRESENTATION_ITEM()
RATIONAL_B_SPLINE_CURVE((1.,1.,1.))
REPRESENTATION_ITEM('')
);
#163=(
BOUNDED_CURVE()
B_SPLINE_CURVE(2,(#7180,#7181,#7182),.UNSPECIFIED.,.F.,.F.)
B_SPLINE_CURVE_WITH_KNOTS((3,3),(0.,0.0737269764424098),.UNSPECIFIED.)
CURVE()
GEOMETRIC_REPRESENTATION_ITEM()
RATIONAL_B_SPLINE_CURVE((1.,1.,1.))
REPRESENTATION_ITEM('')
);
#164=(
BOUNDED_CURVE()
B_SPLINE_CURVE(2,(#7192,#7193,#7194),.UNSPECIFIED.,.F.,.F.)
B_SPLINE_CURVE_WITH_KNOTS((3,3),(0.0263431721034078,0.100070148545817),
 .UNSPECIFIED.)
CURVE()
GEOMETRIC_REPRESENTATION_ITEM()
RATIONAL_B_SPLINE_CURVE((1.,1.,1.))
REPRESENTATION_ITEM('')
);
#165=(
BOUNDED_CURVE()
B_SPLINE_CURVE(2,(#7198,#7199,#7200),.UNSPECIFIED.,.F.,.F.)
B_SPLINE_CURVE_WITH_KNOTS((3,3),(0.,0.0737269764424136),.UNSPECIFIED.)
CURVE()
GEOMETRIC_REPRESENTATION_ITEM()
RATIONAL_B_SPLINE_CURVE((1.,1.,1.))
REPRESENTATION_ITEM('')
);
#166=(
BOUNDED_CURVE()
B_SPLINE_CURVE(2,(#7212,#7213,#7214),.UNSPECIFIED.,.F.,.F.)
B_SPLINE_CURVE_WITH_KNOTS((3,3),(0.0263431721034071,0.100070148545817),
 .UNSPECIFIED.)
CURVE()
GEOMETRIC_REPRESENTATION_ITEM()
RATIONAL_B_SPLINE_CURVE((1.,1.,1.))
REPRESENTATION_ITEM('')
);
#167=(
BOUNDED_CURVE()
B_SPLINE_CURVE(2,(#7218,#7219,#7220),.UNSPECIFIED.,.F.,.F.)
B_SPLINE_CURVE_WITH_KNOTS((3,3),(3.63380348137961E-7,0.0737273342824544),
 .UNSPECIFIED.)
CURVE()
GEOMETRIC_REPRESENTATION_ITEM()
RATIONAL_B_SPLINE_CURVE((1.,1.,1.))
REPRESENTATION_ITEM('')
);
#168=(
BOUNDED_CURVE()
B_SPLINE_CURVE(2,(#7290,#7291,#7292),.UNSPECIFIED.,.F.,.F.)
B_SPLINE_CURVE_WITH_KNOTS((3,3),(0.,0.0737269764424068),.UNSPECIFIED.)
CURVE()
GEOMETRIC_REPRESENTATION_ITEM()
RATIONAL_B_SPLINE_CURVE((1.,1.,1.))
REPRESENTATION_ITEM('')
);
#169=(
BOUNDED_CURVE()
B_SPLINE_CURVE(2,(#7295,#7296,#7297),.UNSPECIFIED.,.F.,.F.)
B_SPLINE_CURVE_WITH_KNOTS((3,3),(0.0263431721034089,0.100070148545816),
 .UNSPECIFIED.)
CURVE()
GEOMETRIC_REPRESENTATION_ITEM()
RATIONAL_B_SPLINE_CURVE((1.,1.,1.))
REPRESENTATION_ITEM('')
);
#170=(
BOUNDED_CURVE()
B_SPLINE_CURVE(2,(#7324,#7325,#7326),.UNSPECIFIED.,.F.,.F.)
B_SPLINE_CURVE_WITH_KNOTS((3,3),(0.,0.073726976442407),.UNSPECIFIED.)
CURVE()
GEOMETRIC_REPRESENTATION_ITEM()
RATIONAL_B_SPLINE_CURVE((1.,1.,1.))
REPRESENTATION_ITEM('')
);
#171=(
BOUNDED_CURVE()
B_SPLINE_CURVE(2,(#7348,#7349,#7350),.UNSPECIFIED.,.F.,.F.)
B_SPLINE_CURVE_WITH_KNOTS((3,3),(0.0263431721034089,0.100070148545816),
 .UNSPECIFIED.)
CURVE()
GEOMETRIC_REPRESENTATION_ITEM()
RATIONAL_B_SPLINE_CURVE((1.,1.,1.))
REPRESENTATION_ITEM('')
);
#172=(
BOUNDED_CURVE()
B_SPLINE_CURVE(2,(#7377,#7378,#7379),.UNSPECIFIED.,.F.,.F.)
B_SPLINE_CURVE_WITH_KNOTS((3,3),(0.,0.073726976442407),.UNSPECIFIED.)
CURVE()
GEOMETRIC_REPRESENTATION_ITEM()
RATIONAL_B_SPLINE_CURVE((1.,1.,1.))
REPRESENTATION_ITEM('')
);
#173=(
BOUNDED_CURVE()
B_SPLINE_CURVE(2,(#7401,#7402,#7403),.UNSPECIFIED.,.F.,.F.)
B_SPLINE_CURVE_WITH_KNOTS((3,3),(0.0263431721034084,0.100070148545816),
 .UNSPECIFIED.)
CURVE()
GEOMETRIC_REPRESENTATION_ITEM()
RATIONAL_B_SPLINE_CURVE((1.,1.,1.))
REPRESENTATION_ITEM('')
);
#174=(
BOUNDED_CURVE()
B_SPLINE_CURVE(2,(#7427,#7428,#7429),.UNSPECIFIED.,.F.,.F.)
B_SPLINE_CURVE_WITH_KNOTS((3,3),(0.,0.073726976442407),.UNSPECIFIED.)
CURVE()
GEOMETRIC_REPRESENTATION_ITEM()
RATIONAL_B_SPLINE_CURVE((1.,1.,1.))
REPRESENTATION_ITEM('')
);
#175=(
BOUNDED_CURVE()
B_SPLINE_CURVE(2,(#7448,#7449,#7450),.UNSPECIFIED.,.F.,.F.)
B_SPLINE_CURVE_WITH_KNOTS((3,3),(0.0263431721034084,0.100070148545816),
 .UNSPECIFIED.)
CURVE()
GEOMETRIC_REPRESENTATION_ITEM()
RATIONAL_B_SPLINE_CURVE((1.,1.,1.))
REPRESENTATION_ITEM('')
);
#176=(
BOUNDED_CURVE()
B_SPLINE_CURVE(2,(#7466,#7467,#7468),.UNSPECIFIED.,.F.,.F.)
B_SPLINE_CURVE_WITH_KNOTS((3,3),(0.,0.0737269764424076),.UNSPECIFIED.)
CURVE()
GEOMETRIC_REPRESENTATION_ITEM()
RATIONAL_B_SPLINE_CURVE((1.,1.,1.))
REPRESENTATION_ITEM('')
);
#177=(
BOUNDED_CURVE()
B_SPLINE_CURVE(2,(#7471,#7472,#7473),.UNSPECIFIED.,.F.,.F.)
B_SPLINE_CURVE_WITH_KNOTS((3,3),(0.0263431721034089,0.100070148545816),
 .UNSPECIFIED.)
CURVE()
GEOMETRIC_REPRESENTATION_ITEM()
RATIONAL_B_SPLINE_CURVE((1.,1.,1.))
REPRESENTATION_ITEM('')
);
#178=(
BOUNDED_CURVE()
B_SPLINE_CURVE(2,(#7500,#7501,#7502),.UNSPECIFIED.,.F.,.F.)
B_SPLINE_CURVE_WITH_KNOTS((3,3),(0.,0.0737269764424076),.UNSPECIFIED.)
CURVE()
GEOMETRIC_REPRESENTATION_ITEM()
RATIONAL_B_SPLINE_CURVE((1.,1.,1.))
REPRESENTATION_ITEM('')
);
#179=(
BOUNDED_CURVE()
B_SPLINE_CURVE(2,(#7524,#7525,#7526),.UNSPECIFIED.,.F.,.F.)
B_SPLINE_CURVE_WITH_KNOTS((3,3),(0.0263436297681889,0.100070600670302),
 .UNSPECIFIED.)
CURVE()
GEOMETRIC_REPRESENTATION_ITEM()
RATIONAL_B_SPLINE_CURVE((1.,1.,1.))
REPRESENTATION_ITEM('')
);
#180=(
BOUNDED_CURVE()
B_SPLINE_CURVE(2,(#7562,#7563,#7564),.UNSPECIFIED.,.F.,.F.)
B_SPLINE_CURVE_WITH_KNOTS((3,3),(0.026343172103405,0.100070148545816),
 .UNSPECIFIED.)
CURVE()
GEOMETRIC_REPRESENTATION_ITEM()
RATIONAL_B_SPLINE_CURVE((1.,1.,1.))
REPRESENTATION_ITEM('')
);
#181=(
BOUNDED_CURVE()
B_SPLINE_CURVE(2,(#7566,#7567,#7568),.UNSPECIFIED.,.F.,.F.)
B_SPLINE_CURVE_WITH_KNOTS((3,3),(0.,0.0737269764424108),.UNSPECIFIED.)
CURVE()
GEOMETRIC_REPRESENTATION_ITEM()
RATIONAL_B_SPLINE_CURVE((1.,1.,1.))
REPRESENTATION_ITEM('')
);
#182=(
BOUNDED_CURVE()
B_SPLINE_CURVE(2,(#7581,#7582,#7583),.UNSPECIFIED.,.F.,.F.)
B_SPLINE_CURVE_WITH_KNOTS((3,3),(0.,0.0737269764424081),.UNSPECIFIED.)
CURVE()
GEOMETRIC_REPRESENTATION_ITEM()
RATIONAL_B_SPLINE_CURVE((1.,1.,1.))
REPRESENTATION_ITEM('')
);
#183=(
BOUNDED_CURVE()
B_SPLINE_CURVE(2,(#7588,#7589,#7590),.UNSPECIFIED.,.F.,.F.)
B_SPLINE_CURVE_WITH_KNOTS((3,3),(0.0263431721034075,0.100070148545815),
 .UNSPECIFIED.)
CURVE()
GEOMETRIC_REPRESENTATION_ITEM()
RATIONAL_B_SPLINE_CURVE((1.,1.,1.))
REPRESENTATION_ITEM('')
);
#184=(
BOUNDED_CURVE()
B_SPLINE_CURVE(2,(#7601,#7602,#7603),.UNSPECIFIED.,.F.,.F.)
B_SPLINE_CURVE_WITH_KNOTS((3,3),(0.0263431721034075,0.100070148545815),
 .UNSPECIFIED.)
CURVE()
GEOMETRIC_REPRESENTATION_ITEM()
RATIONAL_B_SPLINE_CURVE((1.,1.,1.))
REPRESENTATION_ITEM('')
);
#185=(
BOUNDED_CURVE()
B_SPLINE_CURVE(2,(#7614,#7615,#7616),.UNSPECIFIED.,.F.,.F.)
B_SPLINE_CURVE_WITH_KNOTS((3,3),(0.0263431721034075,0.100070148545815),
 .UNSPECIFIED.)
CURVE()
GEOMETRIC_REPRESENTATION_ITEM()
RATIONAL_B_SPLINE_CURVE((1.,1.,1.))
REPRESENTATION_ITEM('')
);
#186=(
BOUNDED_CURVE()
B_SPLINE_CURVE(2,(#7617,#7618,#7619),.UNSPECIFIED.,.F.,.F.)
B_SPLINE_CURVE_WITH_KNOTS((3,3),(0.,0.0737269764424076),.UNSPECIFIED.)
CURVE()
GEOMETRIC_REPRESENTATION_ITEM()
RATIONAL_B_SPLINE_CURVE((1.,1.,1.))
REPRESENTATION_ITEM('')
);
#187=(
BOUNDED_CURVE()
B_SPLINE_CURVE(2,(#7632,#7633,#7634),.UNSPECIFIED.,.F.,.F.)
B_SPLINE_CURVE_WITH_KNOTS((3,3),(0.,0.0737269764424081),.UNSPECIFIED.)
CURVE()
GEOMETRIC_REPRESENTATION_ITEM()
RATIONAL_B_SPLINE_CURVE((1.,1.,1.))
REPRESENTATION_ITEM('')
);
#188=(
BOUNDED_CURVE()
B_SPLINE_CURVE(2,(#7639,#7640,#7641),.UNSPECIFIED.,.F.,.F.)
B_SPLINE_CURVE_WITH_KNOTS((3,3),(0.0263431721034063,0.100070148545815),
 .UNSPECIFIED.)
CURVE()
GEOMETRIC_REPRESENTATION_ITEM()
RATIONAL_B_SPLINE_CURVE((1.,1.,1.))
REPRESENTATION_ITEM('')
);
#189=(
BOUNDED_CURVE()
B_SPLINE_CURVE(2,(#7643,#7644,#7645),.UNSPECIFIED.,.F.,.F.)
B_SPLINE_CURVE_WITH_KNOTS((3,3),(0.,0.0737269764424076),.UNSPECIFIED.)
CURVE()
GEOMETRIC_REPRESENTATION_ITEM()
RATIONAL_B_SPLINE_CURVE((1.,1.,1.))
REPRESENTATION_ITEM('')
);
#190=(
BOUNDED_CURVE()
B_SPLINE_CURVE(2,(#7672,#7673,#7674),.UNSPECIFIED.,.F.,.F.)
B_SPLINE_CURVE_WITH_KNOTS((3,3),(0.026343172103408,0.100070148545815),
 .UNSPECIFIED.)
CURVE()
GEOMETRIC_REPRESENTATION_ITEM()
RATIONAL_B_SPLINE_CURVE((1.,1.,1.))
REPRESENTATION_ITEM('')
);
#191=FACE_BOUND('',#820,.T.);
#192=FACE_BOUND('',#821,.T.);
#193=FACE_BOUND('',#822,.T.);
#194=FACE_BOUND('',#823,.T.);
#195=FACE_BOUND('',#824,.T.);
#196=FACE_BOUND('',#825,.T.);
#197=FACE_BOUND('',#826,.T.);
#198=FACE_BOUND('',#914,.T.);
#199=FACE_BOUND('',#915,.T.);
#200=FACE_BOUND('',#942,.T.);
#201=FACE_BOUND('',#943,.T.);
#202=FACE_BOUND('',#972,.T.);
#203=FACE_BOUND('',#973,.T.);
#204=FACE_BOUND('',#974,.T.);
#205=FACE_BOUND('',#975,.T.);
#206=FACE_BOUND('',#976,.T.);
#207=FACE_BOUND('',#977,.T.);
#208=FACE_BOUND('',#978,.T.);
#209=FACE_BOUND('',#1020,.T.);
#210=FACE_BOUND('',#1021,.T.);
#211=FACE_BOUND('',#1022,.T.);
#212=FACE_BOUND('',#1023,.T.);
#213=FACE_BOUND('',#1024,.T.);
#214=FACE_BOUND('',#1025,.T.);
#215=FACE_BOUND('',#1026,.T.);
#216=FACE_BOUND('',#1027,.T.);
#217=FACE_BOUND('',#1028,.T.);
#218=FACE_BOUND('',#1029,.T.);
#219=FACE_BOUND('',#1030,.T.);
#220=FACE_BOUND('',#1031,.T.);
#221=FACE_BOUND('',#1032,.T.);
#222=FACE_BOUND('',#1033,.T.);
#223=FACE_BOUND('',#1034,.T.);
#224=FACE_BOUND('',#1035,.T.);
#225=FACE_BOUND('',#1036,.T.);
#226=CYLINDRICAL_SURFACE('',#4683,3.00000004470361);
#227=CYLINDRICAL_SURFACE('',#4686,3.);
#228=CYLINDRICAL_SURFACE('',#4710,0.6);
#229=CYLINDRICAL_SURFACE('',#4712,2.);
#230=CYLINDRICAL_SURFACE('',#4717,2.);
#231=CYLINDRICAL_SURFACE('',#4719,0.6);
#232=CYLINDRICAL_SURFACE('',#4727,0.6);
#233=CYLINDRICAL_SURFACE('',#4729,2.);
#234=CYLINDRICAL_SURFACE('',#4734,0.6);
#235=CYLINDRICAL_SURFACE('',#4751,0.6);
#236=CYLINDRICAL_SURFACE('',#4763,0.6);
#237=CYLINDRICAL_SURFACE('',#4765,2.);
#238=CYLINDRICAL_SURFACE('',#4782,0.6);
#239=CYLINDRICAL_SURFACE('',#4792,0.6);
#240=CYLINDRICAL_SURFACE('',#4823,0.6);
#241=CYLINDRICAL_SURFACE('',#4825,2.);
#242=CYLINDRICAL_SURFACE('',#4832,0.6);
#243=CYLINDRICAL_SURFACE('',#4834,2.);
#244=CYLINDRICAL_SURFACE('',#4840,0.6);
#245=CYLINDRICAL_SURFACE('',#4841,2.);
#246=CYLINDRICAL_SURFACE('',#4852,0.6);
#247=CYLINDRICAL_SURFACE('',#4854,2.);
#248=CYLINDRICAL_SURFACE('',#4858,0.6);
#249=CYLINDRICAL_SURFACE('',#4863,2.);
#250=CYLINDRICAL_SURFACE('',#4869,0.6);
#251=CYLINDRICAL_SURFACE('',#4872,0.6);
#252=CYLINDRICAL_SURFACE('',#4877,0.6);
#253=CYLINDRICAL_SURFACE('',#4879,0.6);
#254=CYLINDRICAL_SURFACE('',#4880,0.6);
#255=CYLINDRICAL_SURFACE('',#4885,2.);
#256=CYLINDRICAL_SURFACE('',#4886,0.6);
#257=CYLINDRICAL_SURFACE('',#4898,2.);
#258=CYLINDRICAL_SURFACE('',#4899,0.6);
#259=CYLINDRICAL_SURFACE('',#4901,2.);
#260=CYLINDRICAL_SURFACE('',#4902,0.6);
#261=CYLINDRICAL_SURFACE('',#4903,0.6);
#262=CYLINDRICAL_SURFACE('',#4904,0.6);
#263=CYLINDRICAL_SURFACE('',#4908,2.);
#264=CYLINDRICAL_SURFACE('',#4909,0.6);
#265=CYLINDRICAL_SURFACE('',#4910,0.6);
#266=CYLINDRICAL_SURFACE('',#4913,0.6);
#267=CYLINDRICAL_SURFACE('',#4917,2.);
#268=CYLINDRICAL_SURFACE('',#4918,0.6);
#269=CYLINDRICAL_SURFACE('',#4919,0.6);
#270=CYLINDRICAL_SURFACE('',#4959,3.);
#271=CYLINDRICAL_SURFACE('',#4962,3.00000004470348);
#272=CYLINDRICAL_SURFACE('',#4973,2.00000007930812);
#273=CYLINDRICAL_SURFACE('',#4997,2.00000007930812);
#274=CYLINDRICAL_SURFACE('',#5006,2.00000007930812);
#275=CYLINDRICAL_SURFACE('',#5014,2.00000007930812);
#276=CYLINDRICAL_SURFACE('',#5023,2.00000007930812);
#277=CYLINDRICAL_SURFACE('',#5032,2.00000007930812);
#278=CYLINDRICAL_SURFACE('',#5041,2.00000007930813);
#279=CYLINDRICAL_SURFACE('',#5081,2.00000007930812);
#280=CYLINDRICAL_SURFACE('',#5088,2.00000007930812);
#281=CYLINDRICAL_SURFACE('',#5114,2.00000007930812);
#282=CYLINDRICAL_SURFACE('',#5116,2.00000007930812);
#283=CYLINDRICAL_SURFACE('',#5117,2.00000007930812);
#284=CYLINDRICAL_SURFACE('',#5118,2.00000007930812);
#285=CYLINDRICAL_SURFACE('',#5119,2.00000007930813);
#286=CYLINDRICAL_SURFACE('',#5120,3.00000004470348);
#287=CYLINDRICAL_SURFACE('',#5122,3.00000038743019);
#288=CYLINDRICAL_SURFACE('',#5123,3.);
#289=CYLINDRICAL_SURFACE('',#5125,3.);
#290=CYLINDRICAL_SURFACE('',#5126,1.6);
#291=CYLINDRICAL_SURFACE('',#5127,1.6);
#292=CYLINDRICAL_SURFACE('',#5128,1.6);
#293=CYLINDRICAL_SURFACE('',#5129,1.6);
#294=CYLINDRICAL_SURFACE('',#5132,1.65000000000001);
#295=CYLINDRICAL_SURFACE('',#5135,1.65);
#296=CYLINDRICAL_SURFACE('',#5138,1.65000000000001);
#297=CYLINDRICAL_SURFACE('',#5141,1.65000000000001);
#298=CYLINDRICAL_SURFACE('',#5142,7.80000000000001);
#299=CYLINDRICAL_SURFACE('',#5144,7.80000000000001);
#300=CYLINDRICAL_SURFACE('',#5150,1.65000000000001);
#301=CYLINDRICAL_SURFACE('',#5153,1.65);
#302=CIRCLE('',#4669,3.);
#303=CIRCLE('',#4670,3.60000000000003);
#304=CIRCLE('',#4673,3.00000004470361);
#305=CIRCLE('',#4674,3.60000004470362);
#306=CIRCLE('',#4677,3.00000004470348);
#307=CIRCLE('',#4678,3.60000004470348);
#308=CIRCLE('',#4681,3.00000038743019);
#309=CIRCLE('',#4682,3.60000038743019);
#310=CIRCLE('',#4684,3.00000004470361);
#311=CIRCLE('',#4687,3.);
#312=CIRCLE('',#4689,2.6);
#313=CIRCLE('',#4690,2.6);
#314=CIRCLE('',#4691,2.6);
#315=CIRCLE('',#4692,2.6);
#316=CIRCLE('',#4693,2.6);
#317=CIRCLE('',#4694,2.6);
#318=CIRCLE('',#4695,2.6);
#319=CIRCLE('',#4697,7.80000000000001);
#320=CIRCLE('',#4698,7.80000000000001);
#321=CIRCLE('',#4699,1.65000000000001);
#322=CIRCLE('',#4700,1.65);
#323=CIRCLE('',#4701,1.65000000000001);
#324=CIRCLE('',#4702,1.65000000000001);
#325=CIRCLE('',#4703,1.65000000000001);
#326=CIRCLE('',#4704,1.65);
#327=CIRCLE('',#4706,2.);
#328=CIRCLE('',#4713,2.);
#329=CIRCLE('',#4715,2.6);
#330=CIRCLE('',#4716,2.);
#331=CIRCLE('',#4718,2.);
#332=CIRCLE('',#4725,2.6);
#333=CIRCLE('',#4726,2.);
#334=CIRCLE('',#4730,2.);
#335=CIRCLE('',#4732,2.6);
#336=CIRCLE('',#4733,2.);
#337=CIRCLE('',#4740,2.6);
#338=CIRCLE('',#4741,2.6);
#339=CIRCLE('',#4742,2.6);
#340=CIRCLE('',#4743,2.6);
#341=CIRCLE('',#4745,2.);
#342=CIRCLE('',#4750,2.);
#343=CIRCLE('',#4757,2.);
#344=CIRCLE('',#4762,2.);
#345=CIRCLE('',#4766,2.);
#346=CIRCLE('',#4768,2.6);
#347=CIRCLE('',#4772,2.6);
#348=CIRCLE('',#4773,2.6);
#349=CIRCLE('',#4774,2.6);
#350=CIRCLE('',#4775,2.6);
#351=CIRCLE('',#4776,2.6);
#352=CIRCLE('',#4777,2.6);
#353=CIRCLE('',#4781,2.);
#354=CIRCLE('',#4786,2.);
#355=CIRCLE('',#4791,2.);
#356=CIRCLE('',#4796,2.);
#357=CIRCLE('',#4804,2.6);
#358=CIRCLE('',#4805,2.);
#359=CIRCLE('',#4809,2.6);
#360=CIRCLE('',#4810,2.6);
#361=CIRCLE('',#4811,2.6);
#362=CIRCLE('',#4812,2.6);
#363=CIRCLE('',#4813,2.6);
#364=CIRCLE('',#4814,2.6);
#365=CIRCLE('',#4819,2.);
#366=CIRCLE('',#4826,2.);
#367=CIRCLE('',#4828,2.);
#368=CIRCLE('',#4835,2.);
#369=CIRCLE('',#4837,2.);
#370=CIRCLE('',#4842,2.);
#371=CIRCLE('',#4848,2.);
#372=CIRCLE('',#4855,2.);
#373=CIRCLE('',#4857,2.);
#374=CIRCLE('',#4861,2.);
#375=CIRCLE('',#4871,2.);
#376=CIRCLE('',#4890,2.4000000447036);
#377=CIRCLE('',#4891,2.40000000000002);
#378=CIRCLE('',#4892,2.39999999999999);
#379=CIRCLE('',#4893,2.40000000000001);
#380=CIRCLE('',#4894,1.6);
#381=CIRCLE('',#4895,1.6);
#382=CIRCLE('',#4929,2.40000004470348);
#383=CIRCLE('',#4930,2.4);
#384=CIRCLE('',#4931,2.40000038743019);
#385=CIRCLE('',#4932,2.40000004470348);
#386=CIRCLE('',#4933,1.6);
#387=CIRCLE('',#4934,1.6);
#388=CIRCLE('',#4945,3.00000038743019);
#389=CIRCLE('',#4948,3.00000004470348);
#390=CIRCLE('',#4950,3.);
#391=CIRCLE('',#4953,3.);
#392=CIRCLE('',#4955,3.);
#393=CIRCLE('',#4958,3.00000004470348);
#394=CIRCLE('',#4960,3.);
#395=CIRCLE('',#4963,3.00000004470348);
#396=CIRCLE('',#4965,2.60000007930812);
#397=CIRCLE('',#4966,2.00000007930812);
#398=CIRCLE('',#4969,2.60000007930812);
#399=CIRCLE('',#4970,2.00000007930812);
#400=CIRCLE('',#4974,2.00000007930812);
#401=CIRCLE('',#4976,3.);
#402=CIRCLE('',#4977,3.);
#403=CIRCLE('',#4978,2.60000007930812);
#404=CIRCLE('',#4979,2.60000007930812);
#405=CIRCLE('',#4980,2.60000007930812);
#406=CIRCLE('',#4981,2.60000007930812);
#407=CIRCLE('',#4982,2.60000007930812);
#408=CIRCLE('',#4983,2.60000007930812);
#409=CIRCLE('',#4984,2.60000007930813);
#410=CIRCLE('',#4985,2.60000007930813);
#411=CIRCLE('',#4986,2.60000007930812);
#412=CIRCLE('',#4987,2.60000007930812);
#413=CIRCLE('',#4988,2.60000007930812);
#414=CIRCLE('',#4989,2.60000007930812);
#415=CIRCLE('',#4991,2.00000007930812);
#416=CIRCLE('',#4994,2.00000007930812);
#417=CIRCLE('',#4998,2.00000007930812);
#418=CIRCLE('',#5000,2.00000007930812);
#419=CIRCLE('',#5003,2.00000007930812);
#420=CIRCLE('',#5007,2.00000007930812);
#421=CIRCLE('',#5010,2.00000007930812);
#422=CIRCLE('',#5013,2.00000007930812);
#423=CIRCLE('',#5015,2.00000007930812);
#424=CIRCLE('',#5019,2.00000007930812);
#425=CIRCLE('',#5022,2.00000007930812);
#426=CIRCLE('',#5024,2.00000007930812);
#427=CIRCLE('',#5028,2.00000007930812);
#428=CIRCLE('',#5031,2.00000007930812);
#429=CIRCLE('',#5033,2.00000007930812);
#430=CIRCLE('',#5037,2.00000007930813);
#431=CIRCLE('',#5040,2.00000007930813);
#432=CIRCLE('',#5042,2.00000007930813);
#433=CIRCLE('',#5046,2.60000007930812);
#434=CIRCLE('',#5049,2.60000007930812);
#435=CIRCLE('',#5050,2.00000007930812);
#436=CIRCLE('',#5052,7.80000000000001);
#437=CIRCLE('',#5053,7.80000000000001);
#438=CIRCLE('',#5054,3.15);
#439=CIRCLE('',#5055,3.15000000000001);
#440=CIRCLE('',#5056,2.60000007930812);
#441=CIRCLE('',#5057,2.60000007930812);
#442=CIRCLE('',#5058,2.60000007930812);
#443=CIRCLE('',#5059,2.60000007930812);
#444=CIRCLE('',#5060,2.60000007930813);
#445=CIRCLE('',#5061,2.60000007930813);
#446=CIRCLE('',#5062,1.6);
#447=CIRCLE('',#5063,1.6);
#448=CIRCLE('',#5064,1.6);
#449=CIRCLE('',#5065,1.6);
#450=CIRCLE('',#5066,3.15);
#451=CIRCLE('',#5067,3.14999999999999);
#452=CIRCLE('',#5068,3.15000000000001);
#453=CIRCLE('',#5069,3.15000000000001);
#454=CIRCLE('',#5070,2.60000007930812);
#455=CIRCLE('',#5071,2.60000007930812);
#456=CIRCLE('',#5072,2.60000007930812);
#457=CIRCLE('',#5073,2.60000007930812);
#458=CIRCLE('',#5074,2.60000007930812);
#459=CIRCLE('',#5075,2.60000007930812);
#460=CIRCLE('',#5078,2.00000007930812);
#461=CIRCLE('',#5085,2.00000007930812);
#462=CIRCLE('',#5094,2.00000007930812);
#463=CIRCLE('',#5100,2.00000007930812);
#464=CIRCLE('',#5106,2.00000007930812);
#465=CIRCLE('',#5112,2.00000007930813);
#466=CIRCLE('',#5131,1.65000000000001);
#467=CIRCLE('',#5134,1.65);
#468=CIRCLE('',#5137,1.65000000000001);
#469=CIRCLE('',#5140,1.65000000000001);
#470=CIRCLE('',#5149,1.65000000000001);
#471=CIRCLE('',#5152,1.65);
#472=CONICAL_SURFACE('',#4668,3.30000000000001,0.785398163397471);
#473=CONICAL_SURFACE('',#4672,3.30000004470361,0.785398163397454);
#474=CONICAL_SURFACE('',#4676,3.30000004470348,0.785398163397449);
#475=CONICAL_SURFACE('',#4680,3.30000038743019,0.785398163397448);
#476=CONICAL_SURFACE('',#4705,2.3,0.785398163397452);
#477=CONICAL_SURFACE('',#4714,2.3,0.785398163397448);
#478=CONICAL_SURFACE('',#4724,2.3,0.785398163397448);
#479=CONICAL_SURFACE('',#4731,2.3,0.785398163397448);
#480=CONICAL_SURFACE('',#4744,2.3,0.785398163397448);
#481=CONICAL_SURFACE('',#4749,2.3,0.785398163397448);
#482=CONICAL_SURFACE('',#4756,2.3,0.785398163397448);
#483=CONICAL_SURFACE('',#4761,2.3,0.785398163397448);
#484=CONICAL_SURFACE('',#4767,2.3,0.785398163397448);
#485=CONICAL_SURFACE('',#4780,2.3,0.785398163397448);
#486=CONICAL_SURFACE('',#4785,2.3,0.785398163397448);
#487=CONICAL_SURFACE('',#4790,2.3,0.785398163397448);
#488=CONICAL_SURFACE('',#4795,2.3,0.785398163397448);
#489=CONICAL_SURFACE('',#4800,2.3,0.785398163397448);
#490=CONICAL_SURFACE('',#4802,2.3,0.785398163397448);
#491=CONICAL_SURFACE('',#4803,2.3,0.785398163397448);
#492=CONICAL_SURFACE('',#4818,2.3,0.785398163397448);
#493=CONICAL_SURFACE('',#4827,2.3,0.785398163397448);
#494=CONICAL_SURFACE('',#4836,2.3,0.785398163397448);
#495=CONICAL_SURFACE('',#4843,2.3,0.785398163397448);
#496=CONICAL_SURFACE('',#4847,2.3,0.785398163397448);
#497=CONICAL_SURFACE('',#4856,2.3,0.785398163397448);
#498=CONICAL_SURFACE('',#4860,2.3,0.785398163397452);
#499=CONICAL_SURFACE('',#4864,2.3,0.785398163397452);
#500=CONICAL_SURFACE('',#4865,2.3,0.785398163397452);
#501=CONICAL_SURFACE('',#4866,2.3,0.785398163397452);
#502=CONICAL_SURFACE('',#4870,2.3,0.785398163397452);
#503=CONICAL_SURFACE('',#4876,2.3,0.785398163397452);
#504=CONICAL_SURFACE('',#4941,2.7000000447036,0.785398163397454);
#505=CONICAL_SURFACE('',#4943,2.70000000000001,0.785398163397429);
#506=CONICAL_SURFACE('',#4944,2.70000038743019,0.785398163397447);
#507=CONICAL_SURFACE('',#4947,2.70000004470348,0.785398163397453);
#508=CONICAL_SURFACE('',#4949,2.7,0.785398163397441);
#509=CONICAL_SURFACE('',#4952,2.69999999999999,0.785398163397454);
#510=CONICAL_SURFACE('',#4954,2.7,0.785398163397445);
#511=CONICAL_SURFACE('',#4957,2.70000004470348,0.785398163397449);
#512=CONICAL_SURFACE('',#4964,2.30000007930812,0.785398163397449);
#513=CONICAL_SURFACE('',#4968,2.30000007930812,0.785398163397449);
#514=CONICAL_SURFACE('',#4990,2.30000007930812,0.785398163397449);
#515=CONICAL_SURFACE('',#4993,2.30000007930812,0.785398163397449);
#516=CONICAL_SURFACE('',#4999,2.30000007930812,0.785398163397449);
#517=CONICAL_SURFACE('',#5002,2.30000007930812,0.785398163397449);
#518=CONICAL_SURFACE('',#5009,2.30000007930812,0.785398163397447);
#519=CONICAL_SURFACE('',#5012,2.30000007930812,0.785398163397449);
#520=CONICAL_SURFACE('',#5018,2.30000007930812,0.785398163397449);
#521=CONICAL_SURFACE('',#5021,2.30000007930812,0.785398163397449);
#522=CONICAL_SURFACE('',#5027,2.30000007930812,0.785398163397449);
#523=CONICAL_SURFACE('',#5030,2.30000007930812,0.785398163397449);
#524=CONICAL_SURFACE('',#5036,2.30000007930813,0.785398163397449);
#525=CONICAL_SURFACE('',#5039,2.30000007930813,0.785398163397449);
#526=CONICAL_SURFACE('',#5045,2.30000007930812,0.785398163397449);
#527=CONICAL_SURFACE('',#5048,2.30000007930812,0.785398163397449);
#528=CONICAL_SURFACE('',#5077,2.30000007930812,0.785398163397449);
#529=CONICAL_SURFACE('',#5080,2.30000007930812,0.785398163397449);
#530=CONICAL_SURFACE('',#5084,2.30000007930812,0.785398163397449);
#531=CONICAL_SURFACE('',#5087,2.30000007930812,0.785398163397449);
#532=CONICAL_SURFACE('',#5091,2.30000007930812,0.785398163397447);
#533=CONICAL_SURFACE('',#5093,2.30000007930812,0.785398163397449);
#534=CONICAL_SURFACE('',#5097,2.30000007930812,0.785398163397449);
#535=CONICAL_SURFACE('',#5099,2.30000007930812,0.785398163397449);
#536=CONICAL_SURFACE('',#5103,2.30000007930812,0.785398163397449);
#537=CONICAL_SURFACE('',#5105,2.30000007930812,0.785398163397449);
#538=CONICAL_SURFACE('',#5109,2.30000007930813,0.785398163397449);
#539=CONICAL_SURFACE('',#5111,2.30000007930813,0.785398163397449);
#540=CONICAL_SURFACE('',#5130,2.40000000000001,0.785398163397449);
#541=CONICAL_SURFACE('',#5133,2.4,0.785398163397449);
#542=CONICAL_SURFACE('',#5136,2.40000000000001,0.78539816339745);
#543=CONICAL_SURFACE('',#5139,2.4,0.785398163397444);
#544=CONICAL_SURFACE('',#5148,2.40000000000001,0.78539816339745);
#545=CONICAL_SURFACE('',#5151,2.4,0.785398163397449);
#546=FACE_OUTER_BOUND('',#807,.T.);
#547=FACE_OUTER_BOUND('',#808,.T.);
#548=FACE_OUTER_BOUND('',#809,.T.);
#549=FACE_OUTER_BOUND('',#810,.T.);
#550=FACE_OUTER_BOUND('',#811,.T.);
#551=FACE_OUTER_BOUND('',#812,.T.);
#552=FACE_OUTER_BOUND('',#813,.T.);
#553=FACE_OUTER_BOUND('',#814,.T.);
#554=FACE_OUTER_BOUND('',#815,.T.);
#555=FACE_OUTER_BOUND('',#816,.T.);
#556=FACE_OUTER_BOUND('',#817,.T.);
#557=FACE_OUTER_BOUND('',#818,.T.);
#558=FACE_OUTER_BOUND('',#819,.T.);
#559=FACE_OUTER_BOUND('',#827,.T.);
#560=FACE_OUTER_BOUND('',#828,.T.);
#561=FACE_OUTER_BOUND('',#829,.T.);
#562=FACE_OUTER_BOUND('',#830,.T.);
#563=FACE_OUTER_BOUND('',#831,.T.);
#564=FACE_OUTER_BOUND('',#832,.T.);
#565=FACE_OUTER_BOUND('',#833,.T.);
#566=FACE_OUTER_BOUND('',#834,.T.);
#567=FACE_OUTER_BOUND('',#835,.T.);
#568=FACE_OUTER_BOUND('',#836,.T.);
#569=FACE_OUTER_BOUND('',#837,.T.);
#570=FACE_OUTER_BOUND('',#838,.T.);
#571=FACE_OUTER_BOUND('',#839,.T.);
#572=FACE_OUTER_BOUND('',#840,.T.);
#573=FACE_OUTER_BOUND('',#841,.T.);
#574=FACE_OUTER_BOUND('',#842,.T.);
#575=FACE_OUTER_BOUND('',#843,.T.);
#576=FACE_OUTER_BOUND('',#844,.T.);
#577=FACE_OUTER_BOUND('',#845,.T.);
#578=FACE_OUTER_BOUND('',#846,.T.);
#579=FACE_OUTER_BOUND('',#847,.T.);
#580=FACE_OUTER_BOUND('',#848,.T.);
#581=FACE_OUTER_BOUND('',#849,.T.);
#582=FACE_OUTER_BOUND('',#850,.T.);
#583=FACE_OUTER_BOUND('',#851,.T.);
#584=FACE_OUTER_BOUND('',#852,.T.);
#585=FACE_OUTER_BOUND('',#853,.T.);
#586=FACE_OUTER_BOUND('',#854,.T.);
#587=FACE_OUTER_BOUND('',#855,.T.);
#588=FACE_OUTER_BOUND('',#856,.T.);
#589=FACE_OUTER_BOUND('',#857,.T.);
#590=FACE_OUTER_BOUND('',#858,.T.);
#591=FACE_OUTER_BOUND('',#859,.T.);
#592=FACE_OUTER_BOUND('',#860,.T.);
#593=FACE_OUTER_BOUND('',#861,.T.);
#594=FACE_OUTER_BOUND('',#862,.T.);
#595=FACE_OUTER_BOUND('',#863,.T.);
#596=FACE_OUTER_BOUND('',#864,.T.);
#597=FACE_OUTER_BOUND('',#865,.T.);
#598=FACE_OUTER_BOUND('',#866,.T.);
#599=FACE_OUTER_BOUND('',#867,.T.);
#600=FACE_OUTER_BOUND('',#868,.T.);
#601=FACE_OUTER_BOUND('',#869,.T.);
#602=FACE_OUTER_BOUND('',#870,.T.);
#603=FACE_OUTER_BOUND('',#871,.T.);
#604=FACE_OUTER_BOUND('',#872,.T.);
#605=FACE_OUTER_BOUND('',#873,.T.);
#606=FACE_OUTER_BOUND('',#874,.T.);
#607=FACE_OUTER_BOUND('',#875,.T.);
#608=FACE_OUTER_BOUND('',#876,.T.);
#609=FACE_OUTER_BOUND('',#877,.T.);
#610=FACE_OUTER_BOUND('',#878,.T.);
#611=FACE_OUTER_BOUND('',#879,.T.);
#612=FACE_OUTER_BOUND('',#880,.T.);
#613=FACE_OUTER_BOUND('',#881,.T.);
#614=FACE_OUTER_BOUND('',#882,.T.);
#615=FACE_OUTER_BOUND('',#883,.T.);
#616=FACE_OUTER_BOUND('',#884,.T.);
#617=FACE_OUTER_BOUND('',#885,.T.);
#618=FACE_OUTER_BOUND('',#886,.T.);
#619=FACE_OUTER_BOUND('',#887,.T.);
#620=FACE_OUTER_BOUND('',#888,.T.);
#621=FACE_OUTER_BOUND('',#889,.T.);
#622=FACE_OUTER_BOUND('',#890,.T.);
#623=FACE_OUTER_BOUND('',#891,.T.);
#624=FACE_OUTER_BOUND('',#892,.T.);
#625=FACE_OUTER_BOUND('',#893,.T.);
#626=FACE_OUTER_BOUND('',#894,.T.);
#627=FACE_OUTER_BOUND('',#895,.T.);
#628=FACE_OUTER_BOUND('',#896,.T.);
#629=FACE_OUTER_BOUND('',#897,.T.);
#630=FACE_OUTER_BOUND('',#898,.T.);
#631=FACE_OUTER_BOUND('',#899,.T.);
#632=FACE_OUTER_BOUND('',#900,.T.);
#633=FACE_OUTER_BOUND('',#901,.T.);
#634=FACE_OUTER_BOUND('',#902,.T.);
#635=FACE_OUTER_BOUND('',#903,.T.);
#636=FACE_OUTER_BOUND('',#904,.T.);
#637=FACE_OUTER_BOUND('',#905,.T.);
#638=FACE_OUTER_BOUND('',#906,.T.);
#639=FACE_OUTER_BOUND('',#907,.T.);
#640=FACE_OUTER_BOUND('',#908,.T.);
#641=FACE_OUTER_BOUND('',#909,.T.);
#642=FACE_OUTER_BOUND('',#910,.T.);
#643=FACE_OUTER_BOUND('',#911,.T.);
#644=FACE_OUTER_BOUND('',#912,.T.);
#645=FACE_OUTER_BOUND('',#913,.T.);
#646=FACE_OUTER_BOUND('',#916,.T.);
#647=FACE_OUTER_BOUND('',#917,.T.);
#648=FACE_OUTER_BOUND('',#918,.T.);
#649=FACE_OUTER_BOUND('',#919,.T.);
#650=FACE_OUTER_BOUND('',#920,.T.);
#651=FACE_OUTER_BOUND('',#921,.T.);
#652=FACE_OUTER_BOUND('',#922,.T.);
#653=FACE_OUTER_BOUND('',#923,.T.);
#654=FACE_OUTER_BOUND('',#924,.T.);
#655=FACE_OUTER_BOUND('',#925,.T.);
#656=FACE_OUTER_BOUND('',#926,.T.);
#657=FACE_OUTER_BOUND('',#927,.T.);
#658=FACE_OUTER_BOUND('',#928,.T.);
#659=FACE_OUTER_BOUND('',#929,.T.);
#660=FACE_OUTER_BOUND('',#930,.T.);
#661=FACE_OUTER_BOUND('',#931,.T.);
#662=FACE_OUTER_BOUND('',#932,.T.);
#663=FACE_OUTER_BOUND('',#933,.T.);
#664=FACE_OUTER_BOUND('',#934,.T.);
#665=FACE_OUTER_BOUND('',#935,.T.);
#666=FACE_OUTER_BOUND('',#936,.T.);
#667=FACE_OUTER_BOUND('',#937,.T.);
#668=FACE_OUTER_BOUND('',#938,.T.);
#669=FACE_OUTER_BOUND('',#939,.T.);
#670=FACE_OUTER_BOUND('',#940,.T.);
#671=FACE_OUTER_BOUND('',#941,.T.);
#672=FACE_OUTER_BOUND('',#944,.T.);
#673=FACE_OUTER_BOUND('',#945,.T.);
#674=FACE_OUTER_BOUND('',#946,.T.);
#675=FACE_OUTER_BOUND('',#947,.T.);
#676=FACE_OUTER_BOUND('',#948,.T.);
#677=FACE_OUTER_BOUND('',#949,.T.);
#678=FACE_OUTER_BOUND('',#950,.T.);
#679=FACE_OUTER_BOUND('',#951,.T.);
#680=FACE_OUTER_BOUND('',#952,.T.);
#681=FACE_OUTER_BOUND('',#953,.T.);
#682=FACE_OUTER_BOUND('',#954,.T.);
#683=FACE_OUTER_BOUND('',#955,.T.);
#684=FACE_OUTER_BOUND('',#956,.T.);
#685=FACE_OUTER_BOUND('',#957,.T.);
#686=FACE_OUTER_BOUND('',#958,.T.);
#687=FACE_OUTER_BOUND('',#959,.T.);
#688=FACE_OUTER_BOUND('',#960,.T.);
#689=FACE_OUTER_BOUND('',#961,.T.);
#690=FACE_OUTER_BOUND('',#962,.T.);
#691=FACE_OUTER_BOUND('',#963,.T.);
#692=FACE_OUTER_BOUND('',#964,.T.);
#693=FACE_OUTER_BOUND('',#965,.T.);
#694=FACE_OUTER_BOUND('',#966,.T.);
#695=FACE_OUTER_BOUND('',#967,.T.);
#696=FACE_OUTER_BOUND('',#968,.T.);
#697=FACE_OUTER_BOUND('',#969,.T.);
#698=FACE_OUTER_BOUND('',#970,.T.);
#699=FACE_OUTER_BOUND('',#971,.T.);
#700=FACE_OUTER_BOUND('',#979,.T.);
#701=FACE_OUTER_BOUND('',#980,.T.);
#702=FACE_OUTER_BOUND('',#981,.T.);
#703=FACE_OUTER_BOUND('',#982,.T.);
#704=FACE_OUTER_BOUND('',#983,.T.);
#705=FACE_OUTER_BOUND('',#984,.T.);
#706=FACE_OUTER_BOUND('',#985,.T.);
#707=FACE_OUTER_BOUND('',#986,.T.);
#708=FACE_OUTER_BOUND('',#987,.T.);
#709=FACE_OUTER_BOUND('',#988,.T.);
#710=FACE_OUTER_BOUND('',#989,.T.);
#711=FACE_OUTER_BOUND('',#990,.T.);
#712=FACE_OUTER_BOUND('',#991,.T.);
#713=FACE_OUTER_BOUND('',#992,.T.);
#714=FACE_OUTER_BOUND('',#993,.T.);
#715=FACE_OUTER_BOUND('',#994,.T.);
#716=FACE_OUTER_BOUND('',#995,.T.);
#717=FACE_OUTER_BOUND('',#996,.T.);
#718=FACE_OUTER_BOUND('',#997,.T.);
#719=FACE_OUTER_BOUND('',#998,.T.);
#720=FACE_OUTER_BOUND('',#999,.T.);
#721=FACE_OUTER_BOUND('',#1000,.T.);
#722=FACE_OUTER_BOUND('',#1001,.T.);
#723=FACE_OUTER_BOUND('',#1002,.T.);
#724=FACE_OUTER_BOUND('',#1003,.T.);
#725=FACE_OUTER_BOUND('',#1004,.T.);
#726=FACE_OUTER_BOUND('',#1005,.T.);
#727=FACE_OUTER_BOUND('',#1006,.T.);
#728=FACE_OUTER_BOUND('',#1007,.T.);
#729=FACE_OUTER_BOUND('',#1008,.T.);
#730=FACE_OUTER_BOUND('',#1009,.T.);
#731=FACE_OUTER_BOUND('',#1010,.T.);
#732=FACE_OUTER_BOUND('',#1011,.T.);
#733=FACE_OUTER_BOUND('',#1012,.T.);
#734=FACE_OUTER_BOUND('',#1013,.T.);
#735=FACE_OUTER_BOUND('',#1014,.T.);
#736=FACE_OUTER_BOUND('',#1015,.T.);
#737=FACE_OUTER_BOUND('',#1016,.T.);
#738=FACE_OUTER_BOUND('',#1017,.T.);
#739=FACE_OUTER_BOUND('',#1018,.T.);
#740=FACE_OUTER_BOUND('',#1019,.T.);
#741=FACE_OUTER_BOUND('',#1037,.T.);
#742=FACE_OUTER_BOUND('',#1038,.T.);
#743=FACE_OUTER_BOUND('',#1039,.T.);
#744=FACE_OUTER_BOUND('',#1040,.T.);
#745=FACE_OUTER_BOUND('',#1041,.T.);
#746=FACE_OUTER_BOUND('',#1042,.T.);
#747=FACE_OUTER_BOUND('',#1043,.T.);
#748=FACE_OUTER_BOUND('',#1044,.T.);
#749=FACE_OUTER_BOUND('',#1045,.T.);
#750=FACE_OUTER_BOUND('',#1046,.T.);
#751=FACE_OUTER_BOUND('',#1047,.T.);
#752=FACE_OUTER_BOUND('',#1048,.T.);
#753=FACE_OUTER_BOUND('',#1049,.T.);
#754=FACE_OUTER_BOUND('',#1050,.T.);
#755=FACE_OUTER_BOUND('',#1051,.T.);
#756=FACE_OUTER_BOUND('',#1052,.T.);
#757=FACE_OUTER_BOUND('',#1053,.T.);
#758=FACE_OUTER_BOUND('',#1054,.T.);
#759=FACE_OUTER_BOUND('',#1055,.T.);
#760=FACE_OUTER_BOUND('',#1056,.T.);
#761=FACE_OUTER_BOUND('',#1057,.T.);
#762=FACE_OUTER_BOUND('',#1058,.T.);
#763=FACE_OUTER_BOUND('',#1059,.T.);
#764=FACE_OUTER_BOUND('',#1060,.T.);
#765=FACE_OUTER_BOUND('',#1061,.T.);
#766=FACE_OUTER_BOUND('',#1062,.T.);
#767=FACE_OUTER_BOUND('',#1063,.T.);
#768=FACE_OUTER_BOUND('',#1064,.T.);
#769=FACE_OUTER_BOUND('',#1065,.T.);
#770=FACE_OUTER_BOUND('',#1066,.T.);
#771=FACE_OUTER_BOUND('',#1067,.T.);
#772=FACE_OUTER_BOUND('',#1068,.T.);
#773=FACE_OUTER_BOUND('',#1069,.T.);
#774=FACE_OUTER_BOUND('',#1070,.T.);
#775=FACE_OUTER_BOUND('',#1071,.T.);
#776=FACE_OUTER_BOUND('',#1072,.T.);
#777=FACE_OUTER_BOUND('',#1073,.T.);
#778=FACE_OUTER_BOUND('',#1074,.T.);
#779=FACE_OUTER_BOUND('',#1075,.T.);
#780=FACE_OUTER_BOUND('',#1076,.T.);
#781=FACE_OUTER_BOUND('',#1077,.T.);
#782=FACE_OUTER_BOUND('',#1078,.T.);
#783=FACE_OUTER_BOUND('',#1079,.T.);
#784=FACE_OUTER_BOUND('',#1080,.T.);
#785=FACE_OUTER_BOUND('',#1081,.T.);
#786=FACE_OUTER_BOUND('',#1082,.T.);
#787=FACE_OUTER_BOUND('',#1083,.T.);
#788=FACE_OUTER_BOUND('',#1084,.T.);
#789=FACE_OUTER_BOUND('',#1085,.T.);
#790=FACE_OUTER_BOUND('',#1086,.T.);
#791=FACE_OUTER_BOUND('',#1087,.T.);
#792=FACE_OUTER_BOUND('',#1088,.T.);
#793=FACE_OUTER_BOUND('',#1089,.T.);
#794=FACE_OUTER_BOUND('',#1090,.T.);
#795=FACE_OUTER_BOUND('',#1091,.T.);
#796=FACE_OUTER_BOUND('',#1092,.T.);
#797=FACE_OUTER_BOUND('',#1093,.T.);
#798=FACE_OUTER_BOUND('',#1094,.T.);
#799=FACE_OUTER_BOUND('',#1095,.T.);
#800=FACE_OUTER_BOUND('',#1096,.T.);
#801=FACE_OUTER_BOUND('',#1097,.T.);
#802=FACE_OUTER_BOUND('',#1098,.T.);
#803=FACE_OUTER_BOUND('',#1099,.T.);
#804=FACE_OUTER_BOUND('',#1100,.T.);
#805=FACE_OUTER_BOUND('',#1101,.T.);
#806=FACE_OUTER_BOUND('',#1102,.T.);
#807=EDGE_LOOP('',(#2905,#2906,#2907,#2908));
#808=EDGE_LOOP('',(#2909,#2910,#2911,#2912));
#809=EDGE_LOOP('',(#2913,#2914,#2915,#2916));
#810=EDGE_LOOP('',(#2917,#2918,#2919,#2920));
#811=EDGE_LOOP('',(#2921,#2922,#2923,#2924));
#812=EDGE_LOOP('',(#2925,#2926,#2927,#2928));
#813=EDGE_LOOP('',(#2929,#2930,#2931,#2932));
#814=EDGE_LOOP('',(#2933,#2934,#2935,#2936));
#815=EDGE_LOOP('',(#2937,#2938,#2939,#2940));
#816=EDGE_LOOP('',(#2941,#2942,#2943,#2944));
#817=EDGE_LOOP('',(#2945,#2946,#2947,#2948));
#818=EDGE_LOOP('',(#2949,#2950,#2951,#2952,#2953,#2954,#2955,#2956,#2957,
#2958,#2959,#2960,#2961,#2962,#2963,#2964,#2965,#2966));
#819=EDGE_LOOP('',(#2967,#2968,#2969,#2970,#2971,#2972));
#820=EDGE_LOOP('',(#2973,#2974,#2975,#2976,#2977,#2978,#2979,#2980));
#821=EDGE_LOOP('',(#2981));
#822=EDGE_LOOP('',(#2982));
#823=EDGE_LOOP('',(#2983));
#824=EDGE_LOOP('',(#2984));
#825=EDGE_LOOP('',(#2985));
#826=EDGE_LOOP('',(#2986));
#827=EDGE_LOOP('',(#2987,#2988,#2989,#2990,#2991,#2992));
#828=EDGE_LOOP('',(#2993,#2994,#2995,#2996,#2997,#2998));
#829=EDGE_LOOP('',(#2999,#3000,#3001,#3002,#3003,#3004));
#830=EDGE_LOOP('',(#3005,#3006,#3007,#3008));
#831=EDGE_LOOP('',(#3009,#3010,#3011,#3012,#3013,#3014));
#832=EDGE_LOOP('',(#3015,#3016,#3017,#3018));
#833=EDGE_LOOP('',(#3019,#3020,#3021,#3022,#3023,#3024));
#834=EDGE_LOOP('',(#3025,#3026,#3027,#3028,#3029,#3030));
#835=EDGE_LOOP('',(#3031,#3032,#3033,#3034,#3035,#3036));
#836=EDGE_LOOP('',(#3037,#3038,#3039,#3040,#3041,#3042));
#837=EDGE_LOOP('',(#3043,#3044,#3045,#3046));
#838=EDGE_LOOP('',(#3047,#3048,#3049,#3050,#3051,#3052));
#839=EDGE_LOOP('',(#3053,#3054,#3055,#3056,#3057,#3058));
#840=EDGE_LOOP('',(#3059,#3060,#3061,#3062,#3063,#3064));
#841=EDGE_LOOP('',(#3065,#3066,#3067,#3068,#3069,#3070,#3071,#3072,#3073,
#3074,#3075,#3076,#3077,#3078,#3079,#3080,#3081,#3082));
#842=EDGE_LOOP('',(#3083,#3084,#3085,#3086,#3087,#3088));
#843=EDGE_LOOP('',(#3089,#3090,#3091,#3092,#3093,#3094));
#844=EDGE_LOOP('',(#3095,#3096,#3097,#3098,#3099,#3100));
#845=EDGE_LOOP('',(#3101,#3102,#3103,#3104,#3105,#3106));
#846=EDGE_LOOP('',(#3107,#3108,#3109,#3110,#3111,#3112));
#847=EDGE_LOOP('',(#3113,#3114,#3115,#3116,#3117,#3118));
#848=EDGE_LOOP('',(#3119,#3120,#3121,#3122,#3123,#3124));
#849=EDGE_LOOP('',(#3125,#3126,#3127,#3128,#3129,#3130));
#850=EDGE_LOOP('',(#3131,#3132,#3133,#3134,#3135,#3136));
#851=EDGE_LOOP('',(#3137,#3138,#3139,#3140));
#852=EDGE_LOOP('',(#3141,#3142,#3143,#3144,#3145,#3146));
#853=EDGE_LOOP('',(#3147,#3148,#3149,#3150,#3151,#3152));
#854=EDGE_LOOP('',(#3153,#3154,#3155,#3156,#3157,#3158,#3159,#3160,#3161,
#3162,#3163,#3164,#3165,#3166,#3167,#3168,#3169,#3170));
#855=EDGE_LOOP('',(#3171,#3172,#3173,#3174,#3175));
#856=EDGE_LOOP('',(#3176,#3177,#3178,#3179,#3180,#3181));
#857=EDGE_LOOP('',(#3182,#3183,#3184,#3185,#3186,#3187));
#858=EDGE_LOOP('',(#3188,#3189,#3190,#3191,#3192,#3193));
#859=EDGE_LOOP('',(#3194,#3195,#3196,#3197,#3198,#3199));
#860=EDGE_LOOP('',(#3200,#3201,#3202,#3203,#3204,#3205));
#861=EDGE_LOOP('',(#3206,#3207,#3208,#3209,#3210,#3211));
#862=EDGE_LOOP('',(#3212,#3213,#3214,#3215,#3216,#3217));
#863=EDGE_LOOP('',(#3218,#3219,#3220,#3221,#3222,#3223));
#864=EDGE_LOOP('',(#3224,#3225,#3226,#3227,#3228,#3229));
#865=EDGE_LOOP('',(#3230,#3231,#3232,#3233,#3234,#3235));
#866=EDGE_LOOP('',(#3236,#3237,#3238,#3239,#3240,#3241));
#867=EDGE_LOOP('',(#3242,#3243,#3244,#3245,#3246,#3247));
#868=EDGE_LOOP('',(#3248,#3249,#3250,#3251,#3252,#3253));
#869=EDGE_LOOP('',(#3254,#3255,#3256,#3257,#3258,#3259));
#870=EDGE_LOOP('',(#3260,#3261,#3262,#3263,#3264));
#871=EDGE_LOOP('',(#3265,#3266,#3267,#3268,#3269,#3270,#3271,#3272,#3273,
#3274,#3275,#3276,#3277,#3278,#3279,#3280,#3281,#3282));
#872=EDGE_LOOP('',(#3283,#3284,#3285,#3286,#3287,#3288));
#873=EDGE_LOOP('',(#3289,#3290,#3291,#3292,#3293,#3294));
#874=EDGE_LOOP('',(#3295,#3296,#3297,#3298,#3299,#3300));
#875=EDGE_LOOP('',(#3301,#3302,#3303,#3304,#3305,#3306));
#876=EDGE_LOOP('',(#3307,#3308,#3309,#3310));
#877=EDGE_LOOP('',(#3311,#3312,#3313,#3314,#3315,#3316));
#878=EDGE_LOOP('',(#3317,#3318,#3319,#3320,#3321,#3322));
#879=EDGE_LOOP('',(#3323,#3324,#3325,#3326,#3327,#3328));
#880=EDGE_LOOP('',(#3329,#3330,#3331,#3332));
#881=EDGE_LOOP('',(#3333,#3334,#3335,#3336,#3337,#3338));
#882=EDGE_LOOP('',(#3339,#3340,#3341,#3342,#3343,#3344));
#883=EDGE_LOOP('',(#3345,#3346,#3347,#3348,#3349,#3350));
#884=EDGE_LOOP('',(#3351,#3352,#3353,#3354));
#885=EDGE_LOOP('',(#3355,#3356,#3357,#3358,#3359,#3360));
#886=EDGE_LOOP('',(#3361,#3362,#3363,#3364,#3365,#3366));
#887=EDGE_LOOP('',(#3367,#3368,#3369,#3370,#3371,#3372));
#888=EDGE_LOOP('',(#3373,#3374,#3375,#3376,#3377,#3378));
#889=EDGE_LOOP('',(#3379,#3380,#3381,#3382,#3383,#3384));
#890=EDGE_LOOP('',(#3385,#3386,#3387,#3388));
#891=EDGE_LOOP('',(#3389,#3390,#3391,#3392,#3393,#3394));
#892=EDGE_LOOP('',(#3395,#3396,#3397,#3398,#3399,#3400));
#893=EDGE_LOOP('',(#3401,#3402,#3403,#3404,#3405,#3406));
#894=EDGE_LOOP('',(#3407,#3408,#3409,#3410,#3411,#3412));
#895=EDGE_LOOP('',(#3413,#3414,#3415,#3416));
#896=EDGE_LOOP('',(#3417,#3418,#3419,#3420,#3421,#3422));
#897=EDGE_LOOP('',(#3423,#3424,#3425,#3426,#3427,#3428));
#898=EDGE_LOOP('',(#3429,#3430,#3431,#3432,#3433,#3434));
#899=EDGE_LOOP('',(#3435,#3436,#3437,#3438,#3439,#3440));
#900=EDGE_LOOP('',(#3441,#3442,#3443,#3444,#3445,#3446));
#901=EDGE_LOOP('',(#3447,#3448,#3449,#3450,#3451,#3452));
#902=EDGE_LOOP('',(#3453,#3454,#3455,#3456,#3457,#3458));
#903=EDGE_LOOP('',(#3459,#3460,#3461,#3462,#3463,#3464));
#904=EDGE_LOOP('',(#3465,#3466,#3467,#3468,#3469,#3470));
#905=EDGE_LOOP('',(#3471,#3472,#3473,#3474,#3475,#3476));
#906=EDGE_LOOP('',(#3477,#3478,#3479,#3480,#3481,#3482));
#907=EDGE_LOOP('',(#3483,#3484,#3485,#3486,#3487,#3488));
#908=EDGE_LOOP('',(#3489,#3490,#3491,#3492,#3493));
#909=EDGE_LOOP('',(#3494,#3495,#3496,#3497));
#910=EDGE_LOOP('',(#3498,#3499,#3500,#3501));
#911=EDGE_LOOP('',(#3502,#3503,#3504,#3505,#3506,#3507));
#912=EDGE_LOOP('',(#3508,#3509,#3510,#3511,#3512));
#913=EDGE_LOOP('',(#3513,#3514,#3515,#3516,#3517,#3518,#3519,#3520,#3521,
#3522,#3523,#3524));
#914=EDGE_LOOP('',(#3525));
#915=EDGE_LOOP('',(#3526));
#916=EDGE_LOOP('',(#3527,#3528,#3529,#3530,#3531,#3532));
#917=EDGE_LOOP('',(#3533,#3534,#3535,#3536));
#918=EDGE_LOOP('',(#3537,#3538,#3539,#3540,#3541,#3542));
#919=EDGE_LOOP('',(#3543,#3544,#3545,#3546));
#920=EDGE_LOOP('',(#3547,#3548,#3549,#3550,#3551,#3552));
#921=EDGE_LOOP('',(#3553,#3554,#3555,#3556,#3557,#3558));
#922=EDGE_LOOP('',(#3559,#3560,#3561,#3562,#3563,#3564));
#923=EDGE_LOOP('',(#3565,#3566,#3567,#3568,#3569,#3570));
#924=EDGE_LOOP('',(#3571,#3572,#3573,#3574));
#925=EDGE_LOOP('',(#3575,#3576,#3577,#3578,#3579,#3580));
#926=EDGE_LOOP('',(#3581,#3582,#3583,#3584,#3585,#3586));
#927=EDGE_LOOP('',(#3587,#3588,#3589,#3590,#3591));
#928=EDGE_LOOP('',(#3592,#3593,#3594,#3595,#3596,#3597));
#929=EDGE_LOOP('',(#3598,#3599,#3600,#3601,#3602));
#930=EDGE_LOOP('',(#3603,#3604,#3605,#3606));
#931=EDGE_LOOP('',(#3607,#3608,#3609,#3610,#3611,#3612));
#932=EDGE_LOOP('',(#3613,#3614,#3615,#3616,#3617,#3618));
#933=EDGE_LOOP('',(#3619,#3620,#3621,#3622,#3623));
#934=EDGE_LOOP('',(#3624,#3625,#3626,#3627,#3628,#3629));
#935=EDGE_LOOP('',(#3630,#3631,#3632,#3633,#3634));
#936=EDGE_LOOP('',(#3635,#3636,#3637,#3638));
#937=EDGE_LOOP('',(#3639,#3640,#3641,#3642));
#938=EDGE_LOOP('',(#3643,#3644,#3645,#3646));
#939=EDGE_LOOP('',(#3647,#3648,#3649,#3650));
#940=EDGE_LOOP('',(#3651,#3652,#3653,#3654));
#941=EDGE_LOOP('',(#3655,#3656,#3657,#3658,#3659,#3660,#3661,#3662,#3663,
#3664,#3665,#3666));
#942=EDGE_LOOP('',(#3667));
#943=EDGE_LOOP('',(#3668));
#944=EDGE_LOOP('',(#3669,#3670,#3671,#3672));
#945=EDGE_LOOP('',(#3673,#3674,#3675,#3676));
#946=EDGE_LOOP('',(#3677,#3678,#3679,#3680));
#947=EDGE_LOOP('',(#3681,#3682,#3683,#3684));
#948=EDGE_LOOP('',(#3685,#3686,#3687,#3688));
#949=EDGE_LOOP('',(#3689,#3690,#3691,#3692));
#950=EDGE_LOOP('',(#3693,#3694,#3695,#3696));
#951=EDGE_LOOP('',(#3697,#3698,#3699,#3700));
#952=EDGE_LOOP('',(#3701,#3702,#3703,#3704));
#953=EDGE_LOOP('',(#3705,#3706,#3707,#3708));
#954=EDGE_LOOP('',(#3709,#3710,#3711,#3712));
#955=EDGE_LOOP('',(#3713,#3714,#3715,#3716));
#956=EDGE_LOOP('',(#3717,#3718,#3719,#3720));
#957=EDGE_LOOP('',(#3721,#3722,#3723,#3724));
#958=EDGE_LOOP('',(#3725,#3726,#3727,#3728));
#959=EDGE_LOOP('',(#3729,#3730,#3731,#3732));
#960=EDGE_LOOP('',(#3733,#3734,#3735,#3736));
#961=EDGE_LOOP('',(#3737,#3738,#3739,#3740));
#962=EDGE_LOOP('',(#3741,#3742,#3743,#3744));
#963=EDGE_LOOP('',(#3745,#3746,#3747,#3748));
#964=EDGE_LOOP('',(#3749,#3750,#3751,#3752));
#965=EDGE_LOOP('',(#3753,#3754,#3755,#3756));
#966=EDGE_LOOP('',(#3757,#3758,#3759,#3760));
#967=EDGE_LOOP('',(#3761,#3762,#3763,#3764));
#968=EDGE_LOOP('',(#3765,#3766,#3767,#3768));
#969=EDGE_LOOP('',(#3769,#3770,#3771,#3772));
#970=EDGE_LOOP('',(#3773,#3774,#3775,#3776));
#971=EDGE_LOOP('',(#3777,#3778,#3779,#3780,#3781,#3782,#3783,#3784));
#972=EDGE_LOOP('',(#3785,#3786,#3787,#3788));
#973=EDGE_LOOP('',(#3789,#3790,#3791,#3792));
#974=EDGE_LOOP('',(#3793,#3794,#3795,#3796));
#975=EDGE_LOOP('',(#3797,#3798,#3799,#3800));
#976=EDGE_LOOP('',(#3801,#3802,#3803,#3804));
#977=EDGE_LOOP('',(#3805,#3806,#3807,#3808));
#978=EDGE_LOOP('',(#3809,#3810,#3811,#3812));
#979=EDGE_LOOP('',(#3813,#3814,#3815,#3816));
#980=EDGE_LOOP('',(#3817,#3818,#3819,#3820));
#981=EDGE_LOOP('',(#3821,#3822,#3823,#3824));
#982=EDGE_LOOP('',(#3825,#3826,#3827,#3828));
#983=EDGE_LOOP('',(#3829,#3830,#3831,#3832));
#984=EDGE_LOOP('',(#3833,#3834,#3835,#3836));
#985=EDGE_LOOP('',(#3837,#3838,#3839,#3840));
#986=EDGE_LOOP('',(#3841,#3842,#3843,#3844));
#987=EDGE_LOOP('',(#3845,#3846,#3847,#3848));
#988=EDGE_LOOP('',(#3849,#3850,#3851,#3852));
#989=EDGE_LOOP('',(#3853,#3854,#3855,#3856));
#990=EDGE_LOOP('',(#3857,#3858,#3859,#3860));
#991=EDGE_LOOP('',(#3861,#3862,#3863,#3864));
#992=EDGE_LOOP('',(#3865,#3866,#3867,#3868));
#993=EDGE_LOOP('',(#3869,#3870,#3871,#3872));
#994=EDGE_LOOP('',(#3873,#3874,#3875,#3876));
#995=EDGE_LOOP('',(#3877,#3878,#3879,#3880));
#996=EDGE_LOOP('',(#3881,#3882,#3883,#3884));
#997=EDGE_LOOP('',(#3885,#3886,#3887,#3888));
#998=EDGE_LOOP('',(#3889,#3890,#3891,#3892));
#999=EDGE_LOOP('',(#3893,#3894,#3895,#3896));
#1000=EDGE_LOOP('',(#3897,#3898,#3899,#3900));
#1001=EDGE_LOOP('',(#3901,#3902,#3903,#3904));
#1002=EDGE_LOOP('',(#3905,#3906,#3907,#3908));
#1003=EDGE_LOOP('',(#3909,#3910,#3911,#3912));
#1004=EDGE_LOOP('',(#3913,#3914,#3915,#3916));
#1005=EDGE_LOOP('',(#3917,#3918,#3919,#3920));
#1006=EDGE_LOOP('',(#3921,#3922,#3923,#3924));
#1007=EDGE_LOOP('',(#3925,#3926,#3927,#3928));
#1008=EDGE_LOOP('',(#3929,#3930,#3931,#3932));
#1009=EDGE_LOOP('',(#3933,#3934,#3935,#3936));
#1010=EDGE_LOOP('',(#3937,#3938,#3939,#3940));
#1011=EDGE_LOOP('',(#3941,#3942,#3943,#3944));
#1012=EDGE_LOOP('',(#3945,#3946,#3947,#3948));
#1013=EDGE_LOOP('',(#3949,#3950,#3951,#3952));
#1014=EDGE_LOOP('',(#3953,#3954,#3955,#3956));
#1015=EDGE_LOOP('',(#3957,#3958,#3959,#3960));
#1016=EDGE_LOOP('',(#3961,#3962,#3963,#3964));
#1017=EDGE_LOOP('',(#3965,#3966,#3967,#3968));
#1018=EDGE_LOOP('',(#3969,#3970,#3971,#3972));
#1019=EDGE_LOOP('',(#3973,#3974,#3975,#3976,#3977,#3978));
#1020=EDGE_LOOP('',(#3979));
#1021=EDGE_LOOP('',(#3980));
#1022=EDGE_LOOP('',(#3981,#3982,#3983,#3984));
#1023=EDGE_LOOP('',(#3985,#3986,#3987,#3988));
#1024=EDGE_LOOP('',(#3989,#3990,#3991,#3992));
#1025=EDGE_LOOP('',(#3993,#3994,#3995,#3996));
#1026=EDGE_LOOP('',(#3997));
#1027=EDGE_LOOP('',(#3998));
#1028=EDGE_LOOP('',(#3999));
#1029=EDGE_LOOP('',(#4000));
#1030=EDGE_LOOP('',(#4001));
#1031=EDGE_LOOP('',(#4002));
#1032=EDGE_LOOP('',(#4003));
#1033=EDGE_LOOP('',(#4004));
#1034=EDGE_LOOP('',(#4005,#4006,#4007,#4008));
#1035=EDGE_LOOP('',(#4009,#4010,#4011,#4012));
#1036=EDGE_LOOP('',(#4013,#4014,#4015,#4016));
#1037=EDGE_LOOP('',(#4017,#4018,#4019,#4020));
#1038=EDGE_LOOP('',(#4021,#4022,#4023,#4024));
#1039=EDGE_LOOP('',(#4025,#4026,#4027,#4028));
#1040=EDGE_LOOP('',(#4029,#4030,#4031,#4032));
#1041=EDGE_LOOP('',(#4033,#4034,#4035,#4036));
#1042=EDGE_LOOP('',(#4037,#4038,#4039,#4040));
#1043=EDGE_LOOP('',(#4041,#4042,#4043,#4044));
#1044=EDGE_LOOP('',(#4045,#4046,#4047,#4048));
#1045=EDGE_LOOP('',(#4049,#4050,#4051,#4052));
#1046=EDGE_LOOP('',(#4053,#4054,#4055,#4056));
#1047=EDGE_LOOP('',(#4057,#4058,#4059,#4060));
#1048=EDGE_LOOP('',(#4061,#4062,#4063,#4064));
#1049=EDGE_LOOP('',(#4065,#4066,#4067,#4068));
#1050=EDGE_LOOP('',(#4069,#4070,#4071,#4072));
#1051=EDGE_LOOP('',(#4073,#4074,#4075,#4076));
#1052=EDGE_LOOP('',(#4077,#4078,#4079,#4080));
#1053=EDGE_LOOP('',(#4081,#4082,#4083,#4084));
#1054=EDGE_LOOP('',(#4085,#4086,#4087,#4088));
#1055=EDGE_LOOP('',(#4089,#4090,#4091,#4092));
#1056=EDGE_LOOP('',(#4093,#4094,#4095,#4096));
#1057=EDGE_LOOP('',(#4097,#4098,#4099,#4100));
#1058=EDGE_LOOP('',(#4101,#4102,#4103,#4104));
#1059=EDGE_LOOP('',(#4105,#4106,#4107,#4108));
#1060=EDGE_LOOP('',(#4109,#4110,#4111,#4112));
#1061=EDGE_LOOP('',(#4113,#4114,#4115,#4116));
#1062=EDGE_LOOP('',(#4117,#4118,#4119,#4120));
#1063=EDGE_LOOP('',(#4121,#4122,#4123,#4124));
#1064=EDGE_LOOP('',(#4125,#4126,#4127,#4128));
#1065=EDGE_LOOP('',(#4129,#4130,#4131,#4132));
#1066=EDGE_LOOP('',(#4133,#4134,#4135,#4136));
#1067=EDGE_LOOP('',(#4137,#4138,#4139,#4140));
#1068=EDGE_LOOP('',(#4141,#4142,#4143,#4144));
#1069=EDGE_LOOP('',(#4145,#4146,#4147,#4148));
#1070=EDGE_LOOP('',(#4149,#4150,#4151,#4152));
#1071=EDGE_LOOP('',(#4153,#4154,#4155,#4156));
#1072=EDGE_LOOP('',(#4157,#4158,#4159,#4160));
#1073=EDGE_LOOP('',(#4161,#4162,#4163,#4164));
#1074=EDGE_LOOP('',(#4165,#4166,#4167,#4168));
#1075=EDGE_LOOP('',(#4169,#4170,#4171,#4172));
#1076=EDGE_LOOP('',(#4173,#4174,#4175,#4176));
#1077=EDGE_LOOP('',(#4177,#4178,#4179,#4180));
#1078=EDGE_LOOP('',(#4181,#4182,#4183,#4184));
#1079=EDGE_LOOP('',(#4185,#4186,#4187,#4188));
#1080=EDGE_LOOP('',(#4189,#4190,#4191,#4192));
#1081=EDGE_LOOP('',(#4193,#4194,#4195,#4196));
#1082=EDGE_LOOP('',(#4197,#4198,#4199,#4200));
#1083=EDGE_LOOP('',(#4201,#4202,#4203,#4204));
#1084=EDGE_LOOP('',(#4205,#4206,#4207,#4208));
#1085=EDGE_LOOP('',(#4209,#4210,#4211,#4212));
#1086=EDGE_LOOP('',(#4213,#4214,#4215,#4216));
#1087=EDGE_LOOP('',(#4217,#4218,#4219,#4220));
#1088=EDGE_LOOP('',(#4221,#4222,#4223,#4224));
#1089=EDGE_LOOP('',(#4225,#4226,#4227,#4228));
#1090=EDGE_LOOP('',(#4229,#4230,#4231,#4232));
#1091=EDGE_LOOP('',(#4233,#4234,#4235,#4236));
#1092=EDGE_LOOP('',(#4237,#4238,#4239,#4240));
#1093=EDGE_LOOP('',(#4241,#4242,#4243,#4244));
#1094=EDGE_LOOP('',(#4245,#4246,#4247,#4248));
#1095=EDGE_LOOP('',(#4249,#4250,#4251,#4252));
#1096=EDGE_LOOP('',(#4253,#4254,#4255,#4256));
#1097=EDGE_LOOP('',(#4257,#4258,#4259,#4260));
#1098=EDGE_LOOP('',(#4261,#4262,#4263,#4264));
#1099=EDGE_LOOP('',(#4265,#4266,#4267,#4268));
#1100=EDGE_LOOP('',(#4269,#4270,#4271,#4272));
#1101=EDGE_LOOP('',(#4273,#4274,#4275,#4276));
#1102=EDGE_LOOP('',(#4277,#4278,#4279,#4280));
#1103=LINE('',#6476,#1445);
#1104=LINE('',#6478,#1446);
#1105=LINE('',#6480,#1447);
#1106=LINE('',#6481,#1448);
#1107=LINE('',#6486,#1449);
#1108=LINE('',#6491,#1450);
#1109=LINE('',#6492,#1451);
#1110=LINE('',#6493,#1452);
#1111=LINE('',#6498,#1453);
#1112=LINE('',#6503,#1454);
#1113=LINE('',#6504,#1455);
#1114=LINE('',#6505,#1456);
#1115=LINE('',#6510,#1457);
#1116=LINE('',#6515,#1458);
#1117=LINE('',#6516,#1459);
#1118=LINE('',#6517,#1460);
#1119=LINE('',#6523,#1461);
#1120=LINE('',#6526,#1462);
#1121=LINE('',#6529,#1463);
#1122=LINE('',#6530,#1464);
#1123=LINE('',#6533,#1465);
#1124=LINE('',#6537,#1466);
#1125=LINE('',#6539,#1467);
#1126=LINE('',#6543,#1468);
#1127=LINE('',#6547,#1469);
#1128=LINE('',#6551,#1470);
#1129=LINE('',#6555,#1471);
#1130=LINE('',#6559,#1472);
#1131=LINE('',#6563,#1473);
#1132=LINE('',#6566,#1474);
#1133=LINE('',#6570,#1475);
#1134=LINE('',#6574,#1476);
#1135=LINE('',#6576,#1477);
#1136=LINE('',#6578,#1478);
#1137=LINE('',#6624,#1479);
#1138=LINE('',#6632,#1480);
#1139=LINE('',#6644,#1481);
#1140=LINE('',#6647,#1482);
#1141=LINE('',#6682,#1483);
#1142=LINE('',#6685,#1484);
#1143=LINE('',#6690,#1485);
#1144=LINE('',#6703,#1486);
#1145=LINE('',#6710,#1487);
#1146=LINE('',#6739,#1488);
#1147=LINE('',#6751,#1489);
#1148=LINE('',#6754,#1490);
#1149=LINE('',#6791,#1491);
#1150=LINE('',#6803,#1492);
#1151=LINE('',#6806,#1493);
#1152=LINE('',#6813,#1494);
#1153=LINE('',#6816,#1495);
#1154=LINE('',#6818,#1496);
#1155=LINE('',#6820,#1497);
#1156=LINE('',#6822,#1498);
#1157=LINE('',#6824,#1499);
#1158=LINE('',#6828,#1500);
#1159=LINE('',#6832,#1501);
#1160=LINE('',#6836,#1502);
#1161=LINE('',#6838,#1503);
#1162=LINE('',#6871,#1504);
#1163=LINE('',#6901,#1505);
#1164=LINE('',#6913,#1506);
#1165=LINE('',#6921,#1507);
#1166=LINE('',#6954,#1508);
#1167=LINE('',#6982,#1509);
#1168=LINE('',#6994,#1510);
#1169=LINE('',#6997,#1511);
#1170=LINE('',#7020,#1512);
#1171=LINE('',#7027,#1513);
#1172=LINE('',#7030,#1514);
#1173=LINE('',#7034,#1515);
#1174=LINE('',#7038,#1516);
#1175=LINE('',#7042,#1517);
#1176=LINE('',#7046,#1518);
#1177=LINE('',#7050,#1519);
#1178=LINE('',#7053,#1520);
#1179=LINE('',#7054,#1521);
#1180=LINE('',#7059,#1522);
#1181=LINE('',#7060,#1523);
#1182=LINE('',#7086,#1524);
#1183=LINE('',#7089,#1525);
#1184=LINE('',#7094,#1526);
#1185=LINE('',#7118,#1527);
#1186=LINE('',#7145,#1528);
#1187=LINE('',#7148,#1529);
#1188=LINE('',#7153,#1530);
#1189=LINE('',#7177,#1531);
#1190=LINE('',#7195,#1532);
#1191=LINE('',#7242,#1533);
#1192=LINE('',#7249,#1534);
#1193=LINE('',#7253,#1535);
#1194=LINE('',#7257,#1536);
#1195=LINE('',#7261,#1537);
#1196=LINE('',#7265,#1538);
#1197=LINE('',#7269,#1539);
#1198=LINE('',#7273,#1540);
#1199=LINE('',#7277,#1541);
#1200=LINE('',#7279,#1542);
#1201=LINE('',#7281,#1543);
#1202=LINE('',#7282,#1544);
#1203=LINE('',#7287,#1545);
#1204=LINE('',#7321,#1546);
#1205=LINE('',#7329,#1547);
#1206=LINE('',#7341,#1548);
#1207=LINE('',#7344,#1549);
#1208=LINE('',#7374,#1550);
#1209=LINE('',#7382,#1551);
#1210=LINE('',#7394,#1552);
#1211=LINE('',#7397,#1553);
#1212=LINE('',#7426,#1554);
#1213=LINE('',#7432,#1555);
#1214=LINE('',#7441,#1556);
#1215=LINE('',#7444,#1557);
#1216=LINE('',#7463,#1558);
#1217=LINE('',#7497,#1559);
#1218=LINE('',#7505,#1560);
#1219=LINE('',#7517,#1561);
#1220=LINE('',#7520,#1562);
#1221=LINE('',#7548,#1563);
#1222=LINE('',#7560,#1564);
#1223=LINE('',#7580,#1565);
#1224=LINE('',#7585,#1566);
#1225=LINE('',#7631,#1567);
#1226=LINE('',#7636,#1568);
#1227=LINE('',#7666,#1569);
#1228=LINE('',#7669,#1570);
#1229=LINE('',#7677,#1571);
#1230=LINE('',#7690,#1572);
#1231=LINE('',#7692,#1573);
#1232=LINE('',#7697,#1574);
#1233=LINE('',#7701,#1575);
#1234=LINE('',#7702,#1576);
#1235=LINE('',#7705,#1577);
#1236=LINE('',#7708,#1578);
#1237=LINE('',#7712,#1579);
#1238=LINE('',#7713,#1580);
#1239=LINE('',#7718,#1581);
#1240=LINE('',#7723,#1582);
#1241=LINE('',#7726,#1583);
#1242=LINE('',#7734,#1584);
#1243=LINE('',#7736,#1585);
#1244=LINE('',#7739,#1586);
#1245=LINE('',#7742,#1587);
#1246=LINE('',#7744,#1588);
#1247=LINE('',#7746,#1589);
#1248=LINE('',#7750,#1590);
#1249=LINE('',#7754,#1591);
#1250=LINE('',#7756,#1592);
#1251=LINE('',#7758,#1593);
#1252=LINE('',#7762,#1594);
#1253=LINE('',#7769,#1595);
#1254=LINE('',#7774,#1596);
#1255=LINE('',#7778,#1597);
#1256=LINE('',#7779,#1598);
#1257=LINE('',#7781,#1599);
#1258=LINE('',#7783,#1600);
#1259=LINE('',#7785,#1601);
#1260=LINE('',#7792,#1602);
#1261=LINE('',#7795,#1603);
#1262=LINE('',#7809,#1604);
#1263=LINE('',#7814,#1605);
#1264=LINE('',#7827,#1606);
#1265=LINE('',#7829,#1607);
#1266=LINE('',#7834,#1608);
#1267=LINE('',#7837,#1609);
#1268=LINE('',#7838,#1610);
#1269=LINE('',#7854,#1611);
#1270=LINE('',#7866,#1612);
#1271=LINE('',#7875,#1613);
#1272=LINE('',#7879,#1614);
#1273=LINE('',#7880,#1615);
#1274=LINE('',#7886,#1616);
#1275=LINE('',#7890,#1617);
#1276=LINE('',#7895,#1618);
#1277=LINE('',#7896,#1619);
#1278=LINE('',#7897,#1620);
#1279=LINE('',#7901,#1621);
#1280=LINE('',#7905,#1622);
#1281=LINE('',#7906,#1623);
#1282=LINE('',#7909,#1624);
#1283=LINE('',#7911,#1625);
#1284=LINE('',#7912,#1626);
#1285=LINE('',#7915,#1627);
#1286=LINE('',#7921,#1628);
#1287=LINE('',#7927,#1629);
#1288=LINE('',#7930,#1630);
#1289=LINE('',#7933,#1631);
#1290=LINE('',#7937,#1632);
#1291=LINE('',#7941,#1633);
#1292=LINE('',#7945,#1634);
#1293=LINE('',#7949,#1635);
#1294=LINE('',#7953,#1636);
#1295=LINE('',#7957,#1637);
#1296=LINE('',#7961,#1638);
#1297=LINE('',#7967,#1639);
#1298=LINE('',#7970,#1640);
#1299=LINE('',#7973,#1641);
#1300=LINE('',#7975,#1642);
#1301=LINE('',#7979,#1643);
#1302=LINE('',#7980,#1644);
#1303=LINE('',#7983,#1645);
#1304=LINE('',#7986,#1646);
#1305=LINE('',#7989,#1647);
#1306=LINE('',#7991,#1648);
#1307=LINE('',#7992,#1649);
#1308=LINE('',#7995,#1650);
#1309=LINE('',#7999,#1651);
#1310=LINE('',#8001,#1652);
#1311=LINE('',#8005,#1653);
#1312=LINE('',#8006,#1654);
#1313=LINE('',#8009,#1655);
#1314=LINE('',#8012,#1656);
#1315=LINE('',#8015,#1657);
#1316=LINE('',#8017,#1658);
#1317=LINE('',#8018,#1659);
#1318=LINE('',#8021,#1660);
#1319=LINE('',#8025,#1661);
#1320=LINE('',#8027,#1662);
#1321=LINE('',#8028,#1663);
#1322=LINE('',#8031,#1664);
#1323=LINE('',#8035,#1665);
#1324=LINE('',#8036,#1666);
#1325=LINE('',#8041,#1667);
#1326=LINE('',#8044,#1668);
#1327=LINE('',#8047,#1669);
#1328=LINE('',#8048,#1670);
#1329=LINE('',#8051,#1671);
#1330=LINE('',#8053,#1672);
#1331=LINE('',#8054,#1673);
#1332=LINE('',#8057,#1674);
#1333=LINE('',#8061,#1675);
#1334=LINE('',#8062,#1676);
#1335=LINE('',#8067,#1677);
#1336=LINE('',#8070,#1678);
#1337=LINE('',#8073,#1679);
#1338=LINE('',#8074,#1680);
#1339=LINE('',#8077,#1681);
#1340=LINE('',#8079,#1682);
#1341=LINE('',#8080,#1683);
#1342=LINE('',#8083,#1684);
#1343=LINE('',#8087,#1685);
#1344=LINE('',#8088,#1686);
#1345=LINE('',#8093,#1687);
#1346=LINE('',#8096,#1688);
#1347=LINE('',#8099,#1689);
#1348=LINE('',#8100,#1690);
#1349=LINE('',#8103,#1691);
#1350=LINE('',#8105,#1692);
#1351=LINE('',#8106,#1693);
#1352=LINE('',#8109,#1694);
#1353=LINE('',#8113,#1695);
#1354=LINE('',#8114,#1696);
#1355=LINE('',#8119,#1697);
#1356=LINE('',#8122,#1698);
#1357=LINE('',#8125,#1699);
#1358=LINE('',#8126,#1700);
#1359=LINE('',#8129,#1701);
#1360=LINE('',#8131,#1702);
#1361=LINE('',#8132,#1703);
#1362=LINE('',#8135,#1704);
#1363=LINE('',#8140,#1705);
#1364=LINE('',#8141,#1706);
#1365=LINE('',#8142,#1707);
#1366=LINE('',#8151,#1708);
#1367=LINE('',#8155,#1709);
#1368=LINE('',#8157,#1710);
#1369=LINE('',#8158,#1711);
#1370=LINE('',#8165,#1712);
#1371=LINE('',#8169,#1713);
#1372=LINE('',#8173,#1714);
#1373=LINE('',#8177,#1715);
#1374=LINE('',#8181,#1716);
#1375=LINE('',#8185,#1717);
#1376=LINE('',#8205,#1718);
#1377=LINE('',#8209,#1719);
#1378=LINE('',#8213,#1720);
#1379=LINE('',#8217,#1721);
#1380=LINE('',#8221,#1722);
#1381=LINE('',#8225,#1723);
#1382=LINE('',#8229,#1724);
#1383=LINE('',#8230,#1725);
#1384=LINE('',#8231,#1726);
#1385=LINE('',#8233,#1727);
#1386=LINE('',#8236,#1728);
#1387=LINE('',#8239,#1729);
#1388=LINE('',#8243,#1730);
#1389=LINE('',#8244,#1731);
#1390=LINE('',#8245,#1732);
#1391=LINE('',#8247,#1733);
#1392=LINE('',#8250,#1734);
#1393=LINE('',#8253,#1735);
#1394=LINE('',#8256,#1736);
#1395=LINE('',#8258,#1737);
#1396=LINE('',#8259,#1738);
#1397=LINE('',#8261,#1739);
#1398=LINE('',#8263,#1740);
#1399=LINE('',#8267,#1741);
#1400=LINE('',#8269,#1742);
#1401=LINE('',#8271,#1743);
#1402=LINE('',#8272,#1744);
#1403=LINE('',#8274,#1745);
#1404=LINE('',#8276,#1746);
#1405=LINE('',#8280,#1747);
#1406=LINE('',#8282,#1748);
#1407=LINE('',#8284,#1749);
#1408=LINE('',#8285,#1750);
#1409=LINE('',#8287,#1751);
#1410=LINE('',#8289,#1752);
#1411=LINE('',#8293,#1753);
#1412=LINE('',#8295,#1754);
#1413=LINE('',#8297,#1755);
#1414=LINE('',#8298,#1756);
#1415=LINE('',#8300,#1757);
#1416=LINE('',#8302,#1758);
#1417=LINE('',#8306,#1759);
#1418=LINE('',#8309,#1760);
#1419=LINE('',#8315,#1761);
#1420=LINE('',#8317,#1762);
#1421=LINE('',#8320,#1763);
#1422=LINE('',#8322,#1764);
#1423=LINE('',#8325,#1765);
#1424=LINE('',#8327,#1766);
#1425=LINE('',#8329,#1767);
#1426=LINE('',#8331,#1768);
#1427=LINE('',#8334,#1769);
#1428=LINE('',#8337,#1770);
#1429=LINE('',#8340,#1771);
#1430=LINE('',#8343,#1772);
#1431=LINE('',#8346,#1773);
#1432=LINE('',#8349,#1774);
#1433=LINE('',#8352,#1775);
#1434=LINE('',#8355,#1776);
#1435=LINE('',#8357,#1777);
#1436=LINE('',#8358,#1778);
#1437=LINE('',#8360,#1779);
#1438=LINE('',#8362,#1780);
#1439=LINE('',#8364,#1781);
#1440=LINE('',#8366,#1782);
#1441=LINE('',#8370,#1783);
#1442=LINE('',#8373,#1784);
#1443=LINE('',#8376,#1785);
#1444=LINE('',#8379,#1786);
#1445=VECTOR('',#5158,10.);
#1446=VECTOR('',#5159,10.);
#1447=VECTOR('',#5160,10.);
#1448=VECTOR('',#5161,10.);
#1449=VECTOR('',#5166,10.);
#1450=VECTOR('',#5171,10.);
#1451=VECTOR('',#5172,10.);
#1452=VECTOR('',#5173,10.);
#1453=VECTOR('',#5178,10.);
#1454=VECTOR('',#5183,10.);
#1455=VECTOR('',#5184,10.);
#1456=VECTOR('',#5185,10.);
#1457=VECTOR('',#5190,10.);
#1458=VECTOR('',#5195,10.);
#1459=VECTOR('',#5196,10.);
#1460=VECTOR('',#5197,10.);
#1461=VECTOR('',#5206,10.);
#1462=VECTOR('',#5209,10.);
#1463=VECTOR('',#5212,10.);
#1464=VECTOR('',#5213,10.);
#1465=VECTOR('',#5216,10.);
#1466=VECTOR('',#5221,10.);
#1467=VECTOR('',#5222,10.);
#1468=VECTOR('',#5225,10.);
#1469=VECTOR('',#5228,10.);
#1470=VECTOR('',#5231,10.);
#1471=VECTOR('',#5234,10.);
#1472=VECTOR('',#5237,10.);
#1473=VECTOR('',#5240,10.);
#1474=VECTOR('',#5243,10.);
#1475=VECTOR('',#5246,10.);
#1476=VECTOR('',#5249,10.);
#1477=VECTOR('',#5250,10.);
#1478=VECTOR('',#5251,10.);
#1479=VECTOR('',#5274,10.);
#1480=VECTOR('',#5279,10.);
#1481=VECTOR('',#5282,10.);
#1482=VECTOR('',#5285,10.);
#1483=VECTOR('',#5296,10.);
#1484=VECTOR('',#5299,10.);
#1485=VECTOR('',#5304,10.);
#1486=VECTOR('',#5309,10.);
#1487=VECTOR('',#5312,10.);
#1488=VECTOR('',#5321,10.);
#1489=VECTOR('',#5324,10.);
#1490=VECTOR('',#5327,10.);
#1491=VECTOR('',#5340,10.);
#1492=VECTOR('',#5343,10.);
#1493=VECTOR('',#5346,10.);
#1494=VECTOR('',#5349,10.);
#1495=VECTOR('',#5352,10.);
#1496=VECTOR('',#5353,10.);
#1497=VECTOR('',#5354,10.);
#1498=VECTOR('',#5355,10.);
#1499=VECTOR('',#5356,10.);
#1500=VECTOR('',#5359,10.);
#1501=VECTOR('',#5362,10.);
#1502=VECTOR('',#5365,10.);
#1503=VECTOR('',#5368,10.);
#1504=VECTOR('',#5377,10.);
#1505=VECTOR('',#5388,10.);
#1506=VECTOR('',#5391,10.);
#1507=VECTOR('',#5396,10.);
#1508=VECTOR('',#5405,10.);
#1509=VECTOR('',#5414,10.);
#1510=VECTOR('',#5417,10.);
#1511=VECTOR('',#5420,10.);
#1512=VECTOR('',#5429,10.);
#1513=VECTOR('',#5432,10.);
#1514=VECTOR('',#5435,10.);
#1515=VECTOR('',#5438,10.);
#1516=VECTOR('',#5441,10.);
#1517=VECTOR('',#5444,10.);
#1518=VECTOR('',#5447,10.);
#1519=VECTOR('',#5450,10.);
#1520=VECTOR('',#5453,10.);
#1521=VECTOR('',#5454,10.);
#1522=VECTOR('',#5459,10.);
#1523=VECTOR('',#5460,10.);
#1524=VECTOR('',#5467,10.);
#1525=VECTOR('',#5470,10.);
#1526=VECTOR('',#5473,10.);
#1527=VECTOR('',#5482,10.);
#1528=VECTOR('',#5491,10.);
#1529=VECTOR('',#5494,10.);
#1530=VECTOR('',#5497,10.);
#1531=VECTOR('',#5506,10.);
#1532=VECTOR('',#5513,10.);
#1533=VECTOR('',#5524,10.);
#1534=VECTOR('',#5525,10.);
#1535=VECTOR('',#5530,10.);
#1536=VECTOR('',#5533,10.);
#1537=VECTOR('',#5536,10.);
#1538=VECTOR('',#5539,10.);
#1539=VECTOR('',#5542,10.);
#1540=VECTOR('',#5545,10.);
#1541=VECTOR('',#5548,10.);
#1542=VECTOR('',#5549,10.);
#1543=VECTOR('',#5550,10.);
#1544=VECTOR('',#5551,10.);
#1545=VECTOR('',#5556,10.);
#1546=VECTOR('',#5567,10.);
#1547=VECTOR('',#5572,10.);
#1548=VECTOR('',#5575,10.);
#1549=VECTOR('',#5578,10.);
#1550=VECTOR('',#5589,10.);
#1551=VECTOR('',#5594,10.);
#1552=VECTOR('',#5597,10.);
#1553=VECTOR('',#5600,10.);
#1554=VECTOR('',#5611,10.);
#1555=VECTOR('',#5614,10.);
#1556=VECTOR('',#5615,10.);
#1557=VECTOR('',#5618,10.);
#1558=VECTOR('',#5627,10.);
#1559=VECTOR('',#5638,10.);
#1560=VECTOR('',#5643,10.);
#1561=VECTOR('',#5646,10.);
#1562=VECTOR('',#5649,10.);
#1563=VECTOR('',#5658,10.);
#1564=VECTOR('',#5661,10.);
#1565=VECTOR('',#5668,10.);
#1566=VECTOR('',#5671,10.);
#1567=VECTOR('',#5682,10.);
#1568=VECTOR('',#5685,10.);
#1569=VECTOR('',#5692,10.);
#1570=VECTOR('',#5695,10.);
#1571=VECTOR('',#5700,10.);
#1572=VECTOR('',#5707,10.);
#1573=VECTOR('',#5710,10.);
#1574=VECTOR('',#5715,10.);
#1575=VECTOR('',#5720,10.);
#1576=VECTOR('',#5721,10.);
#1577=VECTOR('',#5726,10.);
#1578=VECTOR('',#5729,10.);
#1579=VECTOR('',#5734,10.);
#1580=VECTOR('',#5735,10.);
#1581=VECTOR('',#5740,10.);
#1582=VECTOR('',#5745,10.);
#1583=VECTOR('',#5748,10.);
#1584=VECTOR('',#5757,10.);
#1585=VECTOR('',#5760,10.);
#1586=VECTOR('',#5763,10.);
#1587=VECTOR('',#5768,10.);
#1588=VECTOR('',#5771,10.);
#1589=VECTOR('',#5774,10.);
#1590=VECTOR('',#5779,10.);
#1591=VECTOR('',#5784,10.);
#1592=VECTOR('',#5787,10.);
#1593=VECTOR('',#5790,10.);
#1594=VECTOR('',#5795,10.);
#1595=VECTOR('',#5798,10.);
#1596=VECTOR('',#5803,10.);
#1597=VECTOR('',#5808,10.);
#1598=VECTOR('',#5809,10.);
#1599=VECTOR('',#5812,10.);
#1600=VECTOR('',#5815,10.);
#1601=VECTOR('',#5818,10.);
#1602=VECTOR('',#5823,10.);
#1603=VECTOR('',#5826,10.);
#1604=VECTOR('',#5841,10.);
#1605=VECTOR('',#5846,10.);
#1606=VECTOR('',#5867,10.);
#1607=VECTOR('',#5870,10.);
#1608=VECTOR('',#5877,10.);
#1609=VECTOR('',#5880,10.);
#1610=VECTOR('',#5881,10.);
#1611=VECTOR('',#5892,10.);
#1612=VECTOR('',#5903,10.);
#1613=VECTOR('',#5910,10.);
#1614=VECTOR('',#5915,10.);
#1615=VECTOR('',#5916,10.);
#1616=VECTOR('',#5923,10.);
#1617=VECTOR('',#5926,10.);
#1618=VECTOR('',#5931,10.);
#1619=VECTOR('',#5932,10.);
#1620=VECTOR('',#5933,10.);
#1621=VECTOR('',#5936,10.);
#1622=VECTOR('',#5943,10.);
#1623=VECTOR('',#5944,10.);
#1624=VECTOR('',#5947,10.);
#1625=VECTOR('',#5948,10.);
#1626=VECTOR('',#5949,10.);
#1627=VECTOR('',#5952,10.);
#1628=VECTOR('',#5959,10.);
#1629=VECTOR('',#5964,10.);
#1630=VECTOR('',#5967,10.);
#1631=VECTOR('',#5968,10.);
#1632=VECTOR('',#5971,10.);
#1633=VECTOR('',#5974,10.);
#1634=VECTOR('',#5977,10.);
#1635=VECTOR('',#5980,10.);
#1636=VECTOR('',#5983,10.);
#1637=VECTOR('',#5986,10.);
#1638=VECTOR('',#5989,10.);
#1639=VECTOR('',#5994,10.);
#1640=VECTOR('',#5997,10.);
#1641=VECTOR('',#6000,10.);
#1642=VECTOR('',#6001,10.);
#1643=VECTOR('',#6006,10.);
#1644=VECTOR('',#6007,10.);
#1645=VECTOR('',#6010,10.);
#1646=VECTOR('',#6015,10.);
#1647=VECTOR('',#6018,10.);
#1648=VECTOR('',#6019,10.);
#1649=VECTOR('',#6020,10.);
#1650=VECTOR('',#6023,10.);
#1651=VECTOR('',#6028,10.);
#1652=VECTOR('',#6029,10.);
#1653=VECTOR('',#6034,10.);
#1654=VECTOR('',#6035,10.);
#1655=VECTOR('',#6038,10.);
#1656=VECTOR('',#6043,10.);
#1657=VECTOR('',#6046,10.);
#1658=VECTOR('',#6047,10.);
#1659=VECTOR('',#6048,10.);
#1660=VECTOR('',#6051,10.);
#1661=VECTOR('',#6056,10.);
#1662=VECTOR('',#6057,10.);
#1663=VECTOR('',#6058,10.);
#1664=VECTOR('',#6061,10.);
#1665=VECTOR('',#6066,10.);
#1666=VECTOR('',#6067,10.);
#1667=VECTOR('',#6074,10.);
#1668=VECTOR('',#6077,10.);
#1669=VECTOR('',#6080,10.);
#1670=VECTOR('',#6081,10.);
#1671=VECTOR('',#6084,10.);
#1672=VECTOR('',#6085,10.);
#1673=VECTOR('',#6086,10.);
#1674=VECTOR('',#6089,10.);
#1675=VECTOR('',#6094,10.);
#1676=VECTOR('',#6095,10.);
#1677=VECTOR('',#6102,10.);
#1678=VECTOR('',#6105,10.);
#1679=VECTOR('',#6108,10.);
#1680=VECTOR('',#6109,10.);
#1681=VECTOR('',#6112,10.);
#1682=VECTOR('',#6113,10.);
#1683=VECTOR('',#6114,10.);
#1684=VECTOR('',#6117,10.);
#1685=VECTOR('',#6122,10.);
#1686=VECTOR('',#6123,10.);
#1687=VECTOR('',#6130,10.);
#1688=VECTOR('',#6133,10.);
#1689=VECTOR('',#6136,10.);
#1690=VECTOR('',#6137,10.);
#1691=VECTOR('',#6140,10.);
#1692=VECTOR('',#6141,10.);
#1693=VECTOR('',#6142,10.);
#1694=VECTOR('',#6145,10.);
#1695=VECTOR('',#6150,10.);
#1696=VECTOR('',#6151,10.);
#1697=VECTOR('',#6158,10.);
#1698=VECTOR('',#6161,10.);
#1699=VECTOR('',#6164,10.);
#1700=VECTOR('',#6165,10.);
#1701=VECTOR('',#6168,10.);
#1702=VECTOR('',#6169,10.);
#1703=VECTOR('',#6170,10.);
#1704=VECTOR('',#6173,10.);
#1705=VECTOR('',#6178,10.);
#1706=VECTOR('',#6179,10.);
#1707=VECTOR('',#6180,10.);
#1708=VECTOR('',#6191,10.);
#1709=VECTOR('',#6194,10.);
#1710=VECTOR('',#6195,10.);
#1711=VECTOR('',#6196,10.);
#1712=VECTOR('',#6201,10.);
#1713=VECTOR('',#6204,10.);
#1714=VECTOR('',#6207,10.);
#1715=VECTOR('',#6210,10.);
#1716=VECTOR('',#6213,10.);
#1717=VECTOR('',#6216,10.);
#1718=VECTOR('',#6235,10.);
#1719=VECTOR('',#6238,10.);
#1720=VECTOR('',#6241,10.);
#1721=VECTOR('',#6244,10.);
#1722=VECTOR('',#6247,10.);
#1723=VECTOR('',#6250,10.);
#1724=VECTOR('',#6255,10.);
#1725=VECTOR('',#6256,10.);
#1726=VECTOR('',#6257,10.);
#1727=VECTOR('',#6260,10.);
#1728=VECTOR('',#6265,10.);
#1729=VECTOR('',#6270,10.);
#1730=VECTOR('',#6275,10.);
#1731=VECTOR('',#6276,10.);
#1732=VECTOR('',#6277,10.);
#1733=VECTOR('',#6280,10.);
#1734=VECTOR('',#6285,10.);
#1735=VECTOR('',#6290,10.);
#1736=VECTOR('',#6295,10.);
#1737=VECTOR('',#6296,10.);
#1738=VECTOR('',#6297,10.);
#1739=VECTOR('',#6300,10.);
#1740=VECTOR('',#6303,10.);
#1741=VECTOR('',#6310,10.);
#1742=VECTOR('',#6313,10.);
#1743=VECTOR('',#6314,10.);
#1744=VECTOR('',#6315,10.);
#1745=VECTOR('',#6318,10.);
#1746=VECTOR('',#6321,10.);
#1747=VECTOR('',#6328,10.);
#1748=VECTOR('',#6331,10.);
#1749=VECTOR('',#6332,10.);
#1750=VECTOR('',#6333,10.);
#1751=VECTOR('',#6336,10.);
#1752=VECTOR('',#6339,10.);
#1753=VECTOR('',#6346,10.);
#1754=VECTOR('',#6349,10.);
#1755=VECTOR('',#6350,10.);
#1756=VECTOR('',#6351,10.);
#1757=VECTOR('',#6354,10.);
#1758=VECTOR('',#6357,10.);
#1759=VECTOR('',#6364,10.);
#1760=VECTOR('',#6369,10.);
#1761=VECTOR('',#6380,10.);
#1762=VECTOR('',#6383,10.);
#1763=VECTOR('',#6388,10.);
#1764=VECTOR('',#6391,10.);
#1765=VECTOR('',#6396,1.6);
#1766=VECTOR('',#6399,1.6);
#1767=VECTOR('',#6402,1.6);
#1768=VECTOR('',#6405,1.6);
#1769=VECTOR('',#6408,2.40000000000001);
#1770=VECTOR('',#6413,2.10000000000001);
#1771=VECTOR('',#6416,2.4);
#1772=VECTOR('',#6421,2.1);
#1773=VECTOR('',#6424,2.40000000000001);
#1774=VECTOR('',#6429,2.10000000000001);
#1775=VECTOR('',#6432,2.4);
#1776=VECTOR('',#6437,2.10000000000001);
#1777=VECTOR('',#6440,10.);
#1778=VECTOR('',#6441,10.);
#1779=VECTOR('',#6444,10.);
#1780=VECTOR('',#6447,10.);
#1781=VECTOR('',#6450,10.);
#1782=VECTOR('',#6453,10.);
#1783=VECTOR('',#6458,2.40000000000001);
#1784=VECTOR('',#6463,2.10000000000001);
#1785=VECTOR('',#6466,2.4);
#1786=VECTOR('',#6471,2.1);
#1787=VERTEX_POINT('',#6474);
#1788=VERTEX_POINT('',#6475);
#1789=VERTEX_POINT('',#6477);
#1790=VERTEX_POINT('',#6479);
#1791=VERTEX_POINT('',#6483);
#1792=VERTEX_POINT('',#6485);
#1793=VERTEX_POINT('',#6489);
#1794=VERTEX_POINT('',#6490);
#1795=VERTEX_POINT('',#6495);
#1796=VERTEX_POINT('',#6497);
#1797=VERTEX_POINT('',#6501);
#1798=VERTEX_POINT('',#6502);
#1799=VERTEX_POINT('',#6507);
#1800=VERTEX_POINT('',#6509);
#1801=VERTEX_POINT('',#6513);
#1802=VERTEX_POINT('',#6514);
#1803=VERTEX_POINT('',#6522);
#1804=VERTEX_POINT('',#6524);
#1805=VERTEX_POINT('',#6528);
#1806=VERTEX_POINT('',#6532);
#1807=VERTEX_POINT('',#6536);
#1808=VERTEX_POINT('',#6538);
#1809=VERTEX_POINT('',#6540);
#1810=VERTEX_POINT('',#6542);
#1811=VERTEX_POINT('',#6544);
#1812=VERTEX_POINT('',#6546);
#1813=VERTEX_POINT('',#6548);
#1814=VERTEX_POINT('',#6550);
#1815=VERTEX_POINT('',#6552);
#1816=VERTEX_POINT('',#6554);
#1817=VERTEX_POINT('',#6556);
#1818=VERTEX_POINT('',#6558);
#1819=VERTEX_POINT('',#6560);
#1820=VERTEX_POINT('',#6562);
#1821=VERTEX_POINT('',#6564);
#1822=VERTEX_POINT('',#6568);
#1823=VERTEX_POINT('',#6569);
#1824=VERTEX_POINT('',#6571);
#1825=VERTEX_POINT('',#6573);
#1826=VERTEX_POINT('',#6575);
#1827=VERTEX_POINT('',#6577);
#1828=VERTEX_POINT('',#6580);
#1829=VERTEX_POINT('',#6582);
#1830=VERTEX_POINT('',#6584);
#1831=VERTEX_POINT('',#6586);
#1832=VERTEX_POINT('',#6588);
#1833=VERTEX_POINT('',#6590);
#1834=VERTEX_POINT('',#6593);
#1835=VERTEX_POINT('',#6597);
#1836=VERTEX_POINT('',#6601);
#1837=VERTEX_POINT('',#6610);
#1838=VERTEX_POINT('',#6621);
#1839=VERTEX_POINT('',#6623);
#1840=VERTEX_POINT('',#6625);
#1841=VERTEX_POINT('',#6631);
#1842=VERTEX_POINT('',#6633);
#1843=VERTEX_POINT('',#6642);
#1844=VERTEX_POINT('',#6646);
#1845=VERTEX_POINT('',#6650);
#1846=VERTEX_POINT('',#6651);
#1847=VERTEX_POINT('',#6655);
#1848=VERTEX_POINT('',#6657);
#1849=VERTEX_POINT('',#6661);
#1850=VERTEX_POINT('',#6670);
#1851=VERTEX_POINT('',#6681);
#1852=VERTEX_POINT('',#6683);
#1853=VERTEX_POINT('',#6687);
#1854=VERTEX_POINT('',#6689);
#1855=VERTEX_POINT('',#6691);
#1856=VERTEX_POINT('',#6702);
#1857=VERTEX_POINT('',#6704);
#1858=VERTEX_POINT('',#6708);
#1859=VERTEX_POINT('',#6712);
#1860=VERTEX_POINT('',#6714);
#1861=VERTEX_POINT('',#6718);
#1862=VERTEX_POINT('',#6727);
#1863=VERTEX_POINT('',#6738);
#1864=VERTEX_POINT('',#6740);
#1865=VERTEX_POINT('',#6749);
#1866=VERTEX_POINT('',#6753);
#1867=VERTEX_POINT('',#6757);
#1868=VERTEX_POINT('',#6758);
#1869=VERTEX_POINT('',#6762);
#1870=VERTEX_POINT('',#6764);
#1871=VERTEX_POINT('',#6768);
#1872=VERTEX_POINT('',#6777);
#1873=VERTEX_POINT('',#6788);
#1874=VERTEX_POINT('',#6790);
#1875=VERTEX_POINT('',#6792);
#1876=VERTEX_POINT('',#6794);
#1877=VERTEX_POINT('',#6805);
#1878=VERTEX_POINT('',#6807);
#1879=VERTEX_POINT('',#6811);
#1880=VERTEX_POINT('',#6815);
#1881=VERTEX_POINT('',#6817);
#1882=VERTEX_POINT('',#6819);
#1883=VERTEX_POINT('',#6821);
#1884=VERTEX_POINT('',#6823);
#1885=VERTEX_POINT('',#6825);
#1886=VERTEX_POINT('',#6827);
#1887=VERTEX_POINT('',#6829);
#1888=VERTEX_POINT('',#6831);
#1889=VERTEX_POINT('',#6833);
#1890=VERTEX_POINT('',#6835);
#1891=VERTEX_POINT('',#6840);
#1892=VERTEX_POINT('',#6844);
#1893=VERTEX_POINT('',#6853);
#1894=VERTEX_POINT('',#6864);
#1895=VERTEX_POINT('',#6868);
#1896=VERTEX_POINT('',#6870);
#1897=VERTEX_POINT('',#6874);
#1898=VERTEX_POINT('',#6878);
#1899=VERTEX_POINT('',#6887);
#1900=VERTEX_POINT('',#6898);
#1901=VERTEX_POINT('',#6900);
#1902=VERTEX_POINT('',#6902);
#1903=VERTEX_POINT('',#6904);
#1904=VERTEX_POINT('',#6915);
#1905=VERTEX_POINT('',#6919);
#1906=VERTEX_POINT('',#6923);
#1907=VERTEX_POINT('',#6927);
#1908=VERTEX_POINT('',#6936);
#1909=VERTEX_POINT('',#6947);
#1910=VERTEX_POINT('',#6951);
#1911=VERTEX_POINT('',#6953);
#1912=VERTEX_POINT('',#6957);
#1913=VERTEX_POINT('',#6961);
#1914=VERTEX_POINT('',#6970);
#1915=VERTEX_POINT('',#6981);
#1916=VERTEX_POINT('',#6983);
#1917=VERTEX_POINT('',#6992);
#1918=VERTEX_POINT('',#6996);
#1919=VERTEX_POINT('',#7000);
#1920=VERTEX_POINT('',#7001);
#1921=VERTEX_POINT('',#7005);
#1922=VERTEX_POINT('',#7019);
#1923=VERTEX_POINT('',#7021);
#1924=VERTEX_POINT('',#7025);
#1925=VERTEX_POINT('',#7029);
#1926=VERTEX_POINT('',#7031);
#1927=VERTEX_POINT('',#7033);
#1928=VERTEX_POINT('',#7035);
#1929=VERTEX_POINT('',#7037);
#1930=VERTEX_POINT('',#7039);
#1931=VERTEX_POINT('',#7041);
#1932=VERTEX_POINT('',#7043);
#1933=VERTEX_POINT('',#7045);
#1934=VERTEX_POINT('',#7047);
#1935=VERTEX_POINT('',#7049);
#1936=VERTEX_POINT('',#7052);
#1937=VERTEX_POINT('',#7056);
#1938=VERTEX_POINT('',#7058);
#1939=VERTEX_POINT('',#7062);
#1940=VERTEX_POINT('',#7066);
#1941=VERTEX_POINT('',#7075);
#1942=VERTEX_POINT('',#7087);
#1943=VERTEX_POINT('',#7096);
#1944=VERTEX_POINT('',#7100);
#1945=VERTEX_POINT('',#7111);
#1946=VERTEX_POINT('',#7115);
#1947=VERTEX_POINT('',#7117);
#1948=VERTEX_POINT('',#7121);
#1949=VERTEX_POINT('',#7125);
#1950=VERTEX_POINT('',#7134);
#1951=VERTEX_POINT('',#7146);
#1952=VERTEX_POINT('',#7155);
#1953=VERTEX_POINT('',#7159);
#1954=VERTEX_POINT('',#7170);
#1955=VERTEX_POINT('',#7174);
#1956=VERTEX_POINT('',#7176);
#1957=VERTEX_POINT('',#7197);
#1958=VERTEX_POINT('',#7210);
#1959=VERTEX_POINT('',#7211);
#1960=VERTEX_POINT('',#7215);
#1961=VERTEX_POINT('',#7217);
#1962=VERTEX_POINT('',#7221);
#1963=VERTEX_POINT('',#7230);
#1964=VERTEX_POINT('',#7241);
#1965=VERTEX_POINT('',#7243);
#1966=VERTEX_POINT('',#7248);
#1967=VERTEX_POINT('',#7252);
#1968=VERTEX_POINT('',#7254);
#1969=VERTEX_POINT('',#7256);
#1970=VERTEX_POINT('',#7258);
#1971=VERTEX_POINT('',#7260);
#1972=VERTEX_POINT('',#7262);
#1973=VERTEX_POINT('',#7264);
#1974=VERTEX_POINT('',#7266);
#1975=VERTEX_POINT('',#7268);
#1976=VERTEX_POINT('',#7270);
#1977=VERTEX_POINT('',#7272);
#1978=VERTEX_POINT('',#7274);
#1979=VERTEX_POINT('',#7276);
#1980=VERTEX_POINT('',#7278);
#1981=VERTEX_POINT('',#7280);
#1982=VERTEX_POINT('',#7284);
#1983=VERTEX_POINT('',#7286);
#1984=VERTEX_POINT('',#7288);
#1985=VERTEX_POINT('',#7294);
#1986=VERTEX_POINT('',#7298);
#1987=VERTEX_POINT('',#7307);
#1988=VERTEX_POINT('',#7318);
#1989=VERTEX_POINT('',#7320);
#1990=VERTEX_POINT('',#7322);
#1991=VERTEX_POINT('',#7328);
#1992=VERTEX_POINT('',#7330);
#1993=VERTEX_POINT('',#7339);
#1994=VERTEX_POINT('',#7343);
#1995=VERTEX_POINT('',#7347);
#1996=VERTEX_POINT('',#7351);
#1997=VERTEX_POINT('',#7360);
#1998=VERTEX_POINT('',#7371);
#1999=VERTEX_POINT('',#7373);
#2000=VERTEX_POINT('',#7375);
#2001=VERTEX_POINT('',#7381);
#2002=VERTEX_POINT('',#7383);
#2003=VERTEX_POINT('',#7392);
#2004=VERTEX_POINT('',#7396);
#2005=VERTEX_POINT('',#7400);
#2006=VERTEX_POINT('',#7404);
#2007=VERTEX_POINT('',#7413);
#2008=VERTEX_POINT('',#7424);
#2009=VERTEX_POINT('',#7431);
#2010=VERTEX_POINT('',#7443);
#2011=VERTEX_POINT('',#7447);
#2012=VERTEX_POINT('',#7460);
#2013=VERTEX_POINT('',#7462);
#2014=VERTEX_POINT('',#7464);
#2015=VERTEX_POINT('',#7470);
#2016=VERTEX_POINT('',#7474);
#2017=VERTEX_POINT('',#7483);
#2018=VERTEX_POINT('',#7494);
#2019=VERTEX_POINT('',#7496);
#2020=VERTEX_POINT('',#7498);
#2021=VERTEX_POINT('',#7504);
#2022=VERTEX_POINT('',#7506);
#2023=VERTEX_POINT('',#7515);
#2024=VERTEX_POINT('',#7519);
#2025=VERTEX_POINT('',#7523);
#2026=VERTEX_POINT('',#7527);
#2027=VERTEX_POINT('',#7536);
#2028=VERTEX_POINT('',#7547);
#2029=VERTEX_POINT('',#7549);
#2030=VERTEX_POINT('',#7551);
#2031=VERTEX_POINT('',#7565);
#2032=VERTEX_POINT('',#7569);
#2033=VERTEX_POINT('',#7587);
#2034=VERTEX_POINT('',#7600);
#2035=VERTEX_POINT('',#7613);
#2036=VERTEX_POINT('',#7629);
#2037=VERTEX_POINT('',#7638);
#2038=VERTEX_POINT('',#7642);
#2039=VERTEX_POINT('',#7646);
#2040=VERTEX_POINT('',#7655);
#2041=VERTEX_POINT('',#7667);
#2042=VERTEX_POINT('',#7671);
#2043=VERTEX_POINT('',#7675);
#2044=VERTEX_POINT('',#7688);
#2045=VERTEX_POINT('',#7694);
#2046=VERTEX_POINT('',#7696);
#2047=VERTEX_POINT('',#7700);
#2048=VERTEX_POINT('',#7707);
#2049=VERTEX_POINT('',#7711);
#2050=VERTEX_POINT('',#7715);
#2051=VERTEX_POINT('',#7717);
#2052=VERTEX_POINT('',#7720);
#2053=VERTEX_POINT('',#7722);
#2054=VERTEX_POINT('',#7724);
#2055=VERTEX_POINT('',#7727);
#2056=VERTEX_POINT('',#7729);
#2057=VERTEX_POINT('',#7732);
#2058=VERTEX_POINT('',#7738);
#2059=VERTEX_POINT('',#7748);
#2060=VERTEX_POINT('',#7752);
#2061=VERTEX_POINT('',#7760);
#2062=VERTEX_POINT('',#7764);
#2063=VERTEX_POINT('',#7771);
#2064=VERTEX_POINT('',#7773);
#2065=VERTEX_POINT('',#7777);
#2066=VERTEX_POINT('',#7794);
#2067=VERTEX_POINT('',#7806);
#2068=VERTEX_POINT('',#7808);
#2069=VERTEX_POINT('',#7811);
#2070=VERTEX_POINT('',#7813);
#2071=VERTEX_POINT('',#7816);
#2072=VERTEX_POINT('',#7818);
#2073=VERTEX_POINT('',#7832);
#2074=VERTEX_POINT('',#7836);
#2075=VERTEX_POINT('',#7842);
#2076=VERTEX_POINT('',#7849);
#2077=VERTEX_POINT('',#7858);
#2078=VERTEX_POINT('',#7865);
#2079=VERTEX_POINT('',#7874);
#2080=VERTEX_POINT('',#7878);
#2081=VERTEX_POINT('',#7884);
#2082=VERTEX_POINT('',#7885);
#2083=VERTEX_POINT('',#7887);
#2084=VERTEX_POINT('',#7889);
#2085=VERTEX_POINT('',#7893);
#2086=VERTEX_POINT('',#7894);
#2087=VERTEX_POINT('',#7899);
#2088=VERTEX_POINT('',#7900);
#2089=VERTEX_POINT('',#7908);
#2090=VERTEX_POINT('',#7910);
#2091=VERTEX_POINT('',#7914);
#2092=VERTEX_POINT('',#7918);
#2093=VERTEX_POINT('',#7920);
#2094=VERTEX_POINT('',#7923);
#2095=VERTEX_POINT('',#7924);
#2096=VERTEX_POINT('',#7926);
#2097=VERTEX_POINT('',#7928);
#2098=VERTEX_POINT('',#7931);
#2099=VERTEX_POINT('',#7932);
#2100=VERTEX_POINT('',#7934);
#2101=VERTEX_POINT('',#7936);
#2102=VERTEX_POINT('',#7939);
#2103=VERTEX_POINT('',#7940);
#2104=VERTEX_POINT('',#7942);
#2105=VERTEX_POINT('',#7944);
#2106=VERTEX_POINT('',#7947);
#2107=VERTEX_POINT('',#7948);
#2108=VERTEX_POINT('',#7950);
#2109=VERTEX_POINT('',#7952);
#2110=VERTEX_POINT('',#7955);
#2111=VERTEX_POINT('',#7956);
#2112=VERTEX_POINT('',#7958);
#2113=VERTEX_POINT('',#7960);
#2114=VERTEX_POINT('',#7963);
#2115=VERTEX_POINT('',#7964);
#2116=VERTEX_POINT('',#7966);
#2117=VERTEX_POINT('',#7968);
#2118=VERTEX_POINT('',#7972);
#2119=VERTEX_POINT('',#7974);
#2120=VERTEX_POINT('',#7978);
#2121=VERTEX_POINT('',#7982);
#2122=VERTEX_POINT('',#7988);
#2123=VERTEX_POINT('',#7990);
#2124=VERTEX_POINT('',#7994);
#2125=VERTEX_POINT('',#7998);
#2126=VERTEX_POINT('',#8000);
#2127=VERTEX_POINT('',#8004);
#2128=VERTEX_POINT('',#8008);
#2129=VERTEX_POINT('',#8014);
#2130=VERTEX_POINT('',#8016);
#2131=VERTEX_POINT('',#8020);
#2132=VERTEX_POINT('',#8024);
#2133=VERTEX_POINT('',#8026);
#2134=VERTEX_POINT('',#8030);
#2135=VERTEX_POINT('',#8034);
#2136=VERTEX_POINT('',#8040);
#2137=VERTEX_POINT('',#8042);
#2138=VERTEX_POINT('',#8046);
#2139=VERTEX_POINT('',#8050);
#2140=VERTEX_POINT('',#8052);
#2141=VERTEX_POINT('',#8056);
#2142=VERTEX_POINT('',#8060);
#2143=VERTEX_POINT('',#8066);
#2144=VERTEX_POINT('',#8068);
#2145=VERTEX_POINT('',#8072);
#2146=VERTEX_POINT('',#8076);
#2147=VERTEX_POINT('',#8078);
#2148=VERTEX_POINT('',#8082);
#2149=VERTEX_POINT('',#8086);
#2150=VERTEX_POINT('',#8092);
#2151=VERTEX_POINT('',#8094);
#2152=VERTEX_POINT('',#8098);
#2153=VERTEX_POINT('',#8102);
#2154=VERTEX_POINT('',#8104);
#2155=VERTEX_POINT('',#8108);
#2156=VERTEX_POINT('',#8112);
#2157=VERTEX_POINT('',#8118);
#2158=VERTEX_POINT('',#8120);
#2159=VERTEX_POINT('',#8124);
#2160=VERTEX_POINT('',#8128);
#2161=VERTEX_POINT('',#8130);
#2162=VERTEX_POINT('',#8134);
#2163=VERTEX_POINT('',#8138);
#2164=VERTEX_POINT('',#8139);
#2165=VERTEX_POINT('',#8147);
#2166=VERTEX_POINT('',#8148);
#2167=VERTEX_POINT('',#8150);
#2168=VERTEX_POINT('',#8152);
#2169=VERTEX_POINT('',#8154);
#2170=VERTEX_POINT('',#8156);
#2171=VERTEX_POINT('',#8159);
#2172=VERTEX_POINT('',#8161);
#2173=VERTEX_POINT('',#8163);
#2174=VERTEX_POINT('',#8164);
#2175=VERTEX_POINT('',#8166);
#2176=VERTEX_POINT('',#8168);
#2177=VERTEX_POINT('',#8171);
#2178=VERTEX_POINT('',#8172);
#2179=VERTEX_POINT('',#8174);
#2180=VERTEX_POINT('',#8176);
#2181=VERTEX_POINT('',#8179);
#2182=VERTEX_POINT('',#8180);
#2183=VERTEX_POINT('',#8182);
#2184=VERTEX_POINT('',#8184);
#2185=VERTEX_POINT('',#8187);
#2186=VERTEX_POINT('',#8189);
#2187=VERTEX_POINT('',#8191);
#2188=VERTEX_POINT('',#8193);
#2189=VERTEX_POINT('',#8195);
#2190=VERTEX_POINT('',#8197);
#2191=VERTEX_POINT('',#8199);
#2192=VERTEX_POINT('',#8201);
#2193=VERTEX_POINT('',#8203);
#2194=VERTEX_POINT('',#8204);
#2195=VERTEX_POINT('',#8206);
#2196=VERTEX_POINT('',#8208);
#2197=VERTEX_POINT('',#8211);
#2198=VERTEX_POINT('',#8212);
#2199=VERTEX_POINT('',#8214);
#2200=VERTEX_POINT('',#8216);
#2201=VERTEX_POINT('',#8219);
#2202=VERTEX_POINT('',#8220);
#2203=VERTEX_POINT('',#8222);
#2204=VERTEX_POINT('',#8224);
#2205=VERTEX_POINT('',#8228);
#2206=VERTEX_POINT('',#8242);
#2207=VERTEX_POINT('',#8257);
#2208=VERTEX_POINT('',#8270);
#2209=VERTEX_POINT('',#8283);
#2210=VERTEX_POINT('',#8296);
#2211=VERTEX_POINT('',#8333);
#2212=VERTEX_POINT('',#8339);
#2213=VERTEX_POINT('',#8345);
#2214=VERTEX_POINT('',#8351);
#2215=VERTEX_POINT('',#8369);
#2216=VERTEX_POINT('',#8375);
#2217=EDGE_CURVE('',#1787,#1788,#1103,.T.);
#2218=EDGE_CURVE('',#1788,#1789,#1104,.T.);
#2219=EDGE_CURVE('',#1789,#1790,#1105,.T.);
#2220=EDGE_CURVE('',#1790,#1787,#1106,.T.);
#2221=EDGE_CURVE('',#1787,#1791,#302,.T.);
#2222=EDGE_CURVE('',#1791,#1792,#1107,.T.);
#2223=EDGE_CURVE('',#1792,#1788,#303,.T.);
#2224=EDGE_CURVE('',#1793,#1794,#1108,.T.);
#2225=EDGE_CURVE('',#1794,#1792,#1109,.T.);
#2226=EDGE_CURVE('',#1791,#1793,#1110,.T.);
#2227=EDGE_CURVE('',#1793,#1795,#304,.T.);
#2228=EDGE_CURVE('',#1795,#1796,#1111,.T.);
#2229=EDGE_CURVE('',#1796,#1794,#305,.T.);
#2230=EDGE_CURVE('',#1797,#1798,#1112,.T.);
#2231=EDGE_CURVE('',#1798,#1796,#1113,.T.);
#2232=EDGE_CURVE('',#1795,#1797,#1114,.T.);
#2233=EDGE_CURVE('',#1797,#1799,#306,.T.);
#2234=EDGE_CURVE('',#1799,#1800,#1115,.T.);
#2235=EDGE_CURVE('',#1800,#1798,#307,.T.);
#2236=EDGE_CURVE('',#1801,#1802,#1116,.T.);
#2237=EDGE_CURVE('',#1802,#1800,#1117,.T.);
#2238=EDGE_CURVE('',#1799,#1801,#1118,.T.);
#2239=EDGE_CURVE('',#1801,#1790,#308,.T.);
#2240=EDGE_CURVE('',#1789,#1802,#309,.T.);
#2241=EDGE_CURVE('',#1793,#1803,#1119,.T.);
#2242=EDGE_CURVE('',#1804,#1803,#310,.T.);
#2243=EDGE_CURVE('',#1804,#1795,#1120,.T.);
#2244=EDGE_CURVE('',#1805,#1791,#1121,.T.);
#2245=EDGE_CURVE('',#1803,#1805,#1122,.T.);
#2246=EDGE_CURVE('',#1787,#1806,#1123,.T.);
#2247=EDGE_CURVE('',#1805,#1806,#311,.T.);
#2248=EDGE_CURVE('',#1807,#1790,#1124,.T.);
#2249=EDGE_CURVE('',#1808,#1807,#1125,.T.);
#2250=EDGE_CURVE('',#1809,#1808,#312,.T.);
#2251=EDGE_CURVE('',#1810,#1809,#1126,.T.);
#2252=EDGE_CURVE('',#1811,#1810,#313,.T.);
#2253=EDGE_CURVE('',#1812,#1811,#1127,.T.);
#2254=EDGE_CURVE('',#1813,#1812,#314,.T.);
#2255=EDGE_CURVE('',#1814,#1813,#1128,.T.);
#2256=EDGE_CURVE('',#1815,#1814,#315,.T.);
#2257=EDGE_CURVE('',#1816,#1815,#1129,.T.);
#2258=EDGE_CURVE('',#1817,#1816,#316,.T.);
#2259=EDGE_CURVE('',#1818,#1817,#1130,.T.);
#2260=EDGE_CURVE('',#1819,#1818,#317,.T.);
#2261=EDGE_CURVE('',#1820,#1819,#1131,.T.);
#2262=EDGE_CURVE('',#1821,#1820,#318,.T.);
#2263=EDGE_CURVE('',#1806,#1821,#1132,.T.);
#2264=EDGE_CURVE('',#1822,#1823,#1133,.T.);
#2265=EDGE_CURVE('',#1823,#1824,#319,.T.);
#2266=EDGE_CURVE('',#1824,#1825,#1134,.F.);
#2267=EDGE_CURVE('',#1825,#1826,#1135,.F.);
#2268=EDGE_CURVE('',#1826,#1827,#1136,.F.);
#2269=EDGE_CURVE('',#1827,#1822,#320,.T.);
#2270=EDGE_CURVE('',#1828,#1828,#321,.T.);
#2271=EDGE_CURVE('',#1829,#1829,#322,.T.);
#2272=EDGE_CURVE('',#1830,#1830,#323,.T.);
#2273=EDGE_CURVE('',#1831,#1831,#324,.T.);
#2274=EDGE_CURVE('',#1832,#1832,#325,.T.);
#2275=EDGE_CURVE('',#1833,#1833,#326,.T.);
#2276=EDGE_CURVE('',#1834,#1813,#135,.T.);
#2277=EDGE_CURVE('',#1812,#1835,#136,.T.);
#2278=EDGE_CURVE('',#1836,#1835,#71,.T.);
#2279=EDGE_CURVE('',#1836,#1837,#327,.T.);
#2280=EDGE_CURVE('',#1834,#1837,#72,.T.);
#2281=EDGE_CURVE('',#1838,#1834,#15,.T.);
#2282=EDGE_CURVE('',#1838,#1839,#1137,.T.);
#2283=EDGE_CURVE('',#1840,#1839,#16,.T.);
#2284=EDGE_CURVE('',#1814,#1840,#137,.T.);
#2285=EDGE_CURVE('',#1837,#1841,#1138,.T.);
#2286=EDGE_CURVE('',#1841,#1842,#73,.T.);
#2287=EDGE_CURVE('',#1842,#1843,#17,.T.);
#2288=EDGE_CURVE('',#1843,#1838,#1139,.T.);
#2289=EDGE_CURVE('',#1844,#1836,#1140,.T.);
#2290=EDGE_CURVE('',#1841,#1844,#328,.T.);
#2291=EDGE_CURVE('',#1845,#1846,#138,.T.);
#2292=EDGE_CURVE('',#1846,#1847,#329,.T.);
#2293=EDGE_CURVE('',#1847,#1848,#139,.T.);
#2294=EDGE_CURVE('',#1849,#1848,#74,.T.);
#2295=EDGE_CURVE('',#1849,#1850,#330,.T.);
#2296=EDGE_CURVE('',#1845,#1850,#75,.T.);
#2297=EDGE_CURVE('',#1851,#1849,#1141,.T.);
#2298=EDGE_CURVE('',#1852,#1851,#331,.T.);
#2299=EDGE_CURVE('',#1850,#1852,#1142,.T.);
#2300=EDGE_CURVE('',#1848,#1853,#18,.T.);
#2301=EDGE_CURVE('',#1853,#1854,#1143,.T.);
#2302=EDGE_CURVE('',#1854,#1855,#19,.T.);
#2303=EDGE_CURVE('',#1855,#1851,#76,.T.);
#2304=EDGE_CURVE('',#1847,#1856,#1144,.T.);
#2305=EDGE_CURVE('',#1857,#1856,#140,.T.);
#2306=EDGE_CURVE('',#1858,#1857,#20,.T.);
#2307=EDGE_CURVE('',#1858,#1853,#1145,.T.);
#2308=EDGE_CURVE('',#1856,#1859,#332,.T.);
#2309=EDGE_CURVE('',#1859,#1860,#141,.T.);
#2310=EDGE_CURVE('',#1861,#1860,#77,.T.);
#2311=EDGE_CURVE('',#1861,#1862,#333,.T.);
#2312=EDGE_CURVE('',#1857,#1862,#78,.T.);
#2313=EDGE_CURVE('',#1862,#1863,#1146,.T.);
#2314=EDGE_CURVE('',#1863,#1864,#79,.T.);
#2315=EDGE_CURVE('',#1864,#1865,#21,.T.);
#2316=EDGE_CURVE('',#1865,#1858,#1147,.T.);
#2317=EDGE_CURVE('',#1866,#1861,#1148,.T.);
#2318=EDGE_CURVE('',#1863,#1866,#334,.T.);
#2319=EDGE_CURVE('',#1867,#1868,#142,.T.);
#2320=EDGE_CURVE('',#1868,#1869,#335,.T.);
#2321=EDGE_CURVE('',#1869,#1870,#143,.T.);
#2322=EDGE_CURVE('',#1871,#1870,#80,.T.);
#2323=EDGE_CURVE('',#1871,#1872,#336,.T.);
#2324=EDGE_CURVE('',#1867,#1872,#81,.T.);
#2325=EDGE_CURVE('',#1870,#1873,#22,.T.);
#2326=EDGE_CURVE('',#1873,#1874,#1149,.T.);
#2327=EDGE_CURVE('',#1874,#1875,#23,.T.);
#2328=EDGE_CURVE('',#1875,#1876,#82,.T.);
#2329=EDGE_CURVE('',#1876,#1871,#1150,.T.);
#2330=EDGE_CURVE('',#1869,#1877,#1151,.T.);
#2331=EDGE_CURVE('',#1878,#1877,#144,.T.);
#2332=EDGE_CURVE('',#1879,#1878,#24,.T.);
#2333=EDGE_CURVE('',#1879,#1873,#1152,.T.);
#2334=EDGE_CURVE('',#1880,#1846,#1153,.T.);
#2335=EDGE_CURVE('',#1881,#1880,#1154,.T.);
#2336=EDGE_CURVE('',#1882,#1881,#1155,.T.);
#2337=EDGE_CURVE('',#1882,#1883,#1156,.T.);
#2338=EDGE_CURVE('',#1884,#1883,#1157,.T.);
#2339=EDGE_CURVE('',#1885,#1884,#337,.T.);
#2340=EDGE_CURVE('',#1886,#1885,#1158,.T.);
#2341=EDGE_CURVE('',#1887,#1886,#338,.T.);
#2342=EDGE_CURVE('',#1888,#1887,#1159,.T.);
#2343=EDGE_CURVE('',#1889,#1888,#339,.T.);
#2344=EDGE_CURVE('',#1890,#1889,#1160,.T.);
#2345=EDGE_CURVE('',#1877,#1890,#340,.T.);
#2346=EDGE_CURVE('',#1859,#1868,#1161,.T.);
#2347=EDGE_CURVE('',#1890,#1891,#145,.T.);
#2348=EDGE_CURVE('',#1892,#1891,#83,.T.);
#2349=EDGE_CURVE('',#1892,#1893,#341,.T.);
#2350=EDGE_CURVE('',#1878,#1893,#84,.T.);
#2351=EDGE_CURVE('',#1894,#1889,#146,.T.);
#2352=EDGE_CURVE('',#1895,#1894,#25,.T.);
#2353=EDGE_CURVE('',#1895,#1896,#1162,.T.);
#2354=EDGE_CURVE('',#1891,#1896,#26,.T.);
#2355=EDGE_CURVE('',#1888,#1897,#147,.T.);
#2356=EDGE_CURVE('',#1898,#1897,#85,.T.);
#2357=EDGE_CURVE('',#1898,#1899,#342,.T.);
#2358=EDGE_CURVE('',#1894,#1899,#86,.T.);
#2359=EDGE_CURVE('',#1897,#1900,#27,.T.);
#2360=EDGE_CURVE('',#1900,#1901,#1163,.T.);
#2361=EDGE_CURVE('',#1901,#1902,#28,.T.);
#2362=EDGE_CURVE('',#1902,#1903,#87,.T.);
#2363=EDGE_CURVE('',#1903,#1898,#1164,.T.);
#2364=EDGE_CURVE('',#1904,#1887,#148,.T.);
#2365=EDGE_CURVE('',#1905,#1904,#29,.T.);
#2366=EDGE_CURVE('',#1905,#1900,#1165,.T.);
#2367=EDGE_CURVE('',#1886,#1906,#149,.T.);
#2368=EDGE_CURVE('',#1907,#1906,#88,.T.);
#2369=EDGE_CURVE('',#1907,#1908,#343,.T.);
#2370=EDGE_CURVE('',#1904,#1908,#89,.T.);
#2371=EDGE_CURVE('',#1909,#1885,#150,.T.);
#2372=EDGE_CURVE('',#1910,#1909,#30,.T.);
#2373=EDGE_CURVE('',#1910,#1911,#1166,.T.);
#2374=EDGE_CURVE('',#1906,#1911,#31,.T.);
#2375=EDGE_CURVE('',#1884,#1912,#151,.T.);
#2376=EDGE_CURVE('',#1913,#1912,#90,.T.);
#2377=EDGE_CURVE('',#1913,#1914,#344,.T.);
#2378=EDGE_CURVE('',#1909,#1914,#91,.T.);
#2379=EDGE_CURVE('',#1914,#1915,#1167,.T.);
#2380=EDGE_CURVE('',#1915,#1916,#92,.T.);
#2381=EDGE_CURVE('',#1916,#1917,#32,.T.);
#2382=EDGE_CURVE('',#1917,#1910,#1168,.T.);
#2383=EDGE_CURVE('',#1918,#1913,#1169,.T.);
#2384=EDGE_CURVE('',#1915,#1918,#345,.T.);
#2385=EDGE_CURVE('',#1919,#1920,#152,.T.);
#2386=EDGE_CURVE('',#1920,#1921,#346,.T.);
#2387=EDGE_CURVE('',#1921,#1916,#153,.T.);
#2388=EDGE_CURVE('',#1919,#1918,#93,.T.);
#2389=EDGE_CURVE('',#1921,#1922,#1170,.T.);
#2390=EDGE_CURVE('',#1923,#1922,#154,.T.);
#2391=EDGE_CURVE('',#1924,#1923,#33,.T.);
#2392=EDGE_CURVE('',#1924,#1917,#1171,.T.);
#2393=EDGE_CURVE('',#1925,#1804,#1172,.T.);
#2394=EDGE_CURVE('',#1926,#1925,#347,.T.);
#2395=EDGE_CURVE('',#1927,#1926,#1173,.T.);
#2396=EDGE_CURVE('',#1928,#1927,#348,.T.);
#2397=EDGE_CURVE('',#1929,#1928,#1174,.T.);
#2398=EDGE_CURVE('',#1930,#1929,#349,.T.);
#2399=EDGE_CURVE('',#1931,#1930,#1175,.T.);
#2400=EDGE_CURVE('',#1932,#1931,#350,.T.);
#2401=EDGE_CURVE('',#1933,#1932,#1176,.T.);
#2402=EDGE_CURVE('',#1934,#1933,#351,.T.);
#2403=EDGE_CURVE('',#1935,#1934,#1177,.T.);
#2404=EDGE_CURVE('',#1922,#1935,#352,.T.);
#2405=EDGE_CURVE('',#1936,#1920,#1178,.T.);
#2406=EDGE_CURVE('',#1797,#1936,#1179,.T.);
#2407=EDGE_CURVE('',#1937,#1919,#34,.T.);
#2408=EDGE_CURVE('',#1937,#1938,#1180,.T.);
#2409=EDGE_CURVE('',#1938,#1936,#1181,.T.);
#2410=EDGE_CURVE('',#1935,#1939,#155,.T.);
#2411=EDGE_CURVE('',#1940,#1939,#94,.T.);
#2412=EDGE_CURVE('',#1940,#1941,#353,.T.);
#2413=EDGE_CURVE('',#1923,#1941,#95,.T.);
#2414=EDGE_CURVE('',#1908,#1940,#1182,.T.);
#2415=EDGE_CURVE('',#1939,#1942,#35,.T.);
#2416=EDGE_CURVE('',#1942,#1905,#1183,.T.);
#2417=EDGE_CURVE('',#1902,#1934,#156,.T.);
#2418=EDGE_CURVE('',#1901,#1942,#1184,.T.);
#2419=EDGE_CURVE('',#1933,#1943,#157,.T.);
#2420=EDGE_CURVE('',#1944,#1943,#96,.T.);
#2421=EDGE_CURVE('',#1944,#1903,#354,.T.);
#2422=EDGE_CURVE('',#1945,#1932,#158,.T.);
#2423=EDGE_CURVE('',#1946,#1945,#36,.T.);
#2424=EDGE_CURVE('',#1946,#1947,#1185,.T.);
#2425=EDGE_CURVE('',#1943,#1947,#37,.T.);
#2426=EDGE_CURVE('',#1931,#1948,#159,.T.);
#2427=EDGE_CURVE('',#1949,#1948,#97,.T.);
#2428=EDGE_CURVE('',#1949,#1950,#355,.T.);
#2429=EDGE_CURVE('',#1945,#1950,#98,.T.);
#2430=EDGE_CURVE('',#1893,#1949,#1186,.T.);
#2431=EDGE_CURVE('',#1948,#1951,#38,.T.);
#2432=EDGE_CURVE('',#1951,#1879,#1187,.T.);
#2433=EDGE_CURVE('',#1875,#1930,#160,.T.);
#2434=EDGE_CURVE('',#1874,#1951,#1188,.T.);
#2435=EDGE_CURVE('',#1929,#1952,#161,.T.);
#2436=EDGE_CURVE('',#1953,#1952,#99,.T.);
#2437=EDGE_CURVE('',#1953,#1876,#356,.T.);
#2438=EDGE_CURVE('',#1954,#1928,#162,.T.);
#2439=EDGE_CURVE('',#1955,#1954,#39,.T.);
#2440=EDGE_CURVE('',#1955,#1956,#1189,.T.);
#2441=EDGE_CURVE('',#1952,#1956,#40,.T.);
#2442=EDGE_CURVE('',#1927,#1864,#163,.T.);
#2443=EDGE_CURVE('',#1954,#1866,#100,.T.);
#2444=EDGE_CURVE('',#1855,#1926,#164,.T.);
#2445=EDGE_CURVE('',#1854,#1865,#1190,.T.);
#2446=EDGE_CURVE('',#1925,#1957,#165,.T.);
#2447=EDGE_CURVE('',#1852,#1957,#101,.T.);
#2448=EDGE_CURVE('',#1958,#1959,#166,.T.);
#2449=EDGE_CURVE('',#1959,#1960,#357,.T.);
#2450=EDGE_CURVE('',#1960,#1961,#167,.T.);
#2451=EDGE_CURVE('',#1962,#1961,#102,.T.);
#2452=EDGE_CURVE('',#1962,#1963,#358,.T.);
#2453=EDGE_CURVE('',#1958,#1963,#103,.T.);
#2454=EDGE_CURVE('',#1960,#1964,#1191,.T.);
#2455=EDGE_CURVE('',#1965,#1964,#104,.T.);
#2456=EDGE_CURVE('',#1965,#1966,#1192,.T.);
#2457=EDGE_CURVE('',#1961,#1966,#41,.T.);
#2458=EDGE_CURVE('',#1967,#1959,#1193,.T.);
#2459=EDGE_CURVE('',#1968,#1967,#359,.T.);
#2460=EDGE_CURVE('',#1969,#1968,#1194,.T.);
#2461=EDGE_CURVE('',#1970,#1969,#360,.T.);
#2462=EDGE_CURVE('',#1971,#1970,#1195,.T.);
#2463=EDGE_CURVE('',#1972,#1971,#361,.T.);
#2464=EDGE_CURVE('',#1973,#1972,#1196,.T.);
#2465=EDGE_CURVE('',#1974,#1973,#362,.T.);
#2466=EDGE_CURVE('',#1975,#1974,#1197,.T.);
#2467=EDGE_CURVE('',#1976,#1975,#363,.T.);
#2468=EDGE_CURVE('',#1977,#1976,#1198,.T.);
#2469=EDGE_CURVE('',#1978,#1977,#364,.T.);
#2470=EDGE_CURVE('',#1979,#1978,#1199,.T.);
#2471=EDGE_CURVE('',#1980,#1979,#1200,.T.);
#2472=EDGE_CURVE('',#1981,#1980,#1201,.T.);
#2473=EDGE_CURVE('',#1981,#1964,#1202,.T.);
#2474=EDGE_CURVE('',#1982,#1958,#42,.T.);
#2475=EDGE_CURVE('',#1982,#1983,#1203,.T.);
#2476=EDGE_CURVE('',#1984,#1983,#43,.T.);
#2477=EDGE_CURVE('',#1967,#1984,#168,.T.);
#2478=EDGE_CURVE('',#1985,#1968,#169,.T.);
#2479=EDGE_CURVE('',#1986,#1984,#105,.T.);
#2480=EDGE_CURVE('',#1986,#1987,#365,.T.);
#2481=EDGE_CURVE('',#1985,#1987,#106,.T.);
#2482=EDGE_CURVE('',#1988,#1985,#44,.T.);
#2483=EDGE_CURVE('',#1988,#1989,#1204,.T.);
#2484=EDGE_CURVE('',#1990,#1989,#45,.T.);
#2485=EDGE_CURVE('',#1969,#1990,#170,.T.);
#2486=EDGE_CURVE('',#1987,#1991,#1205,.T.);
#2487=EDGE_CURVE('',#1991,#1992,#107,.T.);
#2488=EDGE_CURVE('',#1992,#1993,#46,.T.);
#2489=EDGE_CURVE('',#1993,#1988,#1206,.T.);
#2490=EDGE_CURVE('',#1994,#1986,#1207,.T.);
#2491=EDGE_CURVE('',#1991,#1994,#366,.T.);
#2492=EDGE_CURVE('',#1995,#1970,#171,.T.);
#2493=EDGE_CURVE('',#1996,#1990,#108,.T.);
#2494=EDGE_CURVE('',#1996,#1997,#367,.T.);
#2495=EDGE_CURVE('',#1995,#1997,#109,.T.);
#2496=EDGE_CURVE('',#1998,#1995,#47,.T.);
#2497=EDGE_CURVE('',#1998,#1999,#1208,.T.);
#2498=EDGE_CURVE('',#2000,#1999,#48,.T.);
#2499=EDGE_CURVE('',#1971,#2000,#172,.T.);
#2500=EDGE_CURVE('',#1997,#2001,#1209,.T.);
#2501=EDGE_CURVE('',#2001,#2002,#110,.T.);
#2502=EDGE_CURVE('',#2002,#2003,#49,.T.);
#2503=EDGE_CURVE('',#2003,#1998,#1210,.T.);
#2504=EDGE_CURVE('',#2004,#1996,#1211,.T.);
#2505=EDGE_CURVE('',#2001,#2004,#368,.T.);
#2506=EDGE_CURVE('',#2005,#1972,#173,.T.);
#2507=EDGE_CURVE('',#2006,#2000,#111,.T.);
#2508=EDGE_CURVE('',#2006,#2007,#369,.T.);
#2509=EDGE_CURVE('',#2005,#2007,#112,.T.);
#2510=EDGE_CURVE('',#2008,#2005,#50,.T.);
#2511=EDGE_CURVE('',#2008,#1843,#1212,.T.);
#2512=EDGE_CURVE('',#1973,#1842,#174,.T.);
#2513=EDGE_CURVE('',#2007,#2009,#1213,.T.);
#2514=EDGE_CURVE('',#2009,#1840,#113,.T.);
#2515=EDGE_CURVE('',#1839,#2008,#1214,.T.);
#2516=EDGE_CURVE('',#2010,#2006,#1215,.T.);
#2517=EDGE_CURVE('',#2009,#2010,#370,.T.);
#2518=EDGE_CURVE('',#2011,#1974,#175,.T.);
#2519=EDGE_CURVE('',#2011,#1844,#114,.T.);
#2520=EDGE_CURVE('',#2012,#2011,#51,.T.);
#2521=EDGE_CURVE('',#2012,#2013,#1216,.T.);
#2522=EDGE_CURVE('',#2014,#2013,#52,.T.);
#2523=EDGE_CURVE('',#1975,#2014,#176,.T.);
#2524=EDGE_CURVE('',#2015,#1976,#177,.T.);
#2525=EDGE_CURVE('',#2016,#2014,#115,.T.);
#2526=EDGE_CURVE('',#2016,#2017,#371,.T.);
#2527=EDGE_CURVE('',#2015,#2017,#116,.T.);
#2528=EDGE_CURVE('',#2018,#2015,#53,.T.);
#2529=EDGE_CURVE('',#2018,#2019,#1217,.T.);
#2530=EDGE_CURVE('',#2020,#2019,#54,.T.);
#2531=EDGE_CURVE('',#1977,#2020,#178,.T.);
#2532=EDGE_CURVE('',#2017,#2021,#1218,.T.);
#2533=EDGE_CURVE('',#2021,#2022,#117,.T.);
#2534=EDGE_CURVE('',#2022,#2023,#55,.T.);
#2535=EDGE_CURVE('',#2023,#2018,#1219,.T.);
#2536=EDGE_CURVE('',#2024,#2016,#1220,.T.);
#2537=EDGE_CURVE('',#2021,#2024,#372,.T.);
#2538=EDGE_CURVE('',#2025,#1978,#179,.T.);
#2539=EDGE_CURVE('',#2026,#2020,#118,.T.);
#2540=EDGE_CURVE('',#2026,#2027,#373,.T.);
#2541=EDGE_CURVE('',#2025,#2027,#119,.T.);
#2542=EDGE_CURVE('',#2019,#2028,#1221,.T.);
#2543=EDGE_CURVE('',#2028,#2029,#56,.T.);
#2544=EDGE_CURVE('',#2029,#2030,#120,.T.);
#2545=EDGE_CURVE('',#2030,#2026,#1222,.T.);
#2546=EDGE_CURVE('',#2029,#1809,#180,.T.);
#2547=EDGE_CURVE('',#1808,#2031,#181,.T.);
#2548=EDGE_CURVE('',#2032,#2031,#121,.T.);
#2549=EDGE_CURVE('',#2032,#2030,#374,.T.);
#2550=EDGE_CURVE('',#2028,#2023,#1223,.T.);
#2551=EDGE_CURVE('',#1810,#2022,#182,.T.);
#2552=EDGE_CURVE('',#2027,#2032,#1224,.T.);
#2553=EDGE_CURVE('',#2033,#1811,#183,.T.);
#2554=EDGE_CURVE('',#2033,#2024,#122,.T.);
#2555=EDGE_CURVE('',#2034,#1815,#184,.T.);
#2556=EDGE_CURVE('',#2034,#2010,#123,.T.);
#2557=EDGE_CURVE('',#2035,#1817,#185,.T.);
#2558=EDGE_CURVE('',#1816,#2002,#186,.T.);
#2559=EDGE_CURVE('',#2035,#2004,#124,.T.);
#2560=EDGE_CURVE('',#2036,#2035,#57,.T.);
#2561=EDGE_CURVE('',#2036,#1993,#1225,.T.);
#2562=EDGE_CURVE('',#1818,#1992,#187,.T.);
#2563=EDGE_CURVE('',#1989,#2036,#1226,.T.);
#2564=EDGE_CURVE('',#2037,#1821,#188,.T.);
#2565=EDGE_CURVE('',#1820,#2038,#189,.T.);
#2566=EDGE_CURVE('',#2039,#2038,#125,.T.);
#2567=EDGE_CURVE('',#2039,#2040,#375,.T.);
#2568=EDGE_CURVE('',#2037,#2040,#126,.T.);
#2569=EDGE_CURVE('',#1963,#2039,#1227,.T.);
#2570=EDGE_CURVE('',#2038,#2041,#58,.T.);
#2571=EDGE_CURVE('',#2041,#1982,#1228,.T.);
#2572=EDGE_CURVE('',#2042,#1819,#190,.T.);
#2573=EDGE_CURVE('',#2043,#2042,#59,.T.);
#2574=EDGE_CURVE('',#2043,#2041,#1229,.T.);
#2575=EDGE_CURVE('',#2042,#1994,#127,.T.);
#2576=EDGE_CURVE('',#1860,#2044,#60,.T.);
#2577=EDGE_CURVE('',#2044,#1955,#1230,.T.);
#2578=EDGE_CURVE('',#1983,#2043,#1231,.T.);
#2579=EDGE_CURVE('',#1957,#2045,#61,.T.);
#2580=EDGE_CURVE('',#2045,#2046,#1232,.T.);
#2581=EDGE_CURVE('',#2046,#1845,#62,.T.);
#2582=EDGE_CURVE('',#1804,#2047,#1233,.T.);
#2583=EDGE_CURVE('',#2047,#2045,#1234,.T.);
#2584=EDGE_CURVE('',#2040,#1962,#1235,.T.);
#2585=EDGE_CURVE('',#1966,#2048,#1236,.T.);
#2586=EDGE_CURVE('',#2048,#2037,#63,.T.);
#2587=EDGE_CURVE('',#2048,#2049,#1237,.T.);
#2588=EDGE_CURVE('',#1806,#2049,#1238,.T.);
#2589=EDGE_CURVE('',#2050,#2047,#376,.T.);
#2590=EDGE_CURVE('',#2051,#2050,#1239,.T.);
#2591=EDGE_CURVE('',#2049,#2051,#377,.T.);
#2592=EDGE_CURVE('',#2052,#1965,#378,.T.);
#2593=EDGE_CURVE('',#2053,#2052,#1240,.T.);
#2594=EDGE_CURVE('',#2054,#2053,#379,.T.);
#2595=EDGE_CURVE('',#2046,#2054,#1241,.T.);
#2596=EDGE_CURVE('',#2055,#2055,#380,.T.);
#2597=EDGE_CURVE('',#2056,#2056,#381,.T.);
#2598=EDGE_CURVE('',#2057,#2034,#64,.T.);
#2599=EDGE_CURVE('',#2057,#2003,#1242,.T.);
#2600=EDGE_CURVE('',#1872,#1953,#1243,.T.);
#2601=EDGE_CURVE('',#1956,#2058,#1244,.T.);
#2602=EDGE_CURVE('',#2058,#1867,#65,.T.);
#2603=EDGE_CURVE('',#1950,#1892,#1245,.T.);
#2604=EDGE_CURVE('',#1999,#2057,#1246,.T.);
#2605=EDGE_CURVE('',#1896,#1946,#1247,.T.);
#2606=EDGE_CURVE('',#1835,#2059,#66,.T.);
#2607=EDGE_CURVE('',#2059,#2012,#1248,.T.);
#2608=EDGE_CURVE('',#2060,#2033,#67,.T.);
#2609=EDGE_CURVE('',#2060,#2059,#1249,.T.);
#2610=EDGE_CURVE('',#1899,#1944,#1250,.T.);
#2611=EDGE_CURVE('',#1947,#1895,#1251,.T.);
#2612=EDGE_CURVE('',#1912,#2061,#68,.T.);
#2613=EDGE_CURVE('',#2061,#1937,#1252,.T.);
#2614=EDGE_CURVE('',#2062,#1883,#128,.T.);
#2615=EDGE_CURVE('',#2062,#2061,#1253,.T.);
#2616=EDGE_CURVE('',#2031,#2063,#69,.T.);
#2617=EDGE_CURVE('',#2063,#2064,#1254,.T.);
#2618=EDGE_CURVE('',#2064,#2025,#70,.T.);
#2619=EDGE_CURVE('',#1807,#2065,#1255,.T.);
#2620=EDGE_CURVE('',#2065,#2063,#1256,.T.);
#2621=EDGE_CURVE('',#1941,#1907,#1257,.T.);
#2622=EDGE_CURVE('',#1911,#1924,#1258,.T.);
#2623=EDGE_CURVE('',#2013,#2060,#1259,.T.);
#2624=EDGE_CURVE('',#2054,#1880,#129,.T.);
#2625=EDGE_CURVE('',#2058,#2044,#1260,.T.);
#2626=EDGE_CURVE('',#2064,#2066,#1261,.T.);
#2627=EDGE_CURVE('',#2066,#1979,#130,.T.);
#2628=EDGE_CURVE('',#2067,#2062,#382,.T.);
#2629=EDGE_CURVE('',#2068,#2067,#1262,.T.);
#2630=EDGE_CURVE('',#2066,#2068,#383,.T.);
#2631=EDGE_CURVE('',#2069,#2065,#384,.T.);
#2632=EDGE_CURVE('',#2070,#2069,#1263,.T.);
#2633=EDGE_CURVE('',#1938,#2070,#385,.T.);
#2634=EDGE_CURVE('',#2071,#2071,#386,.T.);
#2635=EDGE_CURVE('',#2072,#2072,#387,.T.);
#2636=EDGE_CURVE('',#1803,#2050,#1264,.T.);
#2637=EDGE_CURVE('',#1805,#2051,#1265,.T.);
#2638=EDGE_CURVE('',#1807,#2073,#388,.T.);
#2639=EDGE_CURVE('',#2073,#2069,#1266,.T.);
#2640=EDGE_CURVE('',#2074,#2070,#1267,.T.);
#2641=EDGE_CURVE('',#2073,#2074,#1268,.T.);
#2642=EDGE_CURVE('',#2074,#1936,#389,.T.);
#2643=EDGE_CURVE('',#2053,#2075,#131,.T.);
#2644=EDGE_CURVE('',#2075,#1880,#390,.T.);
#2645=EDGE_CURVE('',#2052,#2076,#132,.T.);
#2646=EDGE_CURVE('',#2076,#2075,#1269,.T.);
#2647=EDGE_CURVE('',#1964,#2076,#391,.T.);
#2648=EDGE_CURVE('',#2077,#1979,#392,.T.);
#2649=EDGE_CURVE('',#2068,#2077,#133,.T.);
#2650=EDGE_CURVE('',#2078,#2077,#1270,.T.);
#2651=EDGE_CURVE('',#2067,#2078,#134,.T.);
#2652=EDGE_CURVE('',#1883,#2078,#393,.T.);
#2653=EDGE_CURVE('',#2079,#2077,#1271,.T.);
#2654=EDGE_CURVE('',#1980,#2079,#394,.T.);
#2655=EDGE_CURVE('',#2080,#2078,#1272,.T.);
#2656=EDGE_CURVE('',#2079,#2080,#1273,.T.);
#2657=EDGE_CURVE('',#2080,#1882,#395,.T.);
#2658=EDGE_CURVE('',#2081,#2082,#1274,.T.);
#2659=EDGE_CURVE('',#2082,#2083,#396,.T.);
#2660=EDGE_CURVE('',#2083,#2084,#1275,.T.);
#2661=EDGE_CURVE('',#2084,#2081,#397,.T.);
#2662=EDGE_CURVE('',#2085,#2086,#1276,.T.);
#2663=EDGE_CURVE('',#2086,#2082,#1277,.T.);
#2664=EDGE_CURVE('',#2081,#2085,#1278,.T.);
#2665=EDGE_CURVE('',#2087,#2088,#1279,.T.);
#2666=EDGE_CURVE('',#2088,#2086,#398,.T.);
#2667=EDGE_CURVE('',#2085,#2087,#399,.T.);
#2668=EDGE_CURVE('',#2083,#2088,#1280,.T.);
#2669=EDGE_CURVE('',#2087,#2084,#1281,.T.);
#2670=EDGE_CURVE('',#2081,#2089,#1282,.T.);
#2671=EDGE_CURVE('',#2090,#2089,#1283,.T.);
#2672=EDGE_CURVE('',#2085,#2090,#1284,.T.);
#2673=EDGE_CURVE('',#2084,#2091,#1285,.T.);
#2674=EDGE_CURVE('',#2089,#2091,#400,.T.);
#2675=EDGE_CURVE('',#1881,#2092,#401,.T.);
#2676=EDGE_CURVE('',#2092,#2093,#1286,.T.);
#2677=EDGE_CURVE('',#2093,#1981,#402,.T.);
#2678=EDGE_CURVE('',#2094,#2095,#403,.T.);
#2679=EDGE_CURVE('',#2096,#2094,#1287,.T.);
#2680=EDGE_CURVE('',#2097,#2096,#404,.T.);
#2681=EDGE_CURVE('',#2095,#2097,#1288,.T.);
#2682=EDGE_CURVE('',#2098,#2099,#1289,.T.);
#2683=EDGE_CURVE('',#2100,#2098,#405,.T.);
#2684=EDGE_CURVE('',#2101,#2100,#1290,.T.);
#2685=EDGE_CURVE('',#2099,#2101,#406,.T.);
#2686=EDGE_CURVE('',#2102,#2103,#1291,.T.);
#2687=EDGE_CURVE('',#2104,#2102,#407,.T.);
#2688=EDGE_CURVE('',#2105,#2104,#1292,.T.);
#2689=EDGE_CURVE('',#2103,#2105,#408,.T.);
#2690=EDGE_CURVE('',#2106,#2107,#1293,.T.);
#2691=EDGE_CURVE('',#2108,#2106,#409,.T.);
#2692=EDGE_CURVE('',#2109,#2108,#1294,.T.);
#2693=EDGE_CURVE('',#2107,#2109,#410,.T.);
#2694=EDGE_CURVE('',#2110,#2111,#1295,.T.);
#2695=EDGE_CURVE('',#2112,#2110,#411,.T.);
#2696=EDGE_CURVE('',#2113,#2112,#1296,.T.);
#2697=EDGE_CURVE('',#2111,#2113,#412,.T.);
#2698=EDGE_CURVE('',#2114,#2115,#413,.T.);
#2699=EDGE_CURVE('',#2116,#2114,#1297,.T.);
#2700=EDGE_CURVE('',#2117,#2116,#414,.T.);
#2701=EDGE_CURVE('',#2115,#2117,#1298,.T.);
#2702=EDGE_CURVE('',#2118,#2094,#1299,.T.);
#2703=EDGE_CURVE('',#2095,#2119,#1300,.T.);
#2704=EDGE_CURVE('',#2119,#2118,#415,.T.);
#2705=EDGE_CURVE('',#2120,#2096,#1301,.T.);
#2706=EDGE_CURVE('',#2118,#2120,#1302,.T.);
#2707=EDGE_CURVE('',#2121,#2097,#1303,.T.);
#2708=EDGE_CURVE('',#2120,#2121,#416,.T.);
#2709=EDGE_CURVE('',#2121,#2119,#1304,.T.);
#2710=EDGE_CURVE('',#2118,#2122,#1305,.T.);
#2711=EDGE_CURVE('',#2123,#2122,#1306,.T.);
#2712=EDGE_CURVE('',#2120,#2123,#1307,.T.);
#2713=EDGE_CURVE('',#2119,#2124,#1308,.T.);
#2714=EDGE_CURVE('',#2122,#2124,#417,.T.);
#2715=EDGE_CURVE('',#2125,#2114,#1309,.T.);
#2716=EDGE_CURVE('',#2115,#2126,#1310,.T.);
#2717=EDGE_CURVE('',#2126,#2125,#418,.T.);
#2718=EDGE_CURVE('',#2127,#2116,#1311,.T.);
#2719=EDGE_CURVE('',#2125,#2127,#1312,.T.);
#2720=EDGE_CURVE('',#2128,#2117,#1313,.T.);
#2721=EDGE_CURVE('',#2127,#2128,#419,.T.);
#2722=EDGE_CURVE('',#2128,#2126,#1314,.T.);
#2723=EDGE_CURVE('',#2125,#2129,#1315,.T.);
#2724=EDGE_CURVE('',#2130,#2129,#1316,.T.);
#2725=EDGE_CURVE('',#2127,#2130,#1317,.T.);
#2726=EDGE_CURVE('',#2126,#2131,#1318,.T.);
#2727=EDGE_CURVE('',#2129,#2131,#420,.T.);
#2728=EDGE_CURVE('',#2132,#2098,#1319,.T.);
#2729=EDGE_CURVE('',#2099,#2133,#1320,.T.);
#2730=EDGE_CURVE('',#2133,#2132,#1321,.T.);
#2731=EDGE_CURVE('',#2134,#2100,#1322,.T.);
#2732=EDGE_CURVE('',#2132,#2134,#421,.T.);
#2733=EDGE_CURVE('',#2135,#2101,#1323,.T.);
#2734=EDGE_CURVE('',#2134,#2135,#1324,.T.);
#2735=EDGE_CURVE('',#2135,#2133,#422,.T.);
#2736=EDGE_CURVE('',#2132,#2136,#1325,.T.);
#2737=EDGE_CURVE('',#2137,#2136,#423,.T.);
#2738=EDGE_CURVE('',#2134,#2137,#1326,.T.);
#2739=EDGE_CURVE('',#2133,#2138,#1327,.T.);
#2740=EDGE_CURVE('',#2136,#2138,#1328,.T.);
#2741=EDGE_CURVE('',#2139,#2110,#1329,.T.);
#2742=EDGE_CURVE('',#2111,#2140,#1330,.T.);
#2743=EDGE_CURVE('',#2140,#2139,#1331,.T.);
#2744=EDGE_CURVE('',#2141,#2112,#1332,.T.);
#2745=EDGE_CURVE('',#2139,#2141,#424,.T.);
#2746=EDGE_CURVE('',#2142,#2113,#1333,.T.);
#2747=EDGE_CURVE('',#2141,#2142,#1334,.T.);
#2748=EDGE_CURVE('',#2142,#2140,#425,.T.);
#2749=EDGE_CURVE('',#2139,#2143,#1335,.T.);
#2750=EDGE_CURVE('',#2144,#2143,#426,.T.);
#2751=EDGE_CURVE('',#2141,#2144,#1336,.T.);
#2752=EDGE_CURVE('',#2140,#2145,#1337,.T.);
#2753=EDGE_CURVE('',#2143,#2145,#1338,.T.);
#2754=EDGE_CURVE('',#2146,#2102,#1339,.T.);
#2755=EDGE_CURVE('',#2103,#2147,#1340,.T.);
#2756=EDGE_CURVE('',#2147,#2146,#1341,.T.);
#2757=EDGE_CURVE('',#2148,#2104,#1342,.T.);
#2758=EDGE_CURVE('',#2146,#2148,#427,.T.);
#2759=EDGE_CURVE('',#2149,#2105,#1343,.T.);
#2760=EDGE_CURVE('',#2148,#2149,#1344,.T.);
#2761=EDGE_CURVE('',#2149,#2147,#428,.T.);
#2762=EDGE_CURVE('',#2146,#2150,#1345,.T.);
#2763=EDGE_CURVE('',#2151,#2150,#429,.T.);
#2764=EDGE_CURVE('',#2148,#2151,#1346,.T.);
#2765=EDGE_CURVE('',#2147,#2152,#1347,.T.);
#2766=EDGE_CURVE('',#2150,#2152,#1348,.T.);
#2767=EDGE_CURVE('',#2153,#2106,#1349,.T.);
#2768=EDGE_CURVE('',#2107,#2154,#1350,.T.);
#2769=EDGE_CURVE('',#2154,#2153,#1351,.T.);
#2770=EDGE_CURVE('',#2155,#2108,#1352,.T.);
#2771=EDGE_CURVE('',#2153,#2155,#430,.T.);
#2772=EDGE_CURVE('',#2156,#2109,#1353,.T.);
#2773=EDGE_CURVE('',#2155,#2156,#1354,.T.);
#2774=EDGE_CURVE('',#2156,#2154,#431,.T.);
#2775=EDGE_CURVE('',#2153,#2157,#1355,.T.);
#2776=EDGE_CURVE('',#2158,#2157,#432,.T.);
#2777=EDGE_CURVE('',#2155,#2158,#1356,.T.);
#2778=EDGE_CURVE('',#2154,#2159,#1357,.T.);
#2779=EDGE_CURVE('',#2157,#2159,#1358,.T.);
#2780=EDGE_CURVE('',#2089,#2160,#1359,.T.);
#2781=EDGE_CURVE('',#2160,#2161,#1360,.T.);
#2782=EDGE_CURVE('',#2161,#2090,#1361,.T.);
#2783=EDGE_CURVE('',#2091,#2162,#1362,.T.);
#2784=EDGE_CURVE('',#2162,#2160,#433,.T.);
#2785=EDGE_CURVE('',#2163,#2164,#1363,.T.);
#2786=EDGE_CURVE('',#2164,#2162,#1364,.T.);
#2787=EDGE_CURVE('',#2091,#2163,#1365,.T.);
#2788=EDGE_CURVE('',#2161,#2164,#434,.T.);
#2789=EDGE_CURVE('',#2163,#2090,#435,.T.);
#2790=EDGE_CURVE('',#2165,#2166,#436,.T.);
#2791=EDGE_CURVE('',#2166,#2167,#1366,.T.);
#2792=EDGE_CURVE('',#2167,#2168,#437,.T.);
#2793=EDGE_CURVE('',#2169,#2168,#1367,.T.);
#2794=EDGE_CURVE('',#2170,#2169,#1368,.T.);
#2795=EDGE_CURVE('',#2165,#2170,#1369,.T.);
#2796=EDGE_CURVE('',#2171,#2171,#438,.T.);
#2797=EDGE_CURVE('',#2172,#2172,#439,.T.);
#2798=EDGE_CURVE('',#2173,#2174,#1370,.T.);
#2799=EDGE_CURVE('',#2175,#2173,#440,.T.);
#2800=EDGE_CURVE('',#2176,#2175,#1371,.T.);
#2801=EDGE_CURVE('',#2174,#2176,#441,.T.);
#2802=EDGE_CURVE('',#2177,#2178,#1372,.T.);
#2803=EDGE_CURVE('',#2179,#2177,#442,.T.);
#2804=EDGE_CURVE('',#2180,#2179,#1373,.T.);
#2805=EDGE_CURVE('',#2178,#2180,#443,.T.);
#2806=EDGE_CURVE('',#2181,#2182,#1374,.T.);
#2807=EDGE_CURVE('',#2183,#2181,#444,.T.);
#2808=EDGE_CURVE('',#2184,#2183,#1375,.T.);
#2809=EDGE_CURVE('',#2182,#2184,#445,.T.);
#2810=EDGE_CURVE('',#2185,#2185,#446,.T.);
#2811=EDGE_CURVE('',#2186,#2186,#447,.T.);
#2812=EDGE_CURVE('',#2187,#2187,#448,.T.);
#2813=EDGE_CURVE('',#2188,#2188,#449,.T.);
#2814=EDGE_CURVE('',#2189,#2189,#450,.T.);
#2815=EDGE_CURVE('',#2190,#2190,#451,.T.);
#2816=EDGE_CURVE('',#2191,#2191,#452,.T.);
#2817=EDGE_CURVE('',#2192,#2192,#453,.T.);
#2818=EDGE_CURVE('',#2193,#2194,#1376,.T.);
#2819=EDGE_CURVE('',#2195,#2193,#454,.T.);
#2820=EDGE_CURVE('',#2196,#2195,#1377,.T.);
#2821=EDGE_CURVE('',#2194,#2196,#455,.T.);
#2822=EDGE_CURVE('',#2197,#2198,#1378,.T.);
#2823=EDGE_CURVE('',#2199,#2197,#456,.T.);
#2824=EDGE_CURVE('',#2200,#2199,#1379,.T.);
#2825=EDGE_CURVE('',#2198,#2200,#457,.T.);
#2826=EDGE_CURVE('',#2201,#2202,#1380,.T.);
#2827=EDGE_CURVE('',#2203,#2201,#458,.T.);
#2828=EDGE_CURVE('',#2204,#2203,#1381,.T.);
#2829=EDGE_CURVE('',#2202,#2204,#459,.T.);
#2830=EDGE_CURVE('',#2205,#2201,#1382,.T.);
#2831=EDGE_CURVE('',#2202,#2124,#1383,.T.);
#2832=EDGE_CURVE('',#2124,#2205,#1384,.T.);
#2833=EDGE_CURVE('',#2123,#2203,#1385,.T.);
#2834=EDGE_CURVE('',#2205,#2123,#460,.T.);
#2835=EDGE_CURVE('',#2122,#2204,#1386,.T.);
#2836=EDGE_CURVE('',#2121,#2205,#1387,.T.);
#2837=EDGE_CURVE('',#2206,#2173,#1388,.T.);
#2838=EDGE_CURVE('',#2174,#2131,#1389,.T.);
#2839=EDGE_CURVE('',#2131,#2206,#1390,.T.);
#2840=EDGE_CURVE('',#2130,#2175,#1391,.T.);
#2841=EDGE_CURVE('',#2206,#2130,#461,.T.);
#2842=EDGE_CURVE('',#2129,#2176,#1392,.T.);
#2843=EDGE_CURVE('',#2128,#2206,#1393,.T.);
#2844=EDGE_CURVE('',#2137,#2197,#1394,.T.);
#2845=EDGE_CURVE('',#2198,#2207,#1395,.T.);
#2846=EDGE_CURVE('',#2207,#2137,#1396,.T.);
#2847=EDGE_CURVE('',#2136,#2199,#1397,.T.);
#2848=EDGE_CURVE('',#2138,#2200,#1398,.T.);
#2849=EDGE_CURVE('',#2138,#2207,#462,.T.);
#2850=EDGE_CURVE('',#2135,#2207,#1399,.T.);
#2851=EDGE_CURVE('',#2144,#2177,#1400,.T.);
#2852=EDGE_CURVE('',#2178,#2208,#1401,.T.);
#2853=EDGE_CURVE('',#2208,#2144,#1402,.T.);
#2854=EDGE_CURVE('',#2143,#2179,#1403,.T.);
#2855=EDGE_CURVE('',#2145,#2180,#1404,.T.);
#2856=EDGE_CURVE('',#2145,#2208,#463,.T.);
#2857=EDGE_CURVE('',#2142,#2208,#1405,.T.);
#2858=EDGE_CURVE('',#2151,#2193,#1406,.T.);
#2859=EDGE_CURVE('',#2194,#2209,#1407,.T.);
#2860=EDGE_CURVE('',#2209,#2151,#1408,.T.);
#2861=EDGE_CURVE('',#2150,#2195,#1409,.T.);
#2862=EDGE_CURVE('',#2152,#2196,#1410,.T.);
#2863=EDGE_CURVE('',#2152,#2209,#464,.T.);
#2864=EDGE_CURVE('',#2149,#2209,#1411,.T.);
#2865=EDGE_CURVE('',#2158,#2181,#1412,.T.);
#2866=EDGE_CURVE('',#2182,#2210,#1413,.T.);
#2867=EDGE_CURVE('',#2210,#2158,#1414,.T.);
#2868=EDGE_CURVE('',#2157,#2183,#1415,.T.);
#2869=EDGE_CURVE('',#2159,#2184,#1416,.T.);
#2870=EDGE_CURVE('',#2159,#2210,#465,.T.);
#2871=EDGE_CURVE('',#2156,#2210,#1417,.T.);
#2872=EDGE_CURVE('',#2087,#2163,#1418,.T.);
#2873=EDGE_CURVE('',#2074,#1799,#1419,.T.);
#2874=EDGE_CURVE('',#1801,#2073,#1420,.T.);
#2875=EDGE_CURVE('',#2092,#2075,#1421,.T.);
#2876=EDGE_CURVE('',#2093,#2076,#1422,.T.);
#2877=EDGE_CURVE('',#2071,#2187,#1423,.T.);
#2878=EDGE_CURVE('',#2056,#2185,#1424,.T.);
#2879=EDGE_CURVE('',#2055,#2188,#1425,.T.);
#2880=EDGE_CURVE('',#2072,#2186,#1426,.T.);
#2881=EDGE_CURVE('',#2192,#2211,#1427,.T.);
#2882=EDGE_CURVE('',#2211,#2211,#466,.T.);
#2883=EDGE_CURVE('',#1828,#2211,#1428,.T.);
#2884=EDGE_CURVE('',#2189,#2212,#1429,.T.);
#2885=EDGE_CURVE('',#2212,#2212,#467,.T.);
#2886=EDGE_CURVE('',#1829,#2212,#1430,.T.);
#2887=EDGE_CURVE('',#2191,#2213,#1431,.T.);
#2888=EDGE_CURVE('',#2213,#2213,#468,.T.);
#2889=EDGE_CURVE('',#1831,#2213,#1432,.T.);
#2890=EDGE_CURVE('',#2190,#2214,#1433,.T.);
#2891=EDGE_CURVE('',#2214,#2214,#469,.T.);
#2892=EDGE_CURVE('',#1830,#2214,#1434,.T.);
#2893=EDGE_CURVE('',#1824,#2165,#1435,.T.);
#2894=EDGE_CURVE('',#1823,#2166,#1436,.T.);
#2895=EDGE_CURVE('',#1822,#2167,#1437,.T.);
#2896=EDGE_CURVE('',#2168,#1827,#1438,.T.);
#2897=EDGE_CURVE('',#2170,#1825,#1439,.F.);
#2898=EDGE_CURVE('',#2169,#1826,#1440,.T.);
#2899=EDGE_CURVE('',#2172,#2215,#1441,.T.);
#2900=EDGE_CURVE('',#2215,#2215,#470,.T.);
#2901=EDGE_CURVE('',#1832,#2215,#1442,.T.);
#2902=EDGE_CURVE('',#2171,#2216,#1443,.T.);
#2903=EDGE_CURVE('',#2216,#2216,#471,.T.);
#2904=EDGE_CURVE('',#1833,#2216,#1444,.T.);
#2905=ORIENTED_EDGE('',*,*,#2217,.T.);
#2906=ORIENTED_EDGE('',*,*,#2218,.T.);
#2907=ORIENTED_EDGE('',*,*,#2219,.T.);
#2908=ORIENTED_EDGE('',*,*,#2220,.T.);
#2909=ORIENTED_EDGE('',*,*,#2217,.F.);
#2910=ORIENTED_EDGE('',*,*,#2221,.T.);
#2911=ORIENTED_EDGE('',*,*,#2222,.T.);
#2912=ORIENTED_EDGE('',*,*,#2223,.T.);
#2913=ORIENTED_EDGE('',*,*,#2224,.T.);
#2914=ORIENTED_EDGE('',*,*,#2225,.T.);
#2915=ORIENTED_EDGE('',*,*,#2222,.F.);
#2916=ORIENTED_EDGE('',*,*,#2226,.T.);
#2917=ORIENTED_EDGE('',*,*,#2224,.F.);
#2918=ORIENTED_EDGE('',*,*,#2227,.T.);
#2919=ORIENTED_EDGE('',*,*,#2228,.T.);
#2920=ORIENTED_EDGE('',*,*,#2229,.T.);
#2921=ORIENTED_EDGE('',*,*,#2230,.T.);
#2922=ORIENTED_EDGE('',*,*,#2231,.T.);
#2923=ORIENTED_EDGE('',*,*,#2228,.F.);
#2924=ORIENTED_EDGE('',*,*,#2232,.T.);
#2925=ORIENTED_EDGE('',*,*,#2230,.F.);
#2926=ORIENTED_EDGE('',*,*,#2233,.T.);
#2927=ORIENTED_EDGE('',*,*,#2234,.T.);
#2928=ORIENTED_EDGE('',*,*,#2235,.T.);
#2929=ORIENTED_EDGE('',*,*,#2236,.T.);
#2930=ORIENTED_EDGE('',*,*,#2237,.T.);
#2931=ORIENTED_EDGE('',*,*,#2234,.F.);
#2932=ORIENTED_EDGE('',*,*,#2238,.T.);
#2933=ORIENTED_EDGE('',*,*,#2236,.F.);
#2934=ORIENTED_EDGE('',*,*,#2239,.T.);
#2935=ORIENTED_EDGE('',*,*,#2219,.F.);
#2936=ORIENTED_EDGE('',*,*,#2240,.T.);
#2937=ORIENTED_EDGE('',*,*,#2227,.F.);
#2938=ORIENTED_EDGE('',*,*,#2241,.T.);
#2939=ORIENTED_EDGE('',*,*,#2242,.F.);
#2940=ORIENTED_EDGE('',*,*,#2243,.T.);
#2941=ORIENTED_EDGE('',*,*,#2226,.F.);
#2942=ORIENTED_EDGE('',*,*,#2244,.F.);
#2943=ORIENTED_EDGE('',*,*,#2245,.F.);
#2944=ORIENTED_EDGE('',*,*,#2241,.F.);
#2945=ORIENTED_EDGE('',*,*,#2221,.F.);
#2946=ORIENTED_EDGE('',*,*,#2246,.T.);
#2947=ORIENTED_EDGE('',*,*,#2247,.F.);
#2948=ORIENTED_EDGE('',*,*,#2244,.T.);
#2949=ORIENTED_EDGE('',*,*,#2220,.F.);
#2950=ORIENTED_EDGE('',*,*,#2248,.F.);
#2951=ORIENTED_EDGE('',*,*,#2249,.F.);
#2952=ORIENTED_EDGE('',*,*,#2250,.F.);
#2953=ORIENTED_EDGE('',*,*,#2251,.F.);
#2954=ORIENTED_EDGE('',*,*,#2252,.F.);
#2955=ORIENTED_EDGE('',*,*,#2253,.F.);
#2956=ORIENTED_EDGE('',*,*,#2254,.F.);
#2957=ORIENTED_EDGE('',*,*,#2255,.F.);
#2958=ORIENTED_EDGE('',*,*,#2256,.F.);
#2959=ORIENTED_EDGE('',*,*,#2257,.F.);
#2960=ORIENTED_EDGE('',*,*,#2258,.F.);
#2961=ORIENTED_EDGE('',*,*,#2259,.F.);
#2962=ORIENTED_EDGE('',*,*,#2260,.F.);
#2963=ORIENTED_EDGE('',*,*,#2261,.F.);
#2964=ORIENTED_EDGE('',*,*,#2262,.F.);
#2965=ORIENTED_EDGE('',*,*,#2263,.F.);
#2966=ORIENTED_EDGE('',*,*,#2246,.F.);
#2967=ORIENTED_EDGE('',*,*,#2264,.T.);
#2968=ORIENTED_EDGE('',*,*,#2265,.T.);
#2969=ORIENTED_EDGE('',*,*,#2266,.T.);
#2970=ORIENTED_EDGE('',*,*,#2267,.T.);
#2971=ORIENTED_EDGE('',*,*,#2268,.T.);
#2972=ORIENTED_EDGE('',*,*,#2269,.T.);
#2973=ORIENTED_EDGE('',*,*,#2237,.F.);
#2974=ORIENTED_EDGE('',*,*,#2240,.F.);
#2975=ORIENTED_EDGE('',*,*,#2218,.F.);
#2976=ORIENTED_EDGE('',*,*,#2223,.F.);
#2977=ORIENTED_EDGE('',*,*,#2225,.F.);
#2978=ORIENTED_EDGE('',*,*,#2229,.F.);
#2979=ORIENTED_EDGE('',*,*,#2231,.F.);
#2980=ORIENTED_EDGE('',*,*,#2235,.F.);
#2981=ORIENTED_EDGE('',*,*,#2270,.T.);
#2982=ORIENTED_EDGE('',*,*,#2271,.T.);
#2983=ORIENTED_EDGE('',*,*,#2272,.T.);
#2984=ORIENTED_EDGE('',*,*,#2273,.T.);
#2985=ORIENTED_EDGE('',*,*,#2274,.T.);
#2986=ORIENTED_EDGE('',*,*,#2275,.T.);
#2987=ORIENTED_EDGE('',*,*,#2276,.T.);
#2988=ORIENTED_EDGE('',*,*,#2254,.T.);
#2989=ORIENTED_EDGE('',*,*,#2277,.T.);
#2990=ORIENTED_EDGE('',*,*,#2278,.F.);
#2991=ORIENTED_EDGE('',*,*,#2279,.T.);
#2992=ORIENTED_EDGE('',*,*,#2280,.F.);
#2993=ORIENTED_EDGE('',*,*,#2276,.F.);
#2994=ORIENTED_EDGE('',*,*,#2281,.F.);
#2995=ORIENTED_EDGE('',*,*,#2282,.T.);
#2996=ORIENTED_EDGE('',*,*,#2283,.F.);
#2997=ORIENTED_EDGE('',*,*,#2284,.F.);
#2998=ORIENTED_EDGE('',*,*,#2255,.T.);
#2999=ORIENTED_EDGE('',*,*,#2280,.T.);
#3000=ORIENTED_EDGE('',*,*,#2285,.T.);
#3001=ORIENTED_EDGE('',*,*,#2286,.T.);
#3002=ORIENTED_EDGE('',*,*,#2287,.T.);
#3003=ORIENTED_EDGE('',*,*,#2288,.T.);
#3004=ORIENTED_EDGE('',*,*,#2281,.T.);
#3005=ORIENTED_EDGE('',*,*,#2279,.F.);
#3006=ORIENTED_EDGE('',*,*,#2289,.F.);
#3007=ORIENTED_EDGE('',*,*,#2290,.F.);
#3008=ORIENTED_EDGE('',*,*,#2285,.F.);
#3009=ORIENTED_EDGE('',*,*,#2291,.T.);
#3010=ORIENTED_EDGE('',*,*,#2292,.T.);
#3011=ORIENTED_EDGE('',*,*,#2293,.T.);
#3012=ORIENTED_EDGE('',*,*,#2294,.F.);
#3013=ORIENTED_EDGE('',*,*,#2295,.T.);
#3014=ORIENTED_EDGE('',*,*,#2296,.F.);
#3015=ORIENTED_EDGE('',*,*,#2295,.F.);
#3016=ORIENTED_EDGE('',*,*,#2297,.F.);
#3017=ORIENTED_EDGE('',*,*,#2298,.F.);
#3018=ORIENTED_EDGE('',*,*,#2299,.F.);
#3019=ORIENTED_EDGE('',*,*,#2294,.T.);
#3020=ORIENTED_EDGE('',*,*,#2300,.T.);
#3021=ORIENTED_EDGE('',*,*,#2301,.T.);
#3022=ORIENTED_EDGE('',*,*,#2302,.T.);
#3023=ORIENTED_EDGE('',*,*,#2303,.T.);
#3024=ORIENTED_EDGE('',*,*,#2297,.T.);
#3025=ORIENTED_EDGE('',*,*,#2293,.F.);
#3026=ORIENTED_EDGE('',*,*,#2304,.T.);
#3027=ORIENTED_EDGE('',*,*,#2305,.F.);
#3028=ORIENTED_EDGE('',*,*,#2306,.F.);
#3029=ORIENTED_EDGE('',*,*,#2307,.T.);
#3030=ORIENTED_EDGE('',*,*,#2300,.F.);
#3031=ORIENTED_EDGE('',*,*,#2305,.T.);
#3032=ORIENTED_EDGE('',*,*,#2308,.T.);
#3033=ORIENTED_EDGE('',*,*,#2309,.T.);
#3034=ORIENTED_EDGE('',*,*,#2310,.F.);
#3035=ORIENTED_EDGE('',*,*,#2311,.T.);
#3036=ORIENTED_EDGE('',*,*,#2312,.F.);
#3037=ORIENTED_EDGE('',*,*,#2312,.T.);
#3038=ORIENTED_EDGE('',*,*,#2313,.T.);
#3039=ORIENTED_EDGE('',*,*,#2314,.T.);
#3040=ORIENTED_EDGE('',*,*,#2315,.T.);
#3041=ORIENTED_EDGE('',*,*,#2316,.T.);
#3042=ORIENTED_EDGE('',*,*,#2306,.T.);
#3043=ORIENTED_EDGE('',*,*,#2311,.F.);
#3044=ORIENTED_EDGE('',*,*,#2317,.F.);
#3045=ORIENTED_EDGE('',*,*,#2318,.F.);
#3046=ORIENTED_EDGE('',*,*,#2313,.F.);
#3047=ORIENTED_EDGE('',*,*,#2319,.T.);
#3048=ORIENTED_EDGE('',*,*,#2320,.T.);
#3049=ORIENTED_EDGE('',*,*,#2321,.T.);
#3050=ORIENTED_EDGE('',*,*,#2322,.F.);
#3051=ORIENTED_EDGE('',*,*,#2323,.T.);
#3052=ORIENTED_EDGE('',*,*,#2324,.F.);
#3053=ORIENTED_EDGE('',*,*,#2322,.T.);
#3054=ORIENTED_EDGE('',*,*,#2325,.T.);
#3055=ORIENTED_EDGE('',*,*,#2326,.T.);
#3056=ORIENTED_EDGE('',*,*,#2327,.T.);
#3057=ORIENTED_EDGE('',*,*,#2328,.T.);
#3058=ORIENTED_EDGE('',*,*,#2329,.T.);
#3059=ORIENTED_EDGE('',*,*,#2321,.F.);
#3060=ORIENTED_EDGE('',*,*,#2330,.T.);
#3061=ORIENTED_EDGE('',*,*,#2331,.F.);
#3062=ORIENTED_EDGE('',*,*,#2332,.F.);
#3063=ORIENTED_EDGE('',*,*,#2333,.T.);
#3064=ORIENTED_EDGE('',*,*,#2325,.F.);
#3065=ORIENTED_EDGE('',*,*,#2292,.F.);
#3066=ORIENTED_EDGE('',*,*,#2334,.F.);
#3067=ORIENTED_EDGE('',*,*,#2335,.F.);
#3068=ORIENTED_EDGE('',*,*,#2336,.F.);
#3069=ORIENTED_EDGE('',*,*,#2337,.T.);
#3070=ORIENTED_EDGE('',*,*,#2338,.F.);
#3071=ORIENTED_EDGE('',*,*,#2339,.F.);
#3072=ORIENTED_EDGE('',*,*,#2340,.F.);
#3073=ORIENTED_EDGE('',*,*,#2341,.F.);
#3074=ORIENTED_EDGE('',*,*,#2342,.F.);
#3075=ORIENTED_EDGE('',*,*,#2343,.F.);
#3076=ORIENTED_EDGE('',*,*,#2344,.F.);
#3077=ORIENTED_EDGE('',*,*,#2345,.F.);
#3078=ORIENTED_EDGE('',*,*,#2330,.F.);
#3079=ORIENTED_EDGE('',*,*,#2320,.F.);
#3080=ORIENTED_EDGE('',*,*,#2346,.F.);
#3081=ORIENTED_EDGE('',*,*,#2308,.F.);
#3082=ORIENTED_EDGE('',*,*,#2304,.F.);
#3083=ORIENTED_EDGE('',*,*,#2331,.T.);
#3084=ORIENTED_EDGE('',*,*,#2345,.T.);
#3085=ORIENTED_EDGE('',*,*,#2347,.T.);
#3086=ORIENTED_EDGE('',*,*,#2348,.F.);
#3087=ORIENTED_EDGE('',*,*,#2349,.T.);
#3088=ORIENTED_EDGE('',*,*,#2350,.F.);
#3089=ORIENTED_EDGE('',*,*,#2347,.F.);
#3090=ORIENTED_EDGE('',*,*,#2344,.T.);
#3091=ORIENTED_EDGE('',*,*,#2351,.F.);
#3092=ORIENTED_EDGE('',*,*,#2352,.F.);
#3093=ORIENTED_EDGE('',*,*,#2353,.T.);
#3094=ORIENTED_EDGE('',*,*,#2354,.F.);
#3095=ORIENTED_EDGE('',*,*,#2351,.T.);
#3096=ORIENTED_EDGE('',*,*,#2343,.T.);
#3097=ORIENTED_EDGE('',*,*,#2355,.T.);
#3098=ORIENTED_EDGE('',*,*,#2356,.F.);
#3099=ORIENTED_EDGE('',*,*,#2357,.T.);
#3100=ORIENTED_EDGE('',*,*,#2358,.F.);
#3101=ORIENTED_EDGE('',*,*,#2356,.T.);
#3102=ORIENTED_EDGE('',*,*,#2359,.T.);
#3103=ORIENTED_EDGE('',*,*,#2360,.T.);
#3104=ORIENTED_EDGE('',*,*,#2361,.T.);
#3105=ORIENTED_EDGE('',*,*,#2362,.T.);
#3106=ORIENTED_EDGE('',*,*,#2363,.T.);
#3107=ORIENTED_EDGE('',*,*,#2355,.F.);
#3108=ORIENTED_EDGE('',*,*,#2342,.T.);
#3109=ORIENTED_EDGE('',*,*,#2364,.F.);
#3110=ORIENTED_EDGE('',*,*,#2365,.F.);
#3111=ORIENTED_EDGE('',*,*,#2366,.T.);
#3112=ORIENTED_EDGE('',*,*,#2359,.F.);
#3113=ORIENTED_EDGE('',*,*,#2364,.T.);
#3114=ORIENTED_EDGE('',*,*,#2341,.T.);
#3115=ORIENTED_EDGE('',*,*,#2367,.T.);
#3116=ORIENTED_EDGE('',*,*,#2368,.F.);
#3117=ORIENTED_EDGE('',*,*,#2369,.T.);
#3118=ORIENTED_EDGE('',*,*,#2370,.F.);
#3119=ORIENTED_EDGE('',*,*,#2367,.F.);
#3120=ORIENTED_EDGE('',*,*,#2340,.T.);
#3121=ORIENTED_EDGE('',*,*,#2371,.F.);
#3122=ORIENTED_EDGE('',*,*,#2372,.F.);
#3123=ORIENTED_EDGE('',*,*,#2373,.T.);
#3124=ORIENTED_EDGE('',*,*,#2374,.F.);
#3125=ORIENTED_EDGE('',*,*,#2371,.T.);
#3126=ORIENTED_EDGE('',*,*,#2339,.T.);
#3127=ORIENTED_EDGE('',*,*,#2375,.T.);
#3128=ORIENTED_EDGE('',*,*,#2376,.F.);
#3129=ORIENTED_EDGE('',*,*,#2377,.T.);
#3130=ORIENTED_EDGE('',*,*,#2378,.F.);
#3131=ORIENTED_EDGE('',*,*,#2378,.T.);
#3132=ORIENTED_EDGE('',*,*,#2379,.T.);
#3133=ORIENTED_EDGE('',*,*,#2380,.T.);
#3134=ORIENTED_EDGE('',*,*,#2381,.T.);
#3135=ORIENTED_EDGE('',*,*,#2382,.T.);
#3136=ORIENTED_EDGE('',*,*,#2372,.T.);
#3137=ORIENTED_EDGE('',*,*,#2377,.F.);
#3138=ORIENTED_EDGE('',*,*,#2383,.F.);
#3139=ORIENTED_EDGE('',*,*,#2384,.F.);
#3140=ORIENTED_EDGE('',*,*,#2379,.F.);
#3141=ORIENTED_EDGE('',*,*,#2385,.T.);
#3142=ORIENTED_EDGE('',*,*,#2386,.T.);
#3143=ORIENTED_EDGE('',*,*,#2387,.T.);
#3144=ORIENTED_EDGE('',*,*,#2380,.F.);
#3145=ORIENTED_EDGE('',*,*,#2384,.T.);
#3146=ORIENTED_EDGE('',*,*,#2388,.F.);
#3147=ORIENTED_EDGE('',*,*,#2387,.F.);
#3148=ORIENTED_EDGE('',*,*,#2389,.T.);
#3149=ORIENTED_EDGE('',*,*,#2390,.F.);
#3150=ORIENTED_EDGE('',*,*,#2391,.F.);
#3151=ORIENTED_EDGE('',*,*,#2392,.T.);
#3152=ORIENTED_EDGE('',*,*,#2381,.F.);
#3153=ORIENTED_EDGE('',*,*,#2232,.F.);
#3154=ORIENTED_EDGE('',*,*,#2243,.F.);
#3155=ORIENTED_EDGE('',*,*,#2393,.F.);
#3156=ORIENTED_EDGE('',*,*,#2394,.F.);
#3157=ORIENTED_EDGE('',*,*,#2395,.F.);
#3158=ORIENTED_EDGE('',*,*,#2396,.F.);
#3159=ORIENTED_EDGE('',*,*,#2397,.F.);
#3160=ORIENTED_EDGE('',*,*,#2398,.F.);
#3161=ORIENTED_EDGE('',*,*,#2399,.F.);
#3162=ORIENTED_EDGE('',*,*,#2400,.F.);
#3163=ORIENTED_EDGE('',*,*,#2401,.F.);
#3164=ORIENTED_EDGE('',*,*,#2402,.F.);
#3165=ORIENTED_EDGE('',*,*,#2403,.F.);
#3166=ORIENTED_EDGE('',*,*,#2404,.F.);
#3167=ORIENTED_EDGE('',*,*,#2389,.F.);
#3168=ORIENTED_EDGE('',*,*,#2386,.F.);
#3169=ORIENTED_EDGE('',*,*,#2405,.F.);
#3170=ORIENTED_EDGE('',*,*,#2406,.F.);
#3171=ORIENTED_EDGE('',*,*,#2385,.F.);
#3172=ORIENTED_EDGE('',*,*,#2407,.F.);
#3173=ORIENTED_EDGE('',*,*,#2408,.T.);
#3174=ORIENTED_EDGE('',*,*,#2409,.T.);
#3175=ORIENTED_EDGE('',*,*,#2405,.T.);
#3176=ORIENTED_EDGE('',*,*,#2390,.T.);
#3177=ORIENTED_EDGE('',*,*,#2404,.T.);
#3178=ORIENTED_EDGE('',*,*,#2410,.T.);
#3179=ORIENTED_EDGE('',*,*,#2411,.F.);
#3180=ORIENTED_EDGE('',*,*,#2412,.T.);
#3181=ORIENTED_EDGE('',*,*,#2413,.F.);
#3182=ORIENTED_EDGE('',*,*,#2370,.T.);
#3183=ORIENTED_EDGE('',*,*,#2414,.T.);
#3184=ORIENTED_EDGE('',*,*,#2411,.T.);
#3185=ORIENTED_EDGE('',*,*,#2415,.T.);
#3186=ORIENTED_EDGE('',*,*,#2416,.T.);
#3187=ORIENTED_EDGE('',*,*,#2365,.T.);
#3188=ORIENTED_EDGE('',*,*,#2410,.F.);
#3189=ORIENTED_EDGE('',*,*,#2403,.T.);
#3190=ORIENTED_EDGE('',*,*,#2417,.F.);
#3191=ORIENTED_EDGE('',*,*,#2361,.F.);
#3192=ORIENTED_EDGE('',*,*,#2418,.T.);
#3193=ORIENTED_EDGE('',*,*,#2415,.F.);
#3194=ORIENTED_EDGE('',*,*,#2417,.T.);
#3195=ORIENTED_EDGE('',*,*,#2402,.T.);
#3196=ORIENTED_EDGE('',*,*,#2419,.T.);
#3197=ORIENTED_EDGE('',*,*,#2420,.F.);
#3198=ORIENTED_EDGE('',*,*,#2421,.T.);
#3199=ORIENTED_EDGE('',*,*,#2362,.F.);
#3200=ORIENTED_EDGE('',*,*,#2419,.F.);
#3201=ORIENTED_EDGE('',*,*,#2401,.T.);
#3202=ORIENTED_EDGE('',*,*,#2422,.F.);
#3203=ORIENTED_EDGE('',*,*,#2423,.F.);
#3204=ORIENTED_EDGE('',*,*,#2424,.T.);
#3205=ORIENTED_EDGE('',*,*,#2425,.F.);
#3206=ORIENTED_EDGE('',*,*,#2422,.T.);
#3207=ORIENTED_EDGE('',*,*,#2400,.T.);
#3208=ORIENTED_EDGE('',*,*,#2426,.T.);
#3209=ORIENTED_EDGE('',*,*,#2427,.F.);
#3210=ORIENTED_EDGE('',*,*,#2428,.T.);
#3211=ORIENTED_EDGE('',*,*,#2429,.F.);
#3212=ORIENTED_EDGE('',*,*,#2350,.T.);
#3213=ORIENTED_EDGE('',*,*,#2430,.T.);
#3214=ORIENTED_EDGE('',*,*,#2427,.T.);
#3215=ORIENTED_EDGE('',*,*,#2431,.T.);
#3216=ORIENTED_EDGE('',*,*,#2432,.T.);
#3217=ORIENTED_EDGE('',*,*,#2332,.T.);
#3218=ORIENTED_EDGE('',*,*,#2426,.F.);
#3219=ORIENTED_EDGE('',*,*,#2399,.T.);
#3220=ORIENTED_EDGE('',*,*,#2433,.F.);
#3221=ORIENTED_EDGE('',*,*,#2327,.F.);
#3222=ORIENTED_EDGE('',*,*,#2434,.T.);
#3223=ORIENTED_EDGE('',*,*,#2431,.F.);
#3224=ORIENTED_EDGE('',*,*,#2433,.T.);
#3225=ORIENTED_EDGE('',*,*,#2398,.T.);
#3226=ORIENTED_EDGE('',*,*,#2435,.T.);
#3227=ORIENTED_EDGE('',*,*,#2436,.F.);
#3228=ORIENTED_EDGE('',*,*,#2437,.T.);
#3229=ORIENTED_EDGE('',*,*,#2328,.F.);
#3230=ORIENTED_EDGE('',*,*,#2435,.F.);
#3231=ORIENTED_EDGE('',*,*,#2397,.T.);
#3232=ORIENTED_EDGE('',*,*,#2438,.F.);
#3233=ORIENTED_EDGE('',*,*,#2439,.F.);
#3234=ORIENTED_EDGE('',*,*,#2440,.T.);
#3235=ORIENTED_EDGE('',*,*,#2441,.F.);
#3236=ORIENTED_EDGE('',*,*,#2438,.T.);
#3237=ORIENTED_EDGE('',*,*,#2396,.T.);
#3238=ORIENTED_EDGE('',*,*,#2442,.T.);
#3239=ORIENTED_EDGE('',*,*,#2314,.F.);
#3240=ORIENTED_EDGE('',*,*,#2318,.T.);
#3241=ORIENTED_EDGE('',*,*,#2443,.F.);
#3242=ORIENTED_EDGE('',*,*,#2442,.F.);
#3243=ORIENTED_EDGE('',*,*,#2395,.T.);
#3244=ORIENTED_EDGE('',*,*,#2444,.F.);
#3245=ORIENTED_EDGE('',*,*,#2302,.F.);
#3246=ORIENTED_EDGE('',*,*,#2445,.T.);
#3247=ORIENTED_EDGE('',*,*,#2315,.F.);
#3248=ORIENTED_EDGE('',*,*,#2444,.T.);
#3249=ORIENTED_EDGE('',*,*,#2394,.T.);
#3250=ORIENTED_EDGE('',*,*,#2446,.T.);
#3251=ORIENTED_EDGE('',*,*,#2447,.F.);
#3252=ORIENTED_EDGE('',*,*,#2298,.T.);
#3253=ORIENTED_EDGE('',*,*,#2303,.F.);
#3254=ORIENTED_EDGE('',*,*,#2448,.T.);
#3255=ORIENTED_EDGE('',*,*,#2449,.T.);
#3256=ORIENTED_EDGE('',*,*,#2450,.T.);
#3257=ORIENTED_EDGE('',*,*,#2451,.F.);
#3258=ORIENTED_EDGE('',*,*,#2452,.T.);
#3259=ORIENTED_EDGE('',*,*,#2453,.F.);
#3260=ORIENTED_EDGE('',*,*,#2450,.F.);
#3261=ORIENTED_EDGE('',*,*,#2454,.T.);
#3262=ORIENTED_EDGE('',*,*,#2455,.F.);
#3263=ORIENTED_EDGE('',*,*,#2456,.T.);
#3264=ORIENTED_EDGE('',*,*,#2457,.F.);
#3265=ORIENTED_EDGE('',*,*,#2449,.F.);
#3266=ORIENTED_EDGE('',*,*,#2458,.F.);
#3267=ORIENTED_EDGE('',*,*,#2459,.F.);
#3268=ORIENTED_EDGE('',*,*,#2460,.F.);
#3269=ORIENTED_EDGE('',*,*,#2461,.F.);
#3270=ORIENTED_EDGE('',*,*,#2462,.F.);
#3271=ORIENTED_EDGE('',*,*,#2463,.F.);
#3272=ORIENTED_EDGE('',*,*,#2464,.F.);
#3273=ORIENTED_EDGE('',*,*,#2465,.F.);
#3274=ORIENTED_EDGE('',*,*,#2466,.F.);
#3275=ORIENTED_EDGE('',*,*,#2467,.F.);
#3276=ORIENTED_EDGE('',*,*,#2468,.F.);
#3277=ORIENTED_EDGE('',*,*,#2469,.F.);
#3278=ORIENTED_EDGE('',*,*,#2470,.F.);
#3279=ORIENTED_EDGE('',*,*,#2471,.F.);
#3280=ORIENTED_EDGE('',*,*,#2472,.F.);
#3281=ORIENTED_EDGE('',*,*,#2473,.T.);
#3282=ORIENTED_EDGE('',*,*,#2454,.F.);
#3283=ORIENTED_EDGE('',*,*,#2448,.F.);
#3284=ORIENTED_EDGE('',*,*,#2474,.F.);
#3285=ORIENTED_EDGE('',*,*,#2475,.T.);
#3286=ORIENTED_EDGE('',*,*,#2476,.F.);
#3287=ORIENTED_EDGE('',*,*,#2477,.F.);
#3288=ORIENTED_EDGE('',*,*,#2458,.T.);
#3289=ORIENTED_EDGE('',*,*,#2478,.T.);
#3290=ORIENTED_EDGE('',*,*,#2459,.T.);
#3291=ORIENTED_EDGE('',*,*,#2477,.T.);
#3292=ORIENTED_EDGE('',*,*,#2479,.F.);
#3293=ORIENTED_EDGE('',*,*,#2480,.T.);
#3294=ORIENTED_EDGE('',*,*,#2481,.F.);
#3295=ORIENTED_EDGE('',*,*,#2478,.F.);
#3296=ORIENTED_EDGE('',*,*,#2482,.F.);
#3297=ORIENTED_EDGE('',*,*,#2483,.T.);
#3298=ORIENTED_EDGE('',*,*,#2484,.F.);
#3299=ORIENTED_EDGE('',*,*,#2485,.F.);
#3300=ORIENTED_EDGE('',*,*,#2460,.T.);
#3301=ORIENTED_EDGE('',*,*,#2481,.T.);
#3302=ORIENTED_EDGE('',*,*,#2486,.T.);
#3303=ORIENTED_EDGE('',*,*,#2487,.T.);
#3304=ORIENTED_EDGE('',*,*,#2488,.T.);
#3305=ORIENTED_EDGE('',*,*,#2489,.T.);
#3306=ORIENTED_EDGE('',*,*,#2482,.T.);
#3307=ORIENTED_EDGE('',*,*,#2480,.F.);
#3308=ORIENTED_EDGE('',*,*,#2490,.F.);
#3309=ORIENTED_EDGE('',*,*,#2491,.F.);
#3310=ORIENTED_EDGE('',*,*,#2486,.F.);
#3311=ORIENTED_EDGE('',*,*,#2492,.T.);
#3312=ORIENTED_EDGE('',*,*,#2461,.T.);
#3313=ORIENTED_EDGE('',*,*,#2485,.T.);
#3314=ORIENTED_EDGE('',*,*,#2493,.F.);
#3315=ORIENTED_EDGE('',*,*,#2494,.T.);
#3316=ORIENTED_EDGE('',*,*,#2495,.F.);
#3317=ORIENTED_EDGE('',*,*,#2492,.F.);
#3318=ORIENTED_EDGE('',*,*,#2496,.F.);
#3319=ORIENTED_EDGE('',*,*,#2497,.T.);
#3320=ORIENTED_EDGE('',*,*,#2498,.F.);
#3321=ORIENTED_EDGE('',*,*,#2499,.F.);
#3322=ORIENTED_EDGE('',*,*,#2462,.T.);
#3323=ORIENTED_EDGE('',*,*,#2495,.T.);
#3324=ORIENTED_EDGE('',*,*,#2500,.T.);
#3325=ORIENTED_EDGE('',*,*,#2501,.T.);
#3326=ORIENTED_EDGE('',*,*,#2502,.T.);
#3327=ORIENTED_EDGE('',*,*,#2503,.T.);
#3328=ORIENTED_EDGE('',*,*,#2496,.T.);
#3329=ORIENTED_EDGE('',*,*,#2494,.F.);
#3330=ORIENTED_EDGE('',*,*,#2504,.F.);
#3331=ORIENTED_EDGE('',*,*,#2505,.F.);
#3332=ORIENTED_EDGE('',*,*,#2500,.F.);
#3333=ORIENTED_EDGE('',*,*,#2506,.T.);
#3334=ORIENTED_EDGE('',*,*,#2463,.T.);
#3335=ORIENTED_EDGE('',*,*,#2499,.T.);
#3336=ORIENTED_EDGE('',*,*,#2507,.F.);
#3337=ORIENTED_EDGE('',*,*,#2508,.T.);
#3338=ORIENTED_EDGE('',*,*,#2509,.F.);
#3339=ORIENTED_EDGE('',*,*,#2506,.F.);
#3340=ORIENTED_EDGE('',*,*,#2510,.F.);
#3341=ORIENTED_EDGE('',*,*,#2511,.T.);
#3342=ORIENTED_EDGE('',*,*,#2287,.F.);
#3343=ORIENTED_EDGE('',*,*,#2512,.F.);
#3344=ORIENTED_EDGE('',*,*,#2464,.T.);
#3345=ORIENTED_EDGE('',*,*,#2509,.T.);
#3346=ORIENTED_EDGE('',*,*,#2513,.T.);
#3347=ORIENTED_EDGE('',*,*,#2514,.T.);
#3348=ORIENTED_EDGE('',*,*,#2283,.T.);
#3349=ORIENTED_EDGE('',*,*,#2515,.T.);
#3350=ORIENTED_EDGE('',*,*,#2510,.T.);
#3351=ORIENTED_EDGE('',*,*,#2508,.F.);
#3352=ORIENTED_EDGE('',*,*,#2516,.F.);
#3353=ORIENTED_EDGE('',*,*,#2517,.F.);
#3354=ORIENTED_EDGE('',*,*,#2513,.F.);
#3355=ORIENTED_EDGE('',*,*,#2518,.T.);
#3356=ORIENTED_EDGE('',*,*,#2465,.T.);
#3357=ORIENTED_EDGE('',*,*,#2512,.T.);
#3358=ORIENTED_EDGE('',*,*,#2286,.F.);
#3359=ORIENTED_EDGE('',*,*,#2290,.T.);
#3360=ORIENTED_EDGE('',*,*,#2519,.F.);
#3361=ORIENTED_EDGE('',*,*,#2518,.F.);
#3362=ORIENTED_EDGE('',*,*,#2520,.F.);
#3363=ORIENTED_EDGE('',*,*,#2521,.T.);
#3364=ORIENTED_EDGE('',*,*,#2522,.F.);
#3365=ORIENTED_EDGE('',*,*,#2523,.F.);
#3366=ORIENTED_EDGE('',*,*,#2466,.T.);
#3367=ORIENTED_EDGE('',*,*,#2524,.T.);
#3368=ORIENTED_EDGE('',*,*,#2467,.T.);
#3369=ORIENTED_EDGE('',*,*,#2523,.T.);
#3370=ORIENTED_EDGE('',*,*,#2525,.F.);
#3371=ORIENTED_EDGE('',*,*,#2526,.T.);
#3372=ORIENTED_EDGE('',*,*,#2527,.F.);
#3373=ORIENTED_EDGE('',*,*,#2524,.F.);
#3374=ORIENTED_EDGE('',*,*,#2528,.F.);
#3375=ORIENTED_EDGE('',*,*,#2529,.T.);
#3376=ORIENTED_EDGE('',*,*,#2530,.F.);
#3377=ORIENTED_EDGE('',*,*,#2531,.F.);
#3378=ORIENTED_EDGE('',*,*,#2468,.T.);
#3379=ORIENTED_EDGE('',*,*,#2527,.T.);
#3380=ORIENTED_EDGE('',*,*,#2532,.T.);
#3381=ORIENTED_EDGE('',*,*,#2533,.T.);
#3382=ORIENTED_EDGE('',*,*,#2534,.T.);
#3383=ORIENTED_EDGE('',*,*,#2535,.T.);
#3384=ORIENTED_EDGE('',*,*,#2528,.T.);
#3385=ORIENTED_EDGE('',*,*,#2526,.F.);
#3386=ORIENTED_EDGE('',*,*,#2536,.F.);
#3387=ORIENTED_EDGE('',*,*,#2537,.F.);
#3388=ORIENTED_EDGE('',*,*,#2532,.F.);
#3389=ORIENTED_EDGE('',*,*,#2538,.T.);
#3390=ORIENTED_EDGE('',*,*,#2469,.T.);
#3391=ORIENTED_EDGE('',*,*,#2531,.T.);
#3392=ORIENTED_EDGE('',*,*,#2539,.F.);
#3393=ORIENTED_EDGE('',*,*,#2540,.T.);
#3394=ORIENTED_EDGE('',*,*,#2541,.F.);
#3395=ORIENTED_EDGE('',*,*,#2539,.T.);
#3396=ORIENTED_EDGE('',*,*,#2530,.T.);
#3397=ORIENTED_EDGE('',*,*,#2542,.T.);
#3398=ORIENTED_EDGE('',*,*,#2543,.T.);
#3399=ORIENTED_EDGE('',*,*,#2544,.T.);
#3400=ORIENTED_EDGE('',*,*,#2545,.T.);
#3401=ORIENTED_EDGE('',*,*,#2546,.T.);
#3402=ORIENTED_EDGE('',*,*,#2250,.T.);
#3403=ORIENTED_EDGE('',*,*,#2547,.T.);
#3404=ORIENTED_EDGE('',*,*,#2548,.F.);
#3405=ORIENTED_EDGE('',*,*,#2549,.T.);
#3406=ORIENTED_EDGE('',*,*,#2544,.F.);
#3407=ORIENTED_EDGE('',*,*,#2546,.F.);
#3408=ORIENTED_EDGE('',*,*,#2543,.F.);
#3409=ORIENTED_EDGE('',*,*,#2550,.T.);
#3410=ORIENTED_EDGE('',*,*,#2534,.F.);
#3411=ORIENTED_EDGE('',*,*,#2551,.F.);
#3412=ORIENTED_EDGE('',*,*,#2251,.T.);
#3413=ORIENTED_EDGE('',*,*,#2540,.F.);
#3414=ORIENTED_EDGE('',*,*,#2545,.F.);
#3415=ORIENTED_EDGE('',*,*,#2549,.F.);
#3416=ORIENTED_EDGE('',*,*,#2552,.F.);
#3417=ORIENTED_EDGE('',*,*,#2553,.T.);
#3418=ORIENTED_EDGE('',*,*,#2252,.T.);
#3419=ORIENTED_EDGE('',*,*,#2551,.T.);
#3420=ORIENTED_EDGE('',*,*,#2533,.F.);
#3421=ORIENTED_EDGE('',*,*,#2537,.T.);
#3422=ORIENTED_EDGE('',*,*,#2554,.F.);
#3423=ORIENTED_EDGE('',*,*,#2555,.T.);
#3424=ORIENTED_EDGE('',*,*,#2256,.T.);
#3425=ORIENTED_EDGE('',*,*,#2284,.T.);
#3426=ORIENTED_EDGE('',*,*,#2514,.F.);
#3427=ORIENTED_EDGE('',*,*,#2517,.T.);
#3428=ORIENTED_EDGE('',*,*,#2556,.F.);
#3429=ORIENTED_EDGE('',*,*,#2557,.T.);
#3430=ORIENTED_EDGE('',*,*,#2258,.T.);
#3431=ORIENTED_EDGE('',*,*,#2558,.T.);
#3432=ORIENTED_EDGE('',*,*,#2501,.F.);
#3433=ORIENTED_EDGE('',*,*,#2505,.T.);
#3434=ORIENTED_EDGE('',*,*,#2559,.F.);
#3435=ORIENTED_EDGE('',*,*,#2557,.F.);
#3436=ORIENTED_EDGE('',*,*,#2560,.F.);
#3437=ORIENTED_EDGE('',*,*,#2561,.T.);
#3438=ORIENTED_EDGE('',*,*,#2488,.F.);
#3439=ORIENTED_EDGE('',*,*,#2562,.F.);
#3440=ORIENTED_EDGE('',*,*,#2259,.T.);
#3441=ORIENTED_EDGE('',*,*,#2493,.T.);
#3442=ORIENTED_EDGE('',*,*,#2484,.T.);
#3443=ORIENTED_EDGE('',*,*,#2563,.T.);
#3444=ORIENTED_EDGE('',*,*,#2560,.T.);
#3445=ORIENTED_EDGE('',*,*,#2559,.T.);
#3446=ORIENTED_EDGE('',*,*,#2504,.T.);
#3447=ORIENTED_EDGE('',*,*,#2564,.T.);
#3448=ORIENTED_EDGE('',*,*,#2262,.T.);
#3449=ORIENTED_EDGE('',*,*,#2565,.T.);
#3450=ORIENTED_EDGE('',*,*,#2566,.F.);
#3451=ORIENTED_EDGE('',*,*,#2567,.T.);
#3452=ORIENTED_EDGE('',*,*,#2568,.F.);
#3453=ORIENTED_EDGE('',*,*,#2453,.T.);
#3454=ORIENTED_EDGE('',*,*,#2569,.T.);
#3455=ORIENTED_EDGE('',*,*,#2566,.T.);
#3456=ORIENTED_EDGE('',*,*,#2570,.T.);
#3457=ORIENTED_EDGE('',*,*,#2571,.T.);
#3458=ORIENTED_EDGE('',*,*,#2474,.T.);
#3459=ORIENTED_EDGE('',*,*,#2565,.F.);
#3460=ORIENTED_EDGE('',*,*,#2261,.T.);
#3461=ORIENTED_EDGE('',*,*,#2572,.F.);
#3462=ORIENTED_EDGE('',*,*,#2573,.F.);
#3463=ORIENTED_EDGE('',*,*,#2574,.T.);
#3464=ORIENTED_EDGE('',*,*,#2570,.F.);
#3465=ORIENTED_EDGE('',*,*,#2572,.T.);
#3466=ORIENTED_EDGE('',*,*,#2260,.T.);
#3467=ORIENTED_EDGE('',*,*,#2562,.T.);
#3468=ORIENTED_EDGE('',*,*,#2487,.F.);
#3469=ORIENTED_EDGE('',*,*,#2491,.T.);
#3470=ORIENTED_EDGE('',*,*,#2575,.F.);
#3471=ORIENTED_EDGE('',*,*,#2310,.T.);
#3472=ORIENTED_EDGE('',*,*,#2576,.T.);
#3473=ORIENTED_EDGE('',*,*,#2577,.T.);
#3474=ORIENTED_EDGE('',*,*,#2439,.T.);
#3475=ORIENTED_EDGE('',*,*,#2443,.T.);
#3476=ORIENTED_EDGE('',*,*,#2317,.T.);
#3477=ORIENTED_EDGE('',*,*,#2479,.T.);
#3478=ORIENTED_EDGE('',*,*,#2476,.T.);
#3479=ORIENTED_EDGE('',*,*,#2578,.T.);
#3480=ORIENTED_EDGE('',*,*,#2573,.T.);
#3481=ORIENTED_EDGE('',*,*,#2575,.T.);
#3482=ORIENTED_EDGE('',*,*,#2490,.T.);
#3483=ORIENTED_EDGE('',*,*,#2296,.T.);
#3484=ORIENTED_EDGE('',*,*,#2299,.T.);
#3485=ORIENTED_EDGE('',*,*,#2447,.T.);
#3486=ORIENTED_EDGE('',*,*,#2579,.T.);
#3487=ORIENTED_EDGE('',*,*,#2580,.T.);
#3488=ORIENTED_EDGE('',*,*,#2581,.T.);
#3489=ORIENTED_EDGE('',*,*,#2446,.F.);
#3490=ORIENTED_EDGE('',*,*,#2393,.T.);
#3491=ORIENTED_EDGE('',*,*,#2582,.T.);
#3492=ORIENTED_EDGE('',*,*,#2583,.T.);
#3493=ORIENTED_EDGE('',*,*,#2579,.F.);
#3494=ORIENTED_EDGE('',*,*,#2316,.F.);
#3495=ORIENTED_EDGE('',*,*,#2445,.F.);
#3496=ORIENTED_EDGE('',*,*,#2301,.F.);
#3497=ORIENTED_EDGE('',*,*,#2307,.F.);
#3498=ORIENTED_EDGE('',*,*,#2452,.F.);
#3499=ORIENTED_EDGE('',*,*,#2584,.F.);
#3500=ORIENTED_EDGE('',*,*,#2567,.F.);
#3501=ORIENTED_EDGE('',*,*,#2569,.F.);
#3502=ORIENTED_EDGE('',*,*,#2451,.T.);
#3503=ORIENTED_EDGE('',*,*,#2457,.T.);
#3504=ORIENTED_EDGE('',*,*,#2585,.T.);
#3505=ORIENTED_EDGE('',*,*,#2586,.T.);
#3506=ORIENTED_EDGE('',*,*,#2568,.T.);
#3507=ORIENTED_EDGE('',*,*,#2584,.T.);
#3508=ORIENTED_EDGE('',*,*,#2564,.F.);
#3509=ORIENTED_EDGE('',*,*,#2586,.F.);
#3510=ORIENTED_EDGE('',*,*,#2587,.T.);
#3511=ORIENTED_EDGE('',*,*,#2588,.F.);
#3512=ORIENTED_EDGE('',*,*,#2263,.T.);
#3513=ORIENTED_EDGE('',*,*,#2580,.F.);
#3514=ORIENTED_EDGE('',*,*,#2583,.F.);
#3515=ORIENTED_EDGE('',*,*,#2589,.F.);
#3516=ORIENTED_EDGE('',*,*,#2590,.F.);
#3517=ORIENTED_EDGE('',*,*,#2591,.F.);
#3518=ORIENTED_EDGE('',*,*,#2587,.F.);
#3519=ORIENTED_EDGE('',*,*,#2585,.F.);
#3520=ORIENTED_EDGE('',*,*,#2456,.F.);
#3521=ORIENTED_EDGE('',*,*,#2592,.F.);
#3522=ORIENTED_EDGE('',*,*,#2593,.F.);
#3523=ORIENTED_EDGE('',*,*,#2594,.F.);
#3524=ORIENTED_EDGE('',*,*,#2595,.F.);
#3525=ORIENTED_EDGE('',*,*,#2596,.T.);
#3526=ORIENTED_EDGE('',*,*,#2597,.T.);
#3527=ORIENTED_EDGE('',*,*,#2555,.F.);
#3528=ORIENTED_EDGE('',*,*,#2598,.F.);
#3529=ORIENTED_EDGE('',*,*,#2599,.T.);
#3530=ORIENTED_EDGE('',*,*,#2502,.F.);
#3531=ORIENTED_EDGE('',*,*,#2558,.F.);
#3532=ORIENTED_EDGE('',*,*,#2257,.T.);
#3533=ORIENTED_EDGE('',*,*,#2323,.F.);
#3534=ORIENTED_EDGE('',*,*,#2329,.F.);
#3535=ORIENTED_EDGE('',*,*,#2437,.F.);
#3536=ORIENTED_EDGE('',*,*,#2600,.F.);
#3537=ORIENTED_EDGE('',*,*,#2324,.T.);
#3538=ORIENTED_EDGE('',*,*,#2600,.T.);
#3539=ORIENTED_EDGE('',*,*,#2436,.T.);
#3540=ORIENTED_EDGE('',*,*,#2441,.T.);
#3541=ORIENTED_EDGE('',*,*,#2601,.T.);
#3542=ORIENTED_EDGE('',*,*,#2602,.T.);
#3543=ORIENTED_EDGE('',*,*,#2349,.F.);
#3544=ORIENTED_EDGE('',*,*,#2603,.F.);
#3545=ORIENTED_EDGE('',*,*,#2428,.F.);
#3546=ORIENTED_EDGE('',*,*,#2430,.F.);
#3547=ORIENTED_EDGE('',*,*,#2507,.T.);
#3548=ORIENTED_EDGE('',*,*,#2498,.T.);
#3549=ORIENTED_EDGE('',*,*,#2604,.T.);
#3550=ORIENTED_EDGE('',*,*,#2598,.T.);
#3551=ORIENTED_EDGE('',*,*,#2556,.T.);
#3552=ORIENTED_EDGE('',*,*,#2516,.T.);
#3553=ORIENTED_EDGE('',*,*,#2348,.T.);
#3554=ORIENTED_EDGE('',*,*,#2354,.T.);
#3555=ORIENTED_EDGE('',*,*,#2605,.T.);
#3556=ORIENTED_EDGE('',*,*,#2423,.T.);
#3557=ORIENTED_EDGE('',*,*,#2429,.T.);
#3558=ORIENTED_EDGE('',*,*,#2603,.T.);
#3559=ORIENTED_EDGE('',*,*,#2278,.T.);
#3560=ORIENTED_EDGE('',*,*,#2606,.T.);
#3561=ORIENTED_EDGE('',*,*,#2607,.T.);
#3562=ORIENTED_EDGE('',*,*,#2520,.T.);
#3563=ORIENTED_EDGE('',*,*,#2519,.T.);
#3564=ORIENTED_EDGE('',*,*,#2289,.T.);
#3565=ORIENTED_EDGE('',*,*,#2277,.F.);
#3566=ORIENTED_EDGE('',*,*,#2253,.T.);
#3567=ORIENTED_EDGE('',*,*,#2553,.F.);
#3568=ORIENTED_EDGE('',*,*,#2608,.F.);
#3569=ORIENTED_EDGE('',*,*,#2609,.T.);
#3570=ORIENTED_EDGE('',*,*,#2606,.F.);
#3571=ORIENTED_EDGE('',*,*,#2357,.F.);
#3572=ORIENTED_EDGE('',*,*,#2363,.F.);
#3573=ORIENTED_EDGE('',*,*,#2421,.F.);
#3574=ORIENTED_EDGE('',*,*,#2610,.F.);
#3575=ORIENTED_EDGE('',*,*,#2358,.T.);
#3576=ORIENTED_EDGE('',*,*,#2610,.T.);
#3577=ORIENTED_EDGE('',*,*,#2420,.T.);
#3578=ORIENTED_EDGE('',*,*,#2425,.T.);
#3579=ORIENTED_EDGE('',*,*,#2611,.T.);
#3580=ORIENTED_EDGE('',*,*,#2352,.T.);
#3581=ORIENTED_EDGE('',*,*,#2376,.T.);
#3582=ORIENTED_EDGE('',*,*,#2612,.T.);
#3583=ORIENTED_EDGE('',*,*,#2613,.T.);
#3584=ORIENTED_EDGE('',*,*,#2407,.T.);
#3585=ORIENTED_EDGE('',*,*,#2388,.T.);
#3586=ORIENTED_EDGE('',*,*,#2383,.T.);
#3587=ORIENTED_EDGE('',*,*,#2375,.F.);
#3588=ORIENTED_EDGE('',*,*,#2338,.T.);
#3589=ORIENTED_EDGE('',*,*,#2614,.F.);
#3590=ORIENTED_EDGE('',*,*,#2615,.T.);
#3591=ORIENTED_EDGE('',*,*,#2612,.F.);
#3592=ORIENTED_EDGE('',*,*,#2541,.T.);
#3593=ORIENTED_EDGE('',*,*,#2552,.T.);
#3594=ORIENTED_EDGE('',*,*,#2548,.T.);
#3595=ORIENTED_EDGE('',*,*,#2616,.T.);
#3596=ORIENTED_EDGE('',*,*,#2617,.T.);
#3597=ORIENTED_EDGE('',*,*,#2618,.T.);
#3598=ORIENTED_EDGE('',*,*,#2547,.F.);
#3599=ORIENTED_EDGE('',*,*,#2249,.T.);
#3600=ORIENTED_EDGE('',*,*,#2619,.T.);
#3601=ORIENTED_EDGE('',*,*,#2620,.T.);
#3602=ORIENTED_EDGE('',*,*,#2616,.F.);
#3603=ORIENTED_EDGE('',*,*,#2369,.F.);
#3604=ORIENTED_EDGE('',*,*,#2621,.F.);
#3605=ORIENTED_EDGE('',*,*,#2412,.F.);
#3606=ORIENTED_EDGE('',*,*,#2414,.F.);
#3607=ORIENTED_EDGE('',*,*,#2368,.T.);
#3608=ORIENTED_EDGE('',*,*,#2374,.T.);
#3609=ORIENTED_EDGE('',*,*,#2622,.T.);
#3610=ORIENTED_EDGE('',*,*,#2391,.T.);
#3611=ORIENTED_EDGE('',*,*,#2413,.T.);
#3612=ORIENTED_EDGE('',*,*,#2621,.T.);
#3613=ORIENTED_EDGE('',*,*,#2525,.T.);
#3614=ORIENTED_EDGE('',*,*,#2522,.T.);
#3615=ORIENTED_EDGE('',*,*,#2623,.T.);
#3616=ORIENTED_EDGE('',*,*,#2608,.T.);
#3617=ORIENTED_EDGE('',*,*,#2554,.T.);
#3618=ORIENTED_EDGE('',*,*,#2536,.T.);
#3619=ORIENTED_EDGE('',*,*,#2291,.F.);
#3620=ORIENTED_EDGE('',*,*,#2581,.F.);
#3621=ORIENTED_EDGE('',*,*,#2595,.T.);
#3622=ORIENTED_EDGE('',*,*,#2624,.T.);
#3623=ORIENTED_EDGE('',*,*,#2334,.T.);
#3624=ORIENTED_EDGE('',*,*,#2309,.F.);
#3625=ORIENTED_EDGE('',*,*,#2346,.T.);
#3626=ORIENTED_EDGE('',*,*,#2319,.F.);
#3627=ORIENTED_EDGE('',*,*,#2602,.F.);
#3628=ORIENTED_EDGE('',*,*,#2625,.T.);
#3629=ORIENTED_EDGE('',*,*,#2576,.F.);
#3630=ORIENTED_EDGE('',*,*,#2538,.F.);
#3631=ORIENTED_EDGE('',*,*,#2618,.F.);
#3632=ORIENTED_EDGE('',*,*,#2626,.T.);
#3633=ORIENTED_EDGE('',*,*,#2627,.T.);
#3634=ORIENTED_EDGE('',*,*,#2470,.T.);
#3635=ORIENTED_EDGE('',*,*,#2578,.F.);
#3636=ORIENTED_EDGE('',*,*,#2475,.F.);
#3637=ORIENTED_EDGE('',*,*,#2571,.F.);
#3638=ORIENTED_EDGE('',*,*,#2574,.F.);
#3639=ORIENTED_EDGE('',*,*,#2577,.F.);
#3640=ORIENTED_EDGE('',*,*,#2625,.F.);
#3641=ORIENTED_EDGE('',*,*,#2601,.F.);
#3642=ORIENTED_EDGE('',*,*,#2440,.F.);
#3643=ORIENTED_EDGE('',*,*,#2503,.F.);
#3644=ORIENTED_EDGE('',*,*,#2599,.F.);
#3645=ORIENTED_EDGE('',*,*,#2604,.F.);
#3646=ORIENTED_EDGE('',*,*,#2497,.F.);
#3647=ORIENTED_EDGE('',*,*,#2605,.F.);
#3648=ORIENTED_EDGE('',*,*,#2353,.F.);
#3649=ORIENTED_EDGE('',*,*,#2611,.F.);
#3650=ORIENTED_EDGE('',*,*,#2424,.F.);
#3651=ORIENTED_EDGE('',*,*,#2542,.F.);
#3652=ORIENTED_EDGE('',*,*,#2529,.F.);
#3653=ORIENTED_EDGE('',*,*,#2535,.F.);
#3654=ORIENTED_EDGE('',*,*,#2550,.F.);
#3655=ORIENTED_EDGE('',*,*,#2613,.F.);
#3656=ORIENTED_EDGE('',*,*,#2615,.F.);
#3657=ORIENTED_EDGE('',*,*,#2628,.F.);
#3658=ORIENTED_EDGE('',*,*,#2629,.F.);
#3659=ORIENTED_EDGE('',*,*,#2630,.F.);
#3660=ORIENTED_EDGE('',*,*,#2626,.F.);
#3661=ORIENTED_EDGE('',*,*,#2617,.F.);
#3662=ORIENTED_EDGE('',*,*,#2620,.F.);
#3663=ORIENTED_EDGE('',*,*,#2631,.F.);
#3664=ORIENTED_EDGE('',*,*,#2632,.F.);
#3665=ORIENTED_EDGE('',*,*,#2633,.F.);
#3666=ORIENTED_EDGE('',*,*,#2408,.F.);
#3667=ORIENTED_EDGE('',*,*,#2634,.T.);
#3668=ORIENTED_EDGE('',*,*,#2635,.T.);
#3669=ORIENTED_EDGE('',*,*,#2607,.F.);
#3670=ORIENTED_EDGE('',*,*,#2609,.F.);
#3671=ORIENTED_EDGE('',*,*,#2623,.F.);
#3672=ORIENTED_EDGE('',*,*,#2521,.F.);
#3673=ORIENTED_EDGE('',*,*,#2382,.F.);
#3674=ORIENTED_EDGE('',*,*,#2392,.F.);
#3675=ORIENTED_EDGE('',*,*,#2622,.F.);
#3676=ORIENTED_EDGE('',*,*,#2373,.F.);
#3677=ORIENTED_EDGE('',*,*,#2515,.F.);
#3678=ORIENTED_EDGE('',*,*,#2282,.F.);
#3679=ORIENTED_EDGE('',*,*,#2288,.F.);
#3680=ORIENTED_EDGE('',*,*,#2511,.F.);
#3681=ORIENTED_EDGE('',*,*,#2360,.F.);
#3682=ORIENTED_EDGE('',*,*,#2366,.F.);
#3683=ORIENTED_EDGE('',*,*,#2416,.F.);
#3684=ORIENTED_EDGE('',*,*,#2418,.F.);
#3685=ORIENTED_EDGE('',*,*,#2489,.F.);
#3686=ORIENTED_EDGE('',*,*,#2561,.F.);
#3687=ORIENTED_EDGE('',*,*,#2563,.F.);
#3688=ORIENTED_EDGE('',*,*,#2483,.F.);
#3689=ORIENTED_EDGE('',*,*,#2326,.F.);
#3690=ORIENTED_EDGE('',*,*,#2333,.F.);
#3691=ORIENTED_EDGE('',*,*,#2432,.F.);
#3692=ORIENTED_EDGE('',*,*,#2434,.F.);
#3693=ORIENTED_EDGE('',*,*,#2582,.F.);
#3694=ORIENTED_EDGE('',*,*,#2242,.T.);
#3695=ORIENTED_EDGE('',*,*,#2636,.T.);
#3696=ORIENTED_EDGE('',*,*,#2589,.T.);
#3697=ORIENTED_EDGE('',*,*,#2637,.T.);
#3698=ORIENTED_EDGE('',*,*,#2590,.T.);
#3699=ORIENTED_EDGE('',*,*,#2636,.F.);
#3700=ORIENTED_EDGE('',*,*,#2245,.T.);
#3701=ORIENTED_EDGE('',*,*,#2637,.F.);
#3702=ORIENTED_EDGE('',*,*,#2247,.T.);
#3703=ORIENTED_EDGE('',*,*,#2588,.T.);
#3704=ORIENTED_EDGE('',*,*,#2591,.T.);
#3705=ORIENTED_EDGE('',*,*,#2619,.F.);
#3706=ORIENTED_EDGE('',*,*,#2638,.T.);
#3707=ORIENTED_EDGE('',*,*,#2639,.T.);
#3708=ORIENTED_EDGE('',*,*,#2631,.T.);
#3709=ORIENTED_EDGE('',*,*,#2640,.T.);
#3710=ORIENTED_EDGE('',*,*,#2632,.T.);
#3711=ORIENTED_EDGE('',*,*,#2639,.F.);
#3712=ORIENTED_EDGE('',*,*,#2641,.T.);
#3713=ORIENTED_EDGE('',*,*,#2640,.F.);
#3714=ORIENTED_EDGE('',*,*,#2642,.T.);
#3715=ORIENTED_EDGE('',*,*,#2409,.F.);
#3716=ORIENTED_EDGE('',*,*,#2633,.T.);
#3717=ORIENTED_EDGE('',*,*,#2594,.T.);
#3718=ORIENTED_EDGE('',*,*,#2643,.T.);
#3719=ORIENTED_EDGE('',*,*,#2644,.T.);
#3720=ORIENTED_EDGE('',*,*,#2624,.F.);
#3721=ORIENTED_EDGE('',*,*,#2593,.T.);
#3722=ORIENTED_EDGE('',*,*,#2645,.T.);
#3723=ORIENTED_EDGE('',*,*,#2646,.T.);
#3724=ORIENTED_EDGE('',*,*,#2643,.F.);
#3725=ORIENTED_EDGE('',*,*,#2592,.T.);
#3726=ORIENTED_EDGE('',*,*,#2455,.T.);
#3727=ORIENTED_EDGE('',*,*,#2647,.T.);
#3728=ORIENTED_EDGE('',*,*,#2645,.F.);
#3729=ORIENTED_EDGE('',*,*,#2648,.T.);
#3730=ORIENTED_EDGE('',*,*,#2627,.F.);
#3731=ORIENTED_EDGE('',*,*,#2630,.T.);
#3732=ORIENTED_EDGE('',*,*,#2649,.T.);
#3733=ORIENTED_EDGE('',*,*,#2650,.T.);
#3734=ORIENTED_EDGE('',*,*,#2649,.F.);
#3735=ORIENTED_EDGE('',*,*,#2629,.T.);
#3736=ORIENTED_EDGE('',*,*,#2651,.T.);
#3737=ORIENTED_EDGE('',*,*,#2652,.T.);
#3738=ORIENTED_EDGE('',*,*,#2651,.F.);
#3739=ORIENTED_EDGE('',*,*,#2628,.T.);
#3740=ORIENTED_EDGE('',*,*,#2614,.T.);
#3741=ORIENTED_EDGE('',*,*,#2648,.F.);
#3742=ORIENTED_EDGE('',*,*,#2653,.F.);
#3743=ORIENTED_EDGE('',*,*,#2654,.F.);
#3744=ORIENTED_EDGE('',*,*,#2471,.T.);
#3745=ORIENTED_EDGE('',*,*,#2650,.F.);
#3746=ORIENTED_EDGE('',*,*,#2655,.F.);
#3747=ORIENTED_EDGE('',*,*,#2656,.F.);
#3748=ORIENTED_EDGE('',*,*,#2653,.T.);
#3749=ORIENTED_EDGE('',*,*,#2652,.F.);
#3750=ORIENTED_EDGE('',*,*,#2337,.F.);
#3751=ORIENTED_EDGE('',*,*,#2657,.F.);
#3752=ORIENTED_EDGE('',*,*,#2655,.T.);
#3753=ORIENTED_EDGE('',*,*,#2658,.T.);
#3754=ORIENTED_EDGE('',*,*,#2659,.T.);
#3755=ORIENTED_EDGE('',*,*,#2660,.T.);
#3756=ORIENTED_EDGE('',*,*,#2661,.T.);
#3757=ORIENTED_EDGE('',*,*,#2662,.T.);
#3758=ORIENTED_EDGE('',*,*,#2663,.T.);
#3759=ORIENTED_EDGE('',*,*,#2658,.F.);
#3760=ORIENTED_EDGE('',*,*,#2664,.T.);
#3761=ORIENTED_EDGE('',*,*,#2665,.T.);
#3762=ORIENTED_EDGE('',*,*,#2666,.T.);
#3763=ORIENTED_EDGE('',*,*,#2662,.F.);
#3764=ORIENTED_EDGE('',*,*,#2667,.T.);
#3765=ORIENTED_EDGE('',*,*,#2660,.F.);
#3766=ORIENTED_EDGE('',*,*,#2668,.T.);
#3767=ORIENTED_EDGE('',*,*,#2665,.F.);
#3768=ORIENTED_EDGE('',*,*,#2669,.T.);
#3769=ORIENTED_EDGE('',*,*,#2664,.F.);
#3770=ORIENTED_EDGE('',*,*,#2670,.T.);
#3771=ORIENTED_EDGE('',*,*,#2671,.F.);
#3772=ORIENTED_EDGE('',*,*,#2672,.F.);
#3773=ORIENTED_EDGE('',*,*,#2661,.F.);
#3774=ORIENTED_EDGE('',*,*,#2673,.T.);
#3775=ORIENTED_EDGE('',*,*,#2674,.F.);
#3776=ORIENTED_EDGE('',*,*,#2670,.F.);
#3777=ORIENTED_EDGE('',*,*,#2675,.T.);
#3778=ORIENTED_EDGE('',*,*,#2676,.T.);
#3779=ORIENTED_EDGE('',*,*,#2677,.T.);
#3780=ORIENTED_EDGE('',*,*,#2472,.T.);
#3781=ORIENTED_EDGE('',*,*,#2654,.T.);
#3782=ORIENTED_EDGE('',*,*,#2656,.T.);
#3783=ORIENTED_EDGE('',*,*,#2657,.T.);
#3784=ORIENTED_EDGE('',*,*,#2336,.T.);
#3785=ORIENTED_EDGE('',*,*,#2678,.F.);
#3786=ORIENTED_EDGE('',*,*,#2679,.F.);
#3787=ORIENTED_EDGE('',*,*,#2680,.F.);
#3788=ORIENTED_EDGE('',*,*,#2681,.F.);
#3789=ORIENTED_EDGE('',*,*,#2682,.F.);
#3790=ORIENTED_EDGE('',*,*,#2683,.F.);
#3791=ORIENTED_EDGE('',*,*,#2684,.F.);
#3792=ORIENTED_EDGE('',*,*,#2685,.F.);
#3793=ORIENTED_EDGE('',*,*,#2686,.F.);
#3794=ORIENTED_EDGE('',*,*,#2687,.F.);
#3795=ORIENTED_EDGE('',*,*,#2688,.F.);
#3796=ORIENTED_EDGE('',*,*,#2689,.F.);
#3797=ORIENTED_EDGE('',*,*,#2690,.F.);
#3798=ORIENTED_EDGE('',*,*,#2691,.F.);
#3799=ORIENTED_EDGE('',*,*,#2692,.F.);
#3800=ORIENTED_EDGE('',*,*,#2693,.F.);
#3801=ORIENTED_EDGE('',*,*,#2694,.F.);
#3802=ORIENTED_EDGE('',*,*,#2695,.F.);
#3803=ORIENTED_EDGE('',*,*,#2696,.F.);
#3804=ORIENTED_EDGE('',*,*,#2697,.F.);
#3805=ORIENTED_EDGE('',*,*,#2698,.F.);
#3806=ORIENTED_EDGE('',*,*,#2699,.F.);
#3807=ORIENTED_EDGE('',*,*,#2700,.F.);
#3808=ORIENTED_EDGE('',*,*,#2701,.F.);
#3809=ORIENTED_EDGE('',*,*,#2659,.F.);
#3810=ORIENTED_EDGE('',*,*,#2663,.F.);
#3811=ORIENTED_EDGE('',*,*,#2666,.F.);
#3812=ORIENTED_EDGE('',*,*,#2668,.F.);
#3813=ORIENTED_EDGE('',*,*,#2702,.T.);
#3814=ORIENTED_EDGE('',*,*,#2678,.T.);
#3815=ORIENTED_EDGE('',*,*,#2703,.T.);
#3816=ORIENTED_EDGE('',*,*,#2704,.T.);
#3817=ORIENTED_EDGE('',*,*,#2705,.T.);
#3818=ORIENTED_EDGE('',*,*,#2679,.T.);
#3819=ORIENTED_EDGE('',*,*,#2702,.F.);
#3820=ORIENTED_EDGE('',*,*,#2706,.T.);
#3821=ORIENTED_EDGE('',*,*,#2707,.T.);
#3822=ORIENTED_EDGE('',*,*,#2680,.T.);
#3823=ORIENTED_EDGE('',*,*,#2705,.F.);
#3824=ORIENTED_EDGE('',*,*,#2708,.T.);
#3825=ORIENTED_EDGE('',*,*,#2703,.F.);
#3826=ORIENTED_EDGE('',*,*,#2681,.T.);
#3827=ORIENTED_EDGE('',*,*,#2707,.F.);
#3828=ORIENTED_EDGE('',*,*,#2709,.T.);
#3829=ORIENTED_EDGE('',*,*,#2706,.F.);
#3830=ORIENTED_EDGE('',*,*,#2710,.T.);
#3831=ORIENTED_EDGE('',*,*,#2711,.F.);
#3832=ORIENTED_EDGE('',*,*,#2712,.F.);
#3833=ORIENTED_EDGE('',*,*,#2704,.F.);
#3834=ORIENTED_EDGE('',*,*,#2713,.T.);
#3835=ORIENTED_EDGE('',*,*,#2714,.F.);
#3836=ORIENTED_EDGE('',*,*,#2710,.F.);
#3837=ORIENTED_EDGE('',*,*,#2715,.T.);
#3838=ORIENTED_EDGE('',*,*,#2698,.T.);
#3839=ORIENTED_EDGE('',*,*,#2716,.T.);
#3840=ORIENTED_EDGE('',*,*,#2717,.T.);
#3841=ORIENTED_EDGE('',*,*,#2718,.T.);
#3842=ORIENTED_EDGE('',*,*,#2699,.T.);
#3843=ORIENTED_EDGE('',*,*,#2715,.F.);
#3844=ORIENTED_EDGE('',*,*,#2719,.T.);
#3845=ORIENTED_EDGE('',*,*,#2720,.T.);
#3846=ORIENTED_EDGE('',*,*,#2700,.T.);
#3847=ORIENTED_EDGE('',*,*,#2718,.F.);
#3848=ORIENTED_EDGE('',*,*,#2721,.T.);
#3849=ORIENTED_EDGE('',*,*,#2716,.F.);
#3850=ORIENTED_EDGE('',*,*,#2701,.T.);
#3851=ORIENTED_EDGE('',*,*,#2720,.F.);
#3852=ORIENTED_EDGE('',*,*,#2722,.T.);
#3853=ORIENTED_EDGE('',*,*,#2719,.F.);
#3854=ORIENTED_EDGE('',*,*,#2723,.T.);
#3855=ORIENTED_EDGE('',*,*,#2724,.F.);
#3856=ORIENTED_EDGE('',*,*,#2725,.F.);
#3857=ORIENTED_EDGE('',*,*,#2717,.F.);
#3858=ORIENTED_EDGE('',*,*,#2726,.T.);
#3859=ORIENTED_EDGE('',*,*,#2727,.F.);
#3860=ORIENTED_EDGE('',*,*,#2723,.F.);
#3861=ORIENTED_EDGE('',*,*,#2728,.T.);
#3862=ORIENTED_EDGE('',*,*,#2682,.T.);
#3863=ORIENTED_EDGE('',*,*,#2729,.T.);
#3864=ORIENTED_EDGE('',*,*,#2730,.T.);
#3865=ORIENTED_EDGE('',*,*,#2731,.T.);
#3866=ORIENTED_EDGE('',*,*,#2683,.T.);
#3867=ORIENTED_EDGE('',*,*,#2728,.F.);
#3868=ORIENTED_EDGE('',*,*,#2732,.T.);
#3869=ORIENTED_EDGE('',*,*,#2733,.T.);
#3870=ORIENTED_EDGE('',*,*,#2684,.T.);
#3871=ORIENTED_EDGE('',*,*,#2731,.F.);
#3872=ORIENTED_EDGE('',*,*,#2734,.T.);
#3873=ORIENTED_EDGE('',*,*,#2729,.F.);
#3874=ORIENTED_EDGE('',*,*,#2685,.T.);
#3875=ORIENTED_EDGE('',*,*,#2733,.F.);
#3876=ORIENTED_EDGE('',*,*,#2735,.T.);
#3877=ORIENTED_EDGE('',*,*,#2732,.F.);
#3878=ORIENTED_EDGE('',*,*,#2736,.T.);
#3879=ORIENTED_EDGE('',*,*,#2737,.F.);
#3880=ORIENTED_EDGE('',*,*,#2738,.F.);
#3881=ORIENTED_EDGE('',*,*,#2730,.F.);
#3882=ORIENTED_EDGE('',*,*,#2739,.T.);
#3883=ORIENTED_EDGE('',*,*,#2740,.F.);
#3884=ORIENTED_EDGE('',*,*,#2736,.F.);
#3885=ORIENTED_EDGE('',*,*,#2741,.T.);
#3886=ORIENTED_EDGE('',*,*,#2694,.T.);
#3887=ORIENTED_EDGE('',*,*,#2742,.T.);
#3888=ORIENTED_EDGE('',*,*,#2743,.T.);
#3889=ORIENTED_EDGE('',*,*,#2744,.T.);
#3890=ORIENTED_EDGE('',*,*,#2695,.T.);
#3891=ORIENTED_EDGE('',*,*,#2741,.F.);
#3892=ORIENTED_EDGE('',*,*,#2745,.T.);
#3893=ORIENTED_EDGE('',*,*,#2746,.T.);
#3894=ORIENTED_EDGE('',*,*,#2696,.T.);
#3895=ORIENTED_EDGE('',*,*,#2744,.F.);
#3896=ORIENTED_EDGE('',*,*,#2747,.T.);
#3897=ORIENTED_EDGE('',*,*,#2742,.F.);
#3898=ORIENTED_EDGE('',*,*,#2697,.T.);
#3899=ORIENTED_EDGE('',*,*,#2746,.F.);
#3900=ORIENTED_EDGE('',*,*,#2748,.T.);
#3901=ORIENTED_EDGE('',*,*,#2745,.F.);
#3902=ORIENTED_EDGE('',*,*,#2749,.T.);
#3903=ORIENTED_EDGE('',*,*,#2750,.F.);
#3904=ORIENTED_EDGE('',*,*,#2751,.F.);
#3905=ORIENTED_EDGE('',*,*,#2743,.F.);
#3906=ORIENTED_EDGE('',*,*,#2752,.T.);
#3907=ORIENTED_EDGE('',*,*,#2753,.F.);
#3908=ORIENTED_EDGE('',*,*,#2749,.F.);
#3909=ORIENTED_EDGE('',*,*,#2754,.T.);
#3910=ORIENTED_EDGE('',*,*,#2686,.T.);
#3911=ORIENTED_EDGE('',*,*,#2755,.T.);
#3912=ORIENTED_EDGE('',*,*,#2756,.T.);
#3913=ORIENTED_EDGE('',*,*,#2757,.T.);
#3914=ORIENTED_EDGE('',*,*,#2687,.T.);
#3915=ORIENTED_EDGE('',*,*,#2754,.F.);
#3916=ORIENTED_EDGE('',*,*,#2758,.T.);
#3917=ORIENTED_EDGE('',*,*,#2759,.T.);
#3918=ORIENTED_EDGE('',*,*,#2688,.T.);
#3919=ORIENTED_EDGE('',*,*,#2757,.F.);
#3920=ORIENTED_EDGE('',*,*,#2760,.T.);
#3921=ORIENTED_EDGE('',*,*,#2755,.F.);
#3922=ORIENTED_EDGE('',*,*,#2689,.T.);
#3923=ORIENTED_EDGE('',*,*,#2759,.F.);
#3924=ORIENTED_EDGE('',*,*,#2761,.T.);
#3925=ORIENTED_EDGE('',*,*,#2758,.F.);
#3926=ORIENTED_EDGE('',*,*,#2762,.T.);
#3927=ORIENTED_EDGE('',*,*,#2763,.F.);
#3928=ORIENTED_EDGE('',*,*,#2764,.F.);
#3929=ORIENTED_EDGE('',*,*,#2756,.F.);
#3930=ORIENTED_EDGE('',*,*,#2765,.T.);
#3931=ORIENTED_EDGE('',*,*,#2766,.F.);
#3932=ORIENTED_EDGE('',*,*,#2762,.F.);
#3933=ORIENTED_EDGE('',*,*,#2767,.T.);
#3934=ORIENTED_EDGE('',*,*,#2690,.T.);
#3935=ORIENTED_EDGE('',*,*,#2768,.T.);
#3936=ORIENTED_EDGE('',*,*,#2769,.T.);
#3937=ORIENTED_EDGE('',*,*,#2770,.T.);
#3938=ORIENTED_EDGE('',*,*,#2691,.T.);
#3939=ORIENTED_EDGE('',*,*,#2767,.F.);
#3940=ORIENTED_EDGE('',*,*,#2771,.T.);
#3941=ORIENTED_EDGE('',*,*,#2772,.T.);
#3942=ORIENTED_EDGE('',*,*,#2692,.T.);
#3943=ORIENTED_EDGE('',*,*,#2770,.F.);
#3944=ORIENTED_EDGE('',*,*,#2773,.T.);
#3945=ORIENTED_EDGE('',*,*,#2768,.F.);
#3946=ORIENTED_EDGE('',*,*,#2693,.T.);
#3947=ORIENTED_EDGE('',*,*,#2772,.F.);
#3948=ORIENTED_EDGE('',*,*,#2774,.T.);
#3949=ORIENTED_EDGE('',*,*,#2771,.F.);
#3950=ORIENTED_EDGE('',*,*,#2775,.T.);
#3951=ORIENTED_EDGE('',*,*,#2776,.F.);
#3952=ORIENTED_EDGE('',*,*,#2777,.F.);
#3953=ORIENTED_EDGE('',*,*,#2769,.F.);
#3954=ORIENTED_EDGE('',*,*,#2778,.T.);
#3955=ORIENTED_EDGE('',*,*,#2779,.F.);
#3956=ORIENTED_EDGE('',*,*,#2775,.F.);
#3957=ORIENTED_EDGE('',*,*,#2780,.T.);
#3958=ORIENTED_EDGE('',*,*,#2781,.T.);
#3959=ORIENTED_EDGE('',*,*,#2782,.T.);
#3960=ORIENTED_EDGE('',*,*,#2671,.T.);
#3961=ORIENTED_EDGE('',*,*,#2783,.T.);
#3962=ORIENTED_EDGE('',*,*,#2784,.T.);
#3963=ORIENTED_EDGE('',*,*,#2780,.F.);
#3964=ORIENTED_EDGE('',*,*,#2674,.T.);
#3965=ORIENTED_EDGE('',*,*,#2785,.T.);
#3966=ORIENTED_EDGE('',*,*,#2786,.T.);
#3967=ORIENTED_EDGE('',*,*,#2783,.F.);
#3968=ORIENTED_EDGE('',*,*,#2787,.T.);
#3969=ORIENTED_EDGE('',*,*,#2782,.F.);
#3970=ORIENTED_EDGE('',*,*,#2788,.T.);
#3971=ORIENTED_EDGE('',*,*,#2785,.F.);
#3972=ORIENTED_EDGE('',*,*,#2789,.T.);
#3973=ORIENTED_EDGE('',*,*,#2790,.T.);
#3974=ORIENTED_EDGE('',*,*,#2791,.T.);
#3975=ORIENTED_EDGE('',*,*,#2792,.T.);
#3976=ORIENTED_EDGE('',*,*,#2793,.F.);
#3977=ORIENTED_EDGE('',*,*,#2794,.F.);
#3978=ORIENTED_EDGE('',*,*,#2795,.F.);
#3979=ORIENTED_EDGE('',*,*,#2796,.F.);
#3980=ORIENTED_EDGE('',*,*,#2797,.F.);
#3981=ORIENTED_EDGE('',*,*,#2781,.F.);
#3982=ORIENTED_EDGE('',*,*,#2784,.F.);
#3983=ORIENTED_EDGE('',*,*,#2786,.F.);
#3984=ORIENTED_EDGE('',*,*,#2788,.F.);
#3985=ORIENTED_EDGE('',*,*,#2798,.F.);
#3986=ORIENTED_EDGE('',*,*,#2799,.F.);
#3987=ORIENTED_EDGE('',*,*,#2800,.F.);
#3988=ORIENTED_EDGE('',*,*,#2801,.F.);
#3989=ORIENTED_EDGE('',*,*,#2802,.F.);
#3990=ORIENTED_EDGE('',*,*,#2803,.F.);
#3991=ORIENTED_EDGE('',*,*,#2804,.F.);
#3992=ORIENTED_EDGE('',*,*,#2805,.F.);
#3993=ORIENTED_EDGE('',*,*,#2806,.F.);
#3994=ORIENTED_EDGE('',*,*,#2807,.F.);
#3995=ORIENTED_EDGE('',*,*,#2808,.F.);
#3996=ORIENTED_EDGE('',*,*,#2809,.F.);
#3997=ORIENTED_EDGE('',*,*,#2810,.T.);
#3998=ORIENTED_EDGE('',*,*,#2811,.T.);
#3999=ORIENTED_EDGE('',*,*,#2812,.T.);
#4000=ORIENTED_EDGE('',*,*,#2813,.T.);
#4001=ORIENTED_EDGE('',*,*,#2814,.F.);
#4002=ORIENTED_EDGE('',*,*,#2815,.F.);
#4003=ORIENTED_EDGE('',*,*,#2816,.F.);
#4004=ORIENTED_EDGE('',*,*,#2817,.F.);
#4005=ORIENTED_EDGE('',*,*,#2818,.F.);
#4006=ORIENTED_EDGE('',*,*,#2819,.F.);
#4007=ORIENTED_EDGE('',*,*,#2820,.F.);
#4008=ORIENTED_EDGE('',*,*,#2821,.F.);
#4009=ORIENTED_EDGE('',*,*,#2822,.F.);
#4010=ORIENTED_EDGE('',*,*,#2823,.F.);
#4011=ORIENTED_EDGE('',*,*,#2824,.F.);
#4012=ORIENTED_EDGE('',*,*,#2825,.F.);
#4013=ORIENTED_EDGE('',*,*,#2826,.F.);
#4014=ORIENTED_EDGE('',*,*,#2827,.F.);
#4015=ORIENTED_EDGE('',*,*,#2828,.F.);
#4016=ORIENTED_EDGE('',*,*,#2829,.F.);
#4017=ORIENTED_EDGE('',*,*,#2830,.T.);
#4018=ORIENTED_EDGE('',*,*,#2826,.T.);
#4019=ORIENTED_EDGE('',*,*,#2831,.T.);
#4020=ORIENTED_EDGE('',*,*,#2832,.T.);
#4021=ORIENTED_EDGE('',*,*,#2833,.T.);
#4022=ORIENTED_EDGE('',*,*,#2827,.T.);
#4023=ORIENTED_EDGE('',*,*,#2830,.F.);
#4024=ORIENTED_EDGE('',*,*,#2834,.T.);
#4025=ORIENTED_EDGE('',*,*,#2835,.T.);
#4026=ORIENTED_EDGE('',*,*,#2828,.T.);
#4027=ORIENTED_EDGE('',*,*,#2833,.F.);
#4028=ORIENTED_EDGE('',*,*,#2711,.T.);
#4029=ORIENTED_EDGE('',*,*,#2831,.F.);
#4030=ORIENTED_EDGE('',*,*,#2829,.T.);
#4031=ORIENTED_EDGE('',*,*,#2835,.F.);
#4032=ORIENTED_EDGE('',*,*,#2714,.T.);
#4033=ORIENTED_EDGE('',*,*,#2708,.F.);
#4034=ORIENTED_EDGE('',*,*,#2712,.T.);
#4035=ORIENTED_EDGE('',*,*,#2834,.F.);
#4036=ORIENTED_EDGE('',*,*,#2836,.F.);
#4037=ORIENTED_EDGE('',*,*,#2709,.F.);
#4038=ORIENTED_EDGE('',*,*,#2836,.T.);
#4039=ORIENTED_EDGE('',*,*,#2832,.F.);
#4040=ORIENTED_EDGE('',*,*,#2713,.F.);
#4041=ORIENTED_EDGE('',*,*,#2837,.T.);
#4042=ORIENTED_EDGE('',*,*,#2798,.T.);
#4043=ORIENTED_EDGE('',*,*,#2838,.T.);
#4044=ORIENTED_EDGE('',*,*,#2839,.T.);
#4045=ORIENTED_EDGE('',*,*,#2840,.T.);
#4046=ORIENTED_EDGE('',*,*,#2799,.T.);
#4047=ORIENTED_EDGE('',*,*,#2837,.F.);
#4048=ORIENTED_EDGE('',*,*,#2841,.T.);
#4049=ORIENTED_EDGE('',*,*,#2842,.T.);
#4050=ORIENTED_EDGE('',*,*,#2800,.T.);
#4051=ORIENTED_EDGE('',*,*,#2840,.F.);
#4052=ORIENTED_EDGE('',*,*,#2724,.T.);
#4053=ORIENTED_EDGE('',*,*,#2838,.F.);
#4054=ORIENTED_EDGE('',*,*,#2801,.T.);
#4055=ORIENTED_EDGE('',*,*,#2842,.F.);
#4056=ORIENTED_EDGE('',*,*,#2727,.T.);
#4057=ORIENTED_EDGE('',*,*,#2721,.F.);
#4058=ORIENTED_EDGE('',*,*,#2725,.T.);
#4059=ORIENTED_EDGE('',*,*,#2841,.F.);
#4060=ORIENTED_EDGE('',*,*,#2843,.F.);
#4061=ORIENTED_EDGE('',*,*,#2722,.F.);
#4062=ORIENTED_EDGE('',*,*,#2843,.T.);
#4063=ORIENTED_EDGE('',*,*,#2839,.F.);
#4064=ORIENTED_EDGE('',*,*,#2726,.F.);
#4065=ORIENTED_EDGE('',*,*,#2844,.T.);
#4066=ORIENTED_EDGE('',*,*,#2822,.T.);
#4067=ORIENTED_EDGE('',*,*,#2845,.T.);
#4068=ORIENTED_EDGE('',*,*,#2846,.T.);
#4069=ORIENTED_EDGE('',*,*,#2847,.T.);
#4070=ORIENTED_EDGE('',*,*,#2823,.T.);
#4071=ORIENTED_EDGE('',*,*,#2844,.F.);
#4072=ORIENTED_EDGE('',*,*,#2737,.T.);
#4073=ORIENTED_EDGE('',*,*,#2848,.T.);
#4074=ORIENTED_EDGE('',*,*,#2824,.T.);
#4075=ORIENTED_EDGE('',*,*,#2847,.F.);
#4076=ORIENTED_EDGE('',*,*,#2740,.T.);
#4077=ORIENTED_EDGE('',*,*,#2845,.F.);
#4078=ORIENTED_EDGE('',*,*,#2825,.T.);
#4079=ORIENTED_EDGE('',*,*,#2848,.F.);
#4080=ORIENTED_EDGE('',*,*,#2849,.T.);
#4081=ORIENTED_EDGE('',*,*,#2734,.F.);
#4082=ORIENTED_EDGE('',*,*,#2738,.T.);
#4083=ORIENTED_EDGE('',*,*,#2846,.F.);
#4084=ORIENTED_EDGE('',*,*,#2850,.F.);
#4085=ORIENTED_EDGE('',*,*,#2851,.T.);
#4086=ORIENTED_EDGE('',*,*,#2802,.T.);
#4087=ORIENTED_EDGE('',*,*,#2852,.T.);
#4088=ORIENTED_EDGE('',*,*,#2853,.T.);
#4089=ORIENTED_EDGE('',*,*,#2854,.T.);
#4090=ORIENTED_EDGE('',*,*,#2803,.T.);
#4091=ORIENTED_EDGE('',*,*,#2851,.F.);
#4092=ORIENTED_EDGE('',*,*,#2750,.T.);
#4093=ORIENTED_EDGE('',*,*,#2855,.T.);
#4094=ORIENTED_EDGE('',*,*,#2804,.T.);
#4095=ORIENTED_EDGE('',*,*,#2854,.F.);
#4096=ORIENTED_EDGE('',*,*,#2753,.T.);
#4097=ORIENTED_EDGE('',*,*,#2852,.F.);
#4098=ORIENTED_EDGE('',*,*,#2805,.T.);
#4099=ORIENTED_EDGE('',*,*,#2855,.F.);
#4100=ORIENTED_EDGE('',*,*,#2856,.T.);
#4101=ORIENTED_EDGE('',*,*,#2747,.F.);
#4102=ORIENTED_EDGE('',*,*,#2751,.T.);
#4103=ORIENTED_EDGE('',*,*,#2853,.F.);
#4104=ORIENTED_EDGE('',*,*,#2857,.F.);
#4105=ORIENTED_EDGE('',*,*,#2858,.T.);
#4106=ORIENTED_EDGE('',*,*,#2818,.T.);
#4107=ORIENTED_EDGE('',*,*,#2859,.T.);
#4108=ORIENTED_EDGE('',*,*,#2860,.T.);
#4109=ORIENTED_EDGE('',*,*,#2861,.T.);
#4110=ORIENTED_EDGE('',*,*,#2819,.T.);
#4111=ORIENTED_EDGE('',*,*,#2858,.F.);
#4112=ORIENTED_EDGE('',*,*,#2763,.T.);
#4113=ORIENTED_EDGE('',*,*,#2862,.T.);
#4114=ORIENTED_EDGE('',*,*,#2820,.T.);
#4115=ORIENTED_EDGE('',*,*,#2861,.F.);
#4116=ORIENTED_EDGE('',*,*,#2766,.T.);
#4117=ORIENTED_EDGE('',*,*,#2859,.F.);
#4118=ORIENTED_EDGE('',*,*,#2821,.T.);
#4119=ORIENTED_EDGE('',*,*,#2862,.F.);
#4120=ORIENTED_EDGE('',*,*,#2863,.T.);
#4121=ORIENTED_EDGE('',*,*,#2760,.F.);
#4122=ORIENTED_EDGE('',*,*,#2764,.T.);
#4123=ORIENTED_EDGE('',*,*,#2860,.F.);
#4124=ORIENTED_EDGE('',*,*,#2864,.F.);
#4125=ORIENTED_EDGE('',*,*,#2865,.T.);
#4126=ORIENTED_EDGE('',*,*,#2806,.T.);
#4127=ORIENTED_EDGE('',*,*,#2866,.T.);
#4128=ORIENTED_EDGE('',*,*,#2867,.T.);
#4129=ORIENTED_EDGE('',*,*,#2868,.T.);
#4130=ORIENTED_EDGE('',*,*,#2807,.T.);
#4131=ORIENTED_EDGE('',*,*,#2865,.F.);
#4132=ORIENTED_EDGE('',*,*,#2776,.T.);
#4133=ORIENTED_EDGE('',*,*,#2869,.T.);
#4134=ORIENTED_EDGE('',*,*,#2808,.T.);
#4135=ORIENTED_EDGE('',*,*,#2868,.F.);
#4136=ORIENTED_EDGE('',*,*,#2779,.T.);
#4137=ORIENTED_EDGE('',*,*,#2866,.F.);
#4138=ORIENTED_EDGE('',*,*,#2809,.T.);
#4139=ORIENTED_EDGE('',*,*,#2869,.F.);
#4140=ORIENTED_EDGE('',*,*,#2870,.T.);
#4141=ORIENTED_EDGE('',*,*,#2773,.F.);
#4142=ORIENTED_EDGE('',*,*,#2777,.T.);
#4143=ORIENTED_EDGE('',*,*,#2867,.F.);
#4144=ORIENTED_EDGE('',*,*,#2871,.F.);
#4145=ORIENTED_EDGE('',*,*,#2748,.F.);
#4146=ORIENTED_EDGE('',*,*,#2857,.T.);
#4147=ORIENTED_EDGE('',*,*,#2856,.F.);
#4148=ORIENTED_EDGE('',*,*,#2752,.F.);
#4149=ORIENTED_EDGE('',*,*,#2669,.F.);
#4150=ORIENTED_EDGE('',*,*,#2872,.T.);
#4151=ORIENTED_EDGE('',*,*,#2787,.F.);
#4152=ORIENTED_EDGE('',*,*,#2673,.F.);
#4153=ORIENTED_EDGE('',*,*,#2667,.F.);
#4154=ORIENTED_EDGE('',*,*,#2672,.T.);
#4155=ORIENTED_EDGE('',*,*,#2789,.F.);
#4156=ORIENTED_EDGE('',*,*,#2872,.F.);
#4157=ORIENTED_EDGE('',*,*,#2735,.F.);
#4158=ORIENTED_EDGE('',*,*,#2850,.T.);
#4159=ORIENTED_EDGE('',*,*,#2849,.F.);
#4160=ORIENTED_EDGE('',*,*,#2739,.F.);
#4161=ORIENTED_EDGE('',*,*,#2761,.F.);
#4162=ORIENTED_EDGE('',*,*,#2864,.T.);
#4163=ORIENTED_EDGE('',*,*,#2863,.F.);
#4164=ORIENTED_EDGE('',*,*,#2765,.F.);
#4165=ORIENTED_EDGE('',*,*,#2774,.F.);
#4166=ORIENTED_EDGE('',*,*,#2871,.T.);
#4167=ORIENTED_EDGE('',*,*,#2870,.F.);
#4168=ORIENTED_EDGE('',*,*,#2778,.F.);
#4169=ORIENTED_EDGE('',*,*,#2233,.F.);
#4170=ORIENTED_EDGE('',*,*,#2406,.T.);
#4171=ORIENTED_EDGE('',*,*,#2642,.F.);
#4172=ORIENTED_EDGE('',*,*,#2873,.T.);
#4173=ORIENTED_EDGE('',*,*,#2238,.F.);
#4174=ORIENTED_EDGE('',*,*,#2873,.F.);
#4175=ORIENTED_EDGE('',*,*,#2641,.F.);
#4176=ORIENTED_EDGE('',*,*,#2874,.F.);
#4177=ORIENTED_EDGE('',*,*,#2239,.F.);
#4178=ORIENTED_EDGE('',*,*,#2874,.T.);
#4179=ORIENTED_EDGE('',*,*,#2638,.F.);
#4180=ORIENTED_EDGE('',*,*,#2248,.T.);
#4181=ORIENTED_EDGE('',*,*,#2644,.F.);
#4182=ORIENTED_EDGE('',*,*,#2875,.F.);
#4183=ORIENTED_EDGE('',*,*,#2675,.F.);
#4184=ORIENTED_EDGE('',*,*,#2335,.T.);
#4185=ORIENTED_EDGE('',*,*,#2646,.F.);
#4186=ORIENTED_EDGE('',*,*,#2876,.F.);
#4187=ORIENTED_EDGE('',*,*,#2676,.F.);
#4188=ORIENTED_EDGE('',*,*,#2875,.T.);
#4189=ORIENTED_EDGE('',*,*,#2647,.F.);
#4190=ORIENTED_EDGE('',*,*,#2473,.F.);
#4191=ORIENTED_EDGE('',*,*,#2677,.F.);
#4192=ORIENTED_EDGE('',*,*,#2876,.T.);
#4193=ORIENTED_EDGE('',*,*,#2634,.F.);
#4194=ORIENTED_EDGE('',*,*,#2877,.T.);
#4195=ORIENTED_EDGE('',*,*,#2812,.F.);
#4196=ORIENTED_EDGE('',*,*,#2877,.F.);
#4197=ORIENTED_EDGE('',*,*,#2597,.F.);
#4198=ORIENTED_EDGE('',*,*,#2878,.T.);
#4199=ORIENTED_EDGE('',*,*,#2810,.F.);
#4200=ORIENTED_EDGE('',*,*,#2878,.F.);
#4201=ORIENTED_EDGE('',*,*,#2596,.F.);
#4202=ORIENTED_EDGE('',*,*,#2879,.T.);
#4203=ORIENTED_EDGE('',*,*,#2813,.F.);
#4204=ORIENTED_EDGE('',*,*,#2879,.F.);
#4205=ORIENTED_EDGE('',*,*,#2635,.F.);
#4206=ORIENTED_EDGE('',*,*,#2880,.T.);
#4207=ORIENTED_EDGE('',*,*,#2811,.F.);
#4208=ORIENTED_EDGE('',*,*,#2880,.F.);
#4209=ORIENTED_EDGE('',*,*,#2817,.T.);
#4210=ORIENTED_EDGE('',*,*,#2881,.T.);
#4211=ORIENTED_EDGE('',*,*,#2882,.T.);
#4212=ORIENTED_EDGE('',*,*,#2881,.F.);
#4213=ORIENTED_EDGE('',*,*,#2270,.F.);
#4214=ORIENTED_EDGE('',*,*,#2883,.T.);
#4215=ORIENTED_EDGE('',*,*,#2882,.F.);
#4216=ORIENTED_EDGE('',*,*,#2883,.F.);
#4217=ORIENTED_EDGE('',*,*,#2814,.T.);
#4218=ORIENTED_EDGE('',*,*,#2884,.T.);
#4219=ORIENTED_EDGE('',*,*,#2885,.T.);
#4220=ORIENTED_EDGE('',*,*,#2884,.F.);
#4221=ORIENTED_EDGE('',*,*,#2271,.F.);
#4222=ORIENTED_EDGE('',*,*,#2886,.T.);
#4223=ORIENTED_EDGE('',*,*,#2885,.F.);
#4224=ORIENTED_EDGE('',*,*,#2886,.F.);
#4225=ORIENTED_EDGE('',*,*,#2816,.T.);
#4226=ORIENTED_EDGE('',*,*,#2887,.T.);
#4227=ORIENTED_EDGE('',*,*,#2888,.T.);
#4228=ORIENTED_EDGE('',*,*,#2887,.F.);
#4229=ORIENTED_EDGE('',*,*,#2273,.F.);
#4230=ORIENTED_EDGE('',*,*,#2889,.T.);
#4231=ORIENTED_EDGE('',*,*,#2888,.F.);
#4232=ORIENTED_EDGE('',*,*,#2889,.F.);
#4233=ORIENTED_EDGE('',*,*,#2815,.T.);
#4234=ORIENTED_EDGE('',*,*,#2890,.T.);
#4235=ORIENTED_EDGE('',*,*,#2891,.T.);
#4236=ORIENTED_EDGE('',*,*,#2890,.F.);
#4237=ORIENTED_EDGE('',*,*,#2272,.F.);
#4238=ORIENTED_EDGE('',*,*,#2892,.T.);
#4239=ORIENTED_EDGE('',*,*,#2891,.F.);
#4240=ORIENTED_EDGE('',*,*,#2892,.F.);
#4241=ORIENTED_EDGE('',*,*,#2790,.F.);
#4242=ORIENTED_EDGE('',*,*,#2893,.F.);
#4243=ORIENTED_EDGE('',*,*,#2265,.F.);
#4244=ORIENTED_EDGE('',*,*,#2894,.T.);
#4245=ORIENTED_EDGE('',*,*,#2791,.F.);
#4246=ORIENTED_EDGE('',*,*,#2894,.F.);
#4247=ORIENTED_EDGE('',*,*,#2264,.F.);
#4248=ORIENTED_EDGE('',*,*,#2895,.T.);
#4249=ORIENTED_EDGE('',*,*,#2792,.F.);
#4250=ORIENTED_EDGE('',*,*,#2895,.F.);
#4251=ORIENTED_EDGE('',*,*,#2269,.F.);
#4252=ORIENTED_EDGE('',*,*,#2896,.F.);
#4253=ORIENTED_EDGE('',*,*,#2893,.T.);
#4254=ORIENTED_EDGE('',*,*,#2795,.T.);
#4255=ORIENTED_EDGE('',*,*,#2897,.T.);
#4256=ORIENTED_EDGE('',*,*,#2266,.F.);
#4257=ORIENTED_EDGE('',*,*,#2896,.T.);
#4258=ORIENTED_EDGE('',*,*,#2268,.F.);
#4259=ORIENTED_EDGE('',*,*,#2898,.F.);
#4260=ORIENTED_EDGE('',*,*,#2793,.T.);
#4261=ORIENTED_EDGE('',*,*,#2794,.T.);
#4262=ORIENTED_EDGE('',*,*,#2898,.T.);
#4263=ORIENTED_EDGE('',*,*,#2267,.F.);
#4264=ORIENTED_EDGE('',*,*,#2897,.F.);
#4265=ORIENTED_EDGE('',*,*,#2797,.T.);
#4266=ORIENTED_EDGE('',*,*,#2899,.T.);
#4267=ORIENTED_EDGE('',*,*,#2900,.T.);
#4268=ORIENTED_EDGE('',*,*,#2899,.F.);
#4269=ORIENTED_EDGE('',*,*,#2274,.F.);
#4270=ORIENTED_EDGE('',*,*,#2901,.T.);
#4271=ORIENTED_EDGE('',*,*,#2900,.F.);
#4272=ORIENTED_EDGE('',*,*,#2901,.F.);
#4273=ORIENTED_EDGE('',*,*,#2796,.T.);
#4274=ORIENTED_EDGE('',*,*,#2902,.T.);
#4275=ORIENTED_EDGE('',*,*,#2903,.T.);
#4276=ORIENTED_EDGE('',*,*,#2902,.F.);
#4277=ORIENTED_EDGE('',*,*,#2275,.F.);
#4278=ORIENTED_EDGE('',*,*,#2904,.T.);
#4279=ORIENTED_EDGE('',*,*,#2903,.F.);
#4280=ORIENTED_EDGE('',*,*,#2904,.F.);
#4281=PLANE('',#4667);
#4282=PLANE('',#4671);
#4283=PLANE('',#4675);
#4284=PLANE('',#4679);
#4285=PLANE('',#4685);
#4286=PLANE('',#4688);
#4287=PLANE('',#4696);
#4288=PLANE('',#4707);
#4289=PLANE('',#4722);
#4290=PLANE('',#4737);
#4291=PLANE('',#4739);
#4292=PLANE('',#4746);
#4293=PLANE('',#4754);
#4294=PLANE('',#4758);
#4295=PLANE('',#4769);
#4296=PLANE('',#4771);
#4297=PLANE('',#4778);
#4298=PLANE('',#4784);
#4299=PLANE('',#4787);
#4300=PLANE('',#4794);
#4301=PLANE('',#4797);
#4302=PLANE('',#4801);
#4303=PLANE('',#4806);
#4304=PLANE('',#4808);
#4305=PLANE('',#4815);
#4306=PLANE('',#4820);
#4307=PLANE('',#4829);
#4308=PLANE('',#4838);
#4309=PLANE('',#4844);
#4310=PLANE('',#4849);
#4311=PLANE('',#4862);
#4312=PLANE('',#4867);
#4313=PLANE('',#4874);
#4314=PLANE('',#4883);
#4315=PLANE('',#4884);
#4316=PLANE('',#4888);
#4317=PLANE('',#4889);
#4318=PLANE('',#4896);
#4319=PLANE('',#4906);
#4320=PLANE('',#4912);
#4321=PLANE('',#4916);
#4322=PLANE('',#4920);
#4323=PLANE('',#4921);
#4324=PLANE('',#4922);
#4325=PLANE('',#4923);
#4326=PLANE('',#4924);
#4327=PLANE('',#4925);
#4328=PLANE('',#4926);
#4329=PLANE('',#4927);
#4330=PLANE('',#4928);
#4331=PLANE('',#4935);
#4332=PLANE('',#4936);
#4333=PLANE('',#4937);
#4334=PLANE('',#4938);
#4335=PLANE('',#4939);
#4336=PLANE('',#4940);
#4337=PLANE('',#4942);
#4338=PLANE('',#4946);
#4339=PLANE('',#4951);
#4340=PLANE('',#4956);
#4341=PLANE('',#4961);
#4342=PLANE('',#4967);
#4343=PLANE('',#4971);
#4344=PLANE('',#4972);
#4345=PLANE('',#4975);
#4346=PLANE('',#4992);
#4347=PLANE('',#4995);
#4348=PLANE('',#4996);
#4349=PLANE('',#5001);
#4350=PLANE('',#5004);
#4351=PLANE('',#5005);
#4352=PLANE('',#5008);
#4353=PLANE('',#5011);
#4354=PLANE('',#5016);
#4355=PLANE('',#5017);
#4356=PLANE('',#5020);
#4357=PLANE('',#5025);
#4358=PLANE('',#5026);
#4359=PLANE('',#5029);
#4360=PLANE('',#5034);
#4361=PLANE('',#5035);
#4362=PLANE('',#5038);
#4363=PLANE('',#5043);
#4364=PLANE('',#5044);
#4365=PLANE('',#5047);
#4366=PLANE('',#5051);
#4367=PLANE('',#5076);
#4368=PLANE('',#5079);
#4369=PLANE('',#5082);
#4370=PLANE('',#5083);
#4371=PLANE('',#5086);
#4372=PLANE('',#5089);
#4373=PLANE('',#5090);
#4374=PLANE('',#5092);
#4375=PLANE('',#5095);
#4376=PLANE('',#5096);
#4377=PLANE('',#5098);
#4378=PLANE('',#5101);
#4379=PLANE('',#5102);
#4380=PLANE('',#5104);
#4381=PLANE('',#5107);
#4382=PLANE('',#5108);
#4383=PLANE('',#5110);
#4384=PLANE('',#5113);
#4385=PLANE('',#5115);
#4386=PLANE('',#5121);
#4387=PLANE('',#5124);
#4388=PLANE('',#5143);
#4389=PLANE('',#5145);
#4390=PLANE('',#5146);
#4391=PLANE('',#5147);
#4392=ADVANCED_FACE('',(#546),#4281,.T.);
#4393=ADVANCED_FACE('',(#547),#472,.T.);
#4394=ADVANCED_FACE('',(#548),#4282,.T.);
#4395=ADVANCED_FACE('',(#549),#473,.T.);
#4396=ADVANCED_FACE('',(#550),#4283,.T.);
#4397=ADVANCED_FACE('',(#551),#474,.T.);
#4398=ADVANCED_FACE('',(#552),#4284,.T.);
#4399=ADVANCED_FACE('',(#553),#475,.T.);
#4400=ADVANCED_FACE('',(#554),#226,.T.);
#4401=ADVANCED_FACE('',(#555),#4285,.T.);
#4402=ADVANCED_FACE('',(#556),#227,.T.);
#4403=ADVANCED_FACE('',(#557),#4286,.T.);
#4404=ADVANCED_FACE('',(#558,#191,#192,#193,#194,#195,#196,#197),#4287,
 .T.);
#4405=ADVANCED_FACE('',(#559),#476,.F.);
#4406=ADVANCED_FACE('',(#560),#4288,.T.);
#4407=ADVANCED_FACE('',(#561),#228,.T.);
#4408=ADVANCED_FACE('',(#562),#229,.F.);
#4409=ADVANCED_FACE('',(#563),#477,.F.);
#4410=ADVANCED_FACE('',(#564),#230,.F.);
#4411=ADVANCED_FACE('',(#565),#231,.T.);
#4412=ADVANCED_FACE('',(#566),#4289,.T.);
#4413=ADVANCED_FACE('',(#567),#478,.F.);
#4414=ADVANCED_FACE('',(#568),#232,.T.);
#4415=ADVANCED_FACE('',(#569),#233,.F.);
#4416=ADVANCED_FACE('',(#570),#479,.F.);
#4417=ADVANCED_FACE('',(#571),#234,.T.);
#4418=ADVANCED_FACE('',(#572),#4290,.T.);
#4419=ADVANCED_FACE('',(#573),#4291,.T.);
#4420=ADVANCED_FACE('',(#574),#480,.F.);
#4421=ADVANCED_FACE('',(#575),#4292,.T.);
#4422=ADVANCED_FACE('',(#576),#481,.F.);
#4423=ADVANCED_FACE('',(#577),#235,.T.);
#4424=ADVANCED_FACE('',(#578),#4293,.T.);
#4425=ADVANCED_FACE('',(#579),#482,.F.);
#4426=ADVANCED_FACE('',(#580),#4294,.T.);
#4427=ADVANCED_FACE('',(#581),#483,.F.);
#4428=ADVANCED_FACE('',(#582),#236,.T.);
#4429=ADVANCED_FACE('',(#583),#237,.F.);
#4430=ADVANCED_FACE('',(#584),#484,.F.);
#4431=ADVANCED_FACE('',(#585),#4295,.T.);
#4432=ADVANCED_FACE('',(#586),#4296,.T.);
#4433=ADVANCED_FACE('',(#587),#4297,.T.);
#4434=ADVANCED_FACE('',(#588),#485,.F.);
#4435=ADVANCED_FACE('',(#589),#238,.T.);
#4436=ADVANCED_FACE('',(#590),#4298,.T.);
#4437=ADVANCED_FACE('',(#591),#486,.F.);
#4438=ADVANCED_FACE('',(#592),#4299,.T.);
#4439=ADVANCED_FACE('',(#593),#487,.F.);
#4440=ADVANCED_FACE('',(#594),#239,.T.);
#4441=ADVANCED_FACE('',(#595),#4300,.T.);
#4442=ADVANCED_FACE('',(#596),#488,.F.);
#4443=ADVANCED_FACE('',(#597),#4301,.T.);
#4444=ADVANCED_FACE('',(#598),#489,.F.);
#4445=ADVANCED_FACE('',(#599),#4302,.T.);
#4446=ADVANCED_FACE('',(#600),#490,.F.);
#4447=ADVANCED_FACE('',(#601),#491,.F.);
#4448=ADVANCED_FACE('',(#602),#4303,.T.);
#4449=ADVANCED_FACE('',(#603),#4304,.T.);
#4450=ADVANCED_FACE('',(#604),#4305,.T.);
#4451=ADVANCED_FACE('',(#605),#492,.F.);
#4452=ADVANCED_FACE('',(#606),#4306,.T.);
#4453=ADVANCED_FACE('',(#607),#240,.T.);
#4454=ADVANCED_FACE('',(#608),#241,.F.);
#4455=ADVANCED_FACE('',(#609),#493,.F.);
#4456=ADVANCED_FACE('',(#610),#4307,.T.);
#4457=ADVANCED_FACE('',(#611),#242,.T.);
#4458=ADVANCED_FACE('',(#612),#243,.F.);
#4459=ADVANCED_FACE('',(#613),#494,.F.);
#4460=ADVANCED_FACE('',(#614),#4308,.T.);
#4461=ADVANCED_FACE('',(#615),#244,.T.);
#4462=ADVANCED_FACE('',(#616),#245,.F.);
#4463=ADVANCED_FACE('',(#617),#495,.F.);
#4464=ADVANCED_FACE('',(#618),#4309,.T.);
#4465=ADVANCED_FACE('',(#619),#496,.F.);
#4466=ADVANCED_FACE('',(#620),#4310,.T.);
#4467=ADVANCED_FACE('',(#621),#246,.T.);
#4468=ADVANCED_FACE('',(#622),#247,.F.);
#4469=ADVANCED_FACE('',(#623),#497,.F.);
#4470=ADVANCED_FACE('',(#624),#248,.T.);
#4471=ADVANCED_FACE('',(#625),#498,.F.);
#4472=ADVANCED_FACE('',(#626),#4311,.T.);
#4473=ADVANCED_FACE('',(#627),#249,.F.);
#4474=ADVANCED_FACE('',(#628),#499,.F.);
#4475=ADVANCED_FACE('',(#629),#500,.F.);
#4476=ADVANCED_FACE('',(#630),#501,.F.);
#4477=ADVANCED_FACE('',(#631),#4312,.T.);
#4478=ADVANCED_FACE('',(#632),#250,.T.);
#4479=ADVANCED_FACE('',(#633),#502,.F.);
#4480=ADVANCED_FACE('',(#634),#251,.T.);
#4481=ADVANCED_FACE('',(#635),#4313,.T.);
#4482=ADVANCED_FACE('',(#636),#503,.F.);
#4483=ADVANCED_FACE('',(#637),#252,.T.);
#4484=ADVANCED_FACE('',(#638),#253,.T.);
#4485=ADVANCED_FACE('',(#639),#254,.T.);
#4486=ADVANCED_FACE('',(#640),#4314,.T.);
#4487=ADVANCED_FACE('',(#641),#4315,.T.);
#4488=ADVANCED_FACE('',(#642),#255,.F.);
#4489=ADVANCED_FACE('',(#643),#256,.T.);
#4490=ADVANCED_FACE('',(#644),#4316,.T.);
#4491=ADVANCED_FACE('',(#645,#198,#199),#4317,.T.);
#4492=ADVANCED_FACE('',(#646),#4318,.T.);
#4493=ADVANCED_FACE('',(#647),#257,.F.);
#4494=ADVANCED_FACE('',(#648),#258,.T.);
#4495=ADVANCED_FACE('',(#649),#259,.F.);
#4496=ADVANCED_FACE('',(#650),#260,.T.);
#4497=ADVANCED_FACE('',(#651),#261,.T.);
#4498=ADVANCED_FACE('',(#652),#262,.T.);
#4499=ADVANCED_FACE('',(#653),#4319,.T.);
#4500=ADVANCED_FACE('',(#654),#263,.F.);
#4501=ADVANCED_FACE('',(#655),#264,.T.);
#4502=ADVANCED_FACE('',(#656),#265,.T.);
#4503=ADVANCED_FACE('',(#657),#4320,.T.);
#4504=ADVANCED_FACE('',(#658),#266,.T.);
#4505=ADVANCED_FACE('',(#659),#4321,.T.);
#4506=ADVANCED_FACE('',(#660),#267,.F.);
#4507=ADVANCED_FACE('',(#661),#268,.T.);
#4508=ADVANCED_FACE('',(#662),#269,.T.);
#4509=ADVANCED_FACE('',(#663),#4322,.T.);
#4510=ADVANCED_FACE('',(#664),#4323,.T.);
#4511=ADVANCED_FACE('',(#665),#4324,.T.);
#4512=ADVANCED_FACE('',(#666),#4325,.T.);
#4513=ADVANCED_FACE('',(#667),#4326,.T.);
#4514=ADVANCED_FACE('',(#668),#4327,.T.);
#4515=ADVANCED_FACE('',(#669),#4328,.T.);
#4516=ADVANCED_FACE('',(#670),#4329,.T.);
#4517=ADVANCED_FACE('',(#671,#200,#201),#4330,.T.);
#4518=ADVANCED_FACE('',(#672),#4331,.T.);
#4519=ADVANCED_FACE('',(#673),#4332,.T.);
#4520=ADVANCED_FACE('',(#674),#4333,.T.);
#4521=ADVANCED_FACE('',(#675),#4334,.T.);
#4522=ADVANCED_FACE('',(#676),#4335,.T.);
#4523=ADVANCED_FACE('',(#677),#4336,.T.);
#4524=ADVANCED_FACE('',(#678),#504,.T.);
#4525=ADVANCED_FACE('',(#679),#4337,.T.);
#4526=ADVANCED_FACE('',(#680),#505,.T.);
#4527=ADVANCED_FACE('',(#681),#506,.T.);
#4528=ADVANCED_FACE('',(#682),#4338,.T.);
#4529=ADVANCED_FACE('',(#683),#507,.T.);
#4530=ADVANCED_FACE('',(#684),#508,.T.);
#4531=ADVANCED_FACE('',(#685),#4339,.T.);
#4532=ADVANCED_FACE('',(#686),#509,.T.);
#4533=ADVANCED_FACE('',(#687),#510,.T.);
#4534=ADVANCED_FACE('',(#688),#4340,.T.);
#4535=ADVANCED_FACE('',(#689),#511,.T.);
#4536=ADVANCED_FACE('',(#690),#270,.T.);
#4537=ADVANCED_FACE('',(#691),#4341,.T.);
#4538=ADVANCED_FACE('',(#692),#271,.T.);
#4539=ADVANCED_FACE('',(#693),#512,.F.);
#4540=ADVANCED_FACE('',(#694),#4342,.T.);
#4541=ADVANCED_FACE('',(#695),#513,.F.);
#4542=ADVANCED_FACE('',(#696),#4343,.T.);
#4543=ADVANCED_FACE('',(#697),#4344,.F.);
#4544=ADVANCED_FACE('',(#698),#272,.F.);
#4545=ADVANCED_FACE('',(#699,#202,#203,#204,#205,#206,#207,#208),#4345,
 .T.);
#4546=ADVANCED_FACE('',(#700),#514,.F.);
#4547=ADVANCED_FACE('',(#701),#4346,.T.);
#4548=ADVANCED_FACE('',(#702),#515,.F.);
#4549=ADVANCED_FACE('',(#703),#4347,.T.);
#4550=ADVANCED_FACE('',(#704),#4348,.F.);
#4551=ADVANCED_FACE('',(#705),#273,.F.);
#4552=ADVANCED_FACE('',(#706),#516,.F.);
#4553=ADVANCED_FACE('',(#707),#4349,.T.);
#4554=ADVANCED_FACE('',(#708),#517,.F.);
#4555=ADVANCED_FACE('',(#709),#4350,.T.);
#4556=ADVANCED_FACE('',(#710),#4351,.F.);
#4557=ADVANCED_FACE('',(#711),#274,.F.);
#4558=ADVANCED_FACE('',(#712),#4352,.T.);
#4559=ADVANCED_FACE('',(#713),#518,.F.);
#4560=ADVANCED_FACE('',(#714),#4353,.T.);
#4561=ADVANCED_FACE('',(#715),#519,.F.);
#4562=ADVANCED_FACE('',(#716),#275,.F.);
#4563=ADVANCED_FACE('',(#717),#4354,.F.);
#4564=ADVANCED_FACE('',(#718),#4355,.T.);
#4565=ADVANCED_FACE('',(#719),#520,.F.);
#4566=ADVANCED_FACE('',(#720),#4356,.T.);
#4567=ADVANCED_FACE('',(#721),#521,.F.);
#4568=ADVANCED_FACE('',(#722),#276,.F.);
#4569=ADVANCED_FACE('',(#723),#4357,.F.);
#4570=ADVANCED_FACE('',(#724),#4358,.T.);
#4571=ADVANCED_FACE('',(#725),#522,.F.);
#4572=ADVANCED_FACE('',(#726),#4359,.T.);
#4573=ADVANCED_FACE('',(#727),#523,.F.);
#4574=ADVANCED_FACE('',(#728),#277,.F.);
#4575=ADVANCED_FACE('',(#729),#4360,.F.);
#4576=ADVANCED_FACE('',(#730),#4361,.T.);
#4577=ADVANCED_FACE('',(#731),#524,.F.);
#4578=ADVANCED_FACE('',(#732),#4362,.T.);
#4579=ADVANCED_FACE('',(#733),#525,.F.);
#4580=ADVANCED_FACE('',(#734),#278,.F.);
#4581=ADVANCED_FACE('',(#735),#4363,.F.);
#4582=ADVANCED_FACE('',(#736),#4364,.T.);
#4583=ADVANCED_FACE('',(#737),#526,.F.);
#4584=ADVANCED_FACE('',(#738),#4365,.T.);
#4585=ADVANCED_FACE('',(#739),#527,.F.);
#4586=ADVANCED_FACE('',(#740,#209,#210,#211,#212,#213,#214,#215,#216,#217,
#218,#219,#220,#221,#222,#223,#224,#225),#4366,.T.);
#4587=ADVANCED_FACE('',(#741),#4367,.T.);
#4588=ADVANCED_FACE('',(#742),#528,.F.);
#4589=ADVANCED_FACE('',(#743),#4368,.T.);
#4590=ADVANCED_FACE('',(#744),#529,.F.);
#4591=ADVANCED_FACE('',(#745),#279,.F.);
#4592=ADVANCED_FACE('',(#746),#4369,.F.);
#4593=ADVANCED_FACE('',(#747),#4370,.T.);
#4594=ADVANCED_FACE('',(#748),#530,.F.);
#4595=ADVANCED_FACE('',(#749),#4371,.T.);
#4596=ADVANCED_FACE('',(#750),#531,.F.);
#4597=ADVANCED_FACE('',(#751),#280,.F.);
#4598=ADVANCED_FACE('',(#752),#4372,.F.);
#4599=ADVANCED_FACE('',(#753),#4373,.T.);
#4600=ADVANCED_FACE('',(#754),#532,.F.);
#4601=ADVANCED_FACE('',(#755),#4374,.T.);
#4602=ADVANCED_FACE('',(#756),#533,.F.);
#4603=ADVANCED_FACE('',(#757),#4375,.F.);
#4604=ADVANCED_FACE('',(#758),#4376,.T.);
#4605=ADVANCED_FACE('',(#759),#534,.F.);
#4606=ADVANCED_FACE('',(#760),#4377,.T.);
#4607=ADVANCED_FACE('',(#761),#535,.F.);
#4608=ADVANCED_FACE('',(#762),#4378,.F.);
#4609=ADVANCED_FACE('',(#763),#4379,.T.);
#4610=ADVANCED_FACE('',(#764),#536,.F.);
#4611=ADVANCED_FACE('',(#765),#4380,.T.);
#4612=ADVANCED_FACE('',(#766),#537,.F.);
#4613=ADVANCED_FACE('',(#767),#4381,.F.);
#4614=ADVANCED_FACE('',(#768),#4382,.T.);
#4615=ADVANCED_FACE('',(#769),#538,.F.);
#4616=ADVANCED_FACE('',(#770),#4383,.T.);
#4617=ADVANCED_FACE('',(#771),#539,.F.);
#4618=ADVANCED_FACE('',(#772),#4384,.F.);
#4619=ADVANCED_FACE('',(#773),#281,.F.);
#4620=ADVANCED_FACE('',(#774),#4385,.F.);
#4621=ADVANCED_FACE('',(#775),#282,.F.);
#4622=ADVANCED_FACE('',(#776),#283,.F.);
#4623=ADVANCED_FACE('',(#777),#284,.F.);
#4624=ADVANCED_FACE('',(#778),#285,.F.);
#4625=ADVANCED_FACE('',(#779),#286,.T.);
#4626=ADVANCED_FACE('',(#780),#4386,.T.);
#4627=ADVANCED_FACE('',(#781),#287,.T.);
#4628=ADVANCED_FACE('',(#782),#288,.T.);
#4629=ADVANCED_FACE('',(#783),#4387,.T.);
#4630=ADVANCED_FACE('',(#784),#289,.T.);
#4631=ADVANCED_FACE('',(#785),#290,.F.);
#4632=ADVANCED_FACE('',(#786),#291,.F.);
#4633=ADVANCED_FACE('',(#787),#292,.F.);
#4634=ADVANCED_FACE('',(#788),#293,.F.);
#4635=ADVANCED_FACE('',(#789),#540,.F.);
#4636=ADVANCED_FACE('',(#790),#294,.F.);
#4637=ADVANCED_FACE('',(#791),#541,.F.);
#4638=ADVANCED_FACE('',(#792),#295,.F.);
#4639=ADVANCED_FACE('',(#793),#542,.F.);
#4640=ADVANCED_FACE('',(#794),#296,.F.);
#4641=ADVANCED_FACE('',(#795),#543,.F.);
#4642=ADVANCED_FACE('',(#796),#297,.F.);
#4643=ADVANCED_FACE('',(#797),#298,.T.);
#4644=ADVANCED_FACE('',(#798),#4388,.F.);
#4645=ADVANCED_FACE('',(#799),#299,.T.);
#4646=ADVANCED_FACE('',(#800),#4389,.T.);
#4647=ADVANCED_FACE('',(#801),#4390,.T.);
#4648=ADVANCED_FACE('',(#802),#4391,.T.);
#4649=ADVANCED_FACE('',(#803),#544,.F.);
#4650=ADVANCED_FACE('',(#804),#300,.F.);
#4651=ADVANCED_FACE('',(#805),#545,.F.);
#4652=ADVANCED_FACE('',(#806),#301,.F.);
#4653=CLOSED_SHELL('',(#4392,#4393,#4394,#4395,#4396,#4397,#4398,#4399,
#4400,#4401,#4402,#4403,#4404,#4405,#4406,#4407,#4408,#4409,#4410,#4411,
#4412,#4413,#4414,#4415,#4416,#4417,#4418,#4419,#4420,#4421,#4422,#4423,
#4424,#4425,#4426,#4427,#4428,#4429,#4430,#4431,#4432,#4433,#4434,#4435,
#4436,#4437,#4438,#4439,#4440,#4441,#4442,#4443,#4444,#4445,#4446,#4447,
#4448,#4449,#4450,#4451,#4452,#4453,#4454,#4455,#4456,#4457,#4458,#4459,
#4460,#4461,#4462,#4463,#4464,#4465,#4466,#4467,#4468,#4469,#4470,#4471,
#4472,#4473,#4474,#4475,#4476,#4477,#4478,#4479,#4480,#4481,#4482,#4483,
#4484,#4485,#4486,#4487,#4488,#4489,#4490,#4491,#4492,#4493,#4494,#4495,
#4496,#4497,#4498,#4499,#4500,#4501,#4502,#4503,#4504,#4505,#4506,#4507,
#4508,#4509,#4510,#4511,#4512,#4513,#4514,#4515,#4516,#4517,#4518,#4519,
#4520,#4521,#4522,#4523,#4524,#4525,#4526,#4527,#4528,#4529,#4530,#4531,
#4532,#4533,#4534,#4535,#4536,#4537,#4538,#4539,#4540,#4541,#4542,#4543,
#4544,#4545,#4546,#4547,#4548,#4549,#4550,#4551,#4552,#4553,#4554,#4555,
#4556,#4557,#4558,#4559,#4560,#4561,#4562,#4563,#4564,#4565,#4566,#4567,
#4568,#4569,#4570,#4571,#4572,#4573,#4574,#4575,#4576,#4577,#4578,#4579,
#4580,#4581,#4582,#4583,#4584,#4585,#4586,#4587,#4588,#4589,#4590,#4591,
#4592,#4593,#4594,#4595,#4596,#4597,#4598,#4599,#4600,#4601,#4602,#4603,
#4604,#4605,#4606,#4607,#4608,#4609,#4610,#4611,#4612,#4613,#4614,#4615,
#4616,#4617,#4618,#4619,#4620,#4621,#4622,#4623,#4624,#4625,#4626,#4627,
#4628,#4629,#4630,#4631,#4632,#4633,#4634,#4635,#4636,#4637,#4638,#4639,
#4640,#4641,#4642,#4643,#4644,#4645,#4646,#4647,#4648,#4649,#4650,#4651,
#4652));
#4654=DERIVED_UNIT_ELEMENT(#4656,1.);
#4655=DERIVED_UNIT_ELEMENT(#8385,-3.);
#4656=(
MASS_UNIT()
NAMED_UNIT(*)
SI_UNIT(.KILO.,.GRAM.)
);
#4657=DERIVED_UNIT((#4654,#4655));
#4658=MEASURE_REPRESENTATION_ITEM('density measure',
POSITIVE_RATIO_MEASURE(1060.),#4657);
#4659=PROPERTY_DEFINITION_REPRESENTATION(#4664,#4661);
#4660=PROPERTY_DEFINITION_REPRESENTATION(#4665,#4662);
#4661=REPRESENTATION('material name',(#4663),#8382);
#4662=REPRESENTATION('density',(#4658),#8382);
#4663=DESCRIPTIVE_REPRESENTATION_ITEM('ABS Plastic','ABS Plastic');
#4664=PROPERTY_DEFINITION('material property','material name',#8392);
#4665=PROPERTY_DEFINITION('material property','density of part',#8392);
#4666=AXIS2_PLACEMENT_3D('',#6472,#5154,#5155);
#4667=AXIS2_PLACEMENT_3D('',#6473,#5156,#5157);
#4668=AXIS2_PLACEMENT_3D('',#6482,#5162,#5163);
#4669=AXIS2_PLACEMENT_3D('',#6484,#5164,#5165);
#4670=AXIS2_PLACEMENT_3D('',#6487,#5167,#5168);
#4671=AXIS2_PLACEMENT_3D('',#6488,#5169,#5170);
#4672=AXIS2_PLACEMENT_3D('',#6494,#5174,#5175);
#4673=AXIS2_PLACEMENT_3D('',#6496,#5176,#5177);
#4674=AXIS2_PLACEMENT_3D('',#6499,#5179,#5180);
#4675=AXIS2_PLACEMENT_3D('',#6500,#5181,#5182);
#4676=AXIS2_PLACEMENT_3D('',#6506,#5186,#5187);
#4677=AXIS2_PLACEMENT_3D('',#6508,#5188,#5189);
#4678=AXIS2_PLACEMENT_3D('',#6511,#5191,#5192);
#4679=AXIS2_PLACEMENT_3D('',#6512,#5193,#5194);
#4680=AXIS2_PLACEMENT_3D('',#6518,#5198,#5199);
#4681=AXIS2_PLACEMENT_3D('',#6519,#5200,#5201);
#4682=AXIS2_PLACEMENT_3D('',#6520,#5202,#5203);
#4683=AXIS2_PLACEMENT_3D('',#6521,#5204,#5205);
#4684=AXIS2_PLACEMENT_3D('',#6525,#5207,#5208);
#4685=AXIS2_PLACEMENT_3D('',#6527,#5210,#5211);
#4686=AXIS2_PLACEMENT_3D('',#6531,#5214,#5215);
#4687=AXIS2_PLACEMENT_3D('',#6534,#5217,#5218);
#4688=AXIS2_PLACEMENT_3D('',#6535,#5219,#5220);
#4689=AXIS2_PLACEMENT_3D('',#6541,#5223,#5224);
#4690=AXIS2_PLACEMENT_3D('',#6545,#5226,#5227);
#4691=AXIS2_PLACEMENT_3D('',#6549,#5229,#5230);
#4692=AXIS2_PLACEMENT_3D('',#6553,#5232,#5233);
#4693=AXIS2_PLACEMENT_3D('',#6557,#5235,#5236);
#4694=AXIS2_PLACEMENT_3D('',#6561,#5238,#5239);
#4695=AXIS2_PLACEMENT_3D('',#6565,#5241,#5242);
#4696=AXIS2_PLACEMENT_3D('',#6567,#5244,#5245);
#4697=AXIS2_PLACEMENT_3D('',#6572,#5247,#5248);
#4698=AXIS2_PLACEMENT_3D('',#6579,#5252,#5253);
#4699=AXIS2_PLACEMENT_3D('',#6581,#5254,#5255);
#4700=AXIS2_PLACEMENT_3D('',#6583,#5256,#5257);
#4701=AXIS2_PLACEMENT_3D('',#6585,#5258,#5259);
#4702=AXIS2_PLACEMENT_3D('',#6587,#5260,#5261);
#4703=AXIS2_PLACEMENT_3D('',#6589,#5262,#5263);
#4704=AXIS2_PLACEMENT_3D('',#6591,#5264,#5265);
#4705=AXIS2_PLACEMENT_3D('',#6592,#5266,#5267);
#4706=AXIS2_PLACEMENT_3D('',#6611,#5268,#5269);
#4707=AXIS2_PLACEMENT_3D('',#6620,#5270,#5271);
#4708=AXIS2_PLACEMENT_3D('',#6622,#5272,#5273);
#4709=AXIS2_PLACEMENT_3D('',#6626,#5275,#5276);
#4710=AXIS2_PLACEMENT_3D('',#6630,#5277,#5278);
#4711=AXIS2_PLACEMENT_3D('',#6643,#5280,#5281);
#4712=AXIS2_PLACEMENT_3D('',#6645,#5283,#5284);
#4713=AXIS2_PLACEMENT_3D('',#6648,#5286,#5287);
#4714=AXIS2_PLACEMENT_3D('',#6649,#5288,#5289);
#4715=AXIS2_PLACEMENT_3D('',#6656,#5290,#5291);
#4716=AXIS2_PLACEMENT_3D('',#6671,#5292,#5293);
#4717=AXIS2_PLACEMENT_3D('',#6680,#5294,#5295);
#4718=AXIS2_PLACEMENT_3D('',#6684,#5297,#5298);
#4719=AXIS2_PLACEMENT_3D('',#6686,#5300,#5301);
#4720=AXIS2_PLACEMENT_3D('',#6688,#5302,#5303);
#4721=AXIS2_PLACEMENT_3D('',#6692,#5305,#5306);
#4722=AXIS2_PLACEMENT_3D('',#6701,#5307,#5308);
#4723=AXIS2_PLACEMENT_3D('',#6709,#5310,#5311);
#4724=AXIS2_PLACEMENT_3D('',#6711,#5313,#5314);
#4725=AXIS2_PLACEMENT_3D('',#6713,#5315,#5316);
#4726=AXIS2_PLACEMENT_3D('',#6728,#5317,#5318);
#4727=AXIS2_PLACEMENT_3D('',#6737,#5319,#5320);
#4728=AXIS2_PLACEMENT_3D('',#6750,#5322,#5323);
#4729=AXIS2_PLACEMENT_3D('',#6752,#5325,#5326);
#4730=AXIS2_PLACEMENT_3D('',#6755,#5328,#5329);
#4731=AXIS2_PLACEMENT_3D('',#6756,#5330,#5331);
#4732=AXIS2_PLACEMENT_3D('',#6763,#5332,#5333);
#4733=AXIS2_PLACEMENT_3D('',#6778,#5334,#5335);
#4734=AXIS2_PLACEMENT_3D('',#6787,#5336,#5337);
#4735=AXIS2_PLACEMENT_3D('',#6789,#5338,#5339);
#4736=AXIS2_PLACEMENT_3D('',#6793,#5341,#5342);
#4737=AXIS2_PLACEMENT_3D('',#6804,#5344,#5345);
#4738=AXIS2_PLACEMENT_3D('',#6812,#5347,#5348);
#4739=AXIS2_PLACEMENT_3D('',#6814,#5350,#5351);
#4740=AXIS2_PLACEMENT_3D('',#6826,#5357,#5358);
#4741=AXIS2_PLACEMENT_3D('',#6830,#5360,#5361);
#4742=AXIS2_PLACEMENT_3D('',#6834,#5363,#5364);
#4743=AXIS2_PLACEMENT_3D('',#6837,#5366,#5367);
#4744=AXIS2_PLACEMENT_3D('',#6839,#5369,#5370);
#4745=AXIS2_PLACEMENT_3D('',#6854,#5371,#5372);
#4746=AXIS2_PLACEMENT_3D('',#6863,#5373,#5374);
#4747=AXIS2_PLACEMENT_3D('',#6869,#5375,#5376);
#4748=AXIS2_PLACEMENT_3D('',#6872,#5378,#5379);
#4749=AXIS2_PLACEMENT_3D('',#6873,#5380,#5381);
#4750=AXIS2_PLACEMENT_3D('',#6888,#5382,#5383);
#4751=AXIS2_PLACEMENT_3D('',#6897,#5384,#5385);
#4752=AXIS2_PLACEMENT_3D('',#6899,#5386,#5387);
#4753=AXIS2_PLACEMENT_3D('',#6903,#5389,#5390);
#4754=AXIS2_PLACEMENT_3D('',#6914,#5392,#5393);
#4755=AXIS2_PLACEMENT_3D('',#6920,#5394,#5395);
#4756=AXIS2_PLACEMENT_3D('',#6922,#5397,#5398);
#4757=AXIS2_PLACEMENT_3D('',#6937,#5399,#5400);
#4758=AXIS2_PLACEMENT_3D('',#6946,#5401,#5402);
#4759=AXIS2_PLACEMENT_3D('',#6952,#5403,#5404);
#4760=AXIS2_PLACEMENT_3D('',#6955,#5406,#5407);
#4761=AXIS2_PLACEMENT_3D('',#6956,#5408,#5409);
#4762=AXIS2_PLACEMENT_3D('',#6971,#5410,#5411);
#4763=AXIS2_PLACEMENT_3D('',#6980,#5412,#5413);
#4764=AXIS2_PLACEMENT_3D('',#6993,#5415,#5416);
#4765=AXIS2_PLACEMENT_3D('',#6995,#5418,#5419);
#4766=AXIS2_PLACEMENT_3D('',#6998,#5421,#5422);
#4767=AXIS2_PLACEMENT_3D('',#6999,#5423,#5424);
#4768=AXIS2_PLACEMENT_3D('',#7006,#5425,#5426);
#4769=AXIS2_PLACEMENT_3D('',#7018,#5427,#5428);
#4770=AXIS2_PLACEMENT_3D('',#7026,#5430,#5431);
#4771=AXIS2_PLACEMENT_3D('',#7028,#5433,#5434);
#4772=AXIS2_PLACEMENT_3D('',#7032,#5436,#5437);
#4773=AXIS2_PLACEMENT_3D('',#7036,#5439,#5440);
#4774=AXIS2_PLACEMENT_3D('',#7040,#5442,#5443);
#4775=AXIS2_PLACEMENT_3D('',#7044,#5445,#5446);
#4776=AXIS2_PLACEMENT_3D('',#7048,#5448,#5449);
#4777=AXIS2_PLACEMENT_3D('',#7051,#5451,#5452);
#4778=AXIS2_PLACEMENT_3D('',#7055,#5455,#5456);
#4779=AXIS2_PLACEMENT_3D('',#7057,#5457,#5458);
#4780=AXIS2_PLACEMENT_3D('',#7061,#5461,#5462);
#4781=AXIS2_PLACEMENT_3D('',#7076,#5463,#5464);
#4782=AXIS2_PLACEMENT_3D('',#7085,#5465,#5466);
#4783=AXIS2_PLACEMENT_3D('',#7088,#5468,#5469);
#4784=AXIS2_PLACEMENT_3D('',#7090,#5471,#5472);
#4785=AXIS2_PLACEMENT_3D('',#7095,#5474,#5475);
#4786=AXIS2_PLACEMENT_3D('',#7109,#5476,#5477);
#4787=AXIS2_PLACEMENT_3D('',#7110,#5478,#5479);
#4788=AXIS2_PLACEMENT_3D('',#7116,#5480,#5481);
#4789=AXIS2_PLACEMENT_3D('',#7119,#5483,#5484);
#4790=AXIS2_PLACEMENT_3D('',#7120,#5485,#5486);
#4791=AXIS2_PLACEMENT_3D('',#7135,#5487,#5488);
#4792=AXIS2_PLACEMENT_3D('',#7144,#5489,#5490);
#4793=AXIS2_PLACEMENT_3D('',#7147,#5492,#5493);
#4794=AXIS2_PLACEMENT_3D('',#7149,#5495,#5496);
#4795=AXIS2_PLACEMENT_3D('',#7154,#5498,#5499);
#4796=AXIS2_PLACEMENT_3D('',#7168,#5500,#5501);
#4797=AXIS2_PLACEMENT_3D('',#7169,#5502,#5503);
#4798=AXIS2_PLACEMENT_3D('',#7175,#5504,#5505);
#4799=AXIS2_PLACEMENT_3D('',#7178,#5507,#5508);
#4800=AXIS2_PLACEMENT_3D('',#7179,#5509,#5510);
#4801=AXIS2_PLACEMENT_3D('',#7191,#5511,#5512);
#4802=AXIS2_PLACEMENT_3D('',#7196,#5514,#5515);
#4803=AXIS2_PLACEMENT_3D('',#7209,#5516,#5517);
#4804=AXIS2_PLACEMENT_3D('',#7216,#5518,#5519);
#4805=AXIS2_PLACEMENT_3D('',#7231,#5520,#5521);
#4806=AXIS2_PLACEMENT_3D('',#7240,#5522,#5523);
#4807=AXIS2_PLACEMENT_3D('',#7250,#5526,#5527);
#4808=AXIS2_PLACEMENT_3D('',#7251,#5528,#5529);
#4809=AXIS2_PLACEMENT_3D('',#7255,#5531,#5532);
#4810=AXIS2_PLACEMENT_3D('',#7259,#5534,#5535);
#4811=AXIS2_PLACEMENT_3D('',#7263,#5537,#5538);
#4812=AXIS2_PLACEMENT_3D('',#7267,#5540,#5541);
#4813=AXIS2_PLACEMENT_3D('',#7271,#5543,#5544);
#4814=AXIS2_PLACEMENT_3D('',#7275,#5546,#5547);
#4815=AXIS2_PLACEMENT_3D('',#7283,#5552,#5553);
#4816=AXIS2_PLACEMENT_3D('',#7285,#5554,#5555);
#4817=AXIS2_PLACEMENT_3D('',#7289,#5557,#5558);
#4818=AXIS2_PLACEMENT_3D('',#7293,#5559,#5560);
#4819=AXIS2_PLACEMENT_3D('',#7308,#5561,#5562);
#4820=AXIS2_PLACEMENT_3D('',#7317,#5563,#5564);
#4821=AXIS2_PLACEMENT_3D('',#7319,#5565,#5566);
#4822=AXIS2_PLACEMENT_3D('',#7323,#5568,#5569);
#4823=AXIS2_PLACEMENT_3D('',#7327,#5570,#5571);
#4824=AXIS2_PLACEMENT_3D('',#7340,#5573,#5574);
#4825=AXIS2_PLACEMENT_3D('',#7342,#5576,#5577);
#4826=AXIS2_PLACEMENT_3D('',#7345,#5579,#5580);
#4827=AXIS2_PLACEMENT_3D('',#7346,#5581,#5582);
#4828=AXIS2_PLACEMENT_3D('',#7361,#5583,#5584);
#4829=AXIS2_PLACEMENT_3D('',#7370,#5585,#5586);
#4830=AXIS2_PLACEMENT_3D('',#7372,#5587,#5588);
#4831=AXIS2_PLACEMENT_3D('',#7376,#5590,#5591);
#4832=AXIS2_PLACEMENT_3D('',#7380,#5592,#5593);
#4833=AXIS2_PLACEMENT_3D('',#7393,#5595,#5596);
#4834=AXIS2_PLACEMENT_3D('',#7395,#5598,#5599);
#4835=AXIS2_PLACEMENT_3D('',#7398,#5601,#5602);
#4836=AXIS2_PLACEMENT_3D('',#7399,#5603,#5604);
#4837=AXIS2_PLACEMENT_3D('',#7414,#5605,#5606);
#4838=AXIS2_PLACEMENT_3D('',#7423,#5607,#5608);
#4839=AXIS2_PLACEMENT_3D('',#7425,#5609,#5610);
#4840=AXIS2_PLACEMENT_3D('',#7430,#5612,#5613);
#4841=AXIS2_PLACEMENT_3D('',#7442,#5616,#5617);
#4842=AXIS2_PLACEMENT_3D('',#7445,#5619,#5620);
#4843=AXIS2_PLACEMENT_3D('',#7446,#5621,#5622);
#4844=AXIS2_PLACEMENT_3D('',#7459,#5623,#5624);
#4845=AXIS2_PLACEMENT_3D('',#7461,#5625,#5626);
#4846=AXIS2_PLACEMENT_3D('',#7465,#5628,#5629);
#4847=AXIS2_PLACEMENT_3D('',#7469,#5630,#5631);
#4848=AXIS2_PLACEMENT_3D('',#7484,#5632,#5633);
#4849=AXIS2_PLACEMENT_3D('',#7493,#5634,#5635);
#4850=AXIS2_PLACEMENT_3D('',#7495,#5636,#5637);
#4851=AXIS2_PLACEMENT_3D('',#7499,#5639,#5640);
#4852=AXIS2_PLACEMENT_3D('',#7503,#5641,#5642);
#4853=AXIS2_PLACEMENT_3D('',#7516,#5644,#5645);
#4854=AXIS2_PLACEMENT_3D('',#7518,#5647,#5648);
#4855=AXIS2_PLACEMENT_3D('',#7521,#5650,#5651);
#4856=AXIS2_PLACEMENT_3D('',#7522,#5652,#5653);
#4857=AXIS2_PLACEMENT_3D('',#7537,#5654,#5655);
#4858=AXIS2_PLACEMENT_3D('',#7546,#5656,#5657);
#4859=AXIS2_PLACEMENT_3D('',#7550,#5659,#5660);
#4860=AXIS2_PLACEMENT_3D('',#7561,#5662,#5663);
#4861=AXIS2_PLACEMENT_3D('',#7578,#5664,#5665);
#4862=AXIS2_PLACEMENT_3D('',#7579,#5666,#5667);
#4863=AXIS2_PLACEMENT_3D('',#7584,#5669,#5670);
#4864=AXIS2_PLACEMENT_3D('',#7586,#5672,#5673);
#4865=AXIS2_PLACEMENT_3D('',#7599,#5674,#5675);
#4866=AXIS2_PLACEMENT_3D('',#7612,#5676,#5677);
#4867=AXIS2_PLACEMENT_3D('',#7628,#5678,#5679);
#4868=AXIS2_PLACEMENT_3D('',#7630,#5680,#5681);
#4869=AXIS2_PLACEMENT_3D('',#7635,#5683,#5684);
#4870=AXIS2_PLACEMENT_3D('',#7637,#5686,#5687);
#4871=AXIS2_PLACEMENT_3D('',#7656,#5688,#5689);
#4872=AXIS2_PLACEMENT_3D('',#7665,#5690,#5691);
#4873=AXIS2_PLACEMENT_3D('',#7668,#5693,#5694);
#4874=AXIS2_PLACEMENT_3D('',#7670,#5696,#5697);
#4875=AXIS2_PLACEMENT_3D('',#7676,#5698,#5699);
#4876=AXIS2_PLACEMENT_3D('',#7678,#5701,#5702);
#4877=AXIS2_PLACEMENT_3D('',#7687,#5703,#5704);
#4878=AXIS2_PLACEMENT_3D('',#7689,#5705,#5706);
#4879=AXIS2_PLACEMENT_3D('',#7691,#5708,#5709);
#4880=AXIS2_PLACEMENT_3D('',#7693,#5711,#5712);
#4881=AXIS2_PLACEMENT_3D('',#7695,#5713,#5714);
#4882=AXIS2_PLACEMENT_3D('',#7698,#5716,#5717);
#4883=AXIS2_PLACEMENT_3D('',#7699,#5718,#5719);
#4884=AXIS2_PLACEMENT_3D('',#7703,#5722,#5723);
#4885=AXIS2_PLACEMENT_3D('',#7704,#5724,#5725);
#4886=AXIS2_PLACEMENT_3D('',#7706,#5727,#5728);
#4887=AXIS2_PLACEMENT_3D('',#7709,#5730,#5731);
#4888=AXIS2_PLACEMENT_3D('',#7710,#5732,#5733);
#4889=AXIS2_PLACEMENT_3D('',#7714,#5736,#5737);
#4890=AXIS2_PLACEMENT_3D('',#7716,#5738,#5739);
#4891=AXIS2_PLACEMENT_3D('',#7719,#5741,#5742);
#4892=AXIS2_PLACEMENT_3D('',#7721,#5743,#5744);
#4893=AXIS2_PLACEMENT_3D('',#7725,#5746,#5747);
#4894=AXIS2_PLACEMENT_3D('',#7728,#5749,#5750);
#4895=AXIS2_PLACEMENT_3D('',#7730,#5751,#5752);
#4896=AXIS2_PLACEMENT_3D('',#7731,#5753,#5754);
#4897=AXIS2_PLACEMENT_3D('',#7733,#5755,#5756);
#4898=AXIS2_PLACEMENT_3D('',#7735,#5758,#5759);
#4899=AXIS2_PLACEMENT_3D('',#7737,#5761,#5762);
#4900=AXIS2_PLACEMENT_3D('',#7740,#5764,#5765);
#4901=AXIS2_PLACEMENT_3D('',#7741,#5766,#5767);
#4902=AXIS2_PLACEMENT_3D('',#7743,#5769,#5770);
#4903=AXIS2_PLACEMENT_3D('',#7745,#5772,#5773);
#4904=AXIS2_PLACEMENT_3D('',#7747,#5775,#5776);
#4905=AXIS2_PLACEMENT_3D('',#7749,#5777,#5778);
#4906=AXIS2_PLACEMENT_3D('',#7751,#5780,#5781);
#4907=AXIS2_PLACEMENT_3D('',#7753,#5782,#5783);
#4908=AXIS2_PLACEMENT_3D('',#7755,#5785,#5786);
#4909=AXIS2_PLACEMENT_3D('',#7757,#5788,#5789);
#4910=AXIS2_PLACEMENT_3D('',#7759,#5791,#5792);
#4911=AXIS2_PLACEMENT_3D('',#7761,#5793,#5794);
#4912=AXIS2_PLACEMENT_3D('',#7763,#5796,#5797);
#4913=AXIS2_PLACEMENT_3D('',#7770,#5799,#5800);
#4914=AXIS2_PLACEMENT_3D('',#7772,#5801,#5802);
#4915=AXIS2_PLACEMENT_3D('',#7775,#5804,#5805);
#4916=AXIS2_PLACEMENT_3D('',#7776,#5806,#5807);
#4917=AXIS2_PLACEMENT_3D('',#7780,#5810,#5811);
#4918=AXIS2_PLACEMENT_3D('',#7782,#5813,#5814);
#4919=AXIS2_PLACEMENT_3D('',#7784,#5816,#5817);
#4920=AXIS2_PLACEMENT_3D('',#7786,#5819,#5820);
#4921=AXIS2_PLACEMENT_3D('',#7791,#5821,#5822);
#4922=AXIS2_PLACEMENT_3D('',#7793,#5824,#5825);
#4923=AXIS2_PLACEMENT_3D('',#7800,#5827,#5828);
#4924=AXIS2_PLACEMENT_3D('',#7801,#5829,#5830);
#4925=AXIS2_PLACEMENT_3D('',#7802,#5831,#5832);
#4926=AXIS2_PLACEMENT_3D('',#7803,#5833,#5834);
#4927=AXIS2_PLACEMENT_3D('',#7804,#5835,#5836);
#4928=AXIS2_PLACEMENT_3D('',#7805,#5837,#5838);
#4929=AXIS2_PLACEMENT_3D('',#7807,#5839,#5840);
#4930=AXIS2_PLACEMENT_3D('',#7810,#5842,#5843);
#4931=AXIS2_PLACEMENT_3D('',#7812,#5844,#5845);
#4932=AXIS2_PLACEMENT_3D('',#7815,#5847,#5848);
#4933=AXIS2_PLACEMENT_3D('',#7817,#5849,#5850);
#4934=AXIS2_PLACEMENT_3D('',#7819,#5851,#5852);
#4935=AXIS2_PLACEMENT_3D('',#7820,#5853,#5854);
#4936=AXIS2_PLACEMENT_3D('',#7821,#5855,#5856);
#4937=AXIS2_PLACEMENT_3D('',#7822,#5857,#5858);
#4938=AXIS2_PLACEMENT_3D('',#7823,#5859,#5860);
#4939=AXIS2_PLACEMENT_3D('',#7824,#5861,#5862);
#4940=AXIS2_PLACEMENT_3D('',#7825,#5863,#5864);
#4941=AXIS2_PLACEMENT_3D('',#7826,#5865,#5866);
#4942=AXIS2_PLACEMENT_3D('',#7828,#5868,#5869);
#4943=AXIS2_PLACEMENT_3D('',#7830,#5871,#5872);
#4944=AXIS2_PLACEMENT_3D('',#7831,#5873,#5874);
#4945=AXIS2_PLACEMENT_3D('',#7833,#5875,#5876);
#4946=AXIS2_PLACEMENT_3D('',#7835,#5878,#5879);
#4947=AXIS2_PLACEMENT_3D('',#7839,#5882,#5883);
#4948=AXIS2_PLACEMENT_3D('',#7840,#5884,#5885);
#4949=AXIS2_PLACEMENT_3D('',#7841,#5886,#5887);
#4950=AXIS2_PLACEMENT_3D('',#7847,#5888,#5889);
#4951=AXIS2_PLACEMENT_3D('',#7848,#5890,#5891);
#4952=AXIS2_PLACEMENT_3D('',#7855,#5893,#5894);
#4953=AXIS2_PLACEMENT_3D('',#7856,#5895,#5896);
#4954=AXIS2_PLACEMENT_3D('',#7857,#5897,#5898);
#4955=AXIS2_PLACEMENT_3D('',#7859,#5899,#5900);
#4956=AXIS2_PLACEMENT_3D('',#7864,#5901,#5902);
#4957=AXIS2_PLACEMENT_3D('',#7871,#5904,#5905);
#4958=AXIS2_PLACEMENT_3D('',#7872,#5906,#5907);
#4959=AXIS2_PLACEMENT_3D('',#7873,#5908,#5909);
#4960=AXIS2_PLACEMENT_3D('',#7876,#5911,#5912);
#4961=AXIS2_PLACEMENT_3D('',#7877,#5913,#5914);
#4962=AXIS2_PLACEMENT_3D('',#7881,#5917,#5918);
#4963=AXIS2_PLACEMENT_3D('',#7882,#5919,#5920);
#4964=AXIS2_PLACEMENT_3D('',#7883,#5921,#5922);
#4965=AXIS2_PLACEMENT_3D('',#7888,#5924,#5925);
#4966=AXIS2_PLACEMENT_3D('',#7891,#5927,#5928);
#4967=AXIS2_PLACEMENT_3D('',#7892,#5929,#5930);
#4968=AXIS2_PLACEMENT_3D('',#7898,#5934,#5935);
#4969=AXIS2_PLACEMENT_3D('',#7902,#5937,#5938);
#4970=AXIS2_PLACEMENT_3D('',#7903,#5939,#5940);
#4971=AXIS2_PLACEMENT_3D('',#7904,#5941,#5942);
#4972=AXIS2_PLACEMENT_3D('',#7907,#5945,#5946);
#4973=AXIS2_PLACEMENT_3D('',#7913,#5950,#5951);
#4974=AXIS2_PLACEMENT_3D('',#7916,#5953,#5954);
#4975=AXIS2_PLACEMENT_3D('',#7917,#5955,#5956);
#4976=AXIS2_PLACEMENT_3D('',#7919,#5957,#5958);
#4977=AXIS2_PLACEMENT_3D('',#7922,#5960,#5961);
#4978=AXIS2_PLACEMENT_3D('',#7925,#5962,#5963);
#4979=AXIS2_PLACEMENT_3D('',#7929,#5965,#5966);
#4980=AXIS2_PLACEMENT_3D('',#7935,#5969,#5970);
#4981=AXIS2_PLACEMENT_3D('',#7938,#5972,#5973);
#4982=AXIS2_PLACEMENT_3D('',#7943,#5975,#5976);
#4983=AXIS2_PLACEMENT_3D('',#7946,#5978,#5979);
#4984=AXIS2_PLACEMENT_3D('',#7951,#5981,#5982);
#4985=AXIS2_PLACEMENT_3D('',#7954,#5984,#5985);
#4986=AXIS2_PLACEMENT_3D('',#7959,#5987,#5988);
#4987=AXIS2_PLACEMENT_3D('',#7962,#5990,#5991);
#4988=AXIS2_PLACEMENT_3D('',#7965,#5992,#5993);
#4989=AXIS2_PLACEMENT_3D('',#7969,#5995,#5996);
#4990=AXIS2_PLACEMENT_3D('',#7971,#5998,#5999);
#4991=AXIS2_PLACEMENT_3D('',#7976,#6002,#6003);
#4992=AXIS2_PLACEMENT_3D('',#7977,#6004,#6005);
#4993=AXIS2_PLACEMENT_3D('',#7981,#6008,#6009);
#4994=AXIS2_PLACEMENT_3D('',#7984,#6011,#6012);
#4995=AXIS2_PLACEMENT_3D('',#7985,#6013,#6014);
#4996=AXIS2_PLACEMENT_3D('',#7987,#6016,#6017);
#4997=AXIS2_PLACEMENT_3D('',#7993,#6021,#6022);
#4998=AXIS2_PLACEMENT_3D('',#7996,#6024,#6025);
#4999=AXIS2_PLACEMENT_3D('',#7997,#6026,#6027);
#5000=AXIS2_PLACEMENT_3D('',#8002,#6030,#6031);
#5001=AXIS2_PLACEMENT_3D('',#8003,#6032,#6033);
#5002=AXIS2_PLACEMENT_3D('',#8007,#6036,#6037);
#5003=AXIS2_PLACEMENT_3D('',#8010,#6039,#6040);
#5004=AXIS2_PLACEMENT_3D('',#8011,#6041,#6042);
#5005=AXIS2_PLACEMENT_3D('',#8013,#6044,#6045);
#5006=AXIS2_PLACEMENT_3D('',#8019,#6049,#6050);
#5007=AXIS2_PLACEMENT_3D('',#8022,#6052,#6053);
#5008=AXIS2_PLACEMENT_3D('',#8023,#6054,#6055);
#5009=AXIS2_PLACEMENT_3D('',#8029,#6059,#6060);
#5010=AXIS2_PLACEMENT_3D('',#8032,#6062,#6063);
#5011=AXIS2_PLACEMENT_3D('',#8033,#6064,#6065);
#5012=AXIS2_PLACEMENT_3D('',#8037,#6068,#6069);
#5013=AXIS2_PLACEMENT_3D('',#8038,#6070,#6071);
#5014=AXIS2_PLACEMENT_3D('',#8039,#6072,#6073);
#5015=AXIS2_PLACEMENT_3D('',#8043,#6075,#6076);
#5016=AXIS2_PLACEMENT_3D('',#8045,#6078,#6079);
#5017=AXIS2_PLACEMENT_3D('',#8049,#6082,#6083);
#5018=AXIS2_PLACEMENT_3D('',#8055,#6087,#6088);
#5019=AXIS2_PLACEMENT_3D('',#8058,#6090,#6091);
#5020=AXIS2_PLACEMENT_3D('',#8059,#6092,#6093);
#5021=AXIS2_PLACEMENT_3D('',#8063,#6096,#6097);
#5022=AXIS2_PLACEMENT_3D('',#8064,#6098,#6099);
#5023=AXIS2_PLACEMENT_3D('',#8065,#6100,#6101);
#5024=AXIS2_PLACEMENT_3D('',#8069,#6103,#6104);
#5025=AXIS2_PLACEMENT_3D('',#8071,#6106,#6107);
#5026=AXIS2_PLACEMENT_3D('',#8075,#6110,#6111);
#5027=AXIS2_PLACEMENT_3D('',#8081,#6115,#6116);
#5028=AXIS2_PLACEMENT_3D('',#8084,#6118,#6119);
#5029=AXIS2_PLACEMENT_3D('',#8085,#6120,#6121);
#5030=AXIS2_PLACEMENT_3D('',#8089,#6124,#6125);
#5031=AXIS2_PLACEMENT_3D('',#8090,#6126,#6127);
#5032=AXIS2_PLACEMENT_3D('',#8091,#6128,#6129);
#5033=AXIS2_PLACEMENT_3D('',#8095,#6131,#6132);
#5034=AXIS2_PLACEMENT_3D('',#8097,#6134,#6135);
#5035=AXIS2_PLACEMENT_3D('',#8101,#6138,#6139);
#5036=AXIS2_PLACEMENT_3D('',#8107,#6143,#6144);
#5037=AXIS2_PLACEMENT_3D('',#8110,#6146,#6147);
#5038=AXIS2_PLACEMENT_3D('',#8111,#6148,#6149);
#5039=AXIS2_PLACEMENT_3D('',#8115,#6152,#6153);
#5040=AXIS2_PLACEMENT_3D('',#8116,#6154,#6155);
#5041=AXIS2_PLACEMENT_3D('',#8117,#6156,#6157);
#5042=AXIS2_PLACEMENT_3D('',#8121,#6159,#6160);
#5043=AXIS2_PLACEMENT_3D('',#8123,#6162,#6163);
#5044=AXIS2_PLACEMENT_3D('',#8127,#6166,#6167);
#5045=AXIS2_PLACEMENT_3D('',#8133,#6171,#6172);
#5046=AXIS2_PLACEMENT_3D('',#8136,#6174,#6175);
#5047=AXIS2_PLACEMENT_3D('',#8137,#6176,#6177);
#5048=AXIS2_PLACEMENT_3D('',#8143,#6181,#6182);
#5049=AXIS2_PLACEMENT_3D('',#8144,#6183,#6184);
#5050=AXIS2_PLACEMENT_3D('',#8145,#6185,#6186);
#5051=AXIS2_PLACEMENT_3D('',#8146,#6187,#6188);
#5052=AXIS2_PLACEMENT_3D('',#8149,#6189,#6190);
#5053=AXIS2_PLACEMENT_3D('',#8153,#6192,#6193);
#5054=AXIS2_PLACEMENT_3D('',#8160,#6197,#6198);
#5055=AXIS2_PLACEMENT_3D('',#8162,#6199,#6200);
#5056=AXIS2_PLACEMENT_3D('',#8167,#6202,#6203);
#5057=AXIS2_PLACEMENT_3D('',#8170,#6205,#6206);
#5058=AXIS2_PLACEMENT_3D('',#8175,#6208,#6209);
#5059=AXIS2_PLACEMENT_3D('',#8178,#6211,#6212);
#5060=AXIS2_PLACEMENT_3D('',#8183,#6214,#6215);
#5061=AXIS2_PLACEMENT_3D('',#8186,#6217,#6218);
#5062=AXIS2_PLACEMENT_3D('',#8188,#6219,#6220);
#5063=AXIS2_PLACEMENT_3D('',#8190,#6221,#6222);
#5064=AXIS2_PLACEMENT_3D('',#8192,#6223,#6224);
#5065=AXIS2_PLACEMENT_3D('',#8194,#6225,#6226);
#5066=AXIS2_PLACEMENT_3D('',#8196,#6227,#6228);
#5067=AXIS2_PLACEMENT_3D('',#8198,#6229,#6230);
#5068=AXIS2_PLACEMENT_3D('',#8200,#6231,#6232);
#5069=AXIS2_PLACEMENT_3D('',#8202,#6233,#6234);
#5070=AXIS2_PLACEMENT_3D('',#8207,#6236,#6237);
#5071=AXIS2_PLACEMENT_3D('',#8210,#6239,#6240);
#5072=AXIS2_PLACEMENT_3D('',#8215,#6242,#6243);
#5073=AXIS2_PLACEMENT_3D('',#8218,#6245,#6246);
#5074=AXIS2_PLACEMENT_3D('',#8223,#6248,#6249);
#5075=AXIS2_PLACEMENT_3D('',#8226,#6251,#6252);
#5076=AXIS2_PLACEMENT_3D('',#8227,#6253,#6254);
#5077=AXIS2_PLACEMENT_3D('',#8232,#6258,#6259);
#5078=AXIS2_PLACEMENT_3D('',#8234,#6261,#6262);
#5079=AXIS2_PLACEMENT_3D('',#8235,#6263,#6264);
#5080=AXIS2_PLACEMENT_3D('',#8237,#6266,#6267);
#5081=AXIS2_PLACEMENT_3D('',#8238,#6268,#6269);
#5082=AXIS2_PLACEMENT_3D('',#8240,#6271,#6272);
#5083=AXIS2_PLACEMENT_3D('',#8241,#6273,#6274);
#5084=AXIS2_PLACEMENT_3D('',#8246,#6278,#6279);
#5085=AXIS2_PLACEMENT_3D('',#8248,#6281,#6282);
#5086=AXIS2_PLACEMENT_3D('',#8249,#6283,#6284);
#5087=AXIS2_PLACEMENT_3D('',#8251,#6286,#6287);
#5088=AXIS2_PLACEMENT_3D('',#8252,#6288,#6289);
#5089=AXIS2_PLACEMENT_3D('',#8254,#6291,#6292);
#5090=AXIS2_PLACEMENT_3D('',#8255,#6293,#6294);
#5091=AXIS2_PLACEMENT_3D('',#8260,#6298,#6299);
#5092=AXIS2_PLACEMENT_3D('',#8262,#6301,#6302);
#5093=AXIS2_PLACEMENT_3D('',#8264,#6304,#6305);
#5094=AXIS2_PLACEMENT_3D('',#8265,#6306,#6307);
#5095=AXIS2_PLACEMENT_3D('',#8266,#6308,#6309);
#5096=AXIS2_PLACEMENT_3D('',#8268,#6311,#6312);
#5097=AXIS2_PLACEMENT_3D('',#8273,#6316,#6317);
#5098=AXIS2_PLACEMENT_3D('',#8275,#6319,#6320);
#5099=AXIS2_PLACEMENT_3D('',#8277,#6322,#6323);
#5100=AXIS2_PLACEMENT_3D('',#8278,#6324,#6325);
#5101=AXIS2_PLACEMENT_3D('',#8279,#6326,#6327);
#5102=AXIS2_PLACEMENT_3D('',#8281,#6329,#6330);
#5103=AXIS2_PLACEMENT_3D('',#8286,#6334,#6335);
#5104=AXIS2_PLACEMENT_3D('',#8288,#6337,#6338);
#5105=AXIS2_PLACEMENT_3D('',#8290,#6340,#6341);
#5106=AXIS2_PLACEMENT_3D('',#8291,#6342,#6343);
#5107=AXIS2_PLACEMENT_3D('',#8292,#6344,#6345);
#5108=AXIS2_PLACEMENT_3D('',#8294,#6347,#6348);
#5109=AXIS2_PLACEMENT_3D('',#8299,#6352,#6353);
#5110=AXIS2_PLACEMENT_3D('',#8301,#6355,#6356);
#5111=AXIS2_PLACEMENT_3D('',#8303,#6358,#6359);
#5112=AXIS2_PLACEMENT_3D('',#8304,#6360,#6361);
#5113=AXIS2_PLACEMENT_3D('',#8305,#6362,#6363);
#5114=AXIS2_PLACEMENT_3D('',#8307,#6365,#6366);
#5115=AXIS2_PLACEMENT_3D('',#8308,#6367,#6368);
#5116=AXIS2_PLACEMENT_3D('',#8310,#6370,#6371);
#5117=AXIS2_PLACEMENT_3D('',#8311,#6372,#6373);
#5118=AXIS2_PLACEMENT_3D('',#8312,#6374,#6375);
#5119=AXIS2_PLACEMENT_3D('',#8313,#6376,#6377);
#5120=AXIS2_PLACEMENT_3D('',#8314,#6378,#6379);
#5121=AXIS2_PLACEMENT_3D('',#8316,#6381,#6382);
#5122=AXIS2_PLACEMENT_3D('',#8318,#6384,#6385);
#5123=AXIS2_PLACEMENT_3D('',#8319,#6386,#6387);
#5124=AXIS2_PLACEMENT_3D('',#8321,#6389,#6390);
#5125=AXIS2_PLACEMENT_3D('',#8323,#6392,#6393);
#5126=AXIS2_PLACEMENT_3D('',#8324,#6394,#6395);
#5127=AXIS2_PLACEMENT_3D('',#8326,#6397,#6398);
#5128=AXIS2_PLACEMENT_3D('',#8328,#6400,#6401);
#5129=AXIS2_PLACEMENT_3D('',#8330,#6403,#6404);
#5130=AXIS2_PLACEMENT_3D('',#8332,#6406,#6407);
#5131=AXIS2_PLACEMENT_3D('',#8335,#6409,#6410);
#5132=AXIS2_PLACEMENT_3D('',#8336,#6411,#6412);
#5133=AXIS2_PLACEMENT_3D('',#8338,#6414,#6415);
#5134=AXIS2_PLACEMENT_3D('',#8341,#6417,#6418);
#5135=AXIS2_PLACEMENT_3D('',#8342,#6419,#6420);
#5136=AXIS2_PLACEMENT_3D('',#8344,#6422,#6423);
#5137=AXIS2_PLACEMENT_3D('',#8347,#6425,#6426);
#5138=AXIS2_PLACEMENT_3D('',#8348,#6427,#6428);
#5139=AXIS2_PLACEMENT_3D('',#8350,#6430,#6431);
#5140=AXIS2_PLACEMENT_3D('',#8353,#6433,#6434);
#5141=AXIS2_PLACEMENT_3D('',#8354,#6435,#6436);
#5142=AXIS2_PLACEMENT_3D('',#8356,#6438,#6439);
#5143=AXIS2_PLACEMENT_3D('',#8359,#6442,#6443);
#5144=AXIS2_PLACEMENT_3D('',#8361,#6445,#6446);
#5145=AXIS2_PLACEMENT_3D('',#8363,#6448,#6449);
#5146=AXIS2_PLACEMENT_3D('',#8365,#6451,#6452);
#5147=AXIS2_PLACEMENT_3D('',#8367,#6454,#6455);
#5148=AXIS2_PLACEMENT_3D('',#8368,#6456,#6457);
#5149=AXIS2_PLACEMENT_3D('',#8371,#6459,#6460);
#5150=AXIS2_PLACEMENT_3D('',#8372,#6461,#6462);
#5151=AXIS2_PLACEMENT_3D('',#8374,#6464,#6465);
#5152=AXIS2_PLACEMENT_3D('',#8377,#6467,#6468);
#5153=AXIS2_PLACEMENT_3D('',#8378,#6469,#6470);
#5154=DIRECTION('axis',(0.,0.,1.));
#5155=DIRECTION('refdir',(1.,0.,0.));
#5156=DIRECTION('center_axis',(0.70710678118655,0.707106781186545,0.));
#5157=DIRECTION('ref_axis',(0.,0.,-1.));
#5158=DIRECTION('',(0.707106781186545,-0.70710678118655,0.));
#5159=DIRECTION('',(0.,0.,-1.));
#5160=DIRECTION('',(-0.707106781186545,0.70710678118655,0.));
#5161=DIRECTION('',(0.,0.,1.));
#5162=DIRECTION('center_axis',(0.,-1.,0.));
#5163=DIRECTION('ref_axis',(0.707106781186545,0.,0.707106781186549));
#5164=DIRECTION('center_axis',(0.,-1.,0.));
#5165=DIRECTION('ref_axis',(0.707106781186546,0.,0.70710678118655));
#5166=DIRECTION('',(0.,-0.707106781186545,0.70710678118655));
#5167=DIRECTION('center_axis',(0.,1.,0.));
#5168=DIRECTION('ref_axis',(0.707106781186545,0.,0.70710678118655));
#5169=DIRECTION('center_axis',(0.,0.70710678118655,0.707106781186545));
#5170=DIRECTION('ref_axis',(1.,0.,0.));
#5171=DIRECTION('',(0.,-0.707106781186545,0.70710678118655));
#5172=DIRECTION('',(1.,0.,0.));
#5173=DIRECTION('',(-1.,0.,0.));
#5174=DIRECTION('center_axis',(0.,-1.,0.));
#5175=DIRECTION('ref_axis',(-0.707106781186545,0.,0.70710678118655));
#5176=DIRECTION('center_axis',(0.,-1.,0.));
#5177=DIRECTION('ref_axis',(-0.707106781186545,0.,0.70710678118655));
#5178=DIRECTION('',(-0.707106781186551,-0.707106781186544,0.));
#5179=DIRECTION('center_axis',(0.,1.,0.));
#5180=DIRECTION('ref_axis',(-0.707106781186545,0.,0.70710678118655));
#5181=DIRECTION('center_axis',(-0.70710678118655,0.707106781186545,0.));
#5182=DIRECTION('ref_axis',(0.,0.,1.));
#5183=DIRECTION('',(-0.707106781186545,-0.70710678118655,0.));
#5184=DIRECTION('',(0.,0.,1.));
#5185=DIRECTION('',(0.,0.,-1.));
#5186=DIRECTION('center_axis',(0.,-1.,0.));
#5187=DIRECTION('ref_axis',(-0.707106781186548,0.,-0.707106781186547));
#5188=DIRECTION('center_axis',(0.,-1.,0.));
#5189=DIRECTION('ref_axis',(-0.707106781186548,0.,-0.707106781186547));
#5190=DIRECTION('',(0.,-0.707106781186548,-0.707106781186548));
#5191=DIRECTION('center_axis',(0.,1.,0.));
#5192=DIRECTION('ref_axis',(-0.707106781186548,0.,-0.707106781186547));
#5193=DIRECTION('center_axis',(0.,0.707106781186545,-0.70710678118655));
#5194=DIRECTION('ref_axis',(-1.,0.,0.));
#5195=DIRECTION('',(0.,-0.70710678118655,-0.707106781186545));
#5196=DIRECTION('',(-1.,0.,0.));
#5197=DIRECTION('',(1.,0.,0.));
#5198=DIRECTION('center_axis',(0.,-1.,0.));
#5199=DIRECTION('ref_axis',(0.707106781186548,0.,-0.707106781186548));
#5200=DIRECTION('center_axis',(0.,-1.,0.));
#5201=DIRECTION('ref_axis',(0.707106781186548,0.,-0.707106781186548));
#5202=DIRECTION('center_axis',(0.,1.,0.));
#5203=DIRECTION('ref_axis',(0.707106781186548,0.,-0.707106781186548));
#5204=DIRECTION('center_axis',(0.,-1.,0.));
#5205=DIRECTION('ref_axis',(-0.707106781186545,0.,0.70710678118655));
#5206=DIRECTION('',(0.,1.,0.));
#5207=DIRECTION('center_axis',(0.,1.,0.));
#5208=DIRECTION('ref_axis',(-0.707106781186545,0.,0.70710678118655));
#5209=DIRECTION('',(0.,-1.,0.));
#5210=DIRECTION('center_axis',(0.,0.,1.));
#5211=DIRECTION('ref_axis',(1.,0.,0.));
#5212=DIRECTION('',(0.,-1.,0.));
#5213=DIRECTION('',(1.,0.,0.));
#5214=DIRECTION('center_axis',(0.,-1.,0.));
#5215=DIRECTION('ref_axis',(0.707106781186545,0.,0.70710678118655));
#5216=DIRECTION('',(0.,1.,0.));
#5217=DIRECTION('center_axis',(0.,1.,0.));
#5218=DIRECTION('ref_axis',(0.707106781186545,0.,0.70710678118655));
#5219=DIRECTION('center_axis',(1.,0.,0.));
#5220=DIRECTION('ref_axis',(0.,0.,-1.));
#5221=DIRECTION('',(0.,-1.,0.));
#5222=DIRECTION('',(0.,0.,-1.));
#5223=DIRECTION('center_axis',(1.,0.,0.));
#5224=DIRECTION('ref_axis',(0.,-1.,0.));
#5225=DIRECTION('',(0.,0.,-1.));
#5226=DIRECTION('center_axis',(1.,0.,0.));
#5227=DIRECTION('ref_axis',(0.,-1.,0.));
#5228=DIRECTION('',(0.,0.,-1.));
#5229=DIRECTION('center_axis',(1.,0.,0.));
#5230=DIRECTION('ref_axis',(0.,-1.,0.));
#5231=DIRECTION('',(0.,0.,-1.));
#5232=DIRECTION('center_axis',(1.,0.,0.));
#5233=DIRECTION('ref_axis',(0.,-1.,0.));
#5234=DIRECTION('',(0.,0.,-1.));
#5235=DIRECTION('center_axis',(1.,0.,0.));
#5236=DIRECTION('ref_axis',(0.,-1.,0.));
#5237=DIRECTION('',(0.,0.,-1.));
#5238=DIRECTION('center_axis',(1.,0.,0.));
#5239=DIRECTION('ref_axis',(0.,-1.,0.));
#5240=DIRECTION('',(0.,0.,-1.));
#5241=DIRECTION('center_axis',(1.,0.,0.));
#5242=DIRECTION('ref_axis',(0.,-1.,0.));
#5243=DIRECTION('',(0.,0.,-1.));
#5244=DIRECTION('center_axis',(0.,1.,0.));
#5245=DIRECTION('ref_axis',(0.,0.,1.));
#5246=DIRECTION('',(1.,0.,0.));
#5247=DIRECTION('center_axis',(0.,1.,0.));
#5248=DIRECTION('ref_axis',(0.,0.,1.));
#5249=DIRECTION('',(0.,0.,1.));
#5250=DIRECTION('',(1.,0.,0.));
#5251=DIRECTION('',(-1.57399754199663E-16,0.,-1.));
#5252=DIRECTION('center_axis',(0.,1.,0.));
#5253=DIRECTION('ref_axis',(-1.,0.,0.));
#5254=DIRECTION('center_axis',(0.,-1.,0.));
#5255=DIRECTION('ref_axis',(-1.,0.,0.));
#5256=DIRECTION('center_axis',(0.,-1.,0.));
#5257=DIRECTION('ref_axis',(-1.,0.,0.));
#5258=DIRECTION('center_axis',(0.,-1.,0.));
#5259=DIRECTION('ref_axis',(-1.,0.,0.));
#5260=DIRECTION('center_axis',(0.,-1.,0.));
#5261=DIRECTION('ref_axis',(-1.,0.,0.));
#5262=DIRECTION('center_axis',(0.,-1.,0.));
#5263=DIRECTION('ref_axis',(-1.,0.,0.));
#5264=DIRECTION('center_axis',(0.,-1.,0.));
#5265=DIRECTION('ref_axis',(-1.,0.,0.));
#5266=DIRECTION('center_axis',(1.,0.,0.));
#5267=DIRECTION('ref_axis',(0.,-1.,0.));
#5268=DIRECTION('center_axis',(-1.,0.,0.));
#5269=DIRECTION('ref_axis',(0.,-1.,0.));
#5270=DIRECTION('center_axis',(0.70710678118655,0.707106781186545,0.));
#5271=DIRECTION('ref_axis',(0.,0.,-1.));
#5272=DIRECTION('center_axis',(-0.70710678118655,-0.707106781186545,0.));
#5273=DIRECTION('ref_axis',(-0.707106781186545,0.70710678118655,4.08878244448901E-17));
#5274=DIRECTION('',(0.,0.,1.));
#5275=DIRECTION('center_axis',(-0.70710678118655,-0.707106781186545,0.));
#5276=DIRECTION('ref_axis',(-0.707106781186545,0.70710678118655,-4.08878244448901E-17));
#5277=DIRECTION('center_axis',(-1.,0.,0.));
#5278=DIRECTION('ref_axis',(0.,0.784464540552734,-0.620173672946045));
#5279=DIRECTION('',(-1.,0.,0.));
#5280=DIRECTION('center_axis',(0.707106781186548,-0.707106781186548,0.));
#5281=DIRECTION('ref_axis',(0.707106781186548,0.707106781186548,4.088782444489E-17));
#5282=DIRECTION('',(1.,0.,0.));
#5283=DIRECTION('center_axis',(-1.,0.,0.));
#5284=DIRECTION('ref_axis',(0.,-1.,-2.34291072916505E-15));
#5285=DIRECTION('',(1.,0.,0.));
#5286=DIRECTION('center_axis',(1.,0.,0.));
#5287=DIRECTION('ref_axis',(0.,-1.,0.));
#5288=DIRECTION('center_axis',(1.,0.,0.));
#5289=DIRECTION('ref_axis',(0.,-1.,0.));
#5290=DIRECTION('center_axis',(1.,0.,0.));
#5291=DIRECTION('ref_axis',(0.,-1.,0.));
#5292=DIRECTION('center_axis',(-1.,0.,0.));
#5293=DIRECTION('ref_axis',(0.,-1.,0.));
#5294=DIRECTION('center_axis',(-1.,0.,0.));
#5295=DIRECTION('ref_axis',(0.,-1.,-1.01064309961486E-15));
#5296=DIRECTION('',(1.,0.,0.));
#5297=DIRECTION('center_axis',(1.,0.,0.));
#5298=DIRECTION('ref_axis',(0.,-1.,0.));
#5299=DIRECTION('',(-1.,0.,0.));
#5300=DIRECTION('center_axis',(1.,0.,0.));
#5301=DIRECTION('ref_axis',(0.,0.784464540552734,0.620173672946045));
#5302=DIRECTION('center_axis',(-0.707106781186548,-0.707106781186548,0.));
#5303=DIRECTION('ref_axis',(-0.707106781186548,0.707106781186548,-4.088782444489E-17));
#5304=DIRECTION('',(-1.,0.,0.));
#5305=DIRECTION('center_axis',(0.707106781186548,-0.707106781186548,0.));
#5306=DIRECTION('ref_axis',(0.707106781186548,0.707106781186548,-4.088782444489E-17));
#5307=DIRECTION('center_axis',(0.707106781186548,0.707106781186548,0.));
#5308=DIRECTION('ref_axis',(0.,0.,-1.));
#5309=DIRECTION('',(0.,0.,-1.));
#5310=DIRECTION('center_axis',(-0.707106781186548,-0.707106781186548,0.));
#5311=DIRECTION('ref_axis',(-0.707106781186548,0.707106781186548,4.088782444489E-17));
#5312=DIRECTION('',(0.,0.,1.));
#5313=DIRECTION('center_axis',(1.,0.,0.));
#5314=DIRECTION('ref_axis',(0.,-1.,0.));
#5315=DIRECTION('center_axis',(1.,0.,0.));
#5316=DIRECTION('ref_axis',(0.,-1.,0.));
#5317=DIRECTION('center_axis',(-1.,0.,0.));
#5318=DIRECTION('ref_axis',(0.,-1.,0.));
#5319=DIRECTION('center_axis',(-1.,0.,0.));
#5320=DIRECTION('ref_axis',(0.,0.784464540552734,-0.620173672946045));
#5321=DIRECTION('',(-1.,0.,0.));
#5322=DIRECTION('center_axis',(0.707106781186548,-0.707106781186548,0.));
#5323=DIRECTION('ref_axis',(0.707106781186548,0.707106781186548,4.088782444489E-17));
#5324=DIRECTION('',(1.,0.,0.));
#5325=DIRECTION('center_axis',(-1.,0.,0.));
#5326=DIRECTION('ref_axis',(0.,-1.,-2.34291072916505E-15));
#5327=DIRECTION('',(1.,0.,0.));
#5328=DIRECTION('center_axis',(1.,0.,0.));
#5329=DIRECTION('ref_axis',(0.,-1.,0.));
#5330=DIRECTION('center_axis',(1.,0.,0.));
#5331=DIRECTION('ref_axis',(0.,-1.,0.));
#5332=DIRECTION('center_axis',(1.,0.,0.));
#5333=DIRECTION('ref_axis',(0.,-1.,0.));
#5334=DIRECTION('center_axis',(-1.,0.,0.));
#5335=DIRECTION('ref_axis',(0.,-1.,0.));
#5336=DIRECTION('center_axis',(1.,0.,0.));
#5337=DIRECTION('ref_axis',(0.,0.784464540552734,0.620173672946045));
#5338=DIRECTION('center_axis',(-0.707106781186548,-0.707106781186548,0.));
#5339=DIRECTION('ref_axis',(-0.707106781186548,0.707106781186548,-4.088782444489E-17));
#5340=DIRECTION('',(-1.,0.,0.));
#5341=DIRECTION('center_axis',(0.707106781186548,-0.707106781186548,0.));
#5342=DIRECTION('ref_axis',(0.707106781186548,0.707106781186548,-4.088782444489E-17));
#5343=DIRECTION('',(1.,0.,0.));
#5344=DIRECTION('center_axis',(0.707106781186548,0.707106781186548,0.));
#5345=DIRECTION('ref_axis',(0.,0.,-1.));
#5346=DIRECTION('',(0.,0.,-1.));
#5347=DIRECTION('center_axis',(-0.707106781186548,-0.707106781186548,0.));
#5348=DIRECTION('ref_axis',(-0.707106781186548,0.707106781186548,4.088782444489E-17));
#5349=DIRECTION('',(0.,0.,1.));
#5350=DIRECTION('center_axis',(1.,0.,0.));
#5351=DIRECTION('ref_axis',(0.,0.,-1.));
#5352=DIRECTION('',(0.,0.,-1.));
#5353=DIRECTION('',(0.,1.,0.));
#5354=DIRECTION('',(0.,0.,1.));
#5355=DIRECTION('',(0.,1.,0.));
#5356=DIRECTION('',(0.,0.,-1.));
#5357=DIRECTION('center_axis',(1.,0.,0.));
#5358=DIRECTION('ref_axis',(0.,-1.,0.));
#5359=DIRECTION('',(0.,0.,-1.));
#5360=DIRECTION('center_axis',(1.,0.,0.));
#5361=DIRECTION('ref_axis',(0.,-1.,0.));
#5362=DIRECTION('',(0.,0.,-1.));
#5363=DIRECTION('center_axis',(1.,0.,0.));
#5364=DIRECTION('ref_axis',(0.,-1.,0.));
#5365=DIRECTION('',(0.,0.,-1.));
#5366=DIRECTION('center_axis',(1.,0.,0.));
#5367=DIRECTION('ref_axis',(0.,-1.,0.));
#5368=DIRECTION('',(0.,0.,-1.));
#5369=DIRECTION('center_axis',(1.,0.,0.));
#5370=DIRECTION('ref_axis',(0.,-1.,0.));
#5371=DIRECTION('center_axis',(-1.,0.,0.));
#5372=DIRECTION('ref_axis',(0.,-1.,0.));
#5373=DIRECTION('center_axis',(0.707106781186548,0.707106781186548,0.));
#5374=DIRECTION('ref_axis',(0.,0.,-1.));
#5375=DIRECTION('center_axis',(-0.707106781186548,-0.707106781186548,0.));
#5376=DIRECTION('ref_axis',(-0.707106781186548,0.707106781186548,4.088782444489E-17));
#5377=DIRECTION('',(0.,0.,1.));
#5378=DIRECTION('center_axis',(-0.707106781186548,-0.707106781186548,0.));
#5379=DIRECTION('ref_axis',(-0.707106781186548,0.707106781186548,-4.088782444489E-17));
#5380=DIRECTION('center_axis',(1.,0.,0.));
#5381=DIRECTION('ref_axis',(0.,-1.,0.));
#5382=DIRECTION('center_axis',(-1.,0.,0.));
#5383=DIRECTION('ref_axis',(0.,-1.,0.));
#5384=DIRECTION('center_axis',(1.,0.,0.));
#5385=DIRECTION('ref_axis',(0.,0.784464540552734,0.620173672946045));
#5386=DIRECTION('center_axis',(-0.707106781186548,-0.707106781186548,0.));
#5387=DIRECTION('ref_axis',(-0.707106781186548,0.707106781186548,-4.088782444489E-17));
#5388=DIRECTION('',(-1.,0.,0.));
#5389=DIRECTION('center_axis',(0.707106781186548,-0.707106781186548,0.));
#5390=DIRECTION('ref_axis',(0.707106781186548,0.707106781186548,-4.088782444489E-17));
#5391=DIRECTION('',(1.,0.,0.));
#5392=DIRECTION('center_axis',(0.707106781186548,0.707106781186548,0.));
#5393=DIRECTION('ref_axis',(0.,0.,-1.));
#5394=DIRECTION('center_axis',(-0.707106781186548,-0.707106781186548,0.));
#5395=DIRECTION('ref_axis',(-0.707106781186548,0.707106781186548,4.088782444489E-17));
#5396=DIRECTION('',(0.,0.,1.));
#5397=DIRECTION('center_axis',(1.,0.,0.));
#5398=DIRECTION('ref_axis',(0.,-1.,0.));
#5399=DIRECTION('center_axis',(-1.,0.,0.));
#5400=DIRECTION('ref_axis',(0.,-1.,0.));
#5401=DIRECTION('center_axis',(0.707106781186548,0.707106781186548,0.));
#5402=DIRECTION('ref_axis',(0.,0.,-1.));
#5403=DIRECTION('center_axis',(-0.707106781186548,-0.707106781186548,0.));
#5404=DIRECTION('ref_axis',(-0.707106781186548,0.707106781186548,4.088782444489E-17));
#5405=DIRECTION('',(0.,0.,1.));
#5406=DIRECTION('center_axis',(-0.707106781186548,-0.707106781186548,0.));
#5407=DIRECTION('ref_axis',(-0.707106781186548,0.707106781186548,-4.088782444489E-17));
#5408=DIRECTION('center_axis',(1.,0.,0.));
#5409=DIRECTION('ref_axis',(0.,-1.,0.));
#5410=DIRECTION('center_axis',(-1.,0.,0.));
#5411=DIRECTION('ref_axis',(0.,-1.,0.));
#5412=DIRECTION('center_axis',(-1.,0.,0.));
#5413=DIRECTION('ref_axis',(0.,0.784464540552739,-0.620173672946039));
#5414=DIRECTION('',(-1.,0.,0.));
#5415=DIRECTION('center_axis',(0.707106781186548,-0.707106781186548,0.));
#5416=DIRECTION('ref_axis',(0.707106781186548,0.707106781186548,4.088782444489E-17));
#5417=DIRECTION('',(1.,0.,0.));
#5418=DIRECTION('center_axis',(-1.,0.,0.));
#5419=DIRECTION('ref_axis',(0.,-1.,-1.22464679914735E-16));
#5420=DIRECTION('',(1.,0.,0.));
#5421=DIRECTION('center_axis',(1.,0.,0.));
#5422=DIRECTION('ref_axis',(0.,-1.,0.));
#5423=DIRECTION('center_axis',(-1.,0.,0.));
#5424=DIRECTION('ref_axis',(0.,-1.,0.));
#5425=DIRECTION('center_axis',(-1.,0.,0.));
#5426=DIRECTION('ref_axis',(0.,-1.,0.));
#5427=DIRECTION('center_axis',(-0.707106781186548,0.707106781186548,0.));
#5428=DIRECTION('ref_axis',(0.,0.,1.));
#5429=DIRECTION('',(0.,0.,1.));
#5430=DIRECTION('center_axis',(0.707106781186548,-0.707106781186548,0.));
#5431=DIRECTION('ref_axis',(0.707106781186548,0.707106781186548,-4.088782444489E-17));
#5432=DIRECTION('',(0.,0.,-1.));
#5433=DIRECTION('center_axis',(-1.,0.,0.));
#5434=DIRECTION('ref_axis',(0.,0.,1.));
#5435=DIRECTION('',(0.,0.,1.));
#5436=DIRECTION('center_axis',(-1.,0.,0.));
#5437=DIRECTION('ref_axis',(0.,-1.,0.));
#5438=DIRECTION('',(0.,0.,1.));
#5439=DIRECTION('center_axis',(-1.,0.,0.));
#5440=DIRECTION('ref_axis',(0.,-1.,0.));
#5441=DIRECTION('',(0.,0.,1.));
#5442=DIRECTION('center_axis',(-1.,0.,0.));
#5443=DIRECTION('ref_axis',(0.,-1.,0.));
#5444=DIRECTION('',(0.,0.,1.));
#5445=DIRECTION('center_axis',(-1.,0.,0.));
#5446=DIRECTION('ref_axis',(0.,-1.,0.));
#5447=DIRECTION('',(0.,0.,1.));
#5448=DIRECTION('center_axis',(-1.,0.,0.));
#5449=DIRECTION('ref_axis',(0.,-1.,0.));
#5450=DIRECTION('',(0.,0.,1.));
#5451=DIRECTION('center_axis',(-1.,0.,0.));
#5452=DIRECTION('ref_axis',(0.,-1.,0.));
#5453=DIRECTION('',(0.,0.,1.));
#5454=DIRECTION('',(0.,1.,0.));
#5455=DIRECTION('center_axis',(-0.707106781186548,0.707106781186548,0.));
#5456=DIRECTION('ref_axis',(0.,0.,1.));
#5457=DIRECTION('center_axis',(0.707106781186548,-0.707106781186548,0.));
#5458=DIRECTION('ref_axis',(0.707106781186548,0.707106781186548,-4.088782444489E-17));
#5459=DIRECTION('',(0.,0.,-1.));
#5460=DIRECTION('',(-0.707106781186548,-0.707106781186548,0.));
#5461=DIRECTION('center_axis',(-1.,0.,0.));
#5462=DIRECTION('ref_axis',(0.,-1.,0.));
#5463=DIRECTION('center_axis',(1.,0.,0.));
#5464=DIRECTION('ref_axis',(0.,-1.,0.));
#5465=DIRECTION('center_axis',(-1.,0.,0.));
#5466=DIRECTION('ref_axis',(0.,0.784464540552734,-0.620173672946045));
#5467=DIRECTION('',(-1.,0.,0.));
#5468=DIRECTION('center_axis',(0.707106781186548,-0.707106781186548,0.));
#5469=DIRECTION('ref_axis',(0.707106781186548,0.707106781186548,4.088782444489E-17));
#5470=DIRECTION('',(1.,0.,0.));
#5471=DIRECTION('center_axis',(-0.707106781186548,0.707106781186548,0.));
#5472=DIRECTION('ref_axis',(0.,0.,1.));
#5473=DIRECTION('',(0.,0.,-1.));
#5474=DIRECTION('center_axis',(-1.,0.,0.));
#5475=DIRECTION('ref_axis',(0.,-1.,0.));
#5476=DIRECTION('center_axis',(1.,0.,0.));
#5477=DIRECTION('ref_axis',(0.,-1.,0.));
#5478=DIRECTION('center_axis',(-0.707106781186548,0.707106781186548,0.));
#5479=DIRECTION('ref_axis',(0.,0.,1.));
#5480=DIRECTION('center_axis',(0.707106781186548,-0.707106781186548,0.));
#5481=DIRECTION('ref_axis',(0.707106781186548,0.707106781186548,-4.088782444489E-17));
#5482=DIRECTION('',(0.,0.,-1.));
#5483=DIRECTION('center_axis',(0.707106781186548,-0.707106781186548,0.));
#5484=DIRECTION('ref_axis',(0.707106781186548,0.707106781186548,4.088782444489E-17));
#5485=DIRECTION('center_axis',(-1.,0.,0.));
#5486=DIRECTION('ref_axis',(0.,-1.,0.));
#5487=DIRECTION('center_axis',(1.,0.,0.));
#5488=DIRECTION('ref_axis',(0.,-1.,0.));
#5489=DIRECTION('center_axis',(-1.,0.,0.));
#5490=DIRECTION('ref_axis',(0.,0.784464540552734,-0.620173672946045));
#5491=DIRECTION('',(-1.,0.,0.));
#5492=DIRECTION('center_axis',(0.707106781186548,-0.707106781186548,0.));
#5493=DIRECTION('ref_axis',(0.707106781186548,0.707106781186548,4.088782444489E-17));
#5494=DIRECTION('',(1.,0.,0.));
#5495=DIRECTION('center_axis',(-0.707106781186548,0.707106781186548,0.));
#5496=DIRECTION('ref_axis',(0.,0.,1.));
#5497=DIRECTION('',(0.,0.,-1.));
#5498=DIRECTION('center_axis',(-1.,0.,0.));
#5499=DIRECTION('ref_axis',(0.,-1.,0.));
#5500=DIRECTION('center_axis',(1.,0.,0.));
#5501=DIRECTION('ref_axis',(0.,-1.,0.));
#5502=DIRECTION('center_axis',(-0.707106781186548,0.707106781186548,0.));
#5503=DIRECTION('ref_axis',(0.,0.,1.));
#5504=DIRECTION('center_axis',(0.707106781186548,-0.707106781186548,0.));
#5505=DIRECTION('ref_axis',(0.707106781186548,0.707106781186548,-4.088782444489E-17));
#5506=DIRECTION('',(0.,0.,-1.));
#5507=DIRECTION('center_axis',(0.707106781186548,-0.707106781186548,0.));
#5508=DIRECTION('ref_axis',(0.707106781186548,0.707106781186548,4.088782444489E-17));
#5509=DIRECTION('center_axis',(-1.,0.,0.));
#5510=DIRECTION('ref_axis',(0.,-1.,0.));
#5511=DIRECTION('center_axis',(-0.707106781186548,0.707106781186548,0.));
#5512=DIRECTION('ref_axis',(0.,0.,1.));
#5513=DIRECTION('',(0.,0.,-1.));
#5514=DIRECTION('center_axis',(-1.,0.,0.));
#5515=DIRECTION('ref_axis',(0.,-1.,0.));
#5516=DIRECTION('center_axis',(-1.,0.,0.));
#5517=DIRECTION('ref_axis',(0.,-1.,0.));
#5518=DIRECTION('center_axis',(-1.,0.,0.));
#5519=DIRECTION('ref_axis',(0.,-1.,0.));
#5520=DIRECTION('center_axis',(1.,0.,0.));
#5521=DIRECTION('ref_axis',(0.,-1.,0.));
#5522=DIRECTION('center_axis',(-0.707106781186548,0.707106781186548,0.));
#5523=DIRECTION('ref_axis',(0.,0.,1.));
#5524=DIRECTION('',(0.,0.,1.));
#5525=DIRECTION('',(0.,0.,-1.));
#5526=DIRECTION('center_axis',(0.707106781186548,-0.707106781186548,0.));
#5527=DIRECTION('ref_axis',(0.707106781186547,0.707106781186548,-4.088782444489E-17));
#5528=DIRECTION('center_axis',(-1.,0.,0.));
#5529=DIRECTION('ref_axis',(0.,0.,1.));
#5530=DIRECTION('',(0.,0.,1.));
#5531=DIRECTION('center_axis',(-1.,0.,0.));
#5532=DIRECTION('ref_axis',(0.,-1.,0.));
#5533=DIRECTION('',(0.,0.,1.));
#5534=DIRECTION('center_axis',(-1.,0.,0.));
#5535=DIRECTION('ref_axis',(0.,-1.,0.));
#5536=DIRECTION('',(0.,0.,1.));
#5537=DIRECTION('center_axis',(-1.,0.,0.));
#5538=DIRECTION('ref_axis',(0.,-1.,0.));
#5539=DIRECTION('',(0.,0.,1.));
#5540=DIRECTION('center_axis',(-1.,0.,0.));
#5541=DIRECTION('ref_axis',(0.,-1.,0.));
#5542=DIRECTION('',(0.,0.,1.));
#5543=DIRECTION('center_axis',(-1.,0.,0.));
#5544=DIRECTION('ref_axis',(0.,-1.,0.));
#5545=DIRECTION('',(0.,0.,1.));
#5546=DIRECTION('center_axis',(-1.,0.,0.));
#5547=DIRECTION('ref_axis',(0.,-1.,0.));
#5548=DIRECTION('',(0.,0.,1.));
#5549=DIRECTION('',(0.,1.,0.));
#5550=DIRECTION('',(0.,0.,-1.));
#5551=DIRECTION('',(0.,1.,0.));
#5552=DIRECTION('center_axis',(-0.707106781186548,0.707106781186548,0.));
#5553=DIRECTION('ref_axis',(0.,0.,1.));
#5554=DIRECTION('center_axis',(0.707106781186548,-0.707106781186548,0.));
#5555=DIRECTION('ref_axis',(0.707106781186548,0.707106781186548,-4.088782444489E-17));
#5556=DIRECTION('',(0.,0.,-1.));
#5557=DIRECTION('center_axis',(0.707106781186548,-0.707106781186548,0.));
#5558=DIRECTION('ref_axis',(0.707106781186548,0.707106781186548,4.088782444489E-17));
#5559=DIRECTION('center_axis',(-1.,0.,0.));
#5560=DIRECTION('ref_axis',(0.,-1.,0.));
#5561=DIRECTION('center_axis',(1.,0.,0.));
#5562=DIRECTION('ref_axis',(0.,-1.,0.));
#5563=DIRECTION('center_axis',(-0.707106781186548,0.707106781186548,0.));
#5564=DIRECTION('ref_axis',(0.,0.,1.));
#5565=DIRECTION('center_axis',(0.707106781186548,-0.707106781186548,0.));
#5566=DIRECTION('ref_axis',(0.707106781186548,0.707106781186548,-4.088782444489E-17));
#5567=DIRECTION('',(0.,0.,-1.));
#5568=DIRECTION('center_axis',(0.707106781186548,-0.707106781186548,0.));
#5569=DIRECTION('ref_axis',(0.707106781186548,0.707106781186548,4.088782444489E-17));
#5570=DIRECTION('center_axis',(1.,0.,0.));
#5571=DIRECTION('ref_axis',(0.,0.784464540552734,0.620173672946045));
#5572=DIRECTION('',(1.,0.,0.));
#5573=DIRECTION('center_axis',(-0.70710678118655,-0.707106781186545,0.));
#5574=DIRECTION('ref_axis',(-0.707106781186545,0.70710678118655,-4.08878244448901E-17));
#5575=DIRECTION('',(-1.,0.,0.));
#5576=DIRECTION('center_axis',(-1.,0.,0.));
#5577=DIRECTION('ref_axis',(0.,-1.,-2.34291072916505E-15));
#5578=DIRECTION('',(-1.,0.,0.));
#5579=DIRECTION('center_axis',(-1.,0.,0.));
#5580=DIRECTION('ref_axis',(0.,-1.,0.));
#5581=DIRECTION('center_axis',(-1.,0.,0.));
#5582=DIRECTION('ref_axis',(0.,-1.,0.));
#5583=DIRECTION('center_axis',(1.,0.,0.));
#5584=DIRECTION('ref_axis',(0.,-1.,0.));
#5585=DIRECTION('center_axis',(-0.707106781186548,0.707106781186548,0.));
#5586=DIRECTION('ref_axis',(0.,0.,1.));
#5587=DIRECTION('center_axis',(0.707106781186548,-0.707106781186548,0.));
#5588=DIRECTION('ref_axis',(0.707106781186548,0.707106781186548,-4.088782444489E-17));
#5589=DIRECTION('',(0.,0.,-1.));
#5590=DIRECTION('center_axis',(0.707106781186548,-0.707106781186548,0.));
#5591=DIRECTION('ref_axis',(0.707106781186548,0.707106781186548,4.088782444489E-17));
#5592=DIRECTION('center_axis',(1.,0.,0.));
#5593=DIRECTION('ref_axis',(0.,0.784464540552734,0.620173672946045));
#5594=DIRECTION('',(1.,0.,0.));
#5595=DIRECTION('center_axis',(-0.70710678118655,-0.707106781186545,0.));
#5596=DIRECTION('ref_axis',(-0.707106781186545,0.70710678118655,-4.08878244448901E-17));
#5597=DIRECTION('',(-1.,0.,0.));
#5598=DIRECTION('center_axis',(-1.,0.,0.));
#5599=DIRECTION('ref_axis',(0.,-1.,2.09798136933558E-15));
#5600=DIRECTION('',(-1.,0.,0.));
#5601=DIRECTION('center_axis',(-1.,0.,0.));
#5602=DIRECTION('ref_axis',(0.,-1.,0.));
#5603=DIRECTION('center_axis',(-1.,0.,0.));
#5604=DIRECTION('ref_axis',(0.,-1.,0.));
#5605=DIRECTION('center_axis',(1.,0.,0.));
#5606=DIRECTION('ref_axis',(0.,-1.,0.));
#5607=DIRECTION('center_axis',(-0.707106781186548,0.707106781186548,0.));
#5608=DIRECTION('ref_axis',(0.,0.,1.));
#5609=DIRECTION('center_axis',(0.707106781186548,-0.707106781186548,0.));
#5610=DIRECTION('ref_axis',(0.707106781186548,0.707106781186548,-4.088782444489E-17));
#5611=DIRECTION('',(0.,0.,-1.));
#5612=DIRECTION('center_axis',(1.,0.,0.));
#5613=DIRECTION('ref_axis',(0.,0.784464540552734,0.620173672946045));
#5614=DIRECTION('',(1.,0.,0.));
#5615=DIRECTION('',(-1.,0.,0.));
#5616=DIRECTION('center_axis',(-1.,0.,0.));
#5617=DIRECTION('ref_axis',(0.,-1.,-1.22464679914735E-16));
#5618=DIRECTION('',(-1.,0.,0.));
#5619=DIRECTION('center_axis',(-1.,0.,0.));
#5620=DIRECTION('ref_axis',(0.,-1.,0.));
#5621=DIRECTION('center_axis',(-1.,0.,0.));
#5622=DIRECTION('ref_axis',(0.,-1.,0.));
#5623=DIRECTION('center_axis',(-0.707106781186548,0.707106781186548,0.));
#5624=DIRECTION('ref_axis',(0.,0.,1.));
#5625=DIRECTION('center_axis',(0.707106781186548,-0.707106781186548,0.));
#5626=DIRECTION('ref_axis',(0.707106781186548,0.707106781186548,-4.088782444489E-17));
#5627=DIRECTION('',(0.,0.,-1.));
#5628=DIRECTION('center_axis',(0.707106781186548,-0.707106781186548,0.));
#5629=DIRECTION('ref_axis',(0.707106781186548,0.707106781186548,4.088782444489E-17));
#5630=DIRECTION('center_axis',(-1.,0.,0.));
#5631=DIRECTION('ref_axis',(0.,-1.,0.));
#5632=DIRECTION('center_axis',(1.,0.,0.));
#5633=DIRECTION('ref_axis',(0.,-1.,0.));
#5634=DIRECTION('center_axis',(-0.707106781186548,0.707106781186548,0.));
#5635=DIRECTION('ref_axis',(0.,0.,1.));
#5636=DIRECTION('center_axis',(0.707106781186548,-0.707106781186548,0.));
#5637=DIRECTION('ref_axis',(0.707106781186548,0.707106781186548,-4.088782444489E-17));
#5638=DIRECTION('',(0.,0.,-1.));
#5639=DIRECTION('center_axis',(0.707106781186548,-0.707106781186548,0.));
#5640=DIRECTION('ref_axis',(0.707106781186548,0.707106781186548,4.088782444489E-17));
#5641=DIRECTION('center_axis',(1.,0.,0.));
#5642=DIRECTION('ref_axis',(0.,0.784464540552734,0.620173672946045));
#5643=DIRECTION('',(1.,0.,0.));
#5644=DIRECTION('center_axis',(-0.70710678118655,-0.707106781186545,0.));
#5645=DIRECTION('ref_axis',(-0.707106781186545,0.70710678118655,-4.08878244448901E-17));
#5646=DIRECTION('',(-1.,0.,0.));
#5647=DIRECTION('center_axis',(-1.,0.,0.));
#5648=DIRECTION('ref_axis',(0.,-1.,2.09798136933558E-15));
#5649=DIRECTION('',(-1.,0.,0.));
#5650=DIRECTION('center_axis',(-1.,0.,0.));
#5651=DIRECTION('ref_axis',(0.,-1.,0.));
#5652=DIRECTION('center_axis',(-1.,0.,0.));
#5653=DIRECTION('ref_axis',(0.,-1.,0.));
#5654=DIRECTION('center_axis',(1.,0.,0.));
#5655=DIRECTION('ref_axis',(0.,-1.,0.));
#5656=DIRECTION('center_axis',(-1.,0.,0.));
#5657=DIRECTION('ref_axis',(0.,0.784464540552739,-0.620173672946039));
#5658=DIRECTION('',(1.,0.,0.));
#5659=DIRECTION('center_axis',(-0.70710678118655,-0.707106781186545,0.));
#5660=DIRECTION('ref_axis',(-0.707106781186545,0.70710678118655,4.08878244448901E-17));
#5661=DIRECTION('',(-1.,0.,0.));
#5662=DIRECTION('center_axis',(1.,0.,0.));
#5663=DIRECTION('ref_axis',(0.,-1.,0.));
#5664=DIRECTION('center_axis',(-1.,0.,0.));
#5665=DIRECTION('ref_axis',(0.,-1.,0.));
#5666=DIRECTION('center_axis',(0.70710678118655,0.707106781186545,0.));
#5667=DIRECTION('ref_axis',(0.,0.,-1.));
#5668=DIRECTION('',(0.,0.,1.));
#5669=DIRECTION('center_axis',(-1.,0.,0.));
#5670=DIRECTION('ref_axis',(0.,-1.,-1.22464679914735E-16));
#5671=DIRECTION('',(1.,0.,0.));
#5672=DIRECTION('center_axis',(1.,0.,0.));
#5673=DIRECTION('ref_axis',(0.,-1.,0.));
#5674=DIRECTION('center_axis',(1.,0.,0.));
#5675=DIRECTION('ref_axis',(0.,-1.,0.));
#5676=DIRECTION('center_axis',(1.,0.,0.));
#5677=DIRECTION('ref_axis',(0.,-1.,0.));
#5678=DIRECTION('center_axis',(0.70710678118655,0.707106781186545,0.));
#5679=DIRECTION('ref_axis',(0.,0.,-1.));
#5680=DIRECTION('center_axis',(-0.70710678118655,-0.707106781186545,0.));
#5681=DIRECTION('ref_axis',(-0.707106781186545,0.70710678118655,4.08878244448901E-17));
#5682=DIRECTION('',(0.,0.,1.));
#5683=DIRECTION('center_axis',(-1.,0.,0.));
#5684=DIRECTION('ref_axis',(0.,0.784464540552734,-0.620173672946045));
#5685=DIRECTION('',(1.,0.,0.));
#5686=DIRECTION('center_axis',(1.,0.,0.));
#5687=DIRECTION('ref_axis',(0.,-1.,0.));
#5688=DIRECTION('center_axis',(-1.,0.,0.));
#5689=DIRECTION('ref_axis',(0.,-1.,0.));
#5690=DIRECTION('center_axis',(1.,0.,0.));
#5691=DIRECTION('ref_axis',(0.,0.784464540552734,0.620173672946045));
#5692=DIRECTION('',(1.,0.,0.));
#5693=DIRECTION('center_axis',(-0.70710678118655,-0.707106781186545,0.));
#5694=DIRECTION('ref_axis',(-0.707106781186545,0.70710678118655,-4.08878244448901E-17));
#5695=DIRECTION('',(-1.,0.,0.));
#5696=DIRECTION('center_axis',(0.70710678118655,0.707106781186545,0.));
#5697=DIRECTION('ref_axis',(0.,0.,-1.));
#5698=DIRECTION('center_axis',(-0.70710678118655,-0.707106781186545,0.));
#5699=DIRECTION('ref_axis',(-0.707106781186545,0.70710678118655,4.08878244448901E-17));
#5700=DIRECTION('',(0.,0.,1.));
#5701=DIRECTION('center_axis',(1.,0.,0.));
#5702=DIRECTION('ref_axis',(0.,-1.,0.));
#5703=DIRECTION('center_axis',(1.,0.,0.));
#5704=DIRECTION('ref_axis',(0.,0.784464540552734,0.620173672946045));
#5705=DIRECTION('center_axis',(-0.707106781186548,-0.707106781186548,0.));
#5706=DIRECTION('ref_axis',(-0.707106781186548,0.707106781186548,-4.088782444489E-17));
#5707=DIRECTION('',(-1.,0.,0.));
#5708=DIRECTION('center_axis',(-1.,0.,0.));
#5709=DIRECTION('ref_axis',(0.,0.784464540552734,-0.620173672946045));
#5710=DIRECTION('',(1.,0.,0.));
#5711=DIRECTION('center_axis',(-1.,0.,0.));
#5712=DIRECTION('ref_axis',(0.,0.78446454055274,-0.620173672946038));
#5713=DIRECTION('center_axis',(0.707106781186548,-0.707106781186548,0.));
#5714=DIRECTION('ref_axis',(0.707106781186547,0.707106781186548,-4.088782444489E-17));
#5715=DIRECTION('',(1.,0.,0.));
#5716=DIRECTION('center_axis',(-0.707106781186548,-0.707106781186548,0.));
#5717=DIRECTION('ref_axis',(-0.707106781186547,0.707106781186548,-4.088782444489E-17));
#5718=DIRECTION('center_axis',(-0.707106781186548,0.707106781186548,0.));
#5719=DIRECTION('ref_axis',(0.,0.,1.));
#5720=DIRECTION('',(0.707106781186548,0.707106781186548,0.));
#5721=DIRECTION('',(0.,0.,-1.));
#5722=DIRECTION('center_axis',(0.,1.,0.));
#5723=DIRECTION('ref_axis',(-1.,0.,0.));
#5724=DIRECTION('center_axis',(-1.,0.,0.));
#5725=DIRECTION('ref_axis',(0.,-1.,-1.01064309961486E-15));
#5726=DIRECTION('',(-1.,0.,0.));
#5727=DIRECTION('center_axis',(-1.,0.,0.));
#5728=DIRECTION('ref_axis',(0.,0.78446454055274,-0.620173672946038));
#5729=DIRECTION('',(1.,0.,0.));
#5730=DIRECTION('center_axis',(-0.70710678118655,-0.707106781186545,0.));
#5731=DIRECTION('ref_axis',(-0.707106781186545,0.70710678118655,-4.08878244448901E-17));
#5732=DIRECTION('center_axis',(0.70710678118655,0.707106781186545,0.));
#5733=DIRECTION('ref_axis',(0.,0.,-1.));
#5734=DIRECTION('',(0.,0.,1.));
#5735=DIRECTION('',(-0.707106781186534,0.707106781186561,0.));
#5736=DIRECTION('center_axis',(0.,1.,0.));
#5737=DIRECTION('ref_axis',(-1.,0.,0.));
#5738=DIRECTION('center_axis',(0.,-1.,0.));
#5739=DIRECTION('ref_axis',(-0.707106781186545,0.,0.70710678118655));
#5740=DIRECTION('',(-1.,0.,0.));
#5741=DIRECTION('center_axis',(0.,-1.,0.));
#5742=DIRECTION('ref_axis',(0.707106781186545,0.,0.70710678118655));
#5743=DIRECTION('center_axis',(0.,-1.,0.));
#5744=DIRECTION('ref_axis',(0.166666795810063,0.,-0.986013275354043));
#5745=DIRECTION('',(1.,0.,0.));
#5746=DIRECTION('center_axis',(0.,-1.,0.));
#5747=DIRECTION('ref_axis',(0.986013245968517,0.,0.166666969656942));
#5748=DIRECTION('',(0.,0.,1.));
#5749=DIRECTION('center_axis',(0.,-1.,0.));
#5750=DIRECTION('ref_axis',(-1.,0.,0.));
#5751=DIRECTION('center_axis',(0.,-1.,0.));
#5752=DIRECTION('ref_axis',(-1.,0.,0.));
#5753=DIRECTION('center_axis',(0.70710678118655,0.707106781186545,0.));
#5754=DIRECTION('ref_axis',(0.,0.,-1.));
#5755=DIRECTION('center_axis',(-0.70710678118655,-0.707106781186545,0.));
#5756=DIRECTION('ref_axis',(-0.707106781186545,0.70710678118655,4.08878244448901E-17));
#5757=DIRECTION('',(0.,0.,1.));
#5758=DIRECTION('center_axis',(-1.,0.,0.));
#5759=DIRECTION('ref_axis',(0.,-1.,2.09798136933558E-15));
#5760=DIRECTION('',(-1.,0.,0.));
#5761=DIRECTION('center_axis',(-1.,0.,0.));
#5762=DIRECTION('ref_axis',(0.,0.784464540552734,-0.620173672946045));
#5763=DIRECTION('',(1.,0.,0.));
#5764=DIRECTION('center_axis',(-0.707106781186548,-0.707106781186548,0.));
#5765=DIRECTION('ref_axis',(-0.707106781186548,0.707106781186548,4.088782444489E-17));
#5766=DIRECTION('center_axis',(-1.,0.,0.));
#5767=DIRECTION('ref_axis',(0.,-1.,-1.22464679914735E-16));
#5768=DIRECTION('',(1.,0.,0.));
#5769=DIRECTION('center_axis',(-1.,0.,0.));
#5770=DIRECTION('ref_axis',(0.,0.784464540552734,-0.620173672946045));
#5771=DIRECTION('',(1.,0.,0.));
#5772=DIRECTION('center_axis',(1.,0.,0.));
#5773=DIRECTION('ref_axis',(0.,0.784464540552734,0.620173672946045));
#5774=DIRECTION('',(-1.,0.,0.));
#5775=DIRECTION('center_axis',(1.,0.,0.));
#5776=DIRECTION('ref_axis',(0.,0.784464540552734,0.620173672946045));
#5777=DIRECTION('center_axis',(-0.70710678118655,-0.707106781186545,0.));
#5778=DIRECTION('ref_axis',(-0.707106781186545,0.70710678118655,-4.08878244448901E-17));
#5779=DIRECTION('',(-1.,0.,0.));
#5780=DIRECTION('center_axis',(0.70710678118655,0.707106781186545,0.));
#5781=DIRECTION('ref_axis',(0.,0.,-1.));
#5782=DIRECTION('center_axis',(-0.70710678118655,-0.707106781186545,0.));
#5783=DIRECTION('ref_axis',(-0.707106781186545,0.70710678118655,4.08878244448901E-17));
#5784=DIRECTION('',(0.,0.,1.));
#5785=DIRECTION('center_axis',(-1.,0.,0.));
#5786=DIRECTION('ref_axis',(0.,-1.,-2.34291072916505E-15));
#5787=DIRECTION('',(-1.,0.,0.));
#5788=DIRECTION('center_axis',(-1.,0.,0.));
#5789=DIRECTION('ref_axis',(0.,0.784464540552734,-0.620173672946045));
#5790=DIRECTION('',(1.,0.,0.));
#5791=DIRECTION('center_axis',(1.,0.,0.));
#5792=DIRECTION('ref_axis',(0.,0.784464540552739,0.620173672946039));
#5793=DIRECTION('center_axis',(-0.707106781186548,-0.707106781186548,0.));
#5794=DIRECTION('ref_axis',(-0.707106781186548,0.707106781186548,-4.088782444489E-17));
#5795=DIRECTION('',(-1.,0.,0.));
#5796=DIRECTION('center_axis',(0.707106781186548,0.707106781186548,0.));
#5797=DIRECTION('ref_axis',(0.,0.,-1.));
#5798=DIRECTION('',(0.,0.,1.));
#5799=DIRECTION('center_axis',(1.,0.,0.));
#5800=DIRECTION('ref_axis',(0.,0.784464540552739,0.620173672946039));
#5801=DIRECTION('center_axis',(-0.70710678118655,-0.707106781186545,0.));
#5802=DIRECTION('ref_axis',(-0.707106781186545,0.70710678118655,-4.08878244448901E-17));
#5803=DIRECTION('',(-1.,0.,0.));
#5804=DIRECTION('center_axis',(0.707106781186548,-0.707106781186548,0.));
#5805=DIRECTION('ref_axis',(0.707106781186548,0.707106781186548,-4.088782444489E-17));
#5806=DIRECTION('center_axis',(0.70710678118655,0.707106781186545,0.));
#5807=DIRECTION('ref_axis',(0.,0.,-1.));
#5808=DIRECTION('',(-0.707106781186545,0.70710678118655,0.));
#5809=DIRECTION('',(0.,0.,1.));
#5810=DIRECTION('center_axis',(-1.,0.,0.));
#5811=DIRECTION('ref_axis',(0.,-1.,2.09798136933558E-15));
#5812=DIRECTION('',(1.,0.,0.));
#5813=DIRECTION('center_axis',(1.,0.,0.));
#5814=DIRECTION('ref_axis',(0.,0.784464540552734,0.620173672946045));
#5815=DIRECTION('',(-1.,0.,0.));
#5816=DIRECTION('center_axis',(-1.,0.,0.));
#5817=DIRECTION('ref_axis',(0.,0.784464540552734,-0.620173672946045));
#5818=DIRECTION('',(1.,0.,0.));
#5819=DIRECTION('center_axis',(0.707106781186548,0.707106781186548,0.));
#5820=DIRECTION('ref_axis',(0.,0.,-1.));
#5821=DIRECTION('center_axis',(0.707106781186548,0.707106781186548,0.));
#5822=DIRECTION('ref_axis',(0.,0.,-1.));
#5823=DIRECTION('',(0.,0.,1.));
#5824=DIRECTION('center_axis',(-0.707106781186548,0.707106781186548,0.));
#5825=DIRECTION('ref_axis',(0.,0.,1.));
#5826=DIRECTION('',(0.,0.,-1.));
#5827=DIRECTION('center_axis',(0.,1.,0.));
#5828=DIRECTION('ref_axis',(-1.,0.,0.));
#5829=DIRECTION('center_axis',(0.,1.,0.));
#5830=DIRECTION('ref_axis',(-1.,0.,0.));
#5831=DIRECTION('center_axis',(0.,1.,0.));
#5832=DIRECTION('ref_axis',(-1.,0.,0.));
#5833=DIRECTION('center_axis',(0.,1.,0.));
#5834=DIRECTION('ref_axis',(-1.,0.,0.));
#5835=DIRECTION('center_axis',(0.,1.,0.));
#5836=DIRECTION('ref_axis',(-1.,0.,0.));
#5837=DIRECTION('center_axis',(0.,1.,0.));
#5838=DIRECTION('ref_axis',(-1.,0.,0.));
#5839=DIRECTION('center_axis',(0.,-1.,0.));
#5840=DIRECTION('ref_axis',(-0.166666679084301,0.,0.986013295084306));
#5841=DIRECTION('',(-1.,0.,0.));
#5842=DIRECTION('center_axis',(0.,-1.,0.));
#5843=DIRECTION('ref_axis',(-0.986013294664513,0.,-0.166666681567828));
#5844=DIRECTION('center_axis',(0.,-1.,0.));
#5845=DIRECTION('ref_axis',(0.707106781186547,0.,-0.707106781186547));
#5846=DIRECTION('',(1.,0.,0.));
#5847=DIRECTION('center_axis',(0.,-1.,0.));
#5848=DIRECTION('ref_axis',(-0.707106781186548,0.,-0.707106781186547));
#5849=DIRECTION('center_axis',(0.,-1.,0.));
#5850=DIRECTION('ref_axis',(-1.,0.,0.));
#5851=DIRECTION('center_axis',(0.,-1.,0.));
#5852=DIRECTION('ref_axis',(-1.,0.,0.));
#5853=DIRECTION('center_axis',(0.,1.,0.));
#5854=DIRECTION('ref_axis',(-1.,0.,0.));
#5855=DIRECTION('center_axis',(0.,1.,0.));
#5856=DIRECTION('ref_axis',(-1.,0.,0.));
#5857=DIRECTION('center_axis',(0.,1.,0.));
#5858=DIRECTION('ref_axis',(-1.,0.,0.));
#5859=DIRECTION('center_axis',(0.,1.,0.));
#5860=DIRECTION('ref_axis',(-1.,0.,0.));
#5861=DIRECTION('center_axis',(0.,1.,0.));
#5862=DIRECTION('ref_axis',(-1.,0.,0.));
#5863=DIRECTION('center_axis',(0.,1.,0.));
#5864=DIRECTION('ref_axis',(-1.,0.,0.));
#5865=DIRECTION('center_axis',(0.,-1.,0.));
#5866=DIRECTION('ref_axis',(-0.707106781186545,0.,0.70710678118655));
#5867=DIRECTION('',(0.,0.707106781186545,-0.70710678118655));
#5868=DIRECTION('center_axis',(0.,0.70710678118655,0.707106781186545));
#5869=DIRECTION('ref_axis',(1.,0.,0.));
#5870=DIRECTION('',(0.,0.707106781186545,-0.70710678118655));
#5871=DIRECTION('center_axis',(0.,-1.,0.));
#5872=DIRECTION('ref_axis',(0.707106781186545,0.,0.70710678118655));
#5873=DIRECTION('center_axis',(0.,-1.,0.));
#5874=DIRECTION('ref_axis',(0.707106781186547,0.,-0.707106781186547));
#5875=DIRECTION('center_axis',(0.,1.,0.));
#5876=DIRECTION('ref_axis',(0.707106781186548,0.,-0.707106781186548));
#5877=DIRECTION('',(5.23364152894591E-15,0.707106781186548,0.707106781186548));
#5878=DIRECTION('center_axis',(0.,0.707106781186545,-0.70710678118655));
#5879=DIRECTION('ref_axis',(-1.,0.,0.));
#5880=DIRECTION('',(0.,0.70710678118655,0.707106781186545));
#5881=DIRECTION('',(-1.,0.,0.));
#5882=DIRECTION('center_axis',(0.,-1.,0.));
#5883=DIRECTION('ref_axis',(-0.707106781186548,0.,-0.707106781186547));
#5884=DIRECTION('center_axis',(0.,1.,0.));
#5885=DIRECTION('ref_axis',(-0.707106781186548,0.,-0.707106781186547));
#5886=DIRECTION('center_axis',(0.,-1.,0.));
#5887=DIRECTION('ref_axis',(0.986013245968517,0.,0.166666969656942));
#5888=DIRECTION('center_axis',(0.,1.,0.));
#5889=DIRECTION('ref_axis',(0.986013245968517,0.,0.166666969656942));
#5890=DIRECTION('center_axis',(0.,0.70710678118655,-0.707106781186545));
#5891=DIRECTION('ref_axis',(-1.,0.,0.));
#5892=DIRECTION('',(-1.,0.,0.));
#5893=DIRECTION('center_axis',(0.,-1.,0.));
#5894=DIRECTION('ref_axis',(0.166666795810063,0.,-0.986013275354042));
#5895=DIRECTION('center_axis',(0.,1.,0.));
#5896=DIRECTION('ref_axis',(0.166666795810063,0.,-0.986013275354042));
#5897=DIRECTION('center_axis',(0.,-1.,0.));
#5898=DIRECTION('ref_axis',(-0.986013294664513,0.,-0.166666681567828));
#5899=DIRECTION('center_axis',(0.,1.,0.));
#5900=DIRECTION('ref_axis',(-0.986013294664513,0.,-0.166666681567828));
#5901=DIRECTION('center_axis',(0.,0.707106781186548,0.707106781186548));
#5902=DIRECTION('ref_axis',(1.,0.,0.));
#5903=DIRECTION('',(1.,0.,0.));
#5904=DIRECTION('center_axis',(0.,-1.,0.));
#5905=DIRECTION('ref_axis',(-0.166666679084301,0.,0.986013295084306));
#5906=DIRECTION('center_axis',(0.,1.,0.));
#5907=DIRECTION('ref_axis',(-0.166666679084301,0.,0.986013295084306));
#5908=DIRECTION('center_axis',(0.,1.,0.));
#5909=DIRECTION('ref_axis',(-0.986013294664513,0.,-0.166666681567828));
#5910=DIRECTION('',(0.,1.,0.));
#5911=DIRECTION('center_axis',(0.,-1.,0.));
#5912=DIRECTION('ref_axis',(-0.986013294664513,0.,-0.166666681567828));
#5913=DIRECTION('center_axis',(0.,0.,1.));
#5914=DIRECTION('ref_axis',(1.,0.,0.));
#5915=DIRECTION('',(0.,1.,0.));
#5916=DIRECTION('',(-1.,0.,0.));
#5917=DIRECTION('center_axis',(0.,1.,0.));
#5918=DIRECTION('ref_axis',(-0.166666679084301,0.,0.986013295084306));
#5919=DIRECTION('center_axis',(0.,-1.,0.));
#5920=DIRECTION('ref_axis',(-0.166666679084301,0.,0.986013295084306));
#5921=DIRECTION('center_axis',(0.,1.,0.));
#5922=DIRECTION('ref_axis',(4.95057952762851E-8,0.,0.999999999999999));
#5923=DIRECTION('',(3.50058812724704E-8,0.707106781186547,0.707106781186547));
#5924=DIRECTION('center_axis',(0.,1.,0.));
#5925=DIRECTION('ref_axis',(4.95057952762851E-8,0.,0.999999999999999));
#5926=DIRECTION('',(2.01047199149539E-8,-0.707106781186545,0.70710678118655));
#5927=DIRECTION('center_axis',(0.,-1.,0.));
#5928=DIRECTION('ref_axis',(4.95057952762851E-8,0.,0.999999999999999));
#5929=DIRECTION('center_axis',(-3.50058832137322E-8,0.707106781186548,-0.707106781186546));
#5930=DIRECTION('ref_axis',(-0.999999999999999,0.,4.95057948037088E-8));
#5931=DIRECTION('',(3.50058812724703E-8,0.707106781186545,0.70710678118655));
#5932=DIRECTION('',(0.999999999999999,0.,-4.95057948037088E-8));
#5933=DIRECTION('',(-0.999999999999999,0.,4.95057948037088E-8));
#5934=DIRECTION('center_axis',(0.,1.,0.));
#5935=DIRECTION('ref_axis',(-4.95057952762851E-8,0.,-0.999999999999999));
#5936=DIRECTION('',(-3.50058838892912E-8,0.707106781186547,-0.707106781186547));
#5937=DIRECTION('center_axis',(0.,1.,0.));
#5938=DIRECTION('ref_axis',(-4.95057952762851E-8,0.,-0.999999999999999));
#5939=DIRECTION('center_axis',(0.,-1.,0.));
#5940=DIRECTION('ref_axis',(-4.95057952762851E-8,0.,-0.999999999999999));
#5941=DIRECTION('center_axis',(3.50058832137321E-8,0.707106781186551,0.707106781186544));
#5942=DIRECTION('ref_axis',(0.999999999999999,0.,-4.95057948037088E-8));
#5943=DIRECTION('',(-0.999999999999999,0.,4.95057948037088E-8));
#5944=DIRECTION('',(0.999999999999999,0.,-4.95057948037088E-8));
#5945=DIRECTION('center_axis',(4.95057948037088E-8,0.,0.999999999999999));
#5946=DIRECTION('ref_axis',(-0.999999999999999,0.,4.95057948037088E-8));
#5947=DIRECTION('',(0.,-1.,0.));
#5948=DIRECTION('',(0.999999999999999,0.,-4.95057948037088E-8));
#5949=DIRECTION('',(0.,-1.,0.));
#5950=DIRECTION('center_axis',(0.,-1.,0.));
#5951=DIRECTION('ref_axis',(4.95057952762851E-8,0.,0.999999999999999));
#5952=DIRECTION('',(0.,-1.,0.));
#5953=DIRECTION('center_axis',(0.,1.,0.));
#5954=DIRECTION('ref_axis',(4.95057952762851E-8,0.,0.999999999999999));
#5955=DIRECTION('center_axis',(0.,1.,0.));
#5956=DIRECTION('ref_axis',(0.,0.,1.));
#5957=DIRECTION('center_axis',(0.,-1.,0.));
#5958=DIRECTION('ref_axis',(0.986013245968517,0.,0.166666969656942));
#5959=DIRECTION('',(1.,0.,0.));
#5960=DIRECTION('center_axis',(0.,-1.,0.));
#5961=DIRECTION('ref_axis',(0.166666795810063,0.,-0.986013275354042));
#5962=DIRECTION('center_axis',(0.,1.,0.));
#5963=DIRECTION('ref_axis',(4.95057952762851E-8,0.,0.999999999999999));
#5964=DIRECTION('',(0.999999999999999,0.,-4.95057948037088E-8));
#5965=DIRECTION('center_axis',(0.,1.,0.));
#5966=DIRECTION('ref_axis',(-4.95057952762851E-8,0.,-0.999999999999999));
#5967=DIRECTION('',(-0.999999999999999,0.,4.95057948037088E-8));
#5968=DIRECTION('',(0.999999999999999,0.,-4.95057948037088E-8));
#5969=DIRECTION('center_axis',(0.,1.,0.));
#5970=DIRECTION('ref_axis',(-4.95057952762851E-8,0.,-0.999999999999999));
#5971=DIRECTION('',(-0.999999999999999,0.,4.95057948037088E-8));
#5972=DIRECTION('center_axis',(0.,1.,0.));
#5973=DIRECTION('ref_axis',(4.95057952762851E-8,0.,0.999999999999999));
#5974=DIRECTION('',(0.999999999999999,0.,-4.95057948037088E-8));
#5975=DIRECTION('center_axis',(0.,1.,0.));
#5976=DIRECTION('ref_axis',(-4.95057952762851E-8,0.,-0.999999999999999));
#5977=DIRECTION('',(-0.999999999999999,0.,4.95057948037088E-8));
#5978=DIRECTION('center_axis',(0.,1.,0.));
#5979=DIRECTION('ref_axis',(4.95057952762851E-8,0.,0.999999999999999));
#5980=DIRECTION('',(0.999999999999999,0.,-4.95057948037088E-8));
#5981=DIRECTION('center_axis',(0.,1.,0.));
#5982=DIRECTION('ref_axis',(4.95057952762849E-8,0.,0.999999999999999));
#5983=DIRECTION('',(-0.999999999999999,0.,4.95057948037088E-8));
#5984=DIRECTION('center_axis',(0.,1.,0.));
#5985=DIRECTION('ref_axis',(-4.95057952762849E-8,0.,-0.999999999999999));
#5986=DIRECTION('',(0.999999999999999,0.,-4.95057948037088E-8));
#5987=DIRECTION('center_axis',(0.,1.,0.));
#5988=DIRECTION('ref_axis',(-4.95057952762851E-8,0.,-0.999999999999999));
#5989=DIRECTION('',(-0.999999999999999,0.,4.95057948037088E-8));
#5990=DIRECTION('center_axis',(0.,1.,0.));
#5991=DIRECTION('ref_axis',(4.95057952762851E-8,0.,0.999999999999999));
#5992=DIRECTION('center_axis',(0.,1.,0.));
#5993=DIRECTION('ref_axis',(4.95057952762851E-8,0.,0.999999999999999));
#5994=DIRECTION('',(0.999999999999999,0.,-4.95057948037088E-8));
#5995=DIRECTION('center_axis',(0.,1.,0.));
#5996=DIRECTION('ref_axis',(-4.95057952762851E-8,0.,-0.999999999999999));
#5997=DIRECTION('',(-0.999999999999999,0.,4.95057948037088E-8));
#5998=DIRECTION('center_axis',(0.,1.,0.));
#5999=DIRECTION('ref_axis',(4.95057952762851E-8,0.,0.999999999999999));
#6000=DIRECTION('',(3.50058812724705E-8,0.70710678118655,0.707106781186544));
#6001=DIRECTION('',(2.01047199149541E-8,-0.70710678118655,0.707106781186545));
#6002=DIRECTION('center_axis',(0.,-1.,0.));
#6003=DIRECTION('ref_axis',(4.95057952762851E-8,0.,0.999999999999999));
#6004=DIRECTION('center_axis',(-3.50058832137321E-8,0.707106781186551,-0.707106781186544));
#6005=DIRECTION('ref_axis',(-0.999999999999999,0.,4.95057948037088E-8));
#6006=DIRECTION('',(3.50058812724703E-8,0.707106781186545,0.70710678118655));
#6007=DIRECTION('',(-0.999999999999999,0.,4.95057948037088E-8));
#6008=DIRECTION('center_axis',(0.,1.,0.));
#6009=DIRECTION('ref_axis',(-4.95057952762851E-8,0.,-0.999999999999999));
#6010=DIRECTION('',(-3.50058838892913E-8,0.70710678118655,-0.707106781186544));
#6011=DIRECTION('center_axis',(0.,-1.,0.));
#6012=DIRECTION('ref_axis',(-4.95057952762851E-8,0.,-0.999999999999999));
#6013=DIRECTION('center_axis',(3.50058832137326E-8,0.70710678118654,0.707106781186554));
#6014=DIRECTION('ref_axis',(0.999999999999999,0.,-4.95057948037088E-8));
#6015=DIRECTION('',(0.999999999999999,0.,-4.95057948037088E-8));
#6016=DIRECTION('center_axis',(4.95057948037088E-8,0.,0.999999999999999));
#6017=DIRECTION('ref_axis',(-0.999999999999999,0.,4.95057948037088E-8));
#6018=DIRECTION('',(0.,-1.,0.));
#6019=DIRECTION('',(0.999999999999999,0.,-4.95057948037088E-8));
#6020=DIRECTION('',(0.,-1.,0.));
#6021=DIRECTION('center_axis',(0.,-1.,0.));
#6022=DIRECTION('ref_axis',(4.95057952762851E-8,0.,0.999999999999999));
#6023=DIRECTION('',(0.,-1.,0.));
#6024=DIRECTION('center_axis',(0.,1.,0.));
#6025=DIRECTION('ref_axis',(4.95057952762851E-8,0.,0.999999999999999));
#6026=DIRECTION('center_axis',(0.,1.,0.));
#6027=DIRECTION('ref_axis',(4.95057952762851E-8,0.,0.999999999999999));
#6028=DIRECTION('',(3.50058812724705E-8,0.70710678118655,0.707106781186544));
#6029=DIRECTION('',(2.01047199149541E-8,-0.70710678118655,0.707106781186545));
#6030=DIRECTION('center_axis',(0.,-1.,0.));
#6031=DIRECTION('ref_axis',(4.95057952762851E-8,0.,0.999999999999999));
#6032=DIRECTION('center_axis',(-3.50058832137324E-8,0.707106781186545,-0.707106781186549));
#6033=DIRECTION('ref_axis',(-0.999999999999999,0.,4.95057948037088E-8));
#6034=DIRECTION('',(3.50058812724705E-8,0.70710678118655,0.707106781186544));
#6035=DIRECTION('',(-0.999999999999999,0.,4.95057948037088E-8));
#6036=DIRECTION('center_axis',(0.,1.,0.));
#6037=DIRECTION('ref_axis',(-4.95057952762851E-8,0.,-0.999999999999999));
#6038=DIRECTION('',(-3.50058838892913E-8,0.70710678118655,-0.707106781186544));
#6039=DIRECTION('center_axis',(0.,-1.,0.));
#6040=DIRECTION('ref_axis',(-4.95057952762851E-8,0.,-0.999999999999999));
#6041=DIRECTION('center_axis',(3.50058832137324E-8,0.707106781186545,0.707106781186549));
#6042=DIRECTION('ref_axis',(0.999999999999999,0.,-4.95057948037088E-8));
#6043=DIRECTION('',(0.999999999999999,0.,-4.95057948037088E-8));
#6044=DIRECTION('center_axis',(4.95057948037088E-8,0.,0.999999999999999));
#6045=DIRECTION('ref_axis',(-0.999999999999999,0.,4.95057948037088E-8));
#6046=DIRECTION('',(0.,-1.,0.));
#6047=DIRECTION('',(0.999999999999999,0.,-4.95057948037088E-8));
#6048=DIRECTION('',(0.,-1.,0.));
#6049=DIRECTION('center_axis',(0.,-1.,0.));
#6050=DIRECTION('ref_axis',(4.95057952762851E-8,0.,0.999999999999999));
#6051=DIRECTION('',(0.,-1.,0.));
#6052=DIRECTION('center_axis',(0.,1.,0.));
#6053=DIRECTION('ref_axis',(4.95057952762851E-8,0.,0.999999999999999));
#6054=DIRECTION('center_axis',(-3.50058832137324E-8,0.707106781186545,-0.707106781186549));
#6055=DIRECTION('ref_axis',(-0.999999999999999,0.,4.95057948037088E-8));
#6056=DIRECTION('',(3.50058812724705E-8,0.70710678118655,0.707106781186544));
#6057=DIRECTION('',(-3.50058812724705E-8,-0.70710678118655,-0.707106781186544));
#6058=DIRECTION('',(-0.999999999999999,0.,4.95057948037088E-8));
#6059=DIRECTION('center_axis',(0.,1.,0.));
#6060=DIRECTION('ref_axis',(-4.95057952762851E-8,0.,-0.999999999999999));
#6061=DIRECTION('',(-3.50058838892913E-8,0.70710678118655,-0.707106781186544));
#6062=DIRECTION('center_axis',(0.,-1.,0.));
#6063=DIRECTION('ref_axis',(-4.95057952762851E-8,0.,-0.999999999999999));
#6064=DIRECTION('center_axis',(3.50058832137324E-8,0.707106781186545,0.707106781186549));
#6065=DIRECTION('ref_axis',(0.999999999999999,0.,-4.95057948037088E-8));
#6066=DIRECTION('',(-3.50058812724705E-8,0.70710678118655,-0.707106781186544));
#6067=DIRECTION('',(0.999999999999999,0.,-4.95057948037088E-8));
#6068=DIRECTION('center_axis',(0.,1.,0.));
#6069=DIRECTION('ref_axis',(4.95057952762851E-8,0.,0.999999999999999));
#6070=DIRECTION('center_axis',(0.,-1.,0.));
#6071=DIRECTION('ref_axis',(4.95057952762851E-8,0.,0.999999999999999));
#6072=DIRECTION('center_axis',(0.,-1.,0.));
#6073=DIRECTION('ref_axis',(-4.95057952762851E-8,0.,-0.999999999999999));
#6074=DIRECTION('',(0.,-1.,0.));
#6075=DIRECTION('center_axis',(0.,1.,0.));
#6076=DIRECTION('ref_axis',(-4.95057952762851E-8,0.,-0.999999999999999));
#6077=DIRECTION('',(0.,-1.,0.));
#6078=DIRECTION('center_axis',(4.95057948037088E-8,0.,0.999999999999999));
#6079=DIRECTION('ref_axis',(-0.999999999999999,0.,4.95057948037088E-8));
#6080=DIRECTION('',(0.,-1.,0.));
#6081=DIRECTION('',(0.999999999999999,0.,-4.95057948037088E-8));
#6082=DIRECTION('center_axis',(-3.50058832137324E-8,0.707106781186545,-0.707106781186549));
#6083=DIRECTION('ref_axis',(-0.999999999999999,0.,4.95057948037088E-8));
#6084=DIRECTION('',(3.50058812724705E-8,0.70710678118655,0.707106781186544));
#6085=DIRECTION('',(-3.50058812724705E-8,-0.70710678118655,-0.707106781186544));
#6086=DIRECTION('',(-0.999999999999999,0.,4.95057948037088E-8));
#6087=DIRECTION('center_axis',(0.,1.,0.));
#6088=DIRECTION('ref_axis',(-4.95057952762851E-8,0.,-0.999999999999999));
#6089=DIRECTION('',(-3.50058838892913E-8,0.70710678118655,-0.707106781186544));
#6090=DIRECTION('center_axis',(0.,-1.,0.));
#6091=DIRECTION('ref_axis',(-4.95057952762851E-8,0.,-0.999999999999999));
#6092=DIRECTION('center_axis',(3.50058832137324E-8,0.707106781186545,0.707106781186549));
#6093=DIRECTION('ref_axis',(0.999999999999999,0.,-4.95057948037088E-8));
#6094=DIRECTION('',(-3.50058812724705E-8,0.70710678118655,-0.707106781186544));
#6095=DIRECTION('',(0.999999999999999,0.,-4.95057948037088E-8));
#6096=DIRECTION('center_axis',(0.,1.,0.));
#6097=DIRECTION('ref_axis',(4.95057952762851E-8,0.,0.999999999999999));
#6098=DIRECTION('center_axis',(0.,-1.,0.));
#6099=DIRECTION('ref_axis',(4.95057952762851E-8,0.,0.999999999999999));
#6100=DIRECTION('center_axis',(0.,-1.,0.));
#6101=DIRECTION('ref_axis',(-4.95057952762851E-8,0.,-0.999999999999999));
#6102=DIRECTION('',(0.,-1.,0.));
#6103=DIRECTION('center_axis',(0.,1.,0.));
#6104=DIRECTION('ref_axis',(-4.95057952762851E-8,0.,-0.999999999999999));
#6105=DIRECTION('',(0.,-1.,0.));
#6106=DIRECTION('center_axis',(4.95057948037088E-8,0.,0.999999999999999));
#6107=DIRECTION('ref_axis',(-0.999999999999999,0.,4.95057948037088E-8));
#6108=DIRECTION('',(0.,-1.,0.));
#6109=DIRECTION('',(0.999999999999999,0.,-4.95057948037088E-8));
#6110=DIRECTION('center_axis',(-3.50058832137324E-8,0.707106781186545,-0.707106781186549));
#6111=DIRECTION('ref_axis',(-0.999999999999999,0.,4.95057948037088E-8));
#6112=DIRECTION('',(3.50058812724705E-8,0.70710678118655,0.707106781186544));
#6113=DIRECTION('',(-3.50058812724705E-8,-0.70710678118655,-0.707106781186544));
#6114=DIRECTION('',(-0.999999999999999,0.,4.95057948037088E-8));
#6115=DIRECTION('center_axis',(0.,1.,0.));
#6116=DIRECTION('ref_axis',(-4.95057952762851E-8,0.,-0.999999999999999));
#6117=DIRECTION('',(-3.50058838892913E-8,0.70710678118655,-0.707106781186544));
#6118=DIRECTION('center_axis',(0.,-1.,0.));
#6119=DIRECTION('ref_axis',(-4.95057952762851E-8,0.,-0.999999999999999));
#6120=DIRECTION('center_axis',(3.50058832137326E-8,0.70710678118654,0.707106781186554));
#6121=DIRECTION('ref_axis',(0.999999999999999,0.,-4.95057948037088E-8));
#6122=DIRECTION('',(-3.50058812724708E-8,0.707106781186555,-0.707106781186539));
#6123=DIRECTION('',(0.999999999999999,0.,-4.95057948037088E-8));
#6124=DIRECTION('center_axis',(0.,1.,0.));
#6125=DIRECTION('ref_axis',(4.95057952762851E-8,0.,0.999999999999999));
#6126=DIRECTION('center_axis',(0.,-1.,0.));
#6127=DIRECTION('ref_axis',(4.95057952762851E-8,0.,0.999999999999999));
#6128=DIRECTION('center_axis',(0.,-1.,0.));
#6129=DIRECTION('ref_axis',(-4.95057952762851E-8,0.,-0.999999999999999));
#6130=DIRECTION('',(0.,-1.,0.));
#6131=DIRECTION('center_axis',(0.,1.,0.));
#6132=DIRECTION('ref_axis',(-4.95057952762851E-8,0.,-0.999999999999999));
#6133=DIRECTION('',(0.,-1.,0.));
#6134=DIRECTION('center_axis',(4.95057948037088E-8,0.,0.999999999999999));
#6135=DIRECTION('ref_axis',(-0.999999999999999,0.,4.95057948037088E-8));
#6136=DIRECTION('',(0.,-1.,0.));
#6137=DIRECTION('',(0.999999999999999,0.,-4.95057948037088E-8));
#6138=DIRECTION('center_axis',(-3.50058832137321E-8,0.707106781186551,-0.707106781186544));
#6139=DIRECTION('ref_axis',(-0.999999999999999,0.,4.95057948037088E-8));
#6140=DIRECTION('',(3.50058812724708E-8,0.707106781186555,0.707106781186539));
#6141=DIRECTION('',(-3.50058812724703E-8,-0.707106781186545,-0.70710678118655));
#6142=DIRECTION('',(-0.999999999999999,0.,4.95057948037088E-8));
#6143=DIRECTION('center_axis',(0.,1.,0.));
#6144=DIRECTION('ref_axis',(4.95057952762849E-8,0.,0.999999999999999));
#6145=DIRECTION('',(-3.50058838892911E-8,0.707106781186545,-0.70710678118655));
#6146=DIRECTION('center_axis',(0.,-1.,0.));
#6147=DIRECTION('ref_axis',(4.95057952762849E-8,0.,0.999999999999999));
#6148=DIRECTION('center_axis',(3.50058832137324E-8,0.707106781186545,0.707106781186549));
#6149=DIRECTION('ref_axis',(0.999999999999999,0.,-4.95057948037088E-8));
#6150=DIRECTION('',(-3.50058812724711E-8,0.70710678118656,-0.707106781186534));
#6151=DIRECTION('',(0.999999999999999,0.,-4.95057948037088E-8));
#6152=DIRECTION('center_axis',(0.,1.,0.));
#6153=DIRECTION('ref_axis',(-4.95057952762849E-8,0.,-0.999999999999999));
#6154=DIRECTION('center_axis',(0.,-1.,0.));
#6155=DIRECTION('ref_axis',(-4.95057952762849E-8,0.,-0.999999999999999));
#6156=DIRECTION('center_axis',(0.,-1.,0.));
#6157=DIRECTION('ref_axis',(-0.999999999999998,0.,6.00425074073772E-8));
#6158=DIRECTION('',(0.,-1.,0.));
#6159=DIRECTION('center_axis',(0.,1.,0.));
#6160=DIRECTION('ref_axis',(4.95057952762849E-8,0.,0.999999999999999));
#6161=DIRECTION('',(0.,-1.,0.));
#6162=DIRECTION('center_axis',(4.95057948037088E-8,0.,0.999999999999999));
#6163=DIRECTION('ref_axis',(-0.999999999999999,0.,4.95057948037088E-8));
#6164=DIRECTION('',(0.,-1.,0.));
#6165=DIRECTION('',(0.999999999999999,0.,-4.95057948037088E-8));
#6166=DIRECTION('center_axis',(-3.50058832137322E-8,-0.707106781186548,
-0.707106781186546));
#6167=DIRECTION('ref_axis',(-0.999999999999999,0.,4.95057948037088E-8));
#6168=DIRECTION('',(3.50058812724704E-8,-0.707106781186547,0.707106781186547));
#6169=DIRECTION('',(-0.999999999999999,0.,4.95057948037088E-8));
#6170=DIRECTION('',(-3.50058812724703E-8,0.707106781186545,-0.70710678118655));
#6171=DIRECTION('center_axis',(0.,-1.,0.));
#6172=DIRECTION('ref_axis',(4.95057952762851E-8,0.,0.999999999999999));
#6173=DIRECTION('',(-2.01047199149539E-8,-0.707106781186545,-0.70710678118655));
#6174=DIRECTION('center_axis',(0.,-1.,0.));
#6175=DIRECTION('ref_axis',(4.95057952762851E-8,0.,0.999999999999999));
#6176=DIRECTION('center_axis',(3.50058832137321E-8,-0.707106781186551,0.707106781186544));
#6177=DIRECTION('ref_axis',(0.999999999999999,0.,-4.95057948037088E-8));
#6178=DIRECTION('',(-3.50058760388288E-8,-0.707106781186545,-0.70710678118655));
#6179=DIRECTION('',(0.999999999999999,0.,-4.95057948037088E-8));
#6180=DIRECTION('',(-0.999999999999999,0.,4.95057948037088E-8));
#6181=DIRECTION('center_axis',(0.,-1.,0.));
#6182=DIRECTION('ref_axis',(-4.95057952762851E-8,0.,-0.999999999999999));
#6183=DIRECTION('center_axis',(0.,-1.,0.));
#6184=DIRECTION('ref_axis',(-4.95057952762851E-8,0.,-0.999999999999999));
#6185=DIRECTION('center_axis',(0.,1.,0.));
#6186=DIRECTION('ref_axis',(-4.95057952762851E-8,0.,-0.999999999999999));
#6187=DIRECTION('center_axis',(0.,-1.,0.));
#6188=DIRECTION('ref_axis',(1.,0.,0.));
#6189=DIRECTION('center_axis',(0.,-1.,0.));
#6190=DIRECTION('ref_axis',(0.,0.,1.));
#6191=DIRECTION('',(-1.,0.,0.));
#6192=DIRECTION('center_axis',(0.,-1.,0.));
#6193=DIRECTION('ref_axis',(-1.,0.,0.));
#6194=DIRECTION('',(1.57399754199663E-16,0.,1.));
#6195=DIRECTION('',(-1.,0.,0.));
#6196=DIRECTION('',(0.,0.,-1.));
#6197=DIRECTION('center_axis',(0.,-1.,0.));
#6198=DIRECTION('ref_axis',(-1.,0.,0.));
#6199=DIRECTION('center_axis',(0.,-1.,0.));
#6200=DIRECTION('ref_axis',(-1.,0.,0.));
#6201=DIRECTION('',(0.999999999999999,0.,-4.95057948037088E-8));
#6202=DIRECTION('center_axis',(0.,-1.,0.));
#6203=DIRECTION('ref_axis',(-4.95057952762851E-8,0.,-0.999999999999999));
#6204=DIRECTION('',(-0.999999999999999,0.,4.95057948037088E-8));
#6205=DIRECTION('center_axis',(0.,-1.,0.));
#6206=DIRECTION('ref_axis',(4.95057952762851E-8,0.,0.999999999999999));
#6207=DIRECTION('',(0.999999999999999,0.,-4.95057948037088E-8));
#6208=DIRECTION('center_axis',(0.,-1.,0.));
#6209=DIRECTION('ref_axis',(-4.95057952762851E-8,0.,-0.999999999999999));
#6210=DIRECTION('',(-0.999999999999999,0.,4.95057948037088E-8));
#6211=DIRECTION('center_axis',(0.,-1.,0.));
#6212=DIRECTION('ref_axis',(4.95057952762851E-8,0.,0.999999999999999));
#6213=DIRECTION('',(0.999999999999999,0.,-4.95057948037088E-8));
#6214=DIRECTION('center_axis',(0.,-1.,0.));
#6215=DIRECTION('ref_axis',(4.95057952762849E-8,0.,0.999999999999999));
#6216=DIRECTION('',(-0.999999999999999,0.,4.95057948037088E-8));
#6217=DIRECTION('center_axis',(0.,-1.,0.));
#6218=DIRECTION('ref_axis',(-4.95057952762849E-8,0.,-0.999999999999999));
#6219=DIRECTION('center_axis',(0.,1.,0.));
#6220=DIRECTION('ref_axis',(-1.,0.,0.));
#6221=DIRECTION('center_axis',(0.,1.,0.));
#6222=DIRECTION('ref_axis',(-1.,0.,0.));
#6223=DIRECTION('center_axis',(0.,1.,0.));
#6224=DIRECTION('ref_axis',(-1.,0.,0.));
#6225=DIRECTION('center_axis',(0.,1.,0.));
#6226=DIRECTION('ref_axis',(-1.,0.,0.));
#6227=DIRECTION('center_axis',(0.,-1.,0.));
#6228=DIRECTION('ref_axis',(-1.,0.,0.));
#6229=DIRECTION('center_axis',(0.,-1.,0.));
#6230=DIRECTION('ref_axis',(-1.,0.,0.));
#6231=DIRECTION('center_axis',(0.,-1.,0.));
#6232=DIRECTION('ref_axis',(-1.,0.,0.));
#6233=DIRECTION('center_axis',(0.,-1.,0.));
#6234=DIRECTION('ref_axis',(-1.,0.,0.));
#6235=DIRECTION('',(0.999999999999999,0.,-4.95057948037088E-8));
#6236=DIRECTION('center_axis',(0.,-1.,0.));
#6237=DIRECTION('ref_axis',(-4.95057952762851E-8,0.,-0.999999999999999));
#6238=DIRECTION('',(-0.999999999999999,0.,4.95057948037088E-8));
#6239=DIRECTION('center_axis',(0.,-1.,0.));
#6240=DIRECTION('ref_axis',(4.95057952762851E-8,0.,0.999999999999999));
#6241=DIRECTION('',(0.999999999999999,0.,-4.95057948037088E-8));
#6242=DIRECTION('center_axis',(0.,-1.,0.));
#6243=DIRECTION('ref_axis',(-4.95057952762851E-8,0.,-0.999999999999999));
#6244=DIRECTION('',(-0.999999999999999,0.,4.95057948037088E-8));
#6245=DIRECTION('center_axis',(0.,-1.,0.));
#6246=DIRECTION('ref_axis',(4.95057952762851E-8,0.,0.999999999999999));
#6247=DIRECTION('',(0.999999999999999,0.,-4.95057948037088E-8));
#6248=DIRECTION('center_axis',(0.,-1.,0.));
#6249=DIRECTION('ref_axis',(-4.95057952762851E-8,0.,-0.999999999999999));
#6250=DIRECTION('',(-0.999999999999999,0.,4.95057948037088E-8));
#6251=DIRECTION('center_axis',(0.,-1.,0.));
#6252=DIRECTION('ref_axis',(4.95057952762851E-8,0.,0.999999999999999));
#6253=DIRECTION('center_axis',(3.50058832137326E-8,-0.70710678118654,0.707106781186554));
#6254=DIRECTION('ref_axis',(0.999999999999999,0.,-4.95057948037088E-8));
#6255=DIRECTION('',(-3.50058760388293E-8,-0.707106781186555,-0.707106781186539));
#6256=DIRECTION('',(3.50058812724708E-8,0.707106781186555,0.707106781186539));
#6257=DIRECTION('',(-0.999999999999999,0.,4.95057948037088E-8));
#6258=DIRECTION('center_axis',(0.,-1.,0.));
#6259=DIRECTION('ref_axis',(-4.95057952762851E-8,0.,-0.999999999999999));
#6260=DIRECTION('',(2.01047225317748E-8,-0.70710678118655,0.707106781186545));
#6261=DIRECTION('center_axis',(0.,1.,0.));
#6262=DIRECTION('ref_axis',(-4.95057952762851E-8,0.,-0.999999999999999));
#6263=DIRECTION('center_axis',(-3.50058832137321E-8,-0.707106781186551,
-0.707106781186544));
#6264=DIRECTION('ref_axis',(-0.999999999999999,0.,4.95057948037088E-8));
#6265=DIRECTION('',(3.50058812724703E-8,-0.707106781186545,0.70710678118655));
#6266=DIRECTION('center_axis',(0.,-1.,0.));
#6267=DIRECTION('ref_axis',(4.95057952762851E-8,0.,0.999999999999999));
#6268=DIRECTION('center_axis',(0.,-1.,0.));
#6269=DIRECTION('ref_axis',(-4.95057952762851E-8,0.,-0.999999999999999));
#6270=DIRECTION('',(0.,-1.,0.));
#6271=DIRECTION('center_axis',(-4.95057948037088E-8,0.,-0.999999999999999));
#6272=DIRECTION('ref_axis',(0.999999999999999,0.,-4.95057948037088E-8));
#6273=DIRECTION('center_axis',(3.50058832137324E-8,-0.707106781186545,0.707106781186549));
#6274=DIRECTION('ref_axis',(0.999999999999999,0.,-4.95057948037088E-8));
#6275=DIRECTION('',(-3.5005876038829E-8,-0.70710678118655,-0.707106781186544));
#6276=DIRECTION('',(3.50058812724705E-8,0.70710678118655,0.707106781186544));
#6277=DIRECTION('',(-0.999999999999999,0.,4.95057948037088E-8));
#6278=DIRECTION('center_axis',(0.,-1.,0.));
#6279=DIRECTION('ref_axis',(-4.95057952762851E-8,0.,-0.999999999999999));
#6280=DIRECTION('',(2.01047225317748E-8,-0.70710678118655,0.707106781186545));
#6281=DIRECTION('center_axis',(0.,1.,0.));
#6282=DIRECTION('ref_axis',(-4.95057952762851E-8,0.,-0.999999999999999));
#6283=DIRECTION('center_axis',(-3.50058832137324E-8,-0.707106781186545,
-0.707106781186549));
#6284=DIRECTION('ref_axis',(-0.999999999999999,0.,4.95057948037088E-8));
#6285=DIRECTION('',(3.50058812724705E-8,-0.70710678118655,0.707106781186544));
#6286=DIRECTION('center_axis',(0.,-1.,0.));
#6287=DIRECTION('ref_axis',(4.95057952762851E-8,0.,0.999999999999999));
#6288=DIRECTION('center_axis',(0.,-1.,0.));
#6289=DIRECTION('ref_axis',(-4.95057952762851E-8,0.,-0.999999999999999));
#6290=DIRECTION('',(0.,-1.,0.));
#6291=DIRECTION('center_axis',(-4.95057948037088E-8,0.,-0.999999999999999));
#6292=DIRECTION('ref_axis',(0.999999999999999,0.,-4.95057948037088E-8));
#6293=DIRECTION('center_axis',(3.50058832137324E-8,-0.707106781186545,0.707106781186549));
#6294=DIRECTION('ref_axis',(0.999999999999999,0.,-4.95057948037088E-8));
#6295=DIRECTION('',(-3.5005876038829E-8,-0.70710678118655,-0.707106781186544));
#6296=DIRECTION('',(3.50058812724705E-8,0.70710678118655,0.707106781186544));
#6297=DIRECTION('',(-0.999999999999999,0.,4.95057948037088E-8));
#6298=DIRECTION('center_axis',(0.,-1.,0.));
#6299=DIRECTION('ref_axis',(-4.95057952762851E-8,0.,-0.999999999999999));
#6300=DIRECTION('',(3.50058838892913E-8,-0.70710678118655,0.707106781186544));
#6301=DIRECTION('center_axis',(-3.50058832137324E-8,-0.707106781186545,
-0.707106781186549));
#6302=DIRECTION('ref_axis',(-0.999999999999999,0.,4.95057948037088E-8));
#6303=DIRECTION('',(3.50058812724705E-8,-0.70710678118655,0.707106781186544));
#6304=DIRECTION('center_axis',(0.,-1.,0.));
#6305=DIRECTION('ref_axis',(4.95057952762851E-8,0.,0.999999999999999));
#6306=DIRECTION('center_axis',(0.,1.,0.));
#6307=DIRECTION('ref_axis',(4.95057952762851E-8,0.,0.999999999999999));
#6308=DIRECTION('center_axis',(-4.95057948037088E-8,0.,-0.999999999999999));
#6309=DIRECTION('ref_axis',(0.999999999999999,0.,-4.95057948037088E-8));
#6310=DIRECTION('',(0.,-1.,0.));
#6311=DIRECTION('center_axis',(3.50058832137324E-8,-0.707106781186545,0.707106781186549));
#6312=DIRECTION('ref_axis',(0.999999999999999,0.,-4.95057948037088E-8));
#6313=DIRECTION('',(-3.5005876038829E-8,-0.70710678118655,-0.707106781186544));
#6314=DIRECTION('',(3.50058812724705E-8,0.70710678118655,0.707106781186544));
#6315=DIRECTION('',(-0.999999999999999,0.,4.95057948037088E-8));
#6316=DIRECTION('center_axis',(0.,-1.,0.));
#6317=DIRECTION('ref_axis',(-4.95057952762851E-8,0.,-0.999999999999999));
#6318=DIRECTION('',(2.01047225317748E-8,-0.70710678118655,0.707106781186545));
#6319=DIRECTION('center_axis',(-3.50058832137324E-8,-0.707106781186545,
-0.707106781186549));
#6320=DIRECTION('ref_axis',(-0.999999999999999,0.,4.95057948037088E-8));
#6321=DIRECTION('',(3.50058812724705E-8,-0.70710678118655,0.707106781186544));
#6322=DIRECTION('center_axis',(0.,-1.,0.));
#6323=DIRECTION('ref_axis',(4.95057952762851E-8,0.,0.999999999999999));
#6324=DIRECTION('center_axis',(0.,1.,0.));
#6325=DIRECTION('ref_axis',(4.95057952762851E-8,0.,0.999999999999999));
#6326=DIRECTION('center_axis',(-4.95057948037088E-8,0.,-0.999999999999999));
#6327=DIRECTION('ref_axis',(0.999999999999999,0.,-4.95057948037088E-8));
#6328=DIRECTION('',(0.,-1.,0.));
#6329=DIRECTION('center_axis',(3.50058832137326E-8,-0.70710678118654,0.707106781186554));
#6330=DIRECTION('ref_axis',(0.999999999999999,0.,-4.95057948037088E-8));
#6331=DIRECTION('',(-3.50058760388293E-8,-0.707106781186555,-0.707106781186539));
#6332=DIRECTION('',(3.50058812724708E-8,0.707106781186555,0.707106781186539));
#6333=DIRECTION('',(-0.999999999999999,0.,4.95057948037088E-8));
#6334=DIRECTION('center_axis',(0.,-1.,0.));
#6335=DIRECTION('ref_axis',(-4.95057952762851E-8,0.,-0.999999999999999));
#6336=DIRECTION('',(2.01047225317748E-8,-0.70710678118655,0.707106781186545));
#6337=DIRECTION('center_axis',(-3.50058832137324E-8,-0.707106781186545,
-0.707106781186549));
#6338=DIRECTION('ref_axis',(-0.999999999999999,0.,4.95057948037088E-8));
#6339=DIRECTION('',(3.50058812724705E-8,-0.70710678118655,0.707106781186544));
#6340=DIRECTION('center_axis',(0.,-1.,0.));
#6341=DIRECTION('ref_axis',(4.95057952762851E-8,0.,0.999999999999999));
#6342=DIRECTION('center_axis',(0.,1.,0.));
#6343=DIRECTION('ref_axis',(4.95057952762851E-8,0.,0.999999999999999));
#6344=DIRECTION('center_axis',(-4.95057948037088E-8,0.,-0.999999999999999));
#6345=DIRECTION('ref_axis',(0.999999999999999,0.,-4.95057948037088E-8));
#6346=DIRECTION('',(0.,-1.,0.));
#6347=DIRECTION('center_axis',(3.50058832137324E-8,-0.707106781186545,0.707106781186549));
#6348=DIRECTION('ref_axis',(0.999999999999999,0.,-4.95057948037088E-8));
#6349=DIRECTION('',(-3.5005876038829E-8,-0.70710678118655,-0.707106781186544));
#6350=DIRECTION('',(3.50058812724711E-8,0.70710678118656,0.707106781186534));
#6351=DIRECTION('',(-0.999999999999999,0.,4.95057948037088E-8));
#6352=DIRECTION('center_axis',(0.,-1.,0.));
#6353=DIRECTION('ref_axis',(4.95057952762849E-8,0.,0.999999999999999));
#6354=DIRECTION('',(4.99070452468074E-8,-0.707106781186544,0.707106781186549));
#6355=DIRECTION('center_axis',(-3.50058832137321E-8,-0.707106781186551,
-0.707106781186544));
#6356=DIRECTION('ref_axis',(-0.999999999999999,0.,4.95057948037088E-8));
#6357=DIRECTION('',(3.50058812724703E-8,-0.707106781186545,0.70710678118655));
#6358=DIRECTION('center_axis',(0.,-1.,0.));
#6359=DIRECTION('ref_axis',(-4.95057952762849E-8,0.,-0.999999999999999));
#6360=DIRECTION('center_axis',(0.,1.,0.));
#6361=DIRECTION('ref_axis',(-4.95057952762849E-8,0.,-0.999999999999999));
#6362=DIRECTION('center_axis',(-4.95057948037088E-8,0.,-0.999999999999999));
#6363=DIRECTION('ref_axis',(0.999999999999999,0.,-4.95057948037088E-8));
#6364=DIRECTION('',(0.,-1.,0.));
#6365=DIRECTION('center_axis',(0.,-1.,0.));
#6366=DIRECTION('ref_axis',(4.95057952762851E-8,0.,0.999999999999999));
#6367=DIRECTION('center_axis',(-4.95057948037088E-8,0.,-0.999999999999999));
#6368=DIRECTION('ref_axis',(0.999999999999999,0.,-4.95057948037088E-8));
#6369=DIRECTION('',(0.,-1.,0.));
#6370=DIRECTION('center_axis',(0.,-1.,0.));
#6371=DIRECTION('ref_axis',(-4.95057952762851E-8,0.,-0.999999999999999));
#6372=DIRECTION('center_axis',(0.,-1.,0.));
#6373=DIRECTION('ref_axis',(4.95057952762851E-8,0.,0.999999999999999));
#6374=DIRECTION('center_axis',(0.,-1.,0.));
#6375=DIRECTION('ref_axis',(4.95057952762851E-8,0.,0.999999999999999));
#6376=DIRECTION('center_axis',(0.,-1.,0.));
#6377=DIRECTION('ref_axis',(0.999999999999998,0.,-6.00425074073772E-8));
#6378=DIRECTION('center_axis',(0.,-1.,0.));
#6379=DIRECTION('ref_axis',(-0.707106781186548,0.,-0.707106781186547));
#6380=DIRECTION('',(0.,-1.,0.));
#6381=DIRECTION('center_axis',(0.,0.,-1.));
#6382=DIRECTION('ref_axis',(-1.,0.,0.));
#6383=DIRECTION('',(0.,1.,0.));
#6384=DIRECTION('center_axis',(0.,1.,0.));
#6385=DIRECTION('ref_axis',(0.707106781186548,0.,-0.707106781186548));
#6386=DIRECTION('center_axis',(0.,1.,0.));
#6387=DIRECTION('ref_axis',(0.986013245968517,0.,0.166666969656942));
#6388=DIRECTION('',(0.,1.,0.));
#6389=DIRECTION('center_axis',(0.,0.,-1.));
#6390=DIRECTION('ref_axis',(-1.,0.,0.));
#6391=DIRECTION('',(0.,1.,0.));
#6392=DIRECTION('center_axis',(0.,1.,0.));
#6393=DIRECTION('ref_axis',(0.166666795810063,0.,-0.986013275354042));
#6394=DIRECTION('center_axis',(0.,1.,0.));
#6395=DIRECTION('ref_axis',(-1.,0.,0.));
#6396=DIRECTION('',(0.,-1.,0.));
#6397=DIRECTION('center_axis',(0.,1.,0.));
#6398=DIRECTION('ref_axis',(-1.,0.,0.));
#6399=DIRECTION('',(0.,-1.,0.));
#6400=DIRECTION('center_axis',(0.,1.,0.));
#6401=DIRECTION('ref_axis',(-1.,0.,0.));
#6402=DIRECTION('',(0.,-1.,0.));
#6403=DIRECTION('center_axis',(0.,1.,0.));
#6404=DIRECTION('ref_axis',(-1.,0.,0.));
#6405=DIRECTION('',(0.,-1.,0.));
#6406=DIRECTION('center_axis',(0.,-1.,0.));
#6407=DIRECTION('ref_axis',(-1.,0.,0.));
#6408=DIRECTION('',(-0.707106781186548,0.707106781186547,-8.65956056235493E-17));
#6409=DIRECTION('center_axis',(0.,1.,0.));
#6410=DIRECTION('ref_axis',(-1.,0.,0.));
#6411=DIRECTION('center_axis',(0.,-1.,0.));
#6412=DIRECTION('ref_axis',(-1.,0.,0.));
#6413=DIRECTION('',(0.,-1.,0.));
#6414=DIRECTION('center_axis',(0.,-1.,0.));
#6415=DIRECTION('ref_axis',(-1.,0.,0.));
#6416=DIRECTION('',(-0.707106781186548,0.707106781186547,-8.65956056235493E-17));
#6417=DIRECTION('center_axis',(0.,1.,0.));
#6418=DIRECTION('ref_axis',(-1.,0.,0.));
#6419=DIRECTION('center_axis',(0.,-1.,0.));
#6420=DIRECTION('ref_axis',(-1.,0.,0.));
#6421=DIRECTION('',(0.,-1.,0.));
#6422=DIRECTION('center_axis',(0.,-1.,0.));
#6423=DIRECTION('ref_axis',(-1.,0.,0.));
#6424=DIRECTION('',(-0.707106781186548,0.707106781186547,-8.65956056235494E-17));
#6425=DIRECTION('center_axis',(0.,1.,0.));
#6426=DIRECTION('ref_axis',(-1.,0.,0.));
#6427=DIRECTION('center_axis',(0.,-1.,0.));
#6428=DIRECTION('ref_axis',(-1.,0.,0.));
#6429=DIRECTION('',(0.,-1.,0.));
#6430=DIRECTION('center_axis',(0.,-1.,0.));
#6431=DIRECTION('ref_axis',(-1.,0.,0.));
#6432=DIRECTION('',(-0.707106781186544,0.707106781186551,-8.65956056235489E-17));
#6433=DIRECTION('center_axis',(0.,1.,0.));
#6434=DIRECTION('ref_axis',(-1.,0.,0.));
#6435=DIRECTION('center_axis',(0.,-1.,0.));
#6436=DIRECTION('ref_axis',(-1.,0.,0.));
#6437=DIRECTION('',(0.,-1.,0.));
#6438=DIRECTION('center_axis',(0.,-1.,0.));
#6439=DIRECTION('ref_axis',(0.,0.,1.));
#6440=DIRECTION('',(0.,-1.,0.));
#6441=DIRECTION('',(0.,-1.,0.));
#6442=DIRECTION('center_axis',(0.,0.,-1.));
#6443=DIRECTION('ref_axis',(1.,2.67765577238506E-17,0.));
#6444=DIRECTION('',(0.,-1.,0.));
#6445=DIRECTION('center_axis',(0.,-1.,0.));
#6446=DIRECTION('ref_axis',(-1.,0.,0.));
#6447=DIRECTION('',(0.,1.,0.));
#6448=DIRECTION('center_axis',(1.,0.,0.));
#6449=DIRECTION('ref_axis',(0.,0.,-1.));
#6450=DIRECTION('',(0.,-1.,0.));
#6451=DIRECTION('center_axis',(-1.,0.,1.57399754199663E-16));
#6452=DIRECTION('ref_axis',(1.57399754199663E-16,0.,1.));
#6453=DIRECTION('',(0.,1.,0.));
#6454=DIRECTION('center_axis',(0.,0.,-1.));
#6455=DIRECTION('ref_axis',(-1.,0.,0.));
#6456=DIRECTION('center_axis',(0.,-1.,0.));
#6457=DIRECTION('ref_axis',(-1.,0.,0.));
#6458=DIRECTION('',(-0.707106781186548,0.707106781186547,-8.65956056235494E-17));
#6459=DIRECTION('center_axis',(0.,1.,0.));
#6460=DIRECTION('ref_axis',(-1.,0.,0.));
#6461=DIRECTION('center_axis',(0.,-1.,0.));
#6462=DIRECTION('ref_axis',(-1.,0.,0.));
#6463=DIRECTION('',(0.,-1.,0.));
#6464=DIRECTION('center_axis',(0.,-1.,0.));
#6465=DIRECTION('ref_axis',(-1.,0.,0.));
#6466=DIRECTION('',(-0.707106781186548,0.707106781186548,-8.65956056235494E-17));
#6467=DIRECTION('center_axis',(0.,1.,0.));
#6468=DIRECTION('ref_axis',(-1.,0.,0.));
#6469=DIRECTION('center_axis',(0.,-1.,0.));
#6470=DIRECTION('ref_axis',(-1.,0.,0.));
#6471=DIRECTION('',(0.,-1.,0.));
#6472=CARTESIAN_POINT('',(0.,0.,0.));
#6473=CARTESIAN_POINT('Origin',(42.3000006109476,29.1537032031073,214.562336451988));
#6474=CARTESIAN_POINT('',(42.0000006109476,29.4537032031073,234.000001356006));
#6475=CARTESIAN_POINT('',(42.6000006109476,28.8537032031073,234.000001356006));
#6476=CARTESIAN_POINT('',(42.0000006109476,29.4537032031073,234.000001356006));
#6477=CARTESIAN_POINT('',(42.6000006109476,28.8537032031073,174.000000789762));
#6478=CARTESIAN_POINT('',(42.6000006109476,28.8537032031073,214.562336451988));
#6479=CARTESIAN_POINT('',(42.0000006109476,29.4537032031073,174.000000789762));
#6480=CARTESIAN_POINT('',(42.6000006109476,28.8537032031073,174.000000789762));
#6481=CARTESIAN_POINT('',(42.0000006109476,29.4537032031073,214.562336451988));
#6482=CARTESIAN_POINT('Origin',(39.0000006109476,29.1537032031073,234.000001356006));
#6483=CARTESIAN_POINT('',(39.0000006109476,29.4537032031073,237.000001356006));
#6484=CARTESIAN_POINT('Origin',(39.0000006109476,29.4537032031073,234.000001356006));
#6485=CARTESIAN_POINT('',(39.0000006109476,28.8537032031073,237.600001356006));
#6486=CARTESIAN_POINT('',(39.0000006109476,29.4537032031073,237.000001356006));
#6487=CARTESIAN_POINT('Origin',(39.0000006109476,28.8537032031073,234.000001356006));
#6488=CARTESIAN_POINT('Origin',(47.5000007078051,29.1537032031073,237.300001356006));
#6489=CARTESIAN_POINT('',(14.0000002235175,29.4537032031073,237.000001356006));
#6490=CARTESIAN_POINT('',(14.0000002235175,28.8537032031073,237.600001356006));
#6491=CARTESIAN_POINT('',(14.0000002235175,29.4537032031073,237.000001356006));
#6492=CARTESIAN_POINT('',(47.5000007078051,28.8537032031073,237.600001356006));
#6493=CARTESIAN_POINT('',(47.5000007078051,29.4537032031073,237.000001356006));
#6494=CARTESIAN_POINT('Origin',(14.0000002235175,29.1537032031073,234.000001311302));
#6495=CARTESIAN_POINT('',(11.0000001788139,29.4537032031073,234.000001311302));
#6496=CARTESIAN_POINT('Origin',(14.0000002235175,29.4537032031073,234.000001311302));
#6497=CARTESIAN_POINT('',(10.4000001788139,28.8537032031073,234.000001311302));
#6498=CARTESIAN_POINT('',(11.0000001788139,29.4537032031073,234.000001311302));
#6499=CARTESIAN_POINT('Origin',(14.0000002235175,28.8537032031073,234.000001311302));
#6500=CARTESIAN_POINT('Origin',(10.7000001788139,29.1537032031073,185.562336019855));
#6501=CARTESIAN_POINT('',(11.0000001788139,29.4537032031073,174.000000447035));
#6502=CARTESIAN_POINT('',(10.4000001788139,28.8537032031073,174.000000447035));
#6503=CARTESIAN_POINT('',(11.0000001788139,29.4537032031073,174.000000447035));
#6504=CARTESIAN_POINT('',(10.4000001788139,28.8537032031073,185.562336019855));
#6505=CARTESIAN_POINT('',(11.0000001788139,29.4537032031073,185.562336019855));
#6506=CARTESIAN_POINT('Origin',(14.0000002235174,29.1537032031073,174.000000447035));
#6507=CARTESIAN_POINT('',(14.0000002235174,29.4537032031073,171.000000402331));
#6508=CARTESIAN_POINT('Origin',(14.0000002235174,29.4537032031073,174.000000447035));
#6509=CARTESIAN_POINT('',(14.0000002235174,28.8537032031073,170.400000402331));
#6510=CARTESIAN_POINT('',(14.0000002235174,29.4537032031073,171.000000402331));
#6511=CARTESIAN_POINT('Origin',(14.0000002235174,28.8537032031073,174.000000447035));
#6512=CARTESIAN_POINT('Origin',(59.0000008791685,29.1537032031073,170.700000402331));
#6513=CARTESIAN_POINT('',(39.0000002235174,29.4537032031073,171.000000402331));
#6514=CARTESIAN_POINT('',(39.0000002235174,28.8537032031073,170.400000402331));
#6515=CARTESIAN_POINT('',(39.0000002235174,29.4537032031073,171.000000402331));
#6516=CARTESIAN_POINT('',(59.0000008791685,28.8537032031073,170.400000402331));
#6517=CARTESIAN_POINT('',(59.0000008791685,29.4537032031073,171.000000402331));
#6518=CARTESIAN_POINT('Origin',(39.0000002235174,29.1537032031073,174.000000789762));
#6519=CARTESIAN_POINT('Origin',(39.0000002235174,29.4537032031073,174.000000789762));
#6520=CARTESIAN_POINT('Origin',(39.0000002235174,28.8537032031073,174.000000789762));
#6521=CARTESIAN_POINT('Origin',(14.0000002235175,28.8537032031073,234.000001311302));
#6522=CARTESIAN_POINT('',(14.0000002235175,33.2537032031073,237.000001356006));
#6523=CARTESIAN_POINT('',(14.0000002235175,28.8537032031073,237.000001356006));
#6524=CARTESIAN_POINT('',(11.0000001788139,33.2537032031073,234.000001311302));
#6525=CARTESIAN_POINT('Origin',(14.0000002235175,33.2537032031073,234.000001311302));
#6526=CARTESIAN_POINT('',(11.0000001788139,28.8537032031073,234.000001311302));
#6527=CARTESIAN_POINT('Origin',(15.0000002235174,28.8537032031073,237.000001356006));
#6528=CARTESIAN_POINT('',(39.0000006109476,33.2537032031073,237.000001356006));
#6529=CARTESIAN_POINT('',(39.0000006109476,28.8537032031073,237.000001356006));
#6530=CARTESIAN_POINT('',(20.7500003091991,33.2537032031073,237.000001356006));
#6531=CARTESIAN_POINT('Origin',(39.0000006109476,28.8537032031073,234.000001356006));
#6532=CARTESIAN_POINT('',(42.0000006109476,33.2537032031073,234.000001356006));
#6533=CARTESIAN_POINT('',(42.0000006109476,28.8537032031073,234.000001356006));
#6534=CARTESIAN_POINT('Origin',(39.0000006109476,33.2537032031073,234.000001356006));
#6535=CARTESIAN_POINT('Origin',(42.0000006109476,28.8537032031073,233.000001311302));
#6536=CARTESIAN_POINT('',(42.0000006109476,33.2537032031073,174.000000789762));
#6537=CARTESIAN_POINT('',(42.0000006109476,28.8537032031073,174.000000789762));
#6538=CARTESIAN_POINT('',(42.0000006109476,33.2537032031073,178.470178944749));
#6539=CARTESIAN_POINT('',(42.0000006109476,33.2537032031073,218.500001009554));
#6540=CARTESIAN_POINT('',(42.0000006109476,33.2537032031073,183.529823201018));
#6541=CARTESIAN_POINT('Origin',(42.0000006109476,33.8537032031074,181.000001072884));
#6542=CARTESIAN_POINT('',(42.0000006109476,33.2537032031073,186.136845611416));
#6543=CARTESIAN_POINT('',(42.0000006109476,33.2537032031073,218.500001009554));
#6544=CARTESIAN_POINT('',(42.0000006109476,33.2537032031073,191.196489867685));
#6545=CARTESIAN_POINT('Origin',(42.0000006109476,33.8537032031074,188.66666773955));
#6546=CARTESIAN_POINT('',(42.0000006109476,33.2537032031073,193.803512278082));
#6547=CARTESIAN_POINT('',(42.0000006109476,33.2537032031073,218.500001009554));
#6548=CARTESIAN_POINT('',(42.0000006109476,33.2537032031073,198.863156534352));
#6549=CARTESIAN_POINT('Origin',(42.0000006109476,33.8537032031074,196.333334406217));
#6550=CARTESIAN_POINT('',(42.0000006109476,33.2537032031073,201.470178944749));
#6551=CARTESIAN_POINT('',(42.0000006109476,33.2537032031073,218.500001009554));
#6552=CARTESIAN_POINT('',(42.0000006109476,33.2537032031073,206.529823201018));
#6553=CARTESIAN_POINT('Origin',(42.0000006109476,33.8537032031074,204.000001072884));
#6554=CARTESIAN_POINT('',(42.0000006109476,33.2537032031073,209.136845611416));
#6555=CARTESIAN_POINT('',(42.0000006109476,33.2537032031073,218.500001009554));
#6556=CARTESIAN_POINT('',(42.0000006109476,33.2537032031073,214.196489867685));
#6557=CARTESIAN_POINT('Origin',(42.0000006109476,33.8537032031074,211.66666773955));
#6558=CARTESIAN_POINT('',(42.0000006109476,33.2537032031073,216.803512278082));
#6559=CARTESIAN_POINT('',(42.0000006109476,33.2537032031073,218.500001009554));
#6560=CARTESIAN_POINT('',(42.0000006109476,33.2537032031073,221.863156534352));
#6561=CARTESIAN_POINT('Origin',(42.0000006109476,33.8537032031074,219.333334406217));
#6562=CARTESIAN_POINT('',(42.0000006109476,33.2537032031073,224.470178944749));
#6563=CARTESIAN_POINT('',(42.0000006109476,33.2537032031073,218.500001009554));
#6564=CARTESIAN_POINT('',(42.0000006109476,33.2537032031073,229.529823201018));
#6565=CARTESIAN_POINT('Origin',(42.0000006109476,33.8537032031074,227.000001072884));
#6566=CARTESIAN_POINT('',(42.0000006109476,33.2537032031073,218.500001009554));
#6567=CARTESIAN_POINT('Origin',(80.0000011920928,28.8537032031073,196.124671592675));
#6568=CARTESIAN_POINT('',(-2.92493251025718,28.8537032031073,244.55));
#6569=CARTESIAN_POINT('',(162.925067489743,28.8537032031073,244.55));
#6570=CARTESIAN_POINT('',(38.5375343409178,28.8537032031073,244.55));
#6571=CARTESIAN_POINT('',(168.725067489743,28.8537032031073,241.965361924162));
#6572=CARTESIAN_POINT('Origin',(162.925067489743,28.8537032031073,236.75));
#6573=CARTESIAN_POINT('',(168.725067489743,28.8537032031073,146.95));
#6574=CARTESIAN_POINT('',(168.725067489743,28.8537032031073,220.812007389012));
#6575=CARTESIAN_POINT('',(-8.7250651055572,28.8537032031073,146.95));
#6576=CARTESIAN_POINT('',(124.462534340918,28.8537032031073,146.95));
#6577=CARTESIAN_POINT('',(-8.72506510555718,28.8537032031073,241.96521446126));
#6578=CARTESIAN_POINT('',(-8.7250651055572,28.8537032031073,171.437335796337));
#6579=CARTESIAN_POINT('Origin',(-2.92493251025717,28.8537032031073,236.75));
#6580=CARTESIAN_POINT('',(-2.02493251025716,28.8537032031073,237.3));
#6581=CARTESIAN_POINT('Origin',(-3.67493251025717,28.8537032031073,237.3));
#6582=CARTESIAN_POINT('',(-0.0250651055571802,28.8537032031073,154.));
#6583=CARTESIAN_POINT('Origin',(-1.67506510555718,28.8537032031073,154.));
#6584=CARTESIAN_POINT('',(165.325130523683,28.8537032031073,237.300727535387));
#6585=CARTESIAN_POINT('Origin',(163.675130523683,28.8537032031073,237.300727535387));
#6586=CARTESIAN_POINT('',(163.325067489743,28.8537032031073,154.));
#6587=CARTESIAN_POINT('Origin',(161.675067489743,28.8537032031073,154.));
#6588=CARTESIAN_POINT('',(163.325067489743,28.8537032031073,174.));
#6589=CARTESIAN_POINT('Origin',(161.675067489743,28.8537032031073,174.));
#6590=CARTESIAN_POINT('',(-0.025065105557175,28.8537032031073,174.));
#6591=CARTESIAN_POINT('Origin',(-1.67506510555717,28.8537032031073,174.));
#6592=CARTESIAN_POINT('Origin',(41.7000006109476,33.8537032031074,196.333334406217));
#6593=CARTESIAN_POINT('',(41.5443379841979,33.7093658298571,198.472808522209));
#6594=CARTESIAN_POINT('Ctrl Pts',(41.5443379841979,33.7093658298571,198.472808522209));
#6595=CARTESIAN_POINT('Ctrl Pts',(41.7531228512498,33.5005809628052,198.66798252828));
#6596=CARTESIAN_POINT('Ctrl Pts',(42.0000006109476,33.2537032031073,198.863156534352));
#6597=CARTESIAN_POINT('',(41.5443379841979,33.7093658298571,194.193860290225));
#6598=CARTESIAN_POINT('Ctrl Pts',(42.0000006109476,33.2537032031073,193.803512278082));
#6599=CARTESIAN_POINT('Ctrl Pts',(41.7531228512498,33.5005809628052,193.998686284153));
#6600=CARTESIAN_POINT('Ctrl Pts',(41.5443379841979,33.7093658298571,194.193860290225));
#6601=CARTESIAN_POINT('',(41.4000006109476,33.3921647415689,194.387317384575));
#6602=CARTESIAN_POINT('Ctrl Pts',(41.4000006109476,33.3921647415689,194.387317384575));
#6603=CARTESIAN_POINT('Ctrl Pts',(41.4000006109476,33.452972729045,194.372895504048));
#6604=CARTESIAN_POINT('Ctrl Pts',(41.4136165439073,33.5133727851679,194.347885246806));
#6605=CARTESIAN_POINT('Ctrl Pts',(41.4620395959077,33.6182539338866,194.284004666875));
#6606=CARTESIAN_POINT('Ctrl Pts',(41.4964435109291,33.6629912940823,194.245250399801));
#6607=CARTESIAN_POINT('Ctrl Pts',(41.5359668463144,33.7016044439187,194.20278607863));
#6608=CARTESIAN_POINT('Ctrl Pts',(41.5401182294636,33.7055204802073,194.198349059394));
#6609=CARTESIAN_POINT('Ctrl Pts',(41.5443379841979,33.7093658298571,194.193860290225));
#6610=CARTESIAN_POINT('',(41.4000006109476,33.3921647415689,198.279351427859));
#6611=CARTESIAN_POINT('Origin',(41.4000006109476,33.8537032031074,196.333334406217));
#6612=CARTESIAN_POINT('Ctrl Pts',(41.5443379841979,33.7093658298571,198.472808522209));
#6613=CARTESIAN_POINT('Ctrl Pts',(41.5401182294636,33.7055204802073,198.46831975304));
#6614=CARTESIAN_POINT('Ctrl Pts',(41.5359668463144,33.7016044439187,198.463882733804));
#6615=CARTESIAN_POINT('Ctrl Pts',(41.4964435109291,33.6629912940823,198.421418412632));
#6616=CARTESIAN_POINT('Ctrl Pts',(41.4620395959077,33.6182539338866,198.382664145558));
#6617=CARTESIAN_POINT('Ctrl Pts',(41.4136165439073,33.5133727851679,198.318783565628));
#6618=CARTESIAN_POINT('Ctrl Pts',(41.4000006109476,33.452972729045,198.293773308386));
#6619=CARTESIAN_POINT('Ctrl Pts',(41.4000006109476,33.3921647415689,198.279351427859));
#6620=CARTESIAN_POINT('Origin',(41.7000006109476,33.5537032031073,218.500001009554));
#6621=CARTESIAN_POINT('',(41.4000006109476,33.8537032031074,198.863156534352));
#6622=CARTESIAN_POINT('Origin',(42.0000006109476,33.2537032031073,198.863156534352));
#6623=CARTESIAN_POINT('',(41.4000006109476,33.8537032031074,201.470178944749));
#6624=CARTESIAN_POINT('',(41.4000006109476,33.8537032031074,218.500001009554));
#6625=CARTESIAN_POINT('',(41.5443379841979,33.7093658298571,201.860526956891));
#6626=CARTESIAN_POINT('Origin',(42.0000006109476,33.2537032031073,201.470178944749));
#6627=CARTESIAN_POINT('Ctrl Pts',(42.0000006109476,33.2537032031073,201.470178944749));
#6628=CARTESIAN_POINT('Ctrl Pts',(41.7531228512498,33.5005809628052,201.66535295082));
#6629=CARTESIAN_POINT('Ctrl Pts',(41.5443379841979,33.7093658298571,201.860526956891));
#6630=CARTESIAN_POINT('Origin',(42.0000006109476,33.2537032031073,198.863156534352));
#6631=CARTESIAN_POINT('',(39.1000006109476,33.3921647415689,198.279351427859));
#6632=CARTESIAN_POINT('',(42.0000006109476,33.3921647415689,198.279351427859));
#6633=CARTESIAN_POINT('',(38.9556632376973,33.7093658298571,198.472808522209));
#6634=CARTESIAN_POINT('Ctrl Pts',(39.1000006109476,33.3921647415689,198.279351427859));
#6635=CARTESIAN_POINT('Ctrl Pts',(39.1000006109476,33.452972729045,198.293773308386));
#6636=CARTESIAN_POINT('Ctrl Pts',(39.0863846779879,33.5133727851679,198.318783565628));
#6637=CARTESIAN_POINT('Ctrl Pts',(39.0379616259875,33.6182539338866,198.382664145558));
#6638=CARTESIAN_POINT('Ctrl Pts',(39.0035577109661,33.6629912940823,198.421418412632));
#6639=CARTESIAN_POINT('Ctrl Pts',(38.9640343755808,33.7016044439187,198.463882733804));
#6640=CARTESIAN_POINT('Ctrl Pts',(38.9598829924317,33.7055204802073,198.46831975304));
#6641=CARTESIAN_POINT('Ctrl Pts',(38.9556632376974,33.7093658298571,198.472808522209));
#6642=CARTESIAN_POINT('',(39.1000006109476,33.8537032031074,198.863156534352));
#6643=CARTESIAN_POINT('Origin',(38.5000006109476,33.2537032031073,198.863156534352));
#6644=CARTESIAN_POINT('',(42.0000006109476,33.8537032031074,198.863156534352));
#6645=CARTESIAN_POINT('Origin',(42.0000006109476,33.8537032031074,196.333334406217));
#6646=CARTESIAN_POINT('',(39.1000006109476,33.3921647415689,194.387317384575));
#6647=CARTESIAN_POINT('',(42.0000006109476,33.3921647415689,194.387317384575));
#6648=CARTESIAN_POINT('Origin',(39.1000006109476,33.8537032031074,196.333334406217));
#6649=CARTESIAN_POINT('Origin',(14.2000001788139,33.8537032031074,227.000001072884));
#6650=CARTESIAN_POINT('',(14.0443375520642,33.7093658298571,229.139475188876));
#6651=CARTESIAN_POINT('',(14.5000001788139,33.2537032031073,229.529823201018));
#6652=CARTESIAN_POINT('Ctrl Pts',(14.0443375520642,33.7093658298571,229.139475188876));
#6653=CARTESIAN_POINT('Ctrl Pts',(14.2531224191164,33.5005809628049,229.334649194947));
#6654=CARTESIAN_POINT('Ctrl Pts',(14.5000001788146,33.2537032031066,229.529823201019));
#6655=CARTESIAN_POINT('',(14.5000001788139,33.2537032031073,224.470178944749));
#6656=CARTESIAN_POINT('Origin',(14.5000001788139,33.8537032031074,227.000001072884));
#6657=CARTESIAN_POINT('',(14.0443375520642,33.7093658298571,224.860526956891));
#6658=CARTESIAN_POINT('Ctrl Pts',(14.5000001788139,33.2537032031073,224.470178944749));
#6659=CARTESIAN_POINT('Ctrl Pts',(14.2531224191161,33.5005809628052,224.66535295082));
#6660=CARTESIAN_POINT('Ctrl Pts',(14.0443375520642,33.7093658298571,224.860526956891));
#6661=CARTESIAN_POINT('',(13.9000001788139,33.3921647415689,225.053984051242));
#6662=CARTESIAN_POINT('Ctrl Pts',(13.9000001788139,33.3921647415689,225.053984051242));
#6663=CARTESIAN_POINT('Ctrl Pts',(13.9000001788139,33.452972729045,225.039562170715));
#6664=CARTESIAN_POINT('Ctrl Pts',(13.9136161117736,33.5133727851679,225.014551913473));
#6665=CARTESIAN_POINT('Ctrl Pts',(13.9620391637741,33.6182539338866,224.950671333542));
#6666=CARTESIAN_POINT('Ctrl Pts',(13.9964430787954,33.6629912940823,224.911917066468));
#6667=CARTESIAN_POINT('Ctrl Pts',(14.0359664141808,33.7016044439187,224.869452745297));
#6668=CARTESIAN_POINT('Ctrl Pts',(14.0401177973299,33.7055204802073,224.865015726061));
#6669=CARTESIAN_POINT('Ctrl Pts',(14.0443375520642,33.7093658298571,224.860526956891));
#6670=CARTESIAN_POINT('',(13.9000001788139,33.3921647415689,228.946018094526));
#6671=CARTESIAN_POINT('Origin',(13.9000001788139,33.8537032031074,227.000001072884));
#6672=CARTESIAN_POINT('Ctrl Pts',(14.0443375520642,33.7093658298571,229.139475188876));
#6673=CARTESIAN_POINT('Ctrl Pts',(14.0401177973299,33.7055204802073,229.134986419707));
#6674=CARTESIAN_POINT('Ctrl Pts',(14.0359664141808,33.7016044439187,229.13054940047));
#6675=CARTESIAN_POINT('Ctrl Pts',(13.9964430787954,33.6629912940823,229.088085079299));
#6676=CARTESIAN_POINT('Ctrl Pts',(13.9620391637741,33.6182539338866,229.049330812225));
#6677=CARTESIAN_POINT('Ctrl Pts',(13.9136161117736,33.5133727851679,228.985450232295));
#6678=CARTESIAN_POINT('Ctrl Pts',(13.900000178814,33.452972729045,228.960439975052));
#6679=CARTESIAN_POINT('Ctrl Pts',(13.900000178814,33.3921647415689,228.946018094526));
#6680=CARTESIAN_POINT('Origin',(42.0000006109476,33.8537032031074,227.000001072884));
#6681=CARTESIAN_POINT('',(11.6000001788139,33.3921647415689,225.053984051242));
#6682=CARTESIAN_POINT('',(42.0000006109476,33.3921647415689,225.053984051242));
#6683=CARTESIAN_POINT('',(11.6000001788139,33.3921647415689,228.946018094526));
#6684=CARTESIAN_POINT('Origin',(11.6000001788139,33.8537032031074,227.000001072884));
#6685=CARTESIAN_POINT('',(42.0000006109476,33.3921647415689,228.946018094526));
#6686=CARTESIAN_POINT('Origin',(42.0000006109476,33.2537032031073,224.470178944749));
#6687=CARTESIAN_POINT('',(13.9000001788139,33.8537032031074,224.470178944749));
#6688=CARTESIAN_POINT('Origin',(14.5000001788139,33.2537032031073,224.470178944749));
#6689=CARTESIAN_POINT('',(11.6000001788139,33.8537032031074,224.470178944749));
#6690=CARTESIAN_POINT('',(42.0000006109476,33.8537032031074,224.470178944749));
#6691=CARTESIAN_POINT('',(11.4556628055637,33.7093658298571,224.860526956891));
#6692=CARTESIAN_POINT('Origin',(11.0000001788139,33.2537032031073,224.470178944749));
#6693=CARTESIAN_POINT('Ctrl Pts',(11.4556628055637,33.7093658298571,224.860526956891));
#6694=CARTESIAN_POINT('Ctrl Pts',(11.459882560298,33.7055204802073,224.865015726061));
#6695=CARTESIAN_POINT('Ctrl Pts',(11.4640339434471,33.7016044439187,224.869452745297));
#6696=CARTESIAN_POINT('Ctrl Pts',(11.5035572788324,33.6629912940823,224.911917066468));
#6697=CARTESIAN_POINT('Ctrl Pts',(11.5379611938538,33.6182539338866,224.950671333542));
#6698=CARTESIAN_POINT('Ctrl Pts',(11.5863842458542,33.5133727851679,225.014551913473));
#6699=CARTESIAN_POINT('Ctrl Pts',(11.6000001788139,33.452972729045,225.039562170715));
#6700=CARTESIAN_POINT('Ctrl Pts',(11.6000001788139,33.3921647415689,225.053984051242));
#6701=CARTESIAN_POINT('Origin',(14.2000001788139,33.5537032031073,217.020980635423));
#6702=CARTESIAN_POINT('',(14.5000001788139,33.2537032031073,221.863156534352));
#6703=CARTESIAN_POINT('',(14.5000001788139,33.2537032031073,217.020980635423));
#6704=CARTESIAN_POINT('',(14.0443375520642,33.7093658298571,221.472808522209));
#6705=CARTESIAN_POINT('Ctrl Pts',(14.0443375520642,33.7093658298571,221.472808522209));
#6706=CARTESIAN_POINT('Ctrl Pts',(14.2531224191161,33.5005809628052,221.66798252828));
#6707=CARTESIAN_POINT('Ctrl Pts',(14.5000001788139,33.2537032031073,221.863156534352));
#6708=CARTESIAN_POINT('',(13.9000001788139,33.8537032031074,221.863156534352));
#6709=CARTESIAN_POINT('Origin',(14.5000001788139,33.2537032031073,221.863156534352));
#6710=CARTESIAN_POINT('',(13.9000001788139,33.8537032031074,217.020980635423));
#6711=CARTESIAN_POINT('Origin',(14.2000001788139,33.8537032031074,219.333334406217));
#6712=CARTESIAN_POINT('',(14.5000001788139,33.2537032031073,216.803512278082));
#6713=CARTESIAN_POINT('Origin',(14.5000001788139,33.8537032031074,219.333334406217));
#6714=CARTESIAN_POINT('',(14.0443375520642,33.7093658298571,217.193860290225));
#6715=CARTESIAN_POINT('Ctrl Pts',(14.5000001788139,33.2537032031073,216.803512278082));
#6716=CARTESIAN_POINT('Ctrl Pts',(14.2531224191161,33.5005809628051,216.998686284153));
#6717=CARTESIAN_POINT('Ctrl Pts',(14.0443375520642,33.7093658298571,217.193860290225));
#6718=CARTESIAN_POINT('',(13.9000001788139,33.3921647415689,217.387317384575));
#6719=CARTESIAN_POINT('Ctrl Pts',(13.9000001788139,33.3921647415689,217.387317384575));
#6720=CARTESIAN_POINT('Ctrl Pts',(13.9000001788139,33.452972729045,217.372895504048));
#6721=CARTESIAN_POINT('Ctrl Pts',(13.9136161117736,33.5133727851679,217.347885246806));
#6722=CARTESIAN_POINT('Ctrl Pts',(13.9620391637741,33.6182539338866,217.284004666875));
#6723=CARTESIAN_POINT('Ctrl Pts',(13.9964430787954,33.6629912940823,217.245250399801));
#6724=CARTESIAN_POINT('Ctrl Pts',(14.0359664141808,33.7016044439187,217.20278607863));
#6725=CARTESIAN_POINT('Ctrl Pts',(14.0401177973299,33.7055204802073,217.198349059394));
#6726=CARTESIAN_POINT('Ctrl Pts',(14.0443375520642,33.7093658298571,217.193860290225));
#6727=CARTESIAN_POINT('',(13.9000001788139,33.3921647415689,221.279351427859));
#6728=CARTESIAN_POINT('Origin',(13.9000001788139,33.8537032031074,219.333334406217));
#6729=CARTESIAN_POINT('Ctrl Pts',(14.0443375520642,33.7093658298571,221.472808522209));
#6730=CARTESIAN_POINT('Ctrl Pts',(14.0401177973299,33.7055204802073,221.46831975304));
#6731=CARTESIAN_POINT('Ctrl Pts',(14.0359664141808,33.7016044439187,221.463882733804));
#6732=CARTESIAN_POINT('Ctrl Pts',(13.9964430787954,33.6629912940823,221.421418412632));
#6733=CARTESIAN_POINT('Ctrl Pts',(13.9620391637741,33.6182539338866,221.382664145558));
#6734=CARTESIAN_POINT('Ctrl Pts',(13.9136161117736,33.5133727851679,221.318783565628));
#6735=CARTESIAN_POINT('Ctrl Pts',(13.9000001788139,33.452972729045,221.293773308386));
#6736=CARTESIAN_POINT('Ctrl Pts',(13.9000001788139,33.3921647415689,221.279351427859));
#6737=CARTESIAN_POINT('Origin',(42.0000006109476,33.2537032031073,221.863156534352));
#6738=CARTESIAN_POINT('',(11.6000001788139,33.3921647415689,221.279351427859));
#6739=CARTESIAN_POINT('',(42.0000006109476,33.3921647415689,221.279351427859));
#6740=CARTESIAN_POINT('',(11.4556628055637,33.7093658298571,221.472808522209));
#6741=CARTESIAN_POINT('Ctrl Pts',(11.6000001788139,33.3921647415689,221.279351427859));
#6742=CARTESIAN_POINT('Ctrl Pts',(11.6000001788139,33.452972729045,221.293773308386));
#6743=CARTESIAN_POINT('Ctrl Pts',(11.5863842458542,33.5133727851679,221.318783565628));
#6744=CARTESIAN_POINT('Ctrl Pts',(11.5379611938538,33.6182539338866,221.382664145558));
#6745=CARTESIAN_POINT('Ctrl Pts',(11.5035572788324,33.6629912940823,221.421418412632));
#6746=CARTESIAN_POINT('Ctrl Pts',(11.4640339434471,33.7016044439187,221.463882733804));
#6747=CARTESIAN_POINT('Ctrl Pts',(11.459882560298,33.7055204802073,221.46831975304));
#6748=CARTESIAN_POINT('Ctrl Pts',(11.4556628055637,33.7093658298571,221.472808522209));
#6749=CARTESIAN_POINT('',(11.6000001788139,33.8537032031074,221.863156534352));
#6750=CARTESIAN_POINT('Origin',(11.0000001788139,33.2537032031073,221.863156534352));
#6751=CARTESIAN_POINT('',(42.0000006109476,33.8537032031074,221.863156534352));
#6752=CARTESIAN_POINT('Origin',(42.0000006109476,33.8537032031074,219.333334406217));
#6753=CARTESIAN_POINT('',(11.6000001788139,33.3921647415689,217.387317384575));
#6754=CARTESIAN_POINT('',(42.0000006109476,33.3921647415689,217.387317384575));
#6755=CARTESIAN_POINT('Origin',(11.6000001788139,33.8537032031074,219.333334406217));
#6756=CARTESIAN_POINT('Origin',(14.2000001788139,33.8537032031074,211.66666773955));
#6757=CARTESIAN_POINT('',(14.0443375520642,33.7093658298571,213.806141855543));
#6758=CARTESIAN_POINT('',(14.5000001788139,33.2537032031073,214.196489867685));
#6759=CARTESIAN_POINT('Ctrl Pts',(14.0443375520642,33.7093658298571,213.806141855543));
#6760=CARTESIAN_POINT('Ctrl Pts',(14.2531224191161,33.5005809628052,214.001315861614));
#6761=CARTESIAN_POINT('Ctrl Pts',(14.5000001788139,33.2537032031073,214.196489867685));
#6762=CARTESIAN_POINT('',(14.5000001788139,33.2537032031073,209.136845611416));
#6763=CARTESIAN_POINT('Origin',(14.5000001788139,33.8537032031074,211.66666773955));
#6764=CARTESIAN_POINT('',(14.0443375520642,33.7093658298571,209.527193623558));
#6765=CARTESIAN_POINT('Ctrl Pts',(14.5000001788139,33.2537032031073,209.136845611416));
#6766=CARTESIAN_POINT('Ctrl Pts',(14.2531224191161,33.5005809628052,209.332019617487));
#6767=CARTESIAN_POINT('Ctrl Pts',(14.0443375520642,33.7093658298571,209.527193623558));
#6768=CARTESIAN_POINT('',(13.9000001788139,33.3921647415689,209.720650717908));
#6769=CARTESIAN_POINT('Ctrl Pts',(13.9000001788139,33.3921647415689,209.720650717908));
#6770=CARTESIAN_POINT('Ctrl Pts',(13.9000001788139,33.452972729045,209.706228837382));
#6771=CARTESIAN_POINT('Ctrl Pts',(13.9136161117736,33.5133727851679,209.681218580139));
#6772=CARTESIAN_POINT('Ctrl Pts',(13.9620391637741,33.6182539338866,209.617338000209));
#6773=CARTESIAN_POINT('Ctrl Pts',(13.9964430787954,33.6629912940823,209.578583733135));
#6774=CARTESIAN_POINT('Ctrl Pts',(14.0359664141808,33.7016044439187,209.536119411964));
#6775=CARTESIAN_POINT('Ctrl Pts',(14.0401177973299,33.7055204802073,209.531682392727));
#6776=CARTESIAN_POINT('Ctrl Pts',(14.0443375520642,33.7093658298571,209.527193623558));
#6777=CARTESIAN_POINT('',(13.9000001788139,33.3921647415689,213.612684761192));
#6778=CARTESIAN_POINT('Origin',(13.9000001788139,33.8537032031074,211.66666773955));
#6779=CARTESIAN_POINT('Ctrl Pts',(14.0443375520642,33.7093658298571,213.806141855543));
#6780=CARTESIAN_POINT('Ctrl Pts',(14.0401177973299,33.7055204802073,213.801653086373));
#6781=CARTESIAN_POINT('Ctrl Pts',(14.0359664141808,33.7016044439187,213.797216067137));
#6782=CARTESIAN_POINT('Ctrl Pts',(13.9964430787954,33.6629912940823,213.754751745966));
#6783=CARTESIAN_POINT('Ctrl Pts',(13.9620391637741,33.6182539338866,213.715997478892));
#6784=CARTESIAN_POINT('Ctrl Pts',(13.9136161117736,33.5133727851679,213.652116898961));
#6785=CARTESIAN_POINT('Ctrl Pts',(13.9000001788139,33.452972729045,213.627106641719));
#6786=CARTESIAN_POINT('Ctrl Pts',(13.9000001788139,33.3921647415689,213.612684761192));
#6787=CARTESIAN_POINT('Origin',(42.0000006109476,33.2537032031073,209.136845611416));
#6788=CARTESIAN_POINT('',(13.9000001788139,33.8537032031074,209.136845611416));
#6789=CARTESIAN_POINT('Origin',(14.5000001788139,33.2537032031073,209.136845611416));
#6790=CARTESIAN_POINT('',(11.6000001788139,33.8537032031074,209.136845611416));
#6791=CARTESIAN_POINT('',(42.0000006109476,33.8537032031074,209.136845611416));
#6792=CARTESIAN_POINT('',(11.4556628055637,33.7093658298571,209.527193623558));
#6793=CARTESIAN_POINT('Origin',(11.0000001788139,33.2537032031073,209.136845611416));
#6794=CARTESIAN_POINT('',(11.6000001788139,33.3921647415689,209.720650717908));
#6795=CARTESIAN_POINT('Ctrl Pts',(11.4556628055637,33.7093658298571,209.527193623558));
#6796=CARTESIAN_POINT('Ctrl Pts',(11.459882560298,33.7055204802073,209.531682392727));
#6797=CARTESIAN_POINT('Ctrl Pts',(11.4640339434471,33.7016044439187,209.536119411964));
#6798=CARTESIAN_POINT('Ctrl Pts',(11.5035572788324,33.6629912940823,209.578583733135));
#6799=CARTESIAN_POINT('Ctrl Pts',(11.5379611938538,33.6182539338866,209.617338000209));
#6800=CARTESIAN_POINT('Ctrl Pts',(11.5863842458542,33.5133727851679,209.681218580139));
#6801=CARTESIAN_POINT('Ctrl Pts',(11.600000178814,33.452972729045,209.706228837382));
#6802=CARTESIAN_POINT('Ctrl Pts',(11.600000178814,33.3921647415689,209.720650717908));
#6803=CARTESIAN_POINT('',(42.0000006109476,33.3921647415689,209.720650717908));
#6804=CARTESIAN_POINT('Origin',(14.2000001788139,33.5537032031073,217.020980635423));
#6805=CARTESIAN_POINT('',(14.5000001788139,33.2537032031073,206.529823201018));
#6806=CARTESIAN_POINT('',(14.5000001788139,33.2537032031073,217.020980635423));
#6807=CARTESIAN_POINT('',(14.0443375520642,33.7093658298571,206.139475188876));
#6808=CARTESIAN_POINT('Ctrl Pts',(14.0443375520642,33.7093658298571,206.139475188876));
#6809=CARTESIAN_POINT('Ctrl Pts',(14.2531224191161,33.5005809628051,206.334649194947));
#6810=CARTESIAN_POINT('Ctrl Pts',(14.5000001788139,33.2537032031073,206.529823201018));
#6811=CARTESIAN_POINT('',(13.9000001788139,33.8537032031074,206.529823201018));
#6812=CARTESIAN_POINT('Origin',(14.5000001788139,33.2537032031073,206.529823201018));
#6813=CARTESIAN_POINT('',(13.9000001788139,33.8537032031074,217.020980635423));
#6814=CARTESIAN_POINT('Origin',(14.5000001788139,28.8537032031073,230.041960563041));
#6815=CARTESIAN_POINT('',(14.5000001788139,33.2537032031073,230.041960563041));
#6816=CARTESIAN_POINT('',(14.5000001788139,33.2537032031073,217.020980635423));
#6817=CARTESIAN_POINT('',(14.5000001788139,28.8537032031073,230.041960563041));
#6818=CARTESIAN_POINT('',(14.5000001788139,28.8537032031073,230.041960563041));
#6819=CARTESIAN_POINT('',(14.5000001788139,28.8537032031073,177.958040376366));
#6820=CARTESIAN_POINT('',(14.5000001788139,28.8537032031073,213.083316077858));
#6821=CARTESIAN_POINT('',(14.5000001788139,33.2537032031073,177.958040376366));
#6822=CARTESIAN_POINT('',(14.5000001788139,28.8537032031073,177.958040376366));
#6823=CARTESIAN_POINT('',(14.5000001788139,33.2537032031073,178.470178944749));
#6824=CARTESIAN_POINT('',(14.5000001788139,33.2537032031073,217.020980635423));
#6825=CARTESIAN_POINT('',(14.5000001788139,33.2537032031073,183.529823201018));
#6826=CARTESIAN_POINT('Origin',(14.5000001788139,33.8537032031074,181.000001072884));
#6827=CARTESIAN_POINT('',(14.5000001788139,33.2537032031073,186.136845611416));
#6828=CARTESIAN_POINT('',(14.5000001788139,33.2537032031073,217.020980635423));
#6829=CARTESIAN_POINT('',(14.5000001788139,33.2537032031073,191.196489867685));
#6830=CARTESIAN_POINT('Origin',(14.5000001788139,33.8537032031074,188.66666773955));
#6831=CARTESIAN_POINT('',(14.5000001788139,33.2537032031073,193.803512278082));
#6832=CARTESIAN_POINT('',(14.5000001788139,33.2537032031073,217.020980635423));
#6833=CARTESIAN_POINT('',(14.5000001788139,33.2537032031073,198.863156534352));
#6834=CARTESIAN_POINT('Origin',(14.5000001788139,33.8537032031074,196.333334406217));
#6835=CARTESIAN_POINT('',(14.5000001788139,33.2537032031073,201.470178944749));
#6836=CARTESIAN_POINT('',(14.5000001788139,33.2537032031073,217.020980635423));
#6837=CARTESIAN_POINT('Origin',(14.5000001788139,33.8537032031074,204.000001072884));
#6838=CARTESIAN_POINT('',(14.5000001788139,33.2537032031073,217.020980635423));
#6839=CARTESIAN_POINT('Origin',(14.2000001788139,33.8537032031074,204.000001072884));
#6840=CARTESIAN_POINT('',(14.0443375520642,33.7093658298571,201.860526956891));
#6841=CARTESIAN_POINT('Ctrl Pts',(14.5000001788139,33.2537032031073,201.470178944749));
#6842=CARTESIAN_POINT('Ctrl Pts',(14.2531224191161,33.5005809628051,201.66535295082));
#6843=CARTESIAN_POINT('Ctrl Pts',(14.0443375520642,33.7093658298571,201.860526956891));
#6844=CARTESIAN_POINT('',(13.9000001788139,33.3921647415689,202.053984051242));
#6845=CARTESIAN_POINT('Ctrl Pts',(13.900000178814,33.3921647415689,202.053984051242));
#6846=CARTESIAN_POINT('Ctrl Pts',(13.900000178814,33.452972729045,202.039562170715));
#6847=CARTESIAN_POINT('Ctrl Pts',(13.9136161117736,33.5133727851679,202.014551913473));
#6848=CARTESIAN_POINT('Ctrl Pts',(13.9620391637741,33.6182539338866,201.950671333542));
#6849=CARTESIAN_POINT('Ctrl Pts',(13.9964430787954,33.6629912940823,201.911917066468));
#6850=CARTESIAN_POINT('Ctrl Pts',(14.0359664141808,33.7016044439187,201.869452745297));
#6851=CARTESIAN_POINT('Ctrl Pts',(14.0401177973299,33.7055204802073,201.865015726061));
#6852=CARTESIAN_POINT('Ctrl Pts',(14.0443375520642,33.7093658298571,201.860526956891));
#6853=CARTESIAN_POINT('',(13.9000001788139,33.3921647415689,205.946018094526));
#6854=CARTESIAN_POINT('Origin',(13.9000001788139,33.8537032031074,204.000001072884));
#6855=CARTESIAN_POINT('Ctrl Pts',(14.0443375520642,33.7093658298571,206.139475188876));
#6856=CARTESIAN_POINT('Ctrl Pts',(14.0401177973299,33.7055204802073,206.134986419707));
#6857=CARTESIAN_POINT('Ctrl Pts',(14.0359664141808,33.7016044439187,206.13054940047));
#6858=CARTESIAN_POINT('Ctrl Pts',(13.9964430787954,33.6629912940823,206.088085079299));
#6859=CARTESIAN_POINT('Ctrl Pts',(13.9620391637741,33.6182539338866,206.049330812225));
#6860=CARTESIAN_POINT('Ctrl Pts',(13.9136161117736,33.5133727851679,205.985450232295));
#6861=CARTESIAN_POINT('Ctrl Pts',(13.9000001788139,33.452972729045,205.960439975052));
#6862=CARTESIAN_POINT('Ctrl Pts',(13.9000001788139,33.3921647415689,205.946018094526));
#6863=CARTESIAN_POINT('Origin',(14.2000001788139,33.5537032031073,217.020980635423));
#6864=CARTESIAN_POINT('',(14.0443375520642,33.7093658298571,198.472808522209));
#6865=CARTESIAN_POINT('Ctrl Pts',(14.0443375520642,33.7093658298571,198.472808522209));
#6866=CARTESIAN_POINT('Ctrl Pts',(14.2531224191161,33.5005809628052,198.66798252828));
#6867=CARTESIAN_POINT('Ctrl Pts',(14.5000001788139,33.2537032031073,198.863156534352));
#6868=CARTESIAN_POINT('',(13.9000001788139,33.8537032031074,198.863156534352));
#6869=CARTESIAN_POINT('Origin',(14.5000001788139,33.2537032031073,198.863156534352));
#6870=CARTESIAN_POINT('',(13.9000001788139,33.8537032031074,201.470178944749));
#6871=CARTESIAN_POINT('',(13.9000001788139,33.8537032031074,217.020980635423));
#6872=CARTESIAN_POINT('Origin',(14.5000001788139,33.2537032031073,201.470178944749));
#6873=CARTESIAN_POINT('Origin',(14.2000001788139,33.8537032031074,196.333334406217));
#6874=CARTESIAN_POINT('',(14.0443375520642,33.7093658298571,194.193860290225));
#6875=CARTESIAN_POINT('Ctrl Pts',(14.5000001788139,33.2537032031073,193.803512278082));
#6876=CARTESIAN_POINT('Ctrl Pts',(14.2531224191161,33.5005809628052,193.998686284153));
#6877=CARTESIAN_POINT('Ctrl Pts',(14.0443375520642,33.7093658298571,194.193860290225));
#6878=CARTESIAN_POINT('',(13.9000001788139,33.3921647415689,194.387317384575));
#6879=CARTESIAN_POINT('Ctrl Pts',(13.9000001788139,33.3921647415689,194.387317384575));
#6880=CARTESIAN_POINT('Ctrl Pts',(13.9000001788139,33.452972729045,194.372895504048));
#6881=CARTESIAN_POINT('Ctrl Pts',(13.9136161117736,33.5133727851679,194.347885246806));
#6882=CARTESIAN_POINT('Ctrl Pts',(13.9620391637741,33.6182539338866,194.284004666875));
#6883=CARTESIAN_POINT('Ctrl Pts',(13.9964430787954,33.6629912940823,194.245250399801));
#6884=CARTESIAN_POINT('Ctrl Pts',(14.0359664141808,33.7016044439187,194.20278607863));
#6885=CARTESIAN_POINT('Ctrl Pts',(14.0401177973299,33.7055204802073,194.198349059394));
#6886=CARTESIAN_POINT('Ctrl Pts',(14.0443375520642,33.7093658298571,194.193860290225));
#6887=CARTESIAN_POINT('',(13.9000001788139,33.3921647415689,198.279351427859));
#6888=CARTESIAN_POINT('Origin',(13.9000001788139,33.8537032031074,196.333334406217));
#6889=CARTESIAN_POINT('Ctrl Pts',(14.0443375520642,33.7093658298571,198.472808522209));
#6890=CARTESIAN_POINT('Ctrl Pts',(14.0401177973299,33.7055204802073,198.46831975304));
#6891=CARTESIAN_POINT('Ctrl Pts',(14.0359664141808,33.7016044439187,198.463882733804));
#6892=CARTESIAN_POINT('Ctrl Pts',(13.9964430787954,33.6629912940823,198.421418412632));
#6893=CARTESIAN_POINT('Ctrl Pts',(13.9620391637741,33.6182539338866,198.382664145558));
#6894=CARTESIAN_POINT('Ctrl Pts',(13.9136161117736,33.5133727851679,198.318783565628));
#6895=CARTESIAN_POINT('Ctrl Pts',(13.9000001788139,33.452972729045,198.293773308386));
#6896=CARTESIAN_POINT('Ctrl Pts',(13.9000001788139,33.3921647415689,198.279351427859));
#6897=CARTESIAN_POINT('Origin',(42.0000006109476,33.2537032031073,193.803512278082));
#6898=CARTESIAN_POINT('',(13.9000001788139,33.8537032031074,193.803512278082));
#6899=CARTESIAN_POINT('Origin',(14.5000001788139,33.2537032031073,193.803512278082));
#6900=CARTESIAN_POINT('',(11.6000001788139,33.8537032031074,193.803512278082));
#6901=CARTESIAN_POINT('',(42.0000006109476,33.8537032031074,193.803512278082));
#6902=CARTESIAN_POINT('',(11.4556628055637,33.7093658298571,194.193860290225));
#6903=CARTESIAN_POINT('Origin',(11.0000001788139,33.2537032031073,193.803512278082));
#6904=CARTESIAN_POINT('',(11.6000001788139,33.3921647415689,194.387317384575));
#6905=CARTESIAN_POINT('Ctrl Pts',(11.4556628055637,33.7093658298571,194.193860290225));
#6906=CARTESIAN_POINT('Ctrl Pts',(11.459882560298,33.7055204802073,194.198349059394));
#6907=CARTESIAN_POINT('Ctrl Pts',(11.4640339434471,33.7016044439187,194.20278607863));
#6908=CARTESIAN_POINT('Ctrl Pts',(11.5035572788324,33.6629912940823,194.245250399801));
#6909=CARTESIAN_POINT('Ctrl Pts',(11.5379611938538,33.6182539338866,194.284004666875));
#6910=CARTESIAN_POINT('Ctrl Pts',(11.5863842458542,33.5133727851679,194.347885246806));
#6911=CARTESIAN_POINT('Ctrl Pts',(11.6000001788139,33.452972729045,194.372895504048));
#6912=CARTESIAN_POINT('Ctrl Pts',(11.6000001788139,33.3921647415689,194.387317384575));
#6913=CARTESIAN_POINT('',(42.0000006109476,33.3921647415689,194.387317384575));
#6914=CARTESIAN_POINT('Origin',(14.2000001788139,33.5537032031073,217.020980635423));
#6915=CARTESIAN_POINT('',(14.0443375520642,33.7093658298571,190.806141855543));
#6916=CARTESIAN_POINT('Ctrl Pts',(14.0443375520642,33.7093658298571,190.806141855543));
#6917=CARTESIAN_POINT('Ctrl Pts',(14.2531224191161,33.5005809628051,191.001315861614));
#6918=CARTESIAN_POINT('Ctrl Pts',(14.5000001788139,33.2537032031073,191.196489867685));
#6919=CARTESIAN_POINT('',(13.9000001788139,33.8537032031074,191.196489867685));
#6920=CARTESIAN_POINT('Origin',(14.5000001788139,33.2537032031073,191.196489867685));
#6921=CARTESIAN_POINT('',(13.9000001788139,33.8537032031074,217.020980635423));
#6922=CARTESIAN_POINT('Origin',(14.2000001788139,33.8537032031074,188.66666773955));
#6923=CARTESIAN_POINT('',(14.0443375520642,33.7093658298571,186.527193623558));
#6924=CARTESIAN_POINT('Ctrl Pts',(14.5000001788139,33.2537032031073,186.136845611416));
#6925=CARTESIAN_POINT('Ctrl Pts',(14.2531224191161,33.5005809628052,186.332019617487));
#6926=CARTESIAN_POINT('Ctrl Pts',(14.0443375520642,33.7093658298571,186.527193623558));
#6927=CARTESIAN_POINT('',(13.9000001788139,33.3921647415689,186.720650717908));
#6928=CARTESIAN_POINT('Ctrl Pts',(13.9000001788139,33.3921647415689,186.720650717908));
#6929=CARTESIAN_POINT('Ctrl Pts',(13.9000001788139,33.452972729045,186.706228837382));
#6930=CARTESIAN_POINT('Ctrl Pts',(13.9136161117736,33.5133727851679,186.681218580139));
#6931=CARTESIAN_POINT('Ctrl Pts',(13.9620391637741,33.6182539338866,186.617338000209));
#6932=CARTESIAN_POINT('Ctrl Pts',(13.9964430787954,33.6629912940823,186.578583733135));
#6933=CARTESIAN_POINT('Ctrl Pts',(14.0359664141808,33.7016044439187,186.536119411964));
#6934=CARTESIAN_POINT('Ctrl Pts',(14.0401177973299,33.7055204802073,186.531682392727));
#6935=CARTESIAN_POINT('Ctrl Pts',(14.0443375520642,33.7093658298571,186.527193623558));
#6936=CARTESIAN_POINT('',(13.9000001788139,33.3921647415689,190.612684761192));
#6937=CARTESIAN_POINT('Origin',(13.9000001788139,33.8537032031074,188.66666773955));
#6938=CARTESIAN_POINT('Ctrl Pts',(14.0443375520642,33.7093658298571,190.806141855543));
#6939=CARTESIAN_POINT('Ctrl Pts',(14.0401177973299,33.7055204802073,190.801653086373));
#6940=CARTESIAN_POINT('Ctrl Pts',(14.0359664141808,33.7016044439187,190.797216067137));
#6941=CARTESIAN_POINT('Ctrl Pts',(13.9964430787954,33.6629912940823,190.754751745966));
#6942=CARTESIAN_POINT('Ctrl Pts',(13.9620391637741,33.6182539338866,190.715997478892));
#6943=CARTESIAN_POINT('Ctrl Pts',(13.9136161117736,33.5133727851679,190.652116898961));
#6944=CARTESIAN_POINT('Ctrl Pts',(13.9000001788139,33.452972729045,190.627106641719));
#6945=CARTESIAN_POINT('Ctrl Pts',(13.9000001788139,33.3921647415689,190.612684761192));
#6946=CARTESIAN_POINT('Origin',(14.2000001788139,33.5537032031073,217.020980635423));
#6947=CARTESIAN_POINT('',(14.0443375520642,33.7093658298571,183.139475188876));
#6948=CARTESIAN_POINT('Ctrl Pts',(14.0443375520642,33.7093658298571,183.139475188876));
#6949=CARTESIAN_POINT('Ctrl Pts',(14.2531224191161,33.5005809628052,183.334649194947));
#6950=CARTESIAN_POINT('Ctrl Pts',(14.5000001788139,33.2537032031073,183.529823201018));
#6951=CARTESIAN_POINT('',(13.9000001788139,33.8537032031074,183.529823201018));
#6952=CARTESIAN_POINT('Origin',(14.5000001788139,33.2537032031073,183.529823201018));
#6953=CARTESIAN_POINT('',(13.9000001788139,33.8537032031074,186.136845611416));
#6954=CARTESIAN_POINT('',(13.9000001788139,33.8537032031074,217.020980635423));
#6955=CARTESIAN_POINT('Origin',(14.5000001788139,33.2537032031073,186.136845611416));
#6956=CARTESIAN_POINT('Origin',(14.2000001788139,33.8537032031074,181.000001072884));
#6957=CARTESIAN_POINT('',(14.0443375520642,33.7093658298571,178.860526956891));
#6958=CARTESIAN_POINT('Ctrl Pts',(14.5000001788146,33.2537032031066,178.470178944748));
#6959=CARTESIAN_POINT('Ctrl Pts',(14.2531224191164,33.5005809628049,178.66535295082));
#6960=CARTESIAN_POINT('Ctrl Pts',(14.0443375520642,33.7093658298571,178.860526956891));
#6961=CARTESIAN_POINT('',(13.9000001788139,33.3921647415689,179.053984051242));
#6962=CARTESIAN_POINT('Ctrl Pts',(13.900000178814,33.3921647415689,179.053984051241));
#6963=CARTESIAN_POINT('Ctrl Pts',(13.900000178814,33.452972729045,179.039562170715));
#6964=CARTESIAN_POINT('Ctrl Pts',(13.9136161117736,33.5133727851679,179.014551913473));
#6965=CARTESIAN_POINT('Ctrl Pts',(13.9620391637741,33.6182539338866,178.950671333542));
#6966=CARTESIAN_POINT('Ctrl Pts',(13.9964430787954,33.6629912940823,178.911917066468));
#6967=CARTESIAN_POINT('Ctrl Pts',(14.0359664141808,33.7016044439187,178.869452745297));
#6968=CARTESIAN_POINT('Ctrl Pts',(14.0401177973299,33.7055204802073,178.865015726061));
#6969=CARTESIAN_POINT('Ctrl Pts',(14.0443375520642,33.7093658298571,178.860526956891));
#6970=CARTESIAN_POINT('',(13.9000001788139,33.3921647415689,182.946018094526));
#6971=CARTESIAN_POINT('Origin',(13.9000001788139,33.8537032031074,181.000001072884));
#6972=CARTESIAN_POINT('Ctrl Pts',(14.0443375520642,33.7093658298571,183.139475188876));
#6973=CARTESIAN_POINT('Ctrl Pts',(14.0401177973299,33.7055204802073,183.134986419707));
#6974=CARTESIAN_POINT('Ctrl Pts',(14.0359664141808,33.7016044439187,183.13054940047));
#6975=CARTESIAN_POINT('Ctrl Pts',(13.9964430787954,33.6629912940823,183.088085079299));
#6976=CARTESIAN_POINT('Ctrl Pts',(13.9620391637741,33.6182539338866,183.049330812225));
#6977=CARTESIAN_POINT('Ctrl Pts',(13.9136161117736,33.5133727851679,182.985450232295));
#6978=CARTESIAN_POINT('Ctrl Pts',(13.900000178814,33.452972729045,182.960439975052));
#6979=CARTESIAN_POINT('Ctrl Pts',(13.900000178814,33.3921647415689,182.946018094526));
#6980=CARTESIAN_POINT('Origin',(42.0000006109476,33.2537032031073,183.529823201018));
#6981=CARTESIAN_POINT('',(11.6000001788139,33.3921647415689,182.946018094526));
#6982=CARTESIAN_POINT('',(42.0000006109476,33.3921647415689,182.946018094526));
#6983=CARTESIAN_POINT('',(11.4556628055637,33.7093658298571,183.139475188876));
#6984=CARTESIAN_POINT('Ctrl Pts',(11.6000001788139,33.3921647415689,182.946018094526));
#6985=CARTESIAN_POINT('Ctrl Pts',(11.6000001788139,33.452972729045,182.960439975052));
#6986=CARTESIAN_POINT('Ctrl Pts',(11.5863842458542,33.5133727851679,182.985450232295));
#6987=CARTESIAN_POINT('Ctrl Pts',(11.5379611938538,33.6182539338866,183.049330812225));
#6988=CARTESIAN_POINT('Ctrl Pts',(11.5035572788324,33.6629912940823,183.088085079299));
#6989=CARTESIAN_POINT('Ctrl Pts',(11.4640339434471,33.7016044439187,183.13054940047));
#6990=CARTESIAN_POINT('Ctrl Pts',(11.459882560298,33.7055204802073,183.134986419707));
#6991=CARTESIAN_POINT('Ctrl Pts',(11.4556628055637,33.7093658298571,183.139475188876));
#6992=CARTESIAN_POINT('',(11.6000001788139,33.8537032031074,183.529823201018));
#6993=CARTESIAN_POINT('Origin',(11.0000001788139,33.2537032031073,183.529823201018));
#6994=CARTESIAN_POINT('',(42.0000006109476,33.8537032031074,183.529823201018));
#6995=CARTESIAN_POINT('Origin',(42.0000006109476,33.8537032031074,181.000001072884));
#6996=CARTESIAN_POINT('',(11.6000001788139,33.3921647415689,179.053984051242));
#6997=CARTESIAN_POINT('',(42.0000006109476,33.3921647415689,179.053984051242));
#6998=CARTESIAN_POINT('Origin',(11.6000001788139,33.8537032031074,181.000001072884));
#6999=CARTESIAN_POINT('Origin',(11.3000001788139,33.8537032031074,181.000001072884));
#7000=CARTESIAN_POINT('',(11.4556628055637,33.7093658298571,178.860526956891));
#7001=CARTESIAN_POINT('',(11.0000001788139,33.2537032031073,178.470178944749));
#7002=CARTESIAN_POINT('Ctrl Pts',(11.4556628055637,33.7093658298571,178.860526956891));
#7003=CARTESIAN_POINT('Ctrl Pts',(11.2468779385117,33.5005809628052,178.66535295082));
#7004=CARTESIAN_POINT('Ctrl Pts',(11.0000001788139,33.2537032031073,178.470178944749));
#7005=CARTESIAN_POINT('',(11.0000001788139,33.2537032031073,183.529823201018));
#7006=CARTESIAN_POINT('Origin',(11.0000001788139,33.8537032031074,181.000001072884));
#7007=CARTESIAN_POINT('Ctrl Pts',(11.0000001788139,33.2537032031073,183.529823201018));
#7008=CARTESIAN_POINT('Ctrl Pts',(11.2468779385117,33.5005809628052,183.334649194947));
#7009=CARTESIAN_POINT('Ctrl Pts',(11.4556628055637,33.7093658298571,183.139475188876));
#7010=CARTESIAN_POINT('Ctrl Pts',(11.4556628055637,33.7093658298571,178.860526956891));
#7011=CARTESIAN_POINT('Ctrl Pts',(11.459882560298,33.7055204802073,178.865015726061));
#7012=CARTESIAN_POINT('Ctrl Pts',(11.4640339434471,33.7016044439187,178.869452745297));
#7013=CARTESIAN_POINT('Ctrl Pts',(11.5035572788324,33.6629912940823,178.911917066468));
#7014=CARTESIAN_POINT('Ctrl Pts',(11.5379611938538,33.6182539338866,178.950671333542));
#7015=CARTESIAN_POINT('Ctrl Pts',(11.5863842458542,33.5133727851679,179.014551913473));
#7016=CARTESIAN_POINT('Ctrl Pts',(11.6000001788139,33.452972729045,179.039562170715));
#7017=CARTESIAN_POINT('Ctrl Pts',(11.6000001788139,33.3921647415689,179.053984051241));
#7018=CARTESIAN_POINT('Origin',(11.3000001788139,33.5537032031073,189.50000057742));
#7019=CARTESIAN_POINT('',(11.0000001788139,33.2537032031073,186.136845611416));
#7020=CARTESIAN_POINT('',(11.0000001788139,33.2537032031073,189.50000057742));
#7021=CARTESIAN_POINT('',(11.4556628055637,33.7093658298571,186.527193623558));
#7022=CARTESIAN_POINT('Ctrl Pts',(11.4556628055637,33.7093658298571,186.527193623558));
#7023=CARTESIAN_POINT('Ctrl Pts',(11.2468779385117,33.5005809628052,186.332019617487));
#7024=CARTESIAN_POINT('Ctrl Pts',(11.0000001788139,33.2537032031073,186.136845611416));
#7025=CARTESIAN_POINT('',(11.6000001788139,33.8537032031074,186.136845611416));
#7026=CARTESIAN_POINT('Origin',(11.0000001788139,33.2537032031073,186.136845611416));
#7027=CARTESIAN_POINT('',(11.6000001788139,33.8537032031074,189.50000057742));
#7028=CARTESIAN_POINT('Origin',(11.0000001788139,28.8537032031073,175.000000447035));
#7029=CARTESIAN_POINT('',(11.0000001788139,33.2537032031073,229.529823201018));
#7030=CARTESIAN_POINT('',(11.0000001788139,33.2537032031073,189.50000057742));
#7031=CARTESIAN_POINT('',(11.0000001788139,33.2537032031073,224.470178944749));
#7032=CARTESIAN_POINT('Origin',(11.0000001788139,33.8537032031074,227.000001072884));
#7033=CARTESIAN_POINT('',(11.0000001788139,33.2537032031073,221.863156534352));
#7034=CARTESIAN_POINT('',(11.0000001788139,33.2537032031073,189.50000057742));
#7035=CARTESIAN_POINT('',(11.0000001788139,33.2537032031073,216.803512278082));
#7036=CARTESIAN_POINT('Origin',(11.0000001788139,33.8537032031074,219.333334406217));
#7037=CARTESIAN_POINT('',(11.0000001788139,33.2537032031073,214.196489867685));
#7038=CARTESIAN_POINT('',(11.0000001788139,33.2537032031073,189.50000057742));
#7039=CARTESIAN_POINT('',(11.0000001788139,33.2537032031073,209.136845611416));
#7040=CARTESIAN_POINT('Origin',(11.0000001788139,33.8537032031074,211.66666773955));
#7041=CARTESIAN_POINT('',(11.0000001788139,33.2537032031073,206.529823201018));
#7042=CARTESIAN_POINT('',(11.0000001788139,33.2537032031073,189.50000057742));
#7043=CARTESIAN_POINT('',(11.0000001788139,33.2537032031073,201.470178944749));
#7044=CARTESIAN_POINT('Origin',(11.0000001788139,33.8537032031074,204.000001072884));
#7045=CARTESIAN_POINT('',(11.0000001788139,33.2537032031073,198.863156534352));
#7046=CARTESIAN_POINT('',(11.0000001788139,33.2537032031073,189.50000057742));
#7047=CARTESIAN_POINT('',(11.0000001788139,33.2537032031073,193.803512278082));
#7048=CARTESIAN_POINT('Origin',(11.0000001788139,33.8537032031074,196.333334406217));
#7049=CARTESIAN_POINT('',(11.0000001788139,33.2537032031073,191.196489867685));
#7050=CARTESIAN_POINT('',(11.0000001788139,33.2537032031073,189.50000057742));
#7051=CARTESIAN_POINT('Origin',(11.0000001788139,33.8537032031074,188.66666773955));
#7052=CARTESIAN_POINT('',(11.0000001788139,33.2537032031073,174.000000447035));
#7053=CARTESIAN_POINT('',(11.0000001788139,33.2537032031073,189.50000057742));
#7054=CARTESIAN_POINT('',(11.0000001788139,28.8537032031073,174.000000447035));
#7055=CARTESIAN_POINT('Origin',(11.3000001788139,33.5537032031073,189.50000057742));
#7056=CARTESIAN_POINT('',(11.6000001788139,33.8537032031074,178.470178944749));
#7057=CARTESIAN_POINT('Origin',(11.0000001788139,33.2537032031073,178.470178944749));
#7058=CARTESIAN_POINT('',(11.6000001788139,33.8537032031074,174.000000447035));
#7059=CARTESIAN_POINT('',(11.6000001788139,33.8537032031074,189.50000057742));
#7060=CARTESIAN_POINT('',(11.6000001788139,33.8537032031074,174.000000447035));
#7061=CARTESIAN_POINT('Origin',(11.3000001788139,33.8537032031074,188.66666773955));
#7062=CARTESIAN_POINT('',(11.4556628055637,33.7093658298571,190.806141855543));
#7063=CARTESIAN_POINT('Ctrl Pts',(11.0000001788139,33.2537032031073,191.196489867685));
#7064=CARTESIAN_POINT('Ctrl Pts',(11.2468779385117,33.5005809628052,191.001315861614));
#7065=CARTESIAN_POINT('Ctrl Pts',(11.4556628055637,33.7093658298571,190.806141855543));
#7066=CARTESIAN_POINT('',(11.6000001788139,33.3921647415689,190.612684761192));
#7067=CARTESIAN_POINT('Ctrl Pts',(11.6000001788139,33.3921647415689,190.612684761192));
#7068=CARTESIAN_POINT('Ctrl Pts',(11.6000001788139,33.452972729045,190.627106641719));
#7069=CARTESIAN_POINT('Ctrl Pts',(11.5863842458542,33.5133727851679,190.652116898961));
#7070=CARTESIAN_POINT('Ctrl Pts',(11.5379611938538,33.6182539338866,190.715997478892));
#7071=CARTESIAN_POINT('Ctrl Pts',(11.5035572788324,33.6629912940823,190.754751745966));
#7072=CARTESIAN_POINT('Ctrl Pts',(11.4640339434471,33.7016044439187,190.797216067137));
#7073=CARTESIAN_POINT('Ctrl Pts',(11.459882560298,33.7055204802073,190.801653086373));
#7074=CARTESIAN_POINT('Ctrl Pts',(11.4556628055637,33.7093658298571,190.806141855543));
#7075=CARTESIAN_POINT('',(11.6000001788139,33.3921647415689,186.720650717908));
#7076=CARTESIAN_POINT('Origin',(11.6000001788139,33.8537032031074,188.66666773955));
#7077=CARTESIAN_POINT('Ctrl Pts',(11.4556628055637,33.7093658298571,186.527193623558));
#7078=CARTESIAN_POINT('Ctrl Pts',(11.459882560298,33.7055204802073,186.531682392727));
#7079=CARTESIAN_POINT('Ctrl Pts',(11.4640339434471,33.7016044439187,186.536119411964));
#7080=CARTESIAN_POINT('Ctrl Pts',(11.5035572788324,33.6629912940823,186.578583733135));
#7081=CARTESIAN_POINT('Ctrl Pts',(11.5379611938538,33.6182539338866,186.617338000209));
#7082=CARTESIAN_POINT('Ctrl Pts',(11.5863842458542,33.5133727851679,186.681218580139));
#7083=CARTESIAN_POINT('Ctrl Pts',(11.6000001788139,33.452972729045,186.706228837382));
#7084=CARTESIAN_POINT('Ctrl Pts',(11.6000001788139,33.3921647415689,186.720650717908));
#7085=CARTESIAN_POINT('Origin',(42.0000006109476,33.2537032031073,191.196489867685));
#7086=CARTESIAN_POINT('',(42.0000006109476,33.3921647415689,190.612684761192));
#7087=CARTESIAN_POINT('',(11.6000001788139,33.8537032031074,191.196489867685));
#7088=CARTESIAN_POINT('Origin',(11.0000001788139,33.2537032031073,191.196489867685));
#7089=CARTESIAN_POINT('',(42.0000006109476,33.8537032031074,191.196489867685));
#7090=CARTESIAN_POINT('Origin',(11.3000001788139,33.5537032031073,189.50000057742));
#7091=CARTESIAN_POINT('Ctrl Pts',(11.4556628055637,33.7093658298571,194.193860290225));
#7092=CARTESIAN_POINT('Ctrl Pts',(11.2468779385117,33.5005809628052,193.998686284153));
#7093=CARTESIAN_POINT('Ctrl Pts',(11.0000001788139,33.2537032031073,193.803512278082));
#7094=CARTESIAN_POINT('',(11.6000001788139,33.8537032031074,189.50000057742));
#7095=CARTESIAN_POINT('Origin',(11.3000001788139,33.8537032031074,196.333334406217));
#7096=CARTESIAN_POINT('',(11.4556628055637,33.7093658298571,198.472808522209));
#7097=CARTESIAN_POINT('Ctrl Pts',(11.0000001788139,33.2537032031073,198.863156534352));
#7098=CARTESIAN_POINT('Ctrl Pts',(11.2468779385117,33.5005809628051,198.66798252828));
#7099=CARTESIAN_POINT('Ctrl Pts',(11.4556628055637,33.7093658298571,198.472808522209));
#7100=CARTESIAN_POINT('',(11.6000001788139,33.3921647415689,198.279351427859));
#7101=CARTESIAN_POINT('Ctrl Pts',(11.6000001788139,33.3921647415689,198.279351427859));
#7102=CARTESIAN_POINT('Ctrl Pts',(11.6000001788139,33.452972729045,198.293773308386));
#7103=CARTESIAN_POINT('Ctrl Pts',(11.5863842458542,33.5133727851679,198.318783565628));
#7104=CARTESIAN_POINT('Ctrl Pts',(11.5379611938538,33.6182539338866,198.382664145558));
#7105=CARTESIAN_POINT('Ctrl Pts',(11.5035572788324,33.6629912940823,198.421418412632));
#7106=CARTESIAN_POINT('Ctrl Pts',(11.4640339434471,33.7016044439187,198.463882733804));
#7107=CARTESIAN_POINT('Ctrl Pts',(11.459882560298,33.7055204802073,198.46831975304));
#7108=CARTESIAN_POINT('Ctrl Pts',(11.4556628055637,33.7093658298571,198.472808522209));
#7109=CARTESIAN_POINT('Origin',(11.6000001788139,33.8537032031074,196.333334406217));
#7110=CARTESIAN_POINT('Origin',(11.3000001788139,33.5537032031073,189.50000057742));
#7111=CARTESIAN_POINT('',(11.4556628055637,33.7093658298571,201.860526956891));
#7112=CARTESIAN_POINT('Ctrl Pts',(11.4556628055637,33.7093658298571,201.860526956891));
#7113=CARTESIAN_POINT('Ctrl Pts',(11.2468779385117,33.5005809628052,201.66535295082));
#7114=CARTESIAN_POINT('Ctrl Pts',(11.0000001788139,33.2537032031073,201.470178944749));
#7115=CARTESIAN_POINT('',(11.6000001788139,33.8537032031074,201.470178944749));
#7116=CARTESIAN_POINT('Origin',(11.0000001788139,33.2537032031073,201.470178944749));
#7117=CARTESIAN_POINT('',(11.6000001788139,33.8537032031074,198.863156534352));
#7118=CARTESIAN_POINT('',(11.6000001788139,33.8537032031074,189.50000057742));
#7119=CARTESIAN_POINT('Origin',(11.0000001788139,33.2537032031073,198.863156534352));
#7120=CARTESIAN_POINT('Origin',(11.3000001788139,33.8537032031074,204.000001072884));
#7121=CARTESIAN_POINT('',(11.4556628055637,33.7093658298571,206.139475188876));
#7122=CARTESIAN_POINT('Ctrl Pts',(11.0000001788139,33.2537032031073,206.529823201018));
#7123=CARTESIAN_POINT('Ctrl Pts',(11.2468779385117,33.5005809628051,206.334649194947));
#7124=CARTESIAN_POINT('Ctrl Pts',(11.4556628055637,33.7093658298571,206.139475188876));
#7125=CARTESIAN_POINT('',(11.6000001788139,33.3921647415689,205.946018094526));
#7126=CARTESIAN_POINT('Ctrl Pts',(11.6000001788139,33.3921647415689,205.946018094526));
#7127=CARTESIAN_POINT('Ctrl Pts',(11.6000001788139,33.452972729045,205.960439975052));
#7128=CARTESIAN_POINT('Ctrl Pts',(11.5863842458542,33.5133727851679,205.985450232295));
#7129=CARTESIAN_POINT('Ctrl Pts',(11.5379611938538,33.6182539338866,206.049330812225));
#7130=CARTESIAN_POINT('Ctrl Pts',(11.5035572788324,33.6629912940823,206.088085079299));
#7131=CARTESIAN_POINT('Ctrl Pts',(11.4640339434471,33.7016044439187,206.13054940047));
#7132=CARTESIAN_POINT('Ctrl Pts',(11.459882560298,33.7055204802073,206.134986419707));
#7133=CARTESIAN_POINT('Ctrl Pts',(11.4556628055637,33.7093658298571,206.139475188876));
#7134=CARTESIAN_POINT('',(11.6000001788139,33.3921647415689,202.053984051242));
#7135=CARTESIAN_POINT('Origin',(11.6000001788139,33.8537032031074,204.000001072884));
#7136=CARTESIAN_POINT('Ctrl Pts',(11.4556628055637,33.7093658298571,201.860526956891));
#7137=CARTESIAN_POINT('Ctrl Pts',(11.459882560298,33.7055204802073,201.865015726061));
#7138=CARTESIAN_POINT('Ctrl Pts',(11.4640339434471,33.7016044439187,201.869452745297));
#7139=CARTESIAN_POINT('Ctrl Pts',(11.5035572788324,33.6629912940823,201.911917066468));
#7140=CARTESIAN_POINT('Ctrl Pts',(11.5379611938538,33.6182539338866,201.950671333542));
#7141=CARTESIAN_POINT('Ctrl Pts',(11.5863842458542,33.5133727851679,202.014551913473));
#7142=CARTESIAN_POINT('Ctrl Pts',(11.6000001788139,33.452972729045,202.039562170715));
#7143=CARTESIAN_POINT('Ctrl Pts',(11.6000001788139,33.3921647415689,202.053984051242));
#7144=CARTESIAN_POINT('Origin',(42.0000006109476,33.2537032031073,206.529823201018));
#7145=CARTESIAN_POINT('',(42.0000006109476,33.3921647415689,205.946018094526));
#7146=CARTESIAN_POINT('',(11.6000001788139,33.8537032031074,206.529823201018));
#7147=CARTESIAN_POINT('Origin',(11.0000001788139,33.2537032031073,206.529823201018));
#7148=CARTESIAN_POINT('',(42.0000006109476,33.8537032031074,206.529823201018));
#7149=CARTESIAN_POINT('Origin',(11.3000001788139,33.5537032031073,189.50000057742));
#7150=CARTESIAN_POINT('Ctrl Pts',(11.4556628055637,33.7093658298571,209.527193623558));
#7151=CARTESIAN_POINT('Ctrl Pts',(11.2468779385117,33.5005809628052,209.332019617487));
#7152=CARTESIAN_POINT('Ctrl Pts',(11.0000001788139,33.2537032031073,209.136845611416));
#7153=CARTESIAN_POINT('',(11.6000001788139,33.8537032031074,189.50000057742));
#7154=CARTESIAN_POINT('Origin',(11.3000001788139,33.8537032031074,211.66666773955));
#7155=CARTESIAN_POINT('',(11.4556628055637,33.7093658298571,213.806141855543));
#7156=CARTESIAN_POINT('Ctrl Pts',(11.0000001788139,33.2537032031073,214.196489867685));
#7157=CARTESIAN_POINT('Ctrl Pts',(11.2468779385117,33.5005809628051,214.001315861614));
#7158=CARTESIAN_POINT('Ctrl Pts',(11.4556628055637,33.7093658298571,213.806141855543));
#7159=CARTESIAN_POINT('',(11.6000001788139,33.3921647415689,213.612684761192));
#7160=CARTESIAN_POINT('Ctrl Pts',(11.6000001788139,33.3921647415689,213.612684761192));
#7161=CARTESIAN_POINT('Ctrl Pts',(11.6000001788139,33.452972729045,213.627106641719));
#7162=CARTESIAN_POINT('Ctrl Pts',(11.5863842458542,33.5133727851679,213.652116898961));
#7163=CARTESIAN_POINT('Ctrl Pts',(11.5379611938538,33.6182539338866,213.715997478892));
#7164=CARTESIAN_POINT('Ctrl Pts',(11.5035572788324,33.6629912940823,213.754751745966));
#7165=CARTESIAN_POINT('Ctrl Pts',(11.4640339434471,33.7016044439187,213.797216067137));
#7166=CARTESIAN_POINT('Ctrl Pts',(11.459882560298,33.7055204802073,213.801653086373));
#7167=CARTESIAN_POINT('Ctrl Pts',(11.4556628055637,33.7093658298571,213.806141855543));
#7168=CARTESIAN_POINT('Origin',(11.6000001788139,33.8537032031074,211.66666773955));
#7169=CARTESIAN_POINT('Origin',(11.3000001788139,33.5537032031073,189.50000057742));
#7170=CARTESIAN_POINT('',(11.4556628055637,33.7093658298571,217.193860290225));
#7171=CARTESIAN_POINT('Ctrl Pts',(11.4556628055637,33.7093658298571,217.193860290225));
#7172=CARTESIAN_POINT('Ctrl Pts',(11.2468779385117,33.5005809628052,216.998686284153));
#7173=CARTESIAN_POINT('Ctrl Pts',(11.0000001788139,33.2537032031073,216.803512278082));
#7174=CARTESIAN_POINT('',(11.6000001788139,33.8537032031074,216.803512278082));
#7175=CARTESIAN_POINT('Origin',(11.0000001788139,33.2537032031073,216.803512278082));
#7176=CARTESIAN_POINT('',(11.6000001788139,33.8537032031074,214.196489867685));
#7177=CARTESIAN_POINT('',(11.6000001788139,33.8537032031074,189.50000057742));
#7178=CARTESIAN_POINT('Origin',(11.0000001788139,33.2537032031073,214.196489867685));
#7179=CARTESIAN_POINT('Origin',(11.3000001788139,33.8537032031074,219.333334406217));
#7180=CARTESIAN_POINT('Ctrl Pts',(11.0000001788139,33.2537032031073,221.863156534352));
#7181=CARTESIAN_POINT('Ctrl Pts',(11.2468779385117,33.5005809628051,221.66798252828));
#7182=CARTESIAN_POINT('Ctrl Pts',(11.4556628055637,33.7093658298571,221.472808522209));
#7183=CARTESIAN_POINT('Ctrl Pts',(11.4556628055637,33.7093658298571,217.193860290225));
#7184=CARTESIAN_POINT('Ctrl Pts',(11.459882560298,33.7055204802073,217.198349059394));
#7185=CARTESIAN_POINT('Ctrl Pts',(11.4640339434471,33.7016044439187,217.20278607863));
#7186=CARTESIAN_POINT('Ctrl Pts',(11.5035572788324,33.6629912940823,217.245250399801));
#7187=CARTESIAN_POINT('Ctrl Pts',(11.5379611938538,33.6182539338866,217.284004666875));
#7188=CARTESIAN_POINT('Ctrl Pts',(11.5863842458542,33.5133727851679,217.347885246806));
#7189=CARTESIAN_POINT('Ctrl Pts',(11.6000001788139,33.452972729045,217.372895504048));
#7190=CARTESIAN_POINT('Ctrl Pts',(11.6000001788139,33.3921647415689,217.387317384575));
#7191=CARTESIAN_POINT('Origin',(11.3000001788139,33.5537032031073,189.50000057742));
#7192=CARTESIAN_POINT('Ctrl Pts',(11.4556628055637,33.7093658298571,224.860526956891));
#7193=CARTESIAN_POINT('Ctrl Pts',(11.2468779385117,33.5005809628052,224.66535295082));
#7194=CARTESIAN_POINT('Ctrl Pts',(11.0000001788139,33.2537032031073,224.470178944749));
#7195=CARTESIAN_POINT('',(11.6000001788139,33.8537032031074,189.50000057742));
#7196=CARTESIAN_POINT('Origin',(11.3000001788139,33.8537032031074,227.000001072884));
#7197=CARTESIAN_POINT('',(11.4556628055637,33.7093658298571,229.139475188876));
#7198=CARTESIAN_POINT('Ctrl Pts',(11.0000001788139,33.2537032031073,229.529823201018));
#7199=CARTESIAN_POINT('Ctrl Pts',(11.2468779385117,33.5005809628052,229.334649194947));
#7200=CARTESIAN_POINT('Ctrl Pts',(11.4556628055637,33.7093658298571,229.139475188876));
#7201=CARTESIAN_POINT('Ctrl Pts',(11.6000001788139,33.3921647415689,228.946018094526));
#7202=CARTESIAN_POINT('Ctrl Pts',(11.6000001788139,33.452972729045,228.960439975052));
#7203=CARTESIAN_POINT('Ctrl Pts',(11.5863842458543,33.5133727851679,228.985450232295));
#7204=CARTESIAN_POINT('Ctrl Pts',(11.5379611938538,33.6182539338866,229.049330812225));
#7205=CARTESIAN_POINT('Ctrl Pts',(11.5035572788324,33.6629912940823,229.088085079299));
#7206=CARTESIAN_POINT('Ctrl Pts',(11.4640339434471,33.7016044439187,229.13054940047));
#7207=CARTESIAN_POINT('Ctrl Pts',(11.459882560298,33.7055204802073,229.134986419707));
#7208=CARTESIAN_POINT('Ctrl Pts',(11.4556628055637,33.7093658298571,229.139475188876));
#7209=CARTESIAN_POINT('Origin',(38.8000006109476,33.8537032031074,227.000001072884));
#7210=CARTESIAN_POINT('',(38.9556632376973,33.7093658298571,224.860526956891));
#7211=CARTESIAN_POINT('',(38.5000006109476,33.2537032031073,224.470178944749));
#7212=CARTESIAN_POINT('Ctrl Pts',(38.9556632376973,33.7093658298571,224.860526956891));
#7213=CARTESIAN_POINT('Ctrl Pts',(38.7468783706454,33.5005809628052,224.66535295082));
#7214=CARTESIAN_POINT('Ctrl Pts',(38.5000006109476,33.2537032031073,224.470178944749));
#7215=CARTESIAN_POINT('',(38.5000006109476,33.2537032031073,229.529823201018));
#7216=CARTESIAN_POINT('Origin',(38.5000006109476,33.8537032031074,227.000001072884));
#7217=CARTESIAN_POINT('',(38.9556632376974,33.7093658298571,229.139475188876));
#7218=CARTESIAN_POINT('Ctrl Pts',(38.5000006109469,33.2537032031066,229.529823201019));
#7219=CARTESIAN_POINT('Ctrl Pts',(38.7468783706451,33.5005809628049,229.334649194947));
#7220=CARTESIAN_POINT('Ctrl Pts',(38.9556632376974,33.7093658298571,229.139475188876));
#7221=CARTESIAN_POINT('',(39.1000006109476,33.3921647415689,228.946018094526));
#7222=CARTESIAN_POINT('Ctrl Pts',(39.1000006109476,33.3921647415689,228.946018094526));
#7223=CARTESIAN_POINT('Ctrl Pts',(39.1000006109476,33.452972729045,228.960439975052));
#7224=CARTESIAN_POINT('Ctrl Pts',(39.0863846779879,33.5133727851679,228.985450232295));
#7225=CARTESIAN_POINT('Ctrl Pts',(39.0379616259875,33.6182539338866,229.049330812225));
#7226=CARTESIAN_POINT('Ctrl Pts',(39.0035577109661,33.6629912940823,229.088085079299));
#7227=CARTESIAN_POINT('Ctrl Pts',(38.9640343755808,33.7016044439187,229.13054940047));
#7228=CARTESIAN_POINT('Ctrl Pts',(38.9598829924316,33.7055204802073,229.134986419707));
#7229=CARTESIAN_POINT('Ctrl Pts',(38.9556632376974,33.7093658298571,229.139475188876));
#7230=CARTESIAN_POINT('',(39.1000006109476,33.3921647415689,225.053984051242));
#7231=CARTESIAN_POINT('Origin',(39.1000006109476,33.8537032031074,227.000001072884));
#7232=CARTESIAN_POINT('Ctrl Pts',(38.9556632376974,33.7093658298571,224.860526956891));
#7233=CARTESIAN_POINT('Ctrl Pts',(38.9598829924316,33.7055204802073,224.865015726061));
#7234=CARTESIAN_POINT('Ctrl Pts',(38.9640343755808,33.7016044439187,224.869452745297));
#7235=CARTESIAN_POINT('Ctrl Pts',(39.0035577109661,33.6629912940823,224.911917066468));
#7236=CARTESIAN_POINT('Ctrl Pts',(39.0379616259875,33.6182539338866,224.950671333542));
#7237=CARTESIAN_POINT('Ctrl Pts',(39.0863846779879,33.5133727851679,225.014551913473));
#7238=CARTESIAN_POINT('Ctrl Pts',(39.1000006109476,33.452972729045,225.039562170715));
#7239=CARTESIAN_POINT('Ctrl Pts',(39.1000006109476,33.3921647415689,225.053984051242));
#7240=CARTESIAN_POINT('Origin',(38.8000006109476,33.5537032031073,190.979020490451));
#7241=CARTESIAN_POINT('',(38.5000006109476,33.2537032031073,230.041960620973));
#7242=CARTESIAN_POINT('',(38.5000006109476,33.2537032031073,190.979020490451));
#7243=CARTESIAN_POINT('',(39.1000006109476,33.8537032031074,230.866927746058));
#7244=CARTESIAN_POINT('Ctrl Pts',(39.1000006109476,33.8537032031074,230.866927746058));
#7245=CARTESIAN_POINT('Ctrl Pts',(38.9188307750892,33.672533367249,230.569659633534));
#7246=CARTESIAN_POINT('Ctrl Pts',(38.7127478713701,33.4664504635298,230.293686607669));
#7247=CARTESIAN_POINT('Ctrl Pts',(38.5000006109476,33.2537032031073,230.041960620973));
#7248=CARTESIAN_POINT('',(39.1000006109476,33.8537032031074,229.529823201018));
#7249=CARTESIAN_POINT('',(39.1000006109476,33.8537032031074,190.979020490451));
#7250=CARTESIAN_POINT('Origin',(38.5000006109476,33.2537032031073,229.529823201018));
#7251=CARTESIAN_POINT('Origin',(38.5000006109476,28.8537032031073,177.958040273097));
#7252=CARTESIAN_POINT('',(38.5000006109476,33.2537032031073,221.863156534352));
#7253=CARTESIAN_POINT('',(38.5000006109476,33.2537032031073,190.979020490451));
#7254=CARTESIAN_POINT('',(38.5000006109476,33.2537032031073,216.803512278082));
#7255=CARTESIAN_POINT('Origin',(38.5000006109476,33.8537032031074,219.333334406217));
#7256=CARTESIAN_POINT('',(38.5000006109476,33.2537032031073,214.196489867685));
#7257=CARTESIAN_POINT('',(38.5000006109476,33.2537032031073,190.979020490451));
#7258=CARTESIAN_POINT('',(38.5000006109476,33.2537032031073,209.136845611416));
#7259=CARTESIAN_POINT('Origin',(38.5000006109476,33.8537032031074,211.66666773955));
#7260=CARTESIAN_POINT('',(38.5000006109476,33.2537032031073,206.529823201018));
#7261=CARTESIAN_POINT('',(38.5000006109476,33.2537032031073,190.979020490451));
#7262=CARTESIAN_POINT('',(38.5000006109476,33.2537032031073,201.470178944749));
#7263=CARTESIAN_POINT('Origin',(38.5000006109476,33.8537032031074,204.000001072884));
#7264=CARTESIAN_POINT('',(38.5000006109476,33.2537032031073,198.863156534352));
#7265=CARTESIAN_POINT('',(38.5000006109476,33.2537032031073,190.979020490451));
#7266=CARTESIAN_POINT('',(38.5000006109476,33.2537032031073,193.803512278082));
#7267=CARTESIAN_POINT('Origin',(38.5000006109476,33.8537032031074,196.333334406217));
#7268=CARTESIAN_POINT('',(38.5000006109476,33.2537032031073,191.196489867685));
#7269=CARTESIAN_POINT('',(38.5000006109476,33.2537032031073,190.979020490451));
#7270=CARTESIAN_POINT('',(38.5000006109476,33.2537032031073,186.136845611416));
#7271=CARTESIAN_POINT('Origin',(38.5000006109476,33.8537032031074,188.66666773955));
#7272=CARTESIAN_POINT('',(38.5000006109476,33.2537032031073,183.529823201018));
#7273=CARTESIAN_POINT('',(38.5000006109476,33.2537032031073,190.979020490451));
#7274=CARTESIAN_POINT('',(38.5000006109476,33.2537032031073,178.470178944749));
#7275=CARTESIAN_POINT('Origin',(38.5000006109476,33.8537032031074,181.000001072884));
#7276=CARTESIAN_POINT('',(38.5000006109476,33.2537032031073,177.958040273097));
#7277=CARTESIAN_POINT('',(38.5000006109476,33.2537032031073,190.979020490451));
#7278=CARTESIAN_POINT('',(38.5000006109476,28.8537032031073,177.958040273097));
#7279=CARTESIAN_POINT('',(38.5000006109476,28.8537032031073,177.958040273097));
#7280=CARTESIAN_POINT('',(38.5000006109476,28.8537032031073,230.041960620973));
#7281=CARTESIAN_POINT('',(38.5000006109476,28.8537032031073,187.041355932886));
#7282=CARTESIAN_POINT('',(38.5000006109476,28.8537032031073,230.041960620973));
#7283=CARTESIAN_POINT('Origin',(38.8000006109476,33.5537032031073,190.979020490451));
#7284=CARTESIAN_POINT('',(39.1000006109476,33.8537032031074,224.470178944749));
#7285=CARTESIAN_POINT('Origin',(38.5000006109476,33.2537032031073,224.470178944749));
#7286=CARTESIAN_POINT('',(39.1000006109476,33.8537032031074,221.863156534352));
#7287=CARTESIAN_POINT('',(39.1000006109476,33.8537032031074,190.979020490451));
#7288=CARTESIAN_POINT('',(38.9556632376973,33.7093658298571,221.472808522209));
#7289=CARTESIAN_POINT('Origin',(38.5000006109476,33.2537032031073,221.863156534352));
#7290=CARTESIAN_POINT('Ctrl Pts',(38.5000006109476,33.2537032031073,221.863156534352));
#7291=CARTESIAN_POINT('Ctrl Pts',(38.7468783706454,33.5005809628052,221.66798252828));
#7292=CARTESIAN_POINT('Ctrl Pts',(38.9556632376973,33.7093658298571,221.472808522209));
#7293=CARTESIAN_POINT('Origin',(38.8000006109476,33.8537032031074,219.333334406217));
#7294=CARTESIAN_POINT('',(38.9556632376973,33.7093658298571,217.193860290225));
#7295=CARTESIAN_POINT('Ctrl Pts',(38.9556632376973,33.7093658298571,217.193860290225));
#7296=CARTESIAN_POINT('Ctrl Pts',(38.7468783706454,33.5005809628052,216.998686284153));
#7297=CARTESIAN_POINT('Ctrl Pts',(38.5000006109476,33.2537032031073,216.803512278082));
#7298=CARTESIAN_POINT('',(39.1000006109476,33.3921647415689,221.279351427859));
#7299=CARTESIAN_POINT('Ctrl Pts',(39.1000006109476,33.3921647415689,221.279351427859));
#7300=CARTESIAN_POINT('Ctrl Pts',(39.1000006109476,33.452972729045,221.293773308386));
#7301=CARTESIAN_POINT('Ctrl Pts',(39.0863846779879,33.5133727851679,221.318783565628));
#7302=CARTESIAN_POINT('Ctrl Pts',(39.0379616259875,33.6182539338866,221.382664145558));
#7303=CARTESIAN_POINT('Ctrl Pts',(39.0035577109661,33.6629912940823,221.421418412632));
#7304=CARTESIAN_POINT('Ctrl Pts',(38.9640343755808,33.7016044439187,221.463882733804));
#7305=CARTESIAN_POINT('Ctrl Pts',(38.9598829924316,33.7055204802073,221.46831975304));
#7306=CARTESIAN_POINT('Ctrl Pts',(38.9556632376974,33.7093658298571,221.472808522209));
#7307=CARTESIAN_POINT('',(39.1000006109476,33.3921647415689,217.387317384575));
#7308=CARTESIAN_POINT('Origin',(39.1000006109476,33.8537032031074,219.333334406217));
#7309=CARTESIAN_POINT('Ctrl Pts',(38.9556632376973,33.7093658298571,217.193860290225));
#7310=CARTESIAN_POINT('Ctrl Pts',(38.9598829924316,33.7055204802073,217.198349059394));
#7311=CARTESIAN_POINT('Ctrl Pts',(38.9640343755808,33.7016044439187,217.20278607863));
#7312=CARTESIAN_POINT('Ctrl Pts',(39.0035577109661,33.6629912940823,217.245250399801));
#7313=CARTESIAN_POINT('Ctrl Pts',(39.0379616259875,33.6182539338866,217.284004666875));
#7314=CARTESIAN_POINT('Ctrl Pts',(39.0863846779879,33.5133727851679,217.347885246806));
#7315=CARTESIAN_POINT('Ctrl Pts',(39.1000006109476,33.452972729045,217.372895504048));
#7316=CARTESIAN_POINT('Ctrl Pts',(39.1000006109476,33.3921647415689,217.387317384575));
#7317=CARTESIAN_POINT('Origin',(38.8000006109476,33.5537032031073,190.979020490451));
#7318=CARTESIAN_POINT('',(39.1000006109476,33.8537032031074,216.803512278082));
#7319=CARTESIAN_POINT('Origin',(38.5000006109476,33.2537032031073,216.803512278082));
#7320=CARTESIAN_POINT('',(39.1000006109476,33.8537032031074,214.196489867685));
#7321=CARTESIAN_POINT('',(39.1000006109476,33.8537032031074,190.979020490451));
#7322=CARTESIAN_POINT('',(38.9556632376973,33.7093658298571,213.806141855543));
#7323=CARTESIAN_POINT('Origin',(38.5000006109476,33.2537032031073,214.196489867685));
#7324=CARTESIAN_POINT('Ctrl Pts',(38.5000006109476,33.2537032031073,214.196489867685));
#7325=CARTESIAN_POINT('Ctrl Pts',(38.7468783706454,33.5005809628052,214.001315861614));
#7326=CARTESIAN_POINT('Ctrl Pts',(38.9556632376973,33.7093658298571,213.806141855543));
#7327=CARTESIAN_POINT('Origin',(42.0000006109476,33.2537032031073,216.803512278082));
#7328=CARTESIAN_POINT('',(41.4000006109476,33.3921647415689,217.387317384575));
#7329=CARTESIAN_POINT('',(42.0000006109476,33.3921647415689,217.387317384575));
#7330=CARTESIAN_POINT('',(41.5443379841979,33.7093658298571,217.193860290225));
#7331=CARTESIAN_POINT('Ctrl Pts',(41.4000006109476,33.3921647415689,217.387317384575));
#7332=CARTESIAN_POINT('Ctrl Pts',(41.4000006109476,33.452972729045,217.372895504048));
#7333=CARTESIAN_POINT('Ctrl Pts',(41.4136165439073,33.5133727851679,217.347885246806));
#7334=CARTESIAN_POINT('Ctrl Pts',(41.4620395959077,33.6182539338866,217.284004666875));
#7335=CARTESIAN_POINT('Ctrl Pts',(41.4964435109291,33.6629912940823,217.245250399801));
#7336=CARTESIAN_POINT('Ctrl Pts',(41.5359668463144,33.7016044439187,217.20278607863));
#7337=CARTESIAN_POINT('Ctrl Pts',(41.5401182294636,33.7055204802073,217.198349059394));
#7338=CARTESIAN_POINT('Ctrl Pts',(41.5443379841979,33.7093658298571,217.193860290225));
#7339=CARTESIAN_POINT('',(41.4000006109476,33.8537032031074,216.803512278082));
#7340=CARTESIAN_POINT('Origin',(42.0000006109476,33.2537032031073,216.803512278082));
#7341=CARTESIAN_POINT('',(42.0000006109476,33.8537032031074,216.803512278082));
#7342=CARTESIAN_POINT('Origin',(42.0000006109476,33.8537032031074,219.333334406217));
#7343=CARTESIAN_POINT('',(41.4000006109476,33.3921647415689,221.279351427859));
#7344=CARTESIAN_POINT('',(42.0000006109476,33.3921647415689,221.279351427859));
#7345=CARTESIAN_POINT('Origin',(41.4000006109476,33.8537032031074,219.333334406217));
#7346=CARTESIAN_POINT('Origin',(38.8000006109476,33.8537032031074,211.66666773955));
#7347=CARTESIAN_POINT('',(38.9556632376973,33.7093658298571,209.527193623558));
#7348=CARTESIAN_POINT('Ctrl Pts',(38.9556632376973,33.7093658298571,209.527193623558));
#7349=CARTESIAN_POINT('Ctrl Pts',(38.7468783706454,33.5005809628052,209.332019617487));
#7350=CARTESIAN_POINT('Ctrl Pts',(38.5000006109476,33.2537032031073,209.136845611416));
#7351=CARTESIAN_POINT('',(39.1000006109476,33.3921647415689,213.612684761192));
#7352=CARTESIAN_POINT('Ctrl Pts',(39.1000006109476,33.3921647415689,213.612684761192));
#7353=CARTESIAN_POINT('Ctrl Pts',(39.1000006109476,33.452972729045,213.627106641719));
#7354=CARTESIAN_POINT('Ctrl Pts',(39.0863846779879,33.5133727851679,213.652116898961));
#7355=CARTESIAN_POINT('Ctrl Pts',(39.0379616259875,33.6182539338866,213.715997478892));
#7356=CARTESIAN_POINT('Ctrl Pts',(39.0035577109661,33.6629912940823,213.754751745966));
#7357=CARTESIAN_POINT('Ctrl Pts',(38.9640343755808,33.7016044439187,213.797216067137));
#7358=CARTESIAN_POINT('Ctrl Pts',(38.9598829924316,33.7055204802073,213.801653086373));
#7359=CARTESIAN_POINT('Ctrl Pts',(38.9556632376973,33.7093658298571,213.806141855543));
#7360=CARTESIAN_POINT('',(39.1000006109476,33.3921647415689,209.720650717908));
#7361=CARTESIAN_POINT('Origin',(39.1000006109476,33.8537032031074,211.66666773955));
#7362=CARTESIAN_POINT('Ctrl Pts',(38.9556632376974,33.7093658298571,209.527193623558));
#7363=CARTESIAN_POINT('Ctrl Pts',(38.9598829924316,33.7055204802073,209.531682392727));
#7364=CARTESIAN_POINT('Ctrl Pts',(38.9640343755808,33.7016044439187,209.536119411964));
#7365=CARTESIAN_POINT('Ctrl Pts',(39.0035577109661,33.6629912940823,209.578583733135));
#7366=CARTESIAN_POINT('Ctrl Pts',(39.0379616259875,33.6182539338866,209.617338000209));
#7367=CARTESIAN_POINT('Ctrl Pts',(39.0863846779879,33.5133727851679,209.681218580139));
#7368=CARTESIAN_POINT('Ctrl Pts',(39.1000006109476,33.452972729045,209.706228837382));
#7369=CARTESIAN_POINT('Ctrl Pts',(39.1000006109476,33.3921647415689,209.720650717908));
#7370=CARTESIAN_POINT('Origin',(38.8000006109476,33.5537032031073,190.979020490451));
#7371=CARTESIAN_POINT('',(39.1000006109476,33.8537032031074,209.136845611416));
#7372=CARTESIAN_POINT('Origin',(38.5000006109476,33.2537032031073,209.136845611416));
#7373=CARTESIAN_POINT('',(39.1000006109476,33.8537032031074,206.529823201018));
#7374=CARTESIAN_POINT('',(39.1000006109476,33.8537032031074,190.979020490451));
#7375=CARTESIAN_POINT('',(38.9556632376973,33.7093658298571,206.139475188876));
#7376=CARTESIAN_POINT('Origin',(38.5000006109476,33.2537032031073,206.529823201018));
#7377=CARTESIAN_POINT('Ctrl Pts',(38.5000006109476,33.2537032031073,206.529823201018));
#7378=CARTESIAN_POINT('Ctrl Pts',(38.7468783706454,33.5005809628052,206.334649194947));
#7379=CARTESIAN_POINT('Ctrl Pts',(38.9556632376973,33.7093658298571,206.139475188876));
#7380=CARTESIAN_POINT('Origin',(42.0000006109476,33.2537032031073,209.136845611416));
#7381=CARTESIAN_POINT('',(41.4000006109476,33.3921647415689,209.720650717908));
#7382=CARTESIAN_POINT('',(42.0000006109476,33.3921647415689,209.720650717908));
#7383=CARTESIAN_POINT('',(41.5443379841979,33.7093658298571,209.527193623558));
#7384=CARTESIAN_POINT('Ctrl Pts',(41.4000006109476,33.3921647415689,209.720650717908));
#7385=CARTESIAN_POINT('Ctrl Pts',(41.4000006109476,33.452972729045,209.706228837382));
#7386=CARTESIAN_POINT('Ctrl Pts',(41.4136165439073,33.5133727851679,209.681218580139));
#7387=CARTESIAN_POINT('Ctrl Pts',(41.4620395959077,33.6182539338866,209.617338000209));
#7388=CARTESIAN_POINT('Ctrl Pts',(41.4964435109291,33.6629912940823,209.578583733135));
#7389=CARTESIAN_POINT('Ctrl Pts',(41.5359668463144,33.7016044439187,209.536119411964));
#7390=CARTESIAN_POINT('Ctrl Pts',(41.5401182294636,33.7055204802073,209.531682392727));
#7391=CARTESIAN_POINT('Ctrl Pts',(41.5443379841979,33.7093658298571,209.527193623558));
#7392=CARTESIAN_POINT('',(41.4000006109476,33.8537032031074,209.136845611416));
#7393=CARTESIAN_POINT('Origin',(42.0000006109476,33.2537032031073,209.136845611416));
#7394=CARTESIAN_POINT('',(42.0000006109476,33.8537032031074,209.136845611416));
#7395=CARTESIAN_POINT('Origin',(42.0000006109476,33.8537032031074,211.66666773955));
#7396=CARTESIAN_POINT('',(41.4000006109476,33.3921647415689,213.612684761192));
#7397=CARTESIAN_POINT('',(42.0000006109476,33.3921647415689,213.612684761192));
#7398=CARTESIAN_POINT('Origin',(41.4000006109476,33.8537032031074,211.66666773955));
#7399=CARTESIAN_POINT('Origin',(38.8000006109476,33.8537032031074,204.000001072884));
#7400=CARTESIAN_POINT('',(38.9556632376973,33.7093658298571,201.860526956891));
#7401=CARTESIAN_POINT('Ctrl Pts',(38.9556632376973,33.7093658298571,201.860526956891));
#7402=CARTESIAN_POINT('Ctrl Pts',(38.7468783706454,33.5005809628052,201.66535295082));
#7403=CARTESIAN_POINT('Ctrl Pts',(38.5000006109476,33.2537032031073,201.470178944749));
#7404=CARTESIAN_POINT('',(39.1000006109476,33.3921647415689,205.946018094526));
#7405=CARTESIAN_POINT('Ctrl Pts',(39.1000006109476,33.3921647415689,205.946018094526));
#7406=CARTESIAN_POINT('Ctrl Pts',(39.1000006109476,33.452972729045,205.960439975052));
#7407=CARTESIAN_POINT('Ctrl Pts',(39.0863846779879,33.5133727851679,205.985450232295));
#7408=CARTESIAN_POINT('Ctrl Pts',(39.0379616259875,33.6182539338866,206.049330812225));
#7409=CARTESIAN_POINT('Ctrl Pts',(39.0035577109661,33.6629912940823,206.088085079299));
#7410=CARTESIAN_POINT('Ctrl Pts',(38.9640343755808,33.7016044439187,206.13054940047));
#7411=CARTESIAN_POINT('Ctrl Pts',(38.9598829924316,33.7055204802073,206.134986419707));
#7412=CARTESIAN_POINT('Ctrl Pts',(38.9556632376973,33.7093658298571,206.139475188876));
#7413=CARTESIAN_POINT('',(39.1000006109476,33.3921647415689,202.053984051242));
#7414=CARTESIAN_POINT('Origin',(39.1000006109476,33.8537032031074,204.000001072884));
#7415=CARTESIAN_POINT('Ctrl Pts',(38.9556632376974,33.7093658298571,201.860526956891));
#7416=CARTESIAN_POINT('Ctrl Pts',(38.9598829924316,33.7055204802073,201.865015726061));
#7417=CARTESIAN_POINT('Ctrl Pts',(38.9640343755808,33.7016044439187,201.869452745297));
#7418=CARTESIAN_POINT('Ctrl Pts',(39.0035577109661,33.6629912940823,201.911917066468));
#7419=CARTESIAN_POINT('Ctrl Pts',(39.0379616259875,33.6182539338866,201.950671333542));
#7420=CARTESIAN_POINT('Ctrl Pts',(39.0863846779879,33.5133727851679,202.014551913473));
#7421=CARTESIAN_POINT('Ctrl Pts',(39.1000006109476,33.452972729045,202.039562170715));
#7422=CARTESIAN_POINT('Ctrl Pts',(39.1000006109476,33.3921647415689,202.053984051242));
#7423=CARTESIAN_POINT('Origin',(38.8000006109476,33.5537032031073,190.979020490451));
#7424=CARTESIAN_POINT('',(39.1000006109476,33.8537032031074,201.470178944749));
#7425=CARTESIAN_POINT('Origin',(38.5000006109476,33.2537032031073,201.470178944749));
#7426=CARTESIAN_POINT('',(39.1000006109476,33.8537032031074,190.979020490451));
#7427=CARTESIAN_POINT('Ctrl Pts',(38.5000006109476,33.2537032031073,198.863156534352));
#7428=CARTESIAN_POINT('Ctrl Pts',(38.7468783706454,33.5005809628052,198.66798252828));
#7429=CARTESIAN_POINT('Ctrl Pts',(38.9556632376973,33.7093658298571,198.472808522209));
#7430=CARTESIAN_POINT('Origin',(42.0000006109476,33.2537032031073,201.470178944749));
#7431=CARTESIAN_POINT('',(41.4000006109476,33.3921647415689,202.053984051242));
#7432=CARTESIAN_POINT('',(42.0000006109476,33.3921647415689,202.053984051242));
#7433=CARTESIAN_POINT('Ctrl Pts',(41.4000006109476,33.3921647415689,202.053984051242));
#7434=CARTESIAN_POINT('Ctrl Pts',(41.4000006109476,33.452972729045,202.039562170715));
#7435=CARTESIAN_POINT('Ctrl Pts',(41.4136165439073,33.5133727851679,202.014551913473));
#7436=CARTESIAN_POINT('Ctrl Pts',(41.4620395959077,33.6182539338866,201.950671333542));
#7437=CARTESIAN_POINT('Ctrl Pts',(41.4964435109291,33.6629912940823,201.911917066468));
#7438=CARTESIAN_POINT('Ctrl Pts',(41.5359668463145,33.7016044439188,201.869452745297));
#7439=CARTESIAN_POINT('Ctrl Pts',(41.5401182294636,33.7055204802073,201.865015726061));
#7440=CARTESIAN_POINT('Ctrl Pts',(41.5443379841979,33.7093658298571,201.860526956891));
#7441=CARTESIAN_POINT('',(42.0000006109476,33.8537032031074,201.470178944749));
#7442=CARTESIAN_POINT('Origin',(42.0000006109476,33.8537032031074,204.000001072884));
#7443=CARTESIAN_POINT('',(41.4000006109476,33.3921647415689,205.946018094526));
#7444=CARTESIAN_POINT('',(42.0000006109476,33.3921647415689,205.946018094526));
#7445=CARTESIAN_POINT('Origin',(41.4000006109476,33.8537032031074,204.000001072884));
#7446=CARTESIAN_POINT('Origin',(38.8000006109476,33.8537032031074,196.333334406217));
#7447=CARTESIAN_POINT('',(38.9556632376973,33.7093658298571,194.193860290225));
#7448=CARTESIAN_POINT('Ctrl Pts',(38.9556632376973,33.7093658298571,194.193860290225));
#7449=CARTESIAN_POINT('Ctrl Pts',(38.7468783706454,33.5005809628052,193.998686284153));
#7450=CARTESIAN_POINT('Ctrl Pts',(38.5000006109476,33.2537032031073,193.803512278082));
#7451=CARTESIAN_POINT('Ctrl Pts',(38.9556632376973,33.7093658298571,194.193860290225));
#7452=CARTESIAN_POINT('Ctrl Pts',(38.9598829924316,33.7055204802073,194.198349059394));
#7453=CARTESIAN_POINT('Ctrl Pts',(38.9640343755808,33.7016044439187,194.20278607863));
#7454=CARTESIAN_POINT('Ctrl Pts',(39.0035577109661,33.6629912940823,194.245250399801));
#7455=CARTESIAN_POINT('Ctrl Pts',(39.0379616259875,33.6182539338866,194.284004666875));
#7456=CARTESIAN_POINT('Ctrl Pts',(39.0863846779879,33.5133727851679,194.347885246806));
#7457=CARTESIAN_POINT('Ctrl Pts',(39.1000006109476,33.452972729045,194.372895504048));
#7458=CARTESIAN_POINT('Ctrl Pts',(39.1000006109476,33.3921647415689,194.387317384575));
#7459=CARTESIAN_POINT('Origin',(38.8000006109476,33.5537032031073,190.979020490451));
#7460=CARTESIAN_POINT('',(39.1000006109476,33.8537032031074,193.803512278082));
#7461=CARTESIAN_POINT('Origin',(38.5000006109476,33.2537032031073,193.803512278082));
#7462=CARTESIAN_POINT('',(39.1000006109476,33.8537032031074,191.196489867685));
#7463=CARTESIAN_POINT('',(39.1000006109476,33.8537032031074,190.979020490451));
#7464=CARTESIAN_POINT('',(38.9556632376973,33.7093658298571,190.806141855543));
#7465=CARTESIAN_POINT('Origin',(38.5000006109476,33.2537032031073,191.196489867685));
#7466=CARTESIAN_POINT('Ctrl Pts',(38.5000006109476,33.2537032031073,191.196489867685));
#7467=CARTESIAN_POINT('Ctrl Pts',(38.7468783706454,33.5005809628052,191.001315861614));
#7468=CARTESIAN_POINT('Ctrl Pts',(38.9556632376973,33.7093658298571,190.806141855543));
#7469=CARTESIAN_POINT('Origin',(38.8000006109476,33.8537032031074,188.66666773955));
#7470=CARTESIAN_POINT('',(38.9556632376973,33.7093658298571,186.527193623558));
#7471=CARTESIAN_POINT('Ctrl Pts',(38.9556632376973,33.7093658298571,186.527193623558));
#7472=CARTESIAN_POINT('Ctrl Pts',(38.7468783706454,33.5005809628052,186.332019617487));
#7473=CARTESIAN_POINT('Ctrl Pts',(38.5000006109476,33.2537032031073,186.136845611416));
#7474=CARTESIAN_POINT('',(39.1000006109476,33.3921647415689,190.612684761192));
#7475=CARTESIAN_POINT('Ctrl Pts',(39.1000006109476,33.3921647415689,190.612684761192));
#7476=CARTESIAN_POINT('Ctrl Pts',(39.1000006109476,33.452972729045,190.627106641719));
#7477=CARTESIAN_POINT('Ctrl Pts',(39.0863846779879,33.5133727851679,190.652116898961));
#7478=CARTESIAN_POINT('Ctrl Pts',(39.0379616259875,33.6182539338866,190.715997478892));
#7479=CARTESIAN_POINT('Ctrl Pts',(39.0035577109661,33.6629912940823,190.754751745966));
#7480=CARTESIAN_POINT('Ctrl Pts',(38.9640343755808,33.7016044439187,190.797216067137));
#7481=CARTESIAN_POINT('Ctrl Pts',(38.9598829924316,33.7055204802073,190.801653086373));
#7482=CARTESIAN_POINT('Ctrl Pts',(38.9556632376973,33.7093658298571,190.806141855543));
#7483=CARTESIAN_POINT('',(39.1000006109476,33.3921647415689,186.720650717908));
#7484=CARTESIAN_POINT('Origin',(39.1000006109476,33.8537032031074,188.66666773955));
#7485=CARTESIAN_POINT('Ctrl Pts',(38.9556632376974,33.7093658298571,186.527193623558));
#7486=CARTESIAN_POINT('Ctrl Pts',(38.9598829924316,33.7055204802073,186.531682392727));
#7487=CARTESIAN_POINT('Ctrl Pts',(38.9640343755808,33.7016044439187,186.536119411964));
#7488=CARTESIAN_POINT('Ctrl Pts',(39.0035577109661,33.6629912940823,186.578583733135));
#7489=CARTESIAN_POINT('Ctrl Pts',(39.0379616259875,33.6182539338866,186.617338000209));
#7490=CARTESIAN_POINT('Ctrl Pts',(39.0863846779879,33.5133727851679,186.681218580139));
#7491=CARTESIAN_POINT('Ctrl Pts',(39.1000006109476,33.452972729045,186.706228837382));
#7492=CARTESIAN_POINT('Ctrl Pts',(39.1000006109476,33.3921647415689,186.720650717908));
#7493=CARTESIAN_POINT('Origin',(38.8000006109476,33.5537032031073,190.979020490451));
#7494=CARTESIAN_POINT('',(39.1000006109476,33.8537032031074,186.136845611416));
#7495=CARTESIAN_POINT('Origin',(38.5000006109476,33.2537032031073,186.136845611416));
#7496=CARTESIAN_POINT('',(39.1000006109476,33.8537032031074,183.529823201018));
#7497=CARTESIAN_POINT('',(39.1000006109476,33.8537032031074,190.979020490451));
#7498=CARTESIAN_POINT('',(38.9556632376974,33.7093658298571,183.139475188876));
#7499=CARTESIAN_POINT('Origin',(38.5000006109476,33.2537032031073,183.529823201018));
#7500=CARTESIAN_POINT('Ctrl Pts',(38.5000006109476,33.2537032031073,183.529823201018));
#7501=CARTESIAN_POINT('Ctrl Pts',(38.7468783706454,33.5005809628052,183.334649194947));
#7502=CARTESIAN_POINT('Ctrl Pts',(38.9556632376974,33.7093658298571,183.139475188876));
#7503=CARTESIAN_POINT('Origin',(42.0000006109476,33.2537032031073,186.136845611416));
#7504=CARTESIAN_POINT('',(41.4000006109476,33.3921647415689,186.720650717908));
#7505=CARTESIAN_POINT('',(42.0000006109476,33.3921647415689,186.720650717908));
#7506=CARTESIAN_POINT('',(41.5443379841979,33.7093658298571,186.527193623558));
#7507=CARTESIAN_POINT('Ctrl Pts',(41.4000006109476,33.3921647415689,186.720650717908));
#7508=CARTESIAN_POINT('Ctrl Pts',(41.4000006109476,33.452972729045,186.706228837382));
#7509=CARTESIAN_POINT('Ctrl Pts',(41.4136165439073,33.5133727851679,186.681218580139));
#7510=CARTESIAN_POINT('Ctrl Pts',(41.4620395959077,33.6182539338866,186.617338000209));
#7511=CARTESIAN_POINT('Ctrl Pts',(41.4964435109291,33.6629912940823,186.578583733135));
#7512=CARTESIAN_POINT('Ctrl Pts',(41.5359668463144,33.7016044439187,186.536119411964));
#7513=CARTESIAN_POINT('Ctrl Pts',(41.5401182294636,33.7055204802073,186.531682392727));
#7514=CARTESIAN_POINT('Ctrl Pts',(41.5443379841979,33.7093658298571,186.527193623558));
#7515=CARTESIAN_POINT('',(41.4000006109476,33.8537032031074,186.136845611416));
#7516=CARTESIAN_POINT('Origin',(42.0000006109476,33.2537032031073,186.136845611416));
#7517=CARTESIAN_POINT('',(42.0000006109476,33.8537032031074,186.136845611416));
#7518=CARTESIAN_POINT('Origin',(42.0000006109476,33.8537032031074,188.66666773955));
#7519=CARTESIAN_POINT('',(41.4000006109476,33.3921647415689,190.612684761192));
#7520=CARTESIAN_POINT('',(42.0000006109476,33.3921647415689,190.612684761192));
#7521=CARTESIAN_POINT('Origin',(41.4000006109476,33.8537032031074,188.66666773955));
#7522=CARTESIAN_POINT('Origin',(38.8000006109476,33.8537032031074,181.000001072884));
#7523=CARTESIAN_POINT('',(38.9556632376974,33.7093658298571,178.860526956891));
#7524=CARTESIAN_POINT('Ctrl Pts',(38.9556632376974,33.7093658298571,178.860526956891));
#7525=CARTESIAN_POINT('Ctrl Pts',(38.7468783706451,33.5005809628048,178.66535295082));
#7526=CARTESIAN_POINT('Ctrl Pts',(38.5000006109469,33.2537032031066,178.470178944748));
#7527=CARTESIAN_POINT('',(39.1000006109476,33.3921647415689,182.946018094526));
#7528=CARTESIAN_POINT('Ctrl Pts',(39.1000006109476,33.3921647415689,182.946018094526));
#7529=CARTESIAN_POINT('Ctrl Pts',(39.1000006109476,33.452972729045,182.960439975052));
#7530=CARTESIAN_POINT('Ctrl Pts',(39.0863846779879,33.5133727851679,182.985450232295));
#7531=CARTESIAN_POINT('Ctrl Pts',(39.0379616259875,33.6182539338866,183.049330812225));
#7532=CARTESIAN_POINT('Ctrl Pts',(39.0035577109661,33.6629912940823,183.088085079299));
#7533=CARTESIAN_POINT('Ctrl Pts',(38.9640343755808,33.7016044439187,183.13054940047));
#7534=CARTESIAN_POINT('Ctrl Pts',(38.9598829924316,33.7055204802073,183.134986419707));
#7535=CARTESIAN_POINT('Ctrl Pts',(38.9556632376974,33.7093658298571,183.139475188876));
#7536=CARTESIAN_POINT('',(39.1000006109476,33.3921647415689,179.053984051242));
#7537=CARTESIAN_POINT('Origin',(39.1000006109476,33.8537032031074,181.000001072884));
#7538=CARTESIAN_POINT('Ctrl Pts',(38.9556632376974,33.7093658298571,178.860526956891));
#7539=CARTESIAN_POINT('Ctrl Pts',(38.9598829924316,33.7055204802073,178.865015726061));
#7540=CARTESIAN_POINT('Ctrl Pts',(38.9640343755808,33.7016044439187,178.869452745297));
#7541=CARTESIAN_POINT('Ctrl Pts',(39.0035577109661,33.6629912940823,178.911917066468));
#7542=CARTESIAN_POINT('Ctrl Pts',(39.0379616259875,33.6182539338866,178.950671333542));
#7543=CARTESIAN_POINT('Ctrl Pts',(39.0863846779879,33.5133727851679,179.014551913473));
#7544=CARTESIAN_POINT('Ctrl Pts',(39.1000006109476,33.452972729045,179.039562170715));
#7545=CARTESIAN_POINT('Ctrl Pts',(39.1000006109476,33.3921647415689,179.053984051241));
#7546=CARTESIAN_POINT('Origin',(42.0000006109476,33.2537032031073,183.529823201018));
#7547=CARTESIAN_POINT('',(41.4000006109476,33.8537032031074,183.529823201018));
#7548=CARTESIAN_POINT('',(42.0000006109476,33.8537032031074,183.529823201018));
#7549=CARTESIAN_POINT('',(41.5443379841979,33.7093658298571,183.139475188876));
#7550=CARTESIAN_POINT('Origin',(42.0000006109476,33.2537032031073,183.529823201018));
#7551=CARTESIAN_POINT('',(41.4000006109476,33.3921647415689,182.946018094526));
#7552=CARTESIAN_POINT('Ctrl Pts',(41.5443379841979,33.7093658298571,183.139475188876));
#7553=CARTESIAN_POINT('Ctrl Pts',(41.5401182294636,33.7055204802073,183.134986419707));
#7554=CARTESIAN_POINT('Ctrl Pts',(41.5359668463144,33.7016044439187,183.13054940047));
#7555=CARTESIAN_POINT('Ctrl Pts',(41.4964435109291,33.6629912940823,183.088085079299));
#7556=CARTESIAN_POINT('Ctrl Pts',(41.4620395959077,33.6182539338866,183.049330812225));
#7557=CARTESIAN_POINT('Ctrl Pts',(41.4136165439073,33.5133727851679,182.985450232295));
#7558=CARTESIAN_POINT('Ctrl Pts',(41.4000006109476,33.452972729045,182.960439975052));
#7559=CARTESIAN_POINT('Ctrl Pts',(41.4000006109476,33.3921647415689,182.946018094526));
#7560=CARTESIAN_POINT('',(42.0000006109476,33.3921647415689,182.946018094526));
#7561=CARTESIAN_POINT('Origin',(41.7000006109476,33.8537032031074,181.000001072884));
#7562=CARTESIAN_POINT('Ctrl Pts',(41.5443379841979,33.7093658298571,183.139475188876));
#7563=CARTESIAN_POINT('Ctrl Pts',(41.7531228512498,33.5005809628051,183.334649194947));
#7564=CARTESIAN_POINT('Ctrl Pts',(42.0000006109476,33.2537032031073,183.529823201018));
#7565=CARTESIAN_POINT('',(41.5443379841979,33.7093658298571,178.860526956891));
#7566=CARTESIAN_POINT('Ctrl Pts',(42.0000006109476,33.2537032031073,178.470178944749));
#7567=CARTESIAN_POINT('Ctrl Pts',(41.7531228512498,33.5005809628051,178.66535295082));
#7568=CARTESIAN_POINT('Ctrl Pts',(41.5443379841979,33.7093658298571,178.860526956891));
#7569=CARTESIAN_POINT('',(41.4000006109476,33.3921647415689,179.053984051242));
#7570=CARTESIAN_POINT('Ctrl Pts',(41.4000006109476,33.3921647415689,179.053984051241));
#7571=CARTESIAN_POINT('Ctrl Pts',(41.4000006109476,33.452972729045,179.039562170715));
#7572=CARTESIAN_POINT('Ctrl Pts',(41.4136165439073,33.5133727851679,179.014551913473));
#7573=CARTESIAN_POINT('Ctrl Pts',(41.4620395959078,33.6182539338866,178.950671333542));
#7574=CARTESIAN_POINT('Ctrl Pts',(41.4964435109291,33.6629912940823,178.911917066468));
#7575=CARTESIAN_POINT('Ctrl Pts',(41.5359668463144,33.7016044439187,178.869452745297));
#7576=CARTESIAN_POINT('Ctrl Pts',(41.5401182294636,33.7055204802073,178.865015726061));
#7577=CARTESIAN_POINT('Ctrl Pts',(41.5443379841979,33.7093658298571,178.860526956891));
#7578=CARTESIAN_POINT('Origin',(41.4000006109476,33.8537032031074,181.000001072884));
#7579=CARTESIAN_POINT('Origin',(41.7000006109476,33.5537032031073,218.500001009554));
#7580=CARTESIAN_POINT('',(41.4000006109476,33.8537032031074,218.500001009554));
#7581=CARTESIAN_POINT('Ctrl Pts',(42.0000006109476,33.2537032031073,186.136845611416));
#7582=CARTESIAN_POINT('Ctrl Pts',(41.7531228512498,33.5005809628052,186.332019617487));
#7583=CARTESIAN_POINT('Ctrl Pts',(41.5443379841979,33.7093658298571,186.527193623558));
#7584=CARTESIAN_POINT('Origin',(42.0000006109476,33.8537032031074,181.000001072884));
#7585=CARTESIAN_POINT('',(42.0000006109476,33.3921647415689,179.053984051242));
#7586=CARTESIAN_POINT('Origin',(41.7000006109476,33.8537032031074,188.66666773955));
#7587=CARTESIAN_POINT('',(41.5443379841979,33.7093658298571,190.806141855543));
#7588=CARTESIAN_POINT('Ctrl Pts',(41.5443379841979,33.7093658298571,190.806141855543));
#7589=CARTESIAN_POINT('Ctrl Pts',(41.7531228512498,33.5005809628052,191.001315861614));
#7590=CARTESIAN_POINT('Ctrl Pts',(42.0000006109476,33.2537032031073,191.196489867685));
#7591=CARTESIAN_POINT('Ctrl Pts',(41.5443379841979,33.7093658298571,190.806141855543));
#7592=CARTESIAN_POINT('Ctrl Pts',(41.5401182294636,33.7055204802073,190.801653086373));
#7593=CARTESIAN_POINT('Ctrl Pts',(41.5359668463144,33.7016044439187,190.797216067137));
#7594=CARTESIAN_POINT('Ctrl Pts',(41.4964435109291,33.6629912940823,190.754751745966));
#7595=CARTESIAN_POINT('Ctrl Pts',(41.4620395959077,33.6182539338866,190.715997478892));
#7596=CARTESIAN_POINT('Ctrl Pts',(41.4136165439073,33.5133727851679,190.652116898961));
#7597=CARTESIAN_POINT('Ctrl Pts',(41.4000006109476,33.452972729045,190.627106641719));
#7598=CARTESIAN_POINT('Ctrl Pts',(41.4000006109476,33.3921647415689,190.612684761192));
#7599=CARTESIAN_POINT('Origin',(41.7000006109476,33.8537032031074,204.000001072884));
#7600=CARTESIAN_POINT('',(41.5443379841979,33.7093658298571,206.139475188876));
#7601=CARTESIAN_POINT('Ctrl Pts',(41.5443379841979,33.7093658298571,206.139475188876));
#7602=CARTESIAN_POINT('Ctrl Pts',(41.7531228512498,33.5005809628052,206.334649194947));
#7603=CARTESIAN_POINT('Ctrl Pts',(42.0000006109476,33.2537032031073,206.529823201018));
#7604=CARTESIAN_POINT('Ctrl Pts',(41.5443379841979,33.7093658298571,206.139475188876));
#7605=CARTESIAN_POINT('Ctrl Pts',(41.5401182294636,33.7055204802073,206.134986419707));
#7606=CARTESIAN_POINT('Ctrl Pts',(41.5359668463144,33.7016044439187,206.13054940047));
#7607=CARTESIAN_POINT('Ctrl Pts',(41.4964435109291,33.6629912940823,206.088085079299));
#7608=CARTESIAN_POINT('Ctrl Pts',(41.4620395959077,33.6182539338866,206.049330812225));
#7609=CARTESIAN_POINT('Ctrl Pts',(41.4136165439073,33.5133727851679,205.985450232295));
#7610=CARTESIAN_POINT('Ctrl Pts',(41.4000006109476,33.452972729045,205.960439975052));
#7611=CARTESIAN_POINT('Ctrl Pts',(41.4000006109476,33.3921647415689,205.946018094526));
#7612=CARTESIAN_POINT('Origin',(41.7000006109476,33.8537032031074,211.66666773955));
#7613=CARTESIAN_POINT('',(41.5443379841979,33.7093658298571,213.806141855543));
#7614=CARTESIAN_POINT('Ctrl Pts',(41.5443379841979,33.7093658298571,213.806141855543));
#7615=CARTESIAN_POINT('Ctrl Pts',(41.7531228512498,33.5005809628052,214.001315861614));
#7616=CARTESIAN_POINT('Ctrl Pts',(42.0000006109476,33.2537032031073,214.196489867685));
#7617=CARTESIAN_POINT('Ctrl Pts',(42.0000006109476,33.2537032031073,209.136845611416));
#7618=CARTESIAN_POINT('Ctrl Pts',(41.7531228512498,33.5005809628052,209.332019617487));
#7619=CARTESIAN_POINT('Ctrl Pts',(41.5443379841979,33.7093658298571,209.527193623558));
#7620=CARTESIAN_POINT('Ctrl Pts',(41.5443379841979,33.7093658298571,213.806141855543));
#7621=CARTESIAN_POINT('Ctrl Pts',(41.5401182294636,33.7055204802073,213.801653086373));
#7622=CARTESIAN_POINT('Ctrl Pts',(41.5359668463144,33.7016044439187,213.797216067137));
#7623=CARTESIAN_POINT('Ctrl Pts',(41.4964435109291,33.6629912940823,213.754751745966));
#7624=CARTESIAN_POINT('Ctrl Pts',(41.4620395959077,33.6182539338866,213.715997478892));
#7625=CARTESIAN_POINT('Ctrl Pts',(41.4136165439073,33.5133727851679,213.652116898961));
#7626=CARTESIAN_POINT('Ctrl Pts',(41.4000006109476,33.452972729045,213.627106641719));
#7627=CARTESIAN_POINT('Ctrl Pts',(41.4000006109476,33.3921647415689,213.612684761192));
#7628=CARTESIAN_POINT('Origin',(41.7000006109476,33.5537032031073,218.500001009554));
#7629=CARTESIAN_POINT('',(41.4000006109476,33.8537032031074,214.196489867685));
#7630=CARTESIAN_POINT('Origin',(42.0000006109476,33.2537032031073,214.196489867685));
#7631=CARTESIAN_POINT('',(41.4000006109476,33.8537032031074,218.500001009554));
#7632=CARTESIAN_POINT('Ctrl Pts',(42.0000006109476,33.2537032031073,216.803512278082));
#7633=CARTESIAN_POINT('Ctrl Pts',(41.7531228512498,33.5005809628052,216.998686284153));
#7634=CARTESIAN_POINT('Ctrl Pts',(41.5443379841979,33.7093658298571,217.193860290225));
#7635=CARTESIAN_POINT('Origin',(42.0000006109476,33.2537032031073,214.196489867685));
#7636=CARTESIAN_POINT('',(42.0000006109476,33.8537032031074,214.196489867685));
#7637=CARTESIAN_POINT('Origin',(41.7000006109476,33.8537032031074,227.000001072884));
#7638=CARTESIAN_POINT('',(41.5443379841979,33.7093658298571,229.139475188876));
#7639=CARTESIAN_POINT('Ctrl Pts',(41.5443379841979,33.7093658298571,229.139475188876));
#7640=CARTESIAN_POINT('Ctrl Pts',(41.7531228512498,33.5005809628052,229.334649194947));
#7641=CARTESIAN_POINT('Ctrl Pts',(42.0000006109476,33.2537032031073,229.529823201018));
#7642=CARTESIAN_POINT('',(41.5443379841979,33.7093658298571,224.860526956891));
#7643=CARTESIAN_POINT('Ctrl Pts',(42.0000006109476,33.2537032031073,224.470178944749));
#7644=CARTESIAN_POINT('Ctrl Pts',(41.7531228512498,33.5005809628052,224.66535295082));
#7645=CARTESIAN_POINT('Ctrl Pts',(41.5443379841979,33.7093658298571,224.860526956891));
#7646=CARTESIAN_POINT('',(41.4000006109476,33.3921647415689,225.053984051242));
#7647=CARTESIAN_POINT('Ctrl Pts',(41.4000006109476,33.3921647415689,225.053984051242));
#7648=CARTESIAN_POINT('Ctrl Pts',(41.4000006109476,33.452972729045,225.039562170715));
#7649=CARTESIAN_POINT('Ctrl Pts',(41.4136165439073,33.5133727851679,225.014551913473));
#7650=CARTESIAN_POINT('Ctrl Pts',(41.4620395959077,33.6182539338866,224.950671333542));
#7651=CARTESIAN_POINT('Ctrl Pts',(41.4964435109291,33.6629912940823,224.911917066468));
#7652=CARTESIAN_POINT('Ctrl Pts',(41.5359668463144,33.7016044439187,224.869452745297));
#7653=CARTESIAN_POINT('Ctrl Pts',(41.5401182294636,33.7055204802073,224.865015726061));
#7654=CARTESIAN_POINT('Ctrl Pts',(41.5443379841979,33.7093658298571,224.860526956891));
#7655=CARTESIAN_POINT('',(41.4000006109476,33.3921647415689,228.946018094526));
#7656=CARTESIAN_POINT('Origin',(41.4000006109476,33.8537032031074,227.000001072884));
#7657=CARTESIAN_POINT('Ctrl Pts',(41.5443379841979,33.7093658298571,229.139475188876));
#7658=CARTESIAN_POINT('Ctrl Pts',(41.5401182294636,33.7055204802073,229.134986419707));
#7659=CARTESIAN_POINT('Ctrl Pts',(41.5359668463144,33.7016044439187,229.13054940047));
#7660=CARTESIAN_POINT('Ctrl Pts',(41.4964435109291,33.6629912940823,229.088085079299));
#7661=CARTESIAN_POINT('Ctrl Pts',(41.4620395959077,33.6182539338866,229.049330812225));
#7662=CARTESIAN_POINT('Ctrl Pts',(41.4136165439073,33.5133727851679,228.985450232295));
#7663=CARTESIAN_POINT('Ctrl Pts',(41.4000006109476,33.452972729045,228.960439975052));
#7664=CARTESIAN_POINT('Ctrl Pts',(41.4000006109476,33.3921647415689,228.946018094526));
#7665=CARTESIAN_POINT('Origin',(42.0000006109476,33.2537032031073,224.470178944749));
#7666=CARTESIAN_POINT('',(42.0000006109476,33.3921647415689,225.053984051242));
#7667=CARTESIAN_POINT('',(41.4000006109476,33.8537032031074,224.470178944749));
#7668=CARTESIAN_POINT('Origin',(42.0000006109476,33.2537032031073,224.470178944749));
#7669=CARTESIAN_POINT('',(42.0000006109476,33.8537032031074,224.470178944749));
#7670=CARTESIAN_POINT('Origin',(41.7000006109476,33.5537032031073,218.500001009554));
#7671=CARTESIAN_POINT('',(41.5443379841979,33.7093658298571,221.472808522209));
#7672=CARTESIAN_POINT('Ctrl Pts',(41.5443379841979,33.7093658298571,221.472808522209));
#7673=CARTESIAN_POINT('Ctrl Pts',(41.7531228512498,33.5005809628052,221.66798252828));
#7674=CARTESIAN_POINT('Ctrl Pts',(42.0000006109476,33.2537032031073,221.863156534352));
#7675=CARTESIAN_POINT('',(41.4000006109476,33.8537032031074,221.863156534352));
#7676=CARTESIAN_POINT('Origin',(42.0000006109476,33.2537032031073,221.863156534352));
#7677=CARTESIAN_POINT('',(41.4000006109476,33.8537032031074,218.500001009554));
#7678=CARTESIAN_POINT('Origin',(41.7000006109476,33.8537032031074,219.333334406217));
#7679=CARTESIAN_POINT('Ctrl Pts',(41.5443379841979,33.7093658298571,221.472808522209));
#7680=CARTESIAN_POINT('Ctrl Pts',(41.5401182294636,33.7055204802073,221.46831975304));
#7681=CARTESIAN_POINT('Ctrl Pts',(41.5359668463144,33.7016044439188,221.463882733804));
#7682=CARTESIAN_POINT('Ctrl Pts',(41.4964435109291,33.6629912940823,221.421418412632));
#7683=CARTESIAN_POINT('Ctrl Pts',(41.4620395959077,33.6182539338866,221.382664145558));
#7684=CARTESIAN_POINT('Ctrl Pts',(41.4136165439073,33.5133727851679,221.318783565628));
#7685=CARTESIAN_POINT('Ctrl Pts',(41.4000006109476,33.452972729045,221.293773308386));
#7686=CARTESIAN_POINT('Ctrl Pts',(41.4000006109476,33.3921647415689,221.279351427859));
#7687=CARTESIAN_POINT('Origin',(42.0000006109476,33.2537032031073,216.803512278082));
#7688=CARTESIAN_POINT('',(13.9000001788139,33.8537032031074,216.803512278082));
#7689=CARTESIAN_POINT('Origin',(14.5000001788139,33.2537032031073,216.803512278082));
#7690=CARTESIAN_POINT('',(42.0000006109476,33.8537032031074,216.803512278082));
#7691=CARTESIAN_POINT('Origin',(42.0000006109476,33.2537032031073,221.863156534352));
#7692=CARTESIAN_POINT('',(42.0000006109476,33.8537032031074,221.863156534352));
#7693=CARTESIAN_POINT('Origin',(42.0000006109476,33.2537032031073,229.529823201018));
#7694=CARTESIAN_POINT('',(11.6000001788139,33.8537032031074,229.529823201018));
#7695=CARTESIAN_POINT('Origin',(11.0000001788139,33.2537032031073,229.529823201018));
#7696=CARTESIAN_POINT('',(13.9000001788139,33.8537032031074,229.529823201018));
#7697=CARTESIAN_POINT('',(42.0000006109476,33.8537032031074,229.529823201018));
#7698=CARTESIAN_POINT('Origin',(14.5000001788139,33.2537032031073,229.529823201018));
#7699=CARTESIAN_POINT('Origin',(11.3000001788139,33.5537032031073,189.50000057742));
#7700=CARTESIAN_POINT('',(11.6000001788139,33.8537032031074,234.000001311302));
#7701=CARTESIAN_POINT('',(11.0000001788139,33.2537032031073,234.000001311302));
#7702=CARTESIAN_POINT('',(11.6000001788139,33.8537032031074,189.50000057742));
#7703=CARTESIAN_POINT('Origin',(26.5000003948808,33.8537032031074,204.000000707805));
#7704=CARTESIAN_POINT('Origin',(42.0000006109476,33.8537032031074,227.000001072884));
#7705=CARTESIAN_POINT('',(42.0000006109476,33.3921647415689,228.946018094526));
#7706=CARTESIAN_POINT('Origin',(42.0000006109476,33.2537032031073,229.529823201018));
#7707=CARTESIAN_POINT('',(41.4000006109476,33.8537032031074,229.529823201018));
#7708=CARTESIAN_POINT('',(42.0000006109476,33.8537032031074,229.529823201018));
#7709=CARTESIAN_POINT('Origin',(42.0000006109476,33.2537032031073,229.529823201018));
#7710=CARTESIAN_POINT('Origin',(41.7000006109476,33.5537032031073,218.500001009554));
#7711=CARTESIAN_POINT('',(41.4000006109476,33.8537032031074,234.000001356006));
#7712=CARTESIAN_POINT('',(41.4000006109476,33.8537032031074,218.500001009554));
#7713=CARTESIAN_POINT('',(42.0000006109476,33.2537032031073,234.000001356006));
#7714=CARTESIAN_POINT('Origin',(26.5000003948808,33.8537032031074,204.000000707805));
#7715=CARTESIAN_POINT('',(14.0000002235175,33.8537032031074,236.400001356006));
#7716=CARTESIAN_POINT('Origin',(14.0000002235175,33.8537032031074,234.000001311302));
#7717=CARTESIAN_POINT('',(39.0000006109476,33.8537032031074,236.400001356006));
#7718=CARTESIAN_POINT('',(20.7500003091991,33.8537032031074,236.400001356006));
#7719=CARTESIAN_POINT('Origin',(39.0000006109476,33.8537032031074,234.000001356006));
#7720=CARTESIAN_POINT('',(35.8669277914928,33.8537032031074,234.100001356006));
#7721=CARTESIAN_POINT('Origin',(38.0000002235174,33.8537032031074,233.000000447035));
#7722=CARTESIAN_POINT('',(17.133072655542,33.8537032031074,234.100001356006));
#7723=CARTESIAN_POINT('',(30.7709804402463,33.8537032031074,234.100001356006));
#7724=CARTESIAN_POINT('',(13.9000001788139,33.8537032031074,230.866927569318));
#7725=CARTESIAN_POINT('Origin',(15.0000002235174,33.8537032031074,233.000000447035));
#7726=CARTESIAN_POINT('',(13.9000001788139,33.8537032031074,217.020980635423));
#7727=CARTESIAN_POINT('',(16.6000002235174,33.8537032031074,233.000000447035));
#7728=CARTESIAN_POINT('Origin',(15.0000002235174,33.8537032031074,233.000000447035));
#7729=CARTESIAN_POINT('',(39.6000002235174,33.8537032031074,233.000000447035));
#7730=CARTESIAN_POINT('Origin',(38.0000002235174,33.8537032031074,233.000000447035));
#7731=CARTESIAN_POINT('Origin',(41.7000006109476,33.5537032031073,218.500001009554));
#7732=CARTESIAN_POINT('',(41.4000006109476,33.8537032031074,206.529823201018));
#7733=CARTESIAN_POINT('Origin',(42.0000006109476,33.2537032031073,206.529823201018));
#7734=CARTESIAN_POINT('',(41.4000006109476,33.8537032031074,218.500001009554));
#7735=CARTESIAN_POINT('Origin',(42.0000006109476,33.8537032031074,211.66666773955));
#7736=CARTESIAN_POINT('',(42.0000006109476,33.3921647415689,213.612684761192));
#7737=CARTESIAN_POINT('Origin',(42.0000006109476,33.2537032031073,214.196489867685));
#7738=CARTESIAN_POINT('',(13.9000001788139,33.8537032031074,214.196489867685));
#7739=CARTESIAN_POINT('',(42.0000006109476,33.8537032031074,214.196489867685));
#7740=CARTESIAN_POINT('Origin',(14.5000001788139,33.2537032031073,214.196489867685));
#7741=CARTESIAN_POINT('Origin',(42.0000006109476,33.8537032031074,204.000001072884));
#7742=CARTESIAN_POINT('',(42.0000006109476,33.3921647415689,202.053984051242));
#7743=CARTESIAN_POINT('Origin',(42.0000006109476,33.2537032031073,206.529823201018));
#7744=CARTESIAN_POINT('',(42.0000006109476,33.8537032031074,206.529823201018));
#7745=CARTESIAN_POINT('Origin',(42.0000006109476,33.2537032031073,201.470178944749));
#7746=CARTESIAN_POINT('',(42.0000006109476,33.8537032031074,201.470178944749));
#7747=CARTESIAN_POINT('Origin',(42.0000006109476,33.2537032031073,193.803512278082));
#7748=CARTESIAN_POINT('',(41.4000006109476,33.8537032031074,193.803512278082));
#7749=CARTESIAN_POINT('Origin',(42.0000006109476,33.2537032031073,193.803512278082));
#7750=CARTESIAN_POINT('',(42.0000006109476,33.8537032031074,193.803512278082));
#7751=CARTESIAN_POINT('Origin',(41.7000006109476,33.5537032031073,218.500001009554));
#7752=CARTESIAN_POINT('',(41.4000006109476,33.8537032031074,191.196489867685));
#7753=CARTESIAN_POINT('Origin',(42.0000006109476,33.2537032031073,191.196489867685));
#7754=CARTESIAN_POINT('',(41.4000006109476,33.8537032031074,218.500001009554));
#7755=CARTESIAN_POINT('Origin',(42.0000006109476,33.8537032031074,196.333334406217));
#7756=CARTESIAN_POINT('',(42.0000006109476,33.3921647415689,198.279351427859));
#7757=CARTESIAN_POINT('Origin',(42.0000006109476,33.2537032031073,198.863156534352));
#7758=CARTESIAN_POINT('',(42.0000006109476,33.8537032031074,198.863156534352));
#7759=CARTESIAN_POINT('Origin',(42.0000006109476,33.2537032031073,178.470178944749));
#7760=CARTESIAN_POINT('',(13.9000001788139,33.8537032031074,178.470178944749));
#7761=CARTESIAN_POINT('Origin',(14.5000001788139,33.2537032031073,178.470178944749));
#7762=CARTESIAN_POINT('',(42.0000006109476,33.8537032031074,178.470178944749));
#7763=CARTESIAN_POINT('Origin',(14.2000001788139,33.5537032031073,217.020980635423));
#7764=CARTESIAN_POINT('',(13.9000001788139,33.8537032031074,177.133073375049));
#7765=CARTESIAN_POINT('Ctrl Pts',(13.9000001788139,33.8537032031074,177.133073375049));
#7766=CARTESIAN_POINT('Ctrl Pts',(14.0811700213219,33.6725333605994,177.430341441531));
#7767=CARTESIAN_POINT('Ctrl Pts',(14.2872529234349,33.4664504584864,177.706314425859));
#7768=CARTESIAN_POINT('Ctrl Pts',(14.5000001788139,33.2537032031073,177.958040376366));
#7769=CARTESIAN_POINT('',(13.9000001788139,33.8537032031074,217.020980635423));
#7770=CARTESIAN_POINT('Origin',(42.0000006109476,33.2537032031073,178.470178944749));
#7771=CARTESIAN_POINT('',(41.4000006109476,33.8537032031074,178.470178944749));
#7772=CARTESIAN_POINT('Origin',(42.0000006109476,33.2537032031073,178.470178944749));
#7773=CARTESIAN_POINT('',(39.1000006109476,33.8537032031074,178.470178944749));
#7774=CARTESIAN_POINT('',(42.0000006109476,33.8537032031074,178.470178944749));
#7775=CARTESIAN_POINT('Origin',(38.5000006109476,33.2537032031073,178.470178944749));
#7776=CARTESIAN_POINT('Origin',(41.7000006109476,33.5537032031073,218.500001009554));
#7777=CARTESIAN_POINT('',(41.4000006109476,33.8537032031074,174.000000789762));
#7778=CARTESIAN_POINT('',(42.0000006109476,33.2537032031073,174.000000789762));
#7779=CARTESIAN_POINT('',(41.4000006109476,33.8537032031074,218.500001009554));
#7780=CARTESIAN_POINT('Origin',(42.0000006109476,33.8537032031074,188.66666773955));
#7781=CARTESIAN_POINT('',(42.0000006109476,33.3921647415689,186.720650717908));
#7782=CARTESIAN_POINT('Origin',(42.0000006109476,33.2537032031073,186.136845611416));
#7783=CARTESIAN_POINT('',(42.0000006109476,33.8537032031074,186.136845611416));
#7784=CARTESIAN_POINT('Origin',(42.0000006109476,33.2537032031073,191.196489867685));
#7785=CARTESIAN_POINT('',(42.0000006109476,33.8537032031074,191.196489867685));
#7786=CARTESIAN_POINT('Origin',(14.2000001788139,33.5537032031073,217.020980635423));
#7787=CARTESIAN_POINT('Ctrl Pts',(13.9000001788139,33.8537032031074,230.866927569318));
#7788=CARTESIAN_POINT('Ctrl Pts',(14.0811700207005,33.6725333612208,230.569659500643));
#7789=CARTESIAN_POINT('Ctrl Pts',(14.2872529230738,33.4664504588475,230.293686514618));
#7790=CARTESIAN_POINT('Ctrl Pts',(14.5000001788139,33.2537032031073,230.041960563041));
#7791=CARTESIAN_POINT('Origin',(14.2000001788139,33.5537032031073,217.020980635423));
#7792=CARTESIAN_POINT('',(13.9000001788139,33.8537032031074,217.020980635423));
#7793=CARTESIAN_POINT('Origin',(38.8000006109476,33.5537032031073,190.979020490451));
#7794=CARTESIAN_POINT('',(39.1000006109476,33.8537032031074,177.133073148012));
#7795=CARTESIAN_POINT('',(39.1000006109476,33.8537032031074,190.979020490451));
#7796=CARTESIAN_POINT('Ctrl Pts',(39.1000006109476,33.8537032031074,177.133073148012));
#7797=CARTESIAN_POINT('Ctrl Pts',(38.9188307750892,33.672533367249,177.430341260535));
#7798=CARTESIAN_POINT('Ctrl Pts',(38.71274787137,33.4664504635298,177.7063142864));
#7799=CARTESIAN_POINT('Ctrl Pts',(38.5000006109476,33.2537032031073,177.958040273097));
#7800=CARTESIAN_POINT('Origin',(26.5000003948808,33.8537032031074,204.000000707805));
#7801=CARTESIAN_POINT('Origin',(26.5000003948808,33.8537032031074,204.000000707805));
#7802=CARTESIAN_POINT('Origin',(26.5000003948808,33.8537032031074,204.000000707805));
#7803=CARTESIAN_POINT('Origin',(26.5000003948808,33.8537032031074,204.000000707805));
#7804=CARTESIAN_POINT('Origin',(26.5000003948808,33.8537032031074,204.000000707805));
#7805=CARTESIAN_POINT('Origin',(26.5000003948808,33.8537032031074,204.000000707805));
#7806=CARTESIAN_POINT('',(17.1330731515321,33.8537032031074,173.900000402331));
#7807=CARTESIAN_POINT('Origin',(15.0000002235174,33.8537032031074,175.000000447035));
#7808=CARTESIAN_POINT('',(35.8669273458003,33.8537032031074,173.900000402331));
#7809=CARTESIAN_POINT('',(22.229020273235,33.8537032031074,173.900000402331));
#7810=CARTESIAN_POINT('Origin',(38.0000002235174,33.8537032031074,175.000000447035));
#7811=CARTESIAN_POINT('',(39.0000002235174,33.8537032031074,171.600000402331));
#7812=CARTESIAN_POINT('Origin',(39.0000002235174,33.8537032031074,174.000000789762));
#7813=CARTESIAN_POINT('',(14.0000002235174,33.8537032031074,171.600000402331));
#7814=CARTESIAN_POINT('',(32.2500004805624,33.8537032031074,171.600000402331));
#7815=CARTESIAN_POINT('Origin',(14.0000002235174,33.8537032031074,174.000000447035));
#7816=CARTESIAN_POINT('',(39.6000002235174,33.8537032031074,175.000000447035));
#7817=CARTESIAN_POINT('Origin',(38.0000002235174,33.8537032031074,175.000000447035));
#7818=CARTESIAN_POINT('',(16.6000002235174,33.8537032031074,175.000000447035));
#7819=CARTESIAN_POINT('Origin',(15.0000002235174,33.8537032031074,175.000000447035));
#7820=CARTESIAN_POINT('Origin',(26.5000003948808,33.8537032031074,204.000000707805));
#7821=CARTESIAN_POINT('Origin',(26.5000003948808,33.8537032031074,204.000000707805));
#7822=CARTESIAN_POINT('Origin',(26.5000003948808,33.8537032031074,204.000000707805));
#7823=CARTESIAN_POINT('Origin',(26.5000003948808,33.8537032031074,204.000000707805));
#7824=CARTESIAN_POINT('Origin',(26.5000003948808,33.8537032031074,204.000000707805));
#7825=CARTESIAN_POINT('Origin',(26.5000003948808,33.8537032031074,204.000000707805));
#7826=CARTESIAN_POINT('Origin',(14.0000002235175,33.5537032031073,234.000001311302));
#7827=CARTESIAN_POINT('',(14.0000002235175,33.2537032031073,237.000001356006));
#7828=CARTESIAN_POINT('Origin',(20.7500003091991,33.5537032031073,236.700001356006));
#7829=CARTESIAN_POINT('',(39.0000006109476,33.2537032031073,237.000001356006));
#7830=CARTESIAN_POINT('Origin',(39.0000006109476,33.5537032031073,234.000001356006));
#7831=CARTESIAN_POINT('Origin',(39.0000002235174,33.5537032031073,174.000000789762));
#7832=CARTESIAN_POINT('',(39.0000002235174,33.2537032031073,171.000000402331));
#7833=CARTESIAN_POINT('Origin',(39.0000002235174,33.2537032031073,174.000000789762));
#7834=CARTESIAN_POINT('',(39.0000002235174,33.2537032031073,171.000000402331));
#7835=CARTESIAN_POINT('Origin',(32.2500004805624,33.5537032031073,171.300000402331));
#7836=CARTESIAN_POINT('',(14.0000002235174,33.2537032031073,171.000000402331));
#7837=CARTESIAN_POINT('',(14.0000002235174,33.2537032031073,171.000000402331));
#7838=CARTESIAN_POINT('',(32.2500004805624,33.2537032031073,171.000000402331));
#7839=CARTESIAN_POINT('Origin',(14.0000002235174,33.5537032031073,174.000000447035));
#7840=CARTESIAN_POINT('Origin',(14.0000002235174,33.2537032031073,174.000000447035));
#7841=CARTESIAN_POINT('Origin',(15.0000002235174,33.5537032031073,233.000000447035));
#7842=CARTESIAN_POINT('',(17.958039961423,33.2537032031073,233.500001356006));
#7843=CARTESIAN_POINT('Ctrl Pts',(17.133072655542,33.8537032031074,234.100001356006));
#7844=CARTESIAN_POINT('Ctrl Pts',(17.4303408347916,33.6725333764224,233.918831529321));
#7845=CARTESIAN_POINT('Ctrl Pts',(17.7063139212834,33.4664504706552,233.712748623554));
#7846=CARTESIAN_POINT('Ctrl Pts',(17.958039961423,33.2537032031073,233.500001356006));
#7847=CARTESIAN_POINT('Origin',(15.0000002235174,33.2537032031073,233.000000447035));
#7848=CARTESIAN_POINT('Origin',(30.7709804402463,33.5537032031073,233.800001356006));
#7849=CARTESIAN_POINT('',(35.0419604856119,33.2537032031073,233.500001356006));
#7850=CARTESIAN_POINT('Ctrl Pts',(35.8669277914928,33.8537032031074,234.100001356006));
#7851=CARTESIAN_POINT('Ctrl Pts',(35.5696596122432,33.6725333764224,233.918831529321));
#7852=CARTESIAN_POINT('Ctrl Pts',(35.2936865257515,33.4664504706552,233.712748623554));
#7853=CARTESIAN_POINT('Ctrl Pts',(35.0419604856119,33.2537032031073,233.500001356006));
#7854=CARTESIAN_POINT('',(30.7709804402463,33.2537032031073,233.500001356006));
#7855=CARTESIAN_POINT('Origin',(38.0000002235174,33.5537032031073,233.000000447035));
#7856=CARTESIAN_POINT('Origin',(38.0000002235174,33.2537032031073,233.000000447035));
#7857=CARTESIAN_POINT('Origin',(38.0000002235174,33.5537032031073,175.000000447035));
#7858=CARTESIAN_POINT('',(35.0419603395239,33.2537032031073,174.500000402331));
#7859=CARTESIAN_POINT('Origin',(38.0000002235174,33.2537032031073,175.000000447035));
#7860=CARTESIAN_POINT('Ctrl Pts',(35.8669273458003,33.8537032031073,173.900000402331));
#7861=CARTESIAN_POINT('Ctrl Pts',(35.5696592771253,33.6725333612208,174.081170244218));
#7862=CARTESIAN_POINT('Ctrl Pts',(35.2936862911008,33.4664504588474,174.287253146591));
#7863=CARTESIAN_POINT('Ctrl Pts',(35.0419603395239,33.2537032031073,174.500000402331));
#7864=CARTESIAN_POINT('Origin',(22.229020273235,33.5537032031073,174.200000402331));
#7865=CARTESIAN_POINT('',(17.9580401515892,33.2537032031073,174.500000394881));
#7866=CARTESIAN_POINT('',(22.229020273235,33.2537032031073,174.500000402331));
#7867=CARTESIAN_POINT('Ctrl Pts',(17.1330731515321,33.8537032031073,173.900000402331));
#7868=CARTESIAN_POINT('Ctrl Pts',(17.4303412102151,33.6725333653524,174.081170240086));
#7869=CARTESIAN_POINT('Ctrl Pts',(17.706314183613,33.4664504740914,174.287253131347));
#7870=CARTESIAN_POINT('Ctrl Pts',(17.9580401497372,33.253703205737,174.500000399702));
#7871=CARTESIAN_POINT('Origin',(15.0000002235174,33.5537032031073,175.000000447035));
#7872=CARTESIAN_POINT('Origin',(15.0000002235174,33.2537032031073,175.000000447035));
#7873=CARTESIAN_POINT('Origin',(38.0000002235174,28.8537032031073,175.000000447035));
#7874=CARTESIAN_POINT('',(35.0419603395239,28.8537032031073,174.500000402331));
#7875=CARTESIAN_POINT('',(35.0419603395239,28.8537032031073,174.500000402331));
#7876=CARTESIAN_POINT('Origin',(38.0000002235174,28.8537032031073,175.000000447035));
#7877=CARTESIAN_POINT('Origin',(17.9580401515892,28.8537032031073,174.500000402331));
#7878=CARTESIAN_POINT('',(17.9580401515892,28.8537032031073,174.500000394881));
#7879=CARTESIAN_POINT('',(17.9580401515892,28.8537032031073,174.500000394881));
#7880=CARTESIAN_POINT('',(48.979020671841,28.8537032031073,174.500000402331));
#7881=CARTESIAN_POINT('Origin',(15.0000002235174,28.8537032031073,175.000000447035));
#7882=CARTESIAN_POINT('Origin',(15.0000002235174,28.8537032031073,175.000000447035));
#7883=CARTESIAN_POINT('Origin',(35.0000005215406,28.5537032031074,181.00000003757));
#7884=CARTESIAN_POINT('',(35.0000006205522,28.2537032031073,183.000000116878));
#7885=CARTESIAN_POINT('',(35.0000006502557,28.8537032031073,183.600000116878));
#7886=CARTESIAN_POINT('',(35.0000006205522,28.2537032031073,183.000000116878));
#7887=CARTESIAN_POINT('',(35.0000004476165,28.8537032031073,178.399999958262));
#7888=CARTESIAN_POINT('Origin',(35.0000005215406,28.8537032031073,181.00000003757));
#7889=CARTESIAN_POINT('',(35.0000004646759,28.2537032031073,178.999999958262));
#7890=CARTESIAN_POINT('',(35.0000004476165,28.8537032031073,178.399999958262));
#7891=CARTESIAN_POINT('Origin',(35.0000005215406,28.2537032031073,181.00000003757));
#7892=CARTESIAN_POINT('Origin',(57.5000005963006,28.5537032031074,183.299999002998));
#7893=CARTESIAN_POINT('',(18.0000003250856,28.2537032031073,183.000000958477));
#7894=CARTESIAN_POINT('',(18.0000003547891,28.8537032031073,183.600000958477));
#7895=CARTESIAN_POINT('',(18.0000003250856,28.2537032031073,183.000000958477));
#7896=CARTESIAN_POINT('',(57.5000006111523,28.8537032031073,183.599999002998));
#7897=CARTESIAN_POINT('',(57.5000005814488,28.2537032031073,182.999999002998));
#7898=CARTESIAN_POINT('Origin',(18.0000002682209,28.5537032031074,181.000000879169));
#7899=CARTESIAN_POINT('',(18.0000001692093,28.2537032031073,179.00000079986));
#7900=CARTESIAN_POINT('',(18.0000001395058,28.8537032031073,178.40000079986));
#7901=CARTESIAN_POINT('',(18.0000001692093,28.2537032031073,179.00000079986));
#7902=CARTESIAN_POINT('Origin',(18.0000002682209,28.8537032031073,181.000000879169));
#7903=CARTESIAN_POINT('Origin',(18.0000002682209,28.2537032031073,181.000000879169));
#7904=CARTESIAN_POINT('Origin',(49.000000241914,28.5537032031074,178.699999265181));
#7905=CARTESIAN_POINT('',(49.0000002270623,28.8537032031073,178.399999265181));
#7906=CARTESIAN_POINT('',(49.0000002567658,28.2537032031073,178.999999265181));
#7907=CARTESIAN_POINT('Origin',(35.0000006205522,28.8537032031073,183.000000116878));
#7908=CARTESIAN_POINT('',(35.0000006205522,27.6537032031073,183.000000116878));
#7909=CARTESIAN_POINT('',(35.0000006205522,28.8537032031073,183.000000116878));
#7910=CARTESIAN_POINT('',(18.0000003250856,27.6537032031073,183.000000958477));
#7911=CARTESIAN_POINT('',(57.5000005814488,27.6537032031073,182.999999002998));
#7912=CARTESIAN_POINT('',(18.0000003250856,28.8537032031073,183.000000958477));
#7913=CARTESIAN_POINT('Origin',(35.0000005215406,28.8537032031073,181.00000003757));
#7914=CARTESIAN_POINT('',(35.0000004646759,27.6537032031073,178.999999958262));
#7915=CARTESIAN_POINT('',(35.0000004646759,28.8537032031073,178.999999958262));
#7916=CARTESIAN_POINT('Origin',(35.0000005215406,27.6537032031073,181.00000003757));
#7917=CARTESIAN_POINT('Origin',(80.0000011920928,28.8537032031073,196.124671592675));
#7918=CARTESIAN_POINT('',(17.958039961423,28.8537032031073,233.500001356006));
#7919=CARTESIAN_POINT('Origin',(15.0000002235174,28.8537032031073,233.000000447035));
#7920=CARTESIAN_POINT('',(35.0419604856119,28.8537032031073,233.500001356006));
#7921=CARTESIAN_POINT('',(57.5209808388524,28.8537032031073,233.500001356006));
#7922=CARTESIAN_POINT('Origin',(38.0000002235174,28.8537032031073,233.000000447035));
#7923=CARTESIAN_POINT('',(35.0000006502557,28.8537032031073,191.266666783545));
#7924=CARTESIAN_POINT('',(35.0000004476165,28.8537032031073,186.066666624929));
#7925=CARTESIAN_POINT('Origin',(35.0000005215406,28.8537032031073,188.666666704237));
#7926=CARTESIAN_POINT('',(18.0000003547891,28.8537032031073,191.266667625143));
#7927=CARTESIAN_POINT('',(57.5000008009245,28.8537032031073,191.266665669664));
#7928=CARTESIAN_POINT('',(18.0000001395058,28.8537032031073,186.066667466527));
#7929=CARTESIAN_POINT('Origin',(18.0000002682209,28.8537032031073,188.666667545835));
#7930=CARTESIAN_POINT('',(49.0000004168345,28.8537032031073,186.066665931847));
#7931=CARTESIAN_POINT('',(18.000000396936,28.8537032031073,206.600000958477));
#7932=CARTESIAN_POINT('',(35.0000006502557,28.8537032031073,206.600000116878));
#7933=CARTESIAN_POINT('',(57.5000011804689,28.8537032031073,206.599999002998));
#7934=CARTESIAN_POINT('',(18.0000001395058,28.8537032031073,201.40000079986));
#7935=CARTESIAN_POINT('Origin',(18.0000002682209,28.8537032031073,204.000000879169));
#7936=CARTESIAN_POINT('',(35.0000004349724,28.8537032031073,201.399999958262));
#7937=CARTESIAN_POINT('',(49.0000007963789,28.8537032031073,201.399999265181));
#7938=CARTESIAN_POINT('Origin',(35.0000005215406,28.8537032031073,204.00000003757));
#7939=CARTESIAN_POINT('',(18.0000003547891,28.8537032031073,221.93333429181));
#7940=CARTESIAN_POINT('',(35.0000006502557,28.8537032031073,221.933333450211));
#7941=CARTESIAN_POINT('',(57.5000015600134,28.8537032031073,221.933332336331));
#7942=CARTESIAN_POINT('',(18.0000001395058,28.8537032031073,216.733334133194));
#7943=CARTESIAN_POINT('Origin',(18.0000002682209,28.8537032031073,219.333334212502));
#7944=CARTESIAN_POINT('',(35.0000004349724,28.8537032031073,216.733333291595));
#7945=CARTESIAN_POINT('',(49.0000011759234,28.8537032031073,216.733332598514));
#7946=CARTESIAN_POINT('Origin',(35.0000005215406,28.8537032031073,219.333333370903));
#7947=CARTESIAN_POINT('',(18.0000004390828,28.8537032031073,229.600000958477));
#7948=CARTESIAN_POINT('',(35.0000006502557,28.8537032031073,229.600000116878));
#7949=CARTESIAN_POINT('',(57.5000017497856,28.8537032031073,229.599999002998));
#7950=CARTESIAN_POINT('',(18.0000001395058,28.8537032031073,224.40000079986));
#7951=CARTESIAN_POINT('Origin',(18.0000002682209,28.8537032031073,227.000000879169));
#7952=CARTESIAN_POINT('',(35.0000003506787,28.8537032031073,224.399999958262));
#7953=CARTESIAN_POINT('',(49.0000013656956,28.8537032031073,224.399999265181));
#7954=CARTESIAN_POINT('Origin',(35.0000005215406,28.8537032031073,227.00000003757));
#7955=CARTESIAN_POINT('',(18.0000003547891,28.8537032031073,214.266667625143));
#7956=CARTESIAN_POINT('',(35.0000006502557,28.8537032031073,214.266666783545));
#7957=CARTESIAN_POINT('',(57.5000013702412,28.8537032031073,214.266665669664));
#7958=CARTESIAN_POINT('',(18.0000001395058,28.8537032031073,209.066667466527));
#7959=CARTESIAN_POINT('Origin',(18.0000002682209,28.8537032031073,211.666667545835));
#7960=CARTESIAN_POINT('',(35.0000004349724,28.8537032031073,209.066666624929));
#7961=CARTESIAN_POINT('',(49.0000009861512,28.8537032031073,209.066665931847));
#7962=CARTESIAN_POINT('Origin',(35.0000005215406,28.8537032031073,211.666666704237));
#7963=CARTESIAN_POINT('',(35.0000006502557,28.8537032031073,198.933333450211));
#7964=CARTESIAN_POINT('',(35.0000004476165,28.8537032031073,193.733333291595));
#7965=CARTESIAN_POINT('Origin',(35.0000005215406,28.8537032031073,196.333333370903));
#7966=CARTESIAN_POINT('',(18.0000003547891,28.8537032031073,198.93333429181));
#7967=CARTESIAN_POINT('',(57.5000009906967,28.8537032031073,198.933332336331));
#7968=CARTESIAN_POINT('',(18.0000001395058,28.8537032031073,193.733334133194));
#7969=CARTESIAN_POINT('Origin',(18.0000002682209,28.8537032031073,196.333334212502));
#7970=CARTESIAN_POINT('',(49.0000006066067,28.8537032031073,193.733332598514));
#7971=CARTESIAN_POINT('Origin',(35.0000005215406,28.5537032031074,188.666666704237));
#7972=CARTESIAN_POINT('',(35.0000006205522,28.2537032031073,190.666666783545));
#7973=CARTESIAN_POINT('',(35.0000006205522,28.2537032031073,190.666666783545));
#7974=CARTESIAN_POINT('',(35.0000004646759,28.2537032031073,186.666666624929));
#7975=CARTESIAN_POINT('',(35.0000004476165,28.8537032031073,186.066666624929));
#7976=CARTESIAN_POINT('Origin',(35.0000005215406,28.2537032031073,188.666666704237));
#7977=CARTESIAN_POINT('Origin',(57.5000007860728,28.5537032031074,190.966665669664));
#7978=CARTESIAN_POINT('',(18.0000003250856,28.2537032031073,190.666667625143));
#7979=CARTESIAN_POINT('',(18.0000003250856,28.2537032031073,190.666667625143));
#7980=CARTESIAN_POINT('',(57.500000771221,28.2537032031073,190.666665669664));
#7981=CARTESIAN_POINT('Origin',(18.0000002682209,28.5537032031074,188.666667545835));
#7982=CARTESIAN_POINT('',(18.0000001692093,28.2537032031073,186.666667466527));
#7983=CARTESIAN_POINT('',(18.0000001692093,28.2537032031073,186.666667466527));
#7984=CARTESIAN_POINT('Origin',(18.0000002682209,28.2537032031073,188.666667545835));
#7985=CARTESIAN_POINT('Origin',(49.0000004316862,28.5537032031074,186.366665931847));
#7986=CARTESIAN_POINT('',(49.000000446538,28.2537032031073,186.666665931847));
#7987=CARTESIAN_POINT('Origin',(35.0000006205522,28.8537032031073,190.666666783545));
#7988=CARTESIAN_POINT('',(35.0000006205522,27.6537032031073,190.666666783545));
#7989=CARTESIAN_POINT('',(35.0000006205522,28.8537032031073,190.666666783545));
#7990=CARTESIAN_POINT('',(18.0000003250856,27.6537032031073,190.666667625143));
#7991=CARTESIAN_POINT('',(57.500000771221,27.6537032031073,190.666665669664));
#7992=CARTESIAN_POINT('',(18.0000003250856,28.8537032031073,190.666667625143));
#7993=CARTESIAN_POINT('Origin',(35.0000005215406,28.8537032031073,188.666666704237));
#7994=CARTESIAN_POINT('',(35.0000004646759,27.6537032031073,186.666666624929));
#7995=CARTESIAN_POINT('',(35.0000004646759,28.8537032031073,186.666666624929));
#7996=CARTESIAN_POINT('Origin',(35.0000005215406,27.6537032031073,188.666666704237));
#7997=CARTESIAN_POINT('Origin',(35.0000005215406,28.5537032031074,196.333333370903));
#7998=CARTESIAN_POINT('',(35.0000006205522,28.2537032031073,198.333333450211));
#7999=CARTESIAN_POINT('',(35.0000006205522,28.2537032031073,198.333333450211));
#8000=CARTESIAN_POINT('',(35.0000004646759,28.2537032031073,194.333333291595));
#8001=CARTESIAN_POINT('',(35.0000004476165,28.8537032031073,193.733333291595));
#8002=CARTESIAN_POINT('Origin',(35.0000005215406,28.2537032031073,196.333333370903));
#8003=CARTESIAN_POINT('Origin',(57.500000975845,28.5537032031074,198.633332336331));
#8004=CARTESIAN_POINT('',(18.0000003250856,28.2537032031073,198.33333429181));
#8005=CARTESIAN_POINT('',(18.0000003250856,28.2537032031073,198.33333429181));
#8006=CARTESIAN_POINT('',(57.5000009609933,28.2537032031073,198.333332336331));
#8007=CARTESIAN_POINT('Origin',(18.0000002682209,28.5537032031074,196.333334212502));
#8008=CARTESIAN_POINT('',(18.0000001692093,28.2537032031073,194.333334133194));
#8009=CARTESIAN_POINT('',(18.0000001692093,28.2537032031073,194.333334133194));
#8010=CARTESIAN_POINT('Origin',(18.0000002682209,28.2537032031073,196.333334212502));
#8011=CARTESIAN_POINT('Origin',(49.0000006214585,28.5537032031074,194.033332598514));
#8012=CARTESIAN_POINT('',(49.0000006363102,28.2537032031073,194.333332598514));
#8013=CARTESIAN_POINT('Origin',(35.0000006205522,28.8537032031073,198.333333450211));
#8014=CARTESIAN_POINT('',(35.0000006205522,27.6537032031073,198.333333450211));
#8015=CARTESIAN_POINT('',(35.0000006205522,28.8537032031073,198.333333450211));
#8016=CARTESIAN_POINT('',(18.0000003250856,27.6537032031073,198.33333429181));
#8017=CARTESIAN_POINT('',(57.5000009609933,27.6537032031073,198.333332336331));
#8018=CARTESIAN_POINT('',(18.0000003250856,28.8537032031073,198.33333429181));
#8019=CARTESIAN_POINT('Origin',(35.0000005215406,28.8537032031073,196.333333370903));
#8020=CARTESIAN_POINT('',(35.0000004646759,27.6537032031073,194.333333291595));
#8021=CARTESIAN_POINT('',(35.0000004646759,28.8537032031073,194.333333291595));
#8022=CARTESIAN_POINT('Origin',(35.0000005215406,27.6537032031073,196.333333370903));
#8023=CARTESIAN_POINT('Origin',(57.5000011656172,28.5537032031074,206.299999002998));
#8024=CARTESIAN_POINT('',(18.0000003672325,28.2537032031073,206.000000958477));
#8025=CARTESIAN_POINT('',(18.0000003672325,28.2537032031073,206.000000958477));
#8026=CARTESIAN_POINT('',(35.0000006205522,28.2537032031073,206.000000116878));
#8027=CARTESIAN_POINT('',(35.0000006502557,28.8537032031073,206.600000116878));
#8028=CARTESIAN_POINT('',(57.5000011507655,28.2537032031073,205.999999002998));
#8029=CARTESIAN_POINT('Origin',(18.0000002682209,28.5537032031074,204.000000879169));
#8030=CARTESIAN_POINT('',(18.0000001692093,28.2537032031073,202.00000079986));
#8031=CARTESIAN_POINT('',(18.0000001692093,28.2537032031073,202.00000079986));
#8032=CARTESIAN_POINT('Origin',(18.0000002682209,28.2537032031073,204.000000879169));
#8033=CARTESIAN_POINT('Origin',(49.0000008112307,28.5537032031074,201.699999265181));
#8034=CARTESIAN_POINT('',(35.0000004646759,28.2537032031073,201.999999958262));
#8035=CARTESIAN_POINT('',(35.0000004646759,28.2537032031073,201.999999958262));
#8036=CARTESIAN_POINT('',(49.0000008260824,28.2537032031073,201.999999265181));
#8037=CARTESIAN_POINT('Origin',(35.0000005215406,28.5537032031074,204.00000003757));
#8038=CARTESIAN_POINT('Origin',(35.0000005215406,28.2537032031073,204.00000003757));
#8039=CARTESIAN_POINT('Origin',(18.0000002682209,28.8537032031073,204.000000879169));
#8040=CARTESIAN_POINT('',(18.0000003672325,27.6537032031073,206.000000958477));
#8041=CARTESIAN_POINT('',(18.0000003672325,28.8537032031073,206.000000958477));
#8042=CARTESIAN_POINT('',(18.0000001692093,27.6537032031073,202.00000079986));
#8043=CARTESIAN_POINT('Origin',(18.0000002682209,27.6537032031073,204.000000879169));
#8044=CARTESIAN_POINT('',(18.0000001692093,28.8537032031073,202.00000079986));
#8045=CARTESIAN_POINT('Origin',(35.0000006205522,28.8537032031073,206.000000116878));
#8046=CARTESIAN_POINT('',(35.0000006205522,27.6537032031073,206.000000116878));
#8047=CARTESIAN_POINT('',(35.0000006205522,28.8537032031073,206.000000116878));
#8048=CARTESIAN_POINT('',(57.5000011507655,27.6537032031073,205.999999002998));
#8049=CARTESIAN_POINT('Origin',(57.5000013553894,28.5537032031074,213.966665669664));
#8050=CARTESIAN_POINT('',(18.0000003250856,28.2537032031073,213.666667625143));
#8051=CARTESIAN_POINT('',(18.0000003250856,28.2537032031073,213.666667625143));
#8052=CARTESIAN_POINT('',(35.0000006205522,28.2537032031073,213.666666783545));
#8053=CARTESIAN_POINT('',(35.0000006502557,28.8537032031073,214.266666783545));
#8054=CARTESIAN_POINT('',(57.5000013405377,28.2537032031073,213.666665669664));
#8055=CARTESIAN_POINT('Origin',(18.0000002682209,28.5537032031074,211.666667545835));
#8056=CARTESIAN_POINT('',(18.0000001692093,28.2537032031073,209.666667466527));
#8057=CARTESIAN_POINT('',(18.0000001692093,28.2537032031073,209.666667466527));
#8058=CARTESIAN_POINT('Origin',(18.0000002682209,28.2537032031073,211.666667545835));
#8059=CARTESIAN_POINT('Origin',(49.0000010010029,28.5537032031074,209.366665931847));
#8060=CARTESIAN_POINT('',(35.0000004646759,28.2537032031073,209.666666624929));
#8061=CARTESIAN_POINT('',(35.0000004646759,28.2537032031073,209.666666624929));
#8062=CARTESIAN_POINT('',(49.0000010158546,28.2537032031073,209.666665931847));
#8063=CARTESIAN_POINT('Origin',(35.0000005215406,28.5537032031074,211.666666704237));
#8064=CARTESIAN_POINT('Origin',(35.0000005215406,28.2537032031073,211.666666704237));
#8065=CARTESIAN_POINT('Origin',(18.0000002682209,28.8537032031073,211.666667545835));
#8066=CARTESIAN_POINT('',(18.0000003250856,27.6537032031073,213.666667625143));
#8067=CARTESIAN_POINT('',(18.0000003250856,28.8537032031073,213.666667625143));
#8068=CARTESIAN_POINT('',(18.0000001692093,27.6537032031073,209.666667466527));
#8069=CARTESIAN_POINT('Origin',(18.0000002682209,27.6537032031073,211.666667545835));
#8070=CARTESIAN_POINT('',(18.0000001692093,28.8537032031073,209.666667466527));
#8071=CARTESIAN_POINT('Origin',(35.0000006205522,28.8537032031073,213.666666783545));
#8072=CARTESIAN_POINT('',(35.0000006205522,27.6537032031073,213.666666783545));
#8073=CARTESIAN_POINT('',(35.0000006205522,28.8537032031073,213.666666783545));
#8074=CARTESIAN_POINT('',(57.5000013405377,27.6537032031073,213.666665669664));
#8075=CARTESIAN_POINT('Origin',(57.5000015451616,28.5537032031074,221.633332336331));
#8076=CARTESIAN_POINT('',(18.0000003250856,28.2537032031073,221.33333429181));
#8077=CARTESIAN_POINT('',(18.0000003250856,28.2537032031073,221.33333429181));
#8078=CARTESIAN_POINT('',(35.0000006205522,28.2537032031073,221.333333450211));
#8079=CARTESIAN_POINT('',(35.0000006502557,28.8537032031073,221.933333450211));
#8080=CARTESIAN_POINT('',(57.5000015303099,28.2537032031073,221.333332336331));
#8081=CARTESIAN_POINT('Origin',(18.0000002682209,28.5537032031074,219.333334212502));
#8082=CARTESIAN_POINT('',(18.0000001692093,28.2537032031073,217.333334133194));
#8083=CARTESIAN_POINT('',(18.0000001692093,28.2537032031073,217.333334133194));
#8084=CARTESIAN_POINT('Origin',(18.0000002682209,28.2537032031073,219.333334212502));
#8085=CARTESIAN_POINT('Origin',(49.0000011907751,28.5537032031074,217.033332598514));
#8086=CARTESIAN_POINT('',(35.0000004646759,28.2537032031073,217.333333291595));
#8087=CARTESIAN_POINT('',(35.0000004646759,28.2537032031073,217.333333291595));
#8088=CARTESIAN_POINT('',(49.0000012056268,28.2537032031073,217.333332598514));
#8089=CARTESIAN_POINT('Origin',(35.0000005215406,28.5537032031074,219.333333370903));
#8090=CARTESIAN_POINT('Origin',(35.0000005215406,28.2537032031073,219.333333370903));
#8091=CARTESIAN_POINT('Origin',(18.0000002682209,28.8537032031073,219.333334212502));
#8092=CARTESIAN_POINT('',(18.0000003250856,27.6537032031073,221.33333429181));
#8093=CARTESIAN_POINT('',(18.0000003250856,28.8537032031073,221.33333429181));
#8094=CARTESIAN_POINT('',(18.0000001692093,27.6537032031073,217.333334133194));
#8095=CARTESIAN_POINT('Origin',(18.0000002682209,27.6537032031073,219.333334212502));
#8096=CARTESIAN_POINT('',(18.0000001692093,28.8537032031073,217.333334133194));
#8097=CARTESIAN_POINT('Origin',(35.0000006205522,28.8537032031073,221.333333450211));
#8098=CARTESIAN_POINT('',(35.0000006205522,27.6537032031073,221.333333450211));
#8099=CARTESIAN_POINT('',(35.0000006205522,28.8537032031073,221.333333450211));
#8100=CARTESIAN_POINT('',(57.5000015303099,27.6537032031073,221.333332336331));
#8101=CARTESIAN_POINT('Origin',(57.5000017349338,28.5537032031074,229.299999002998));
#8102=CARTESIAN_POINT('',(18.0000004093793,28.2537032031073,229.000000958477));
#8103=CARTESIAN_POINT('',(18.0000004093793,28.2537032031073,229.000000958477));
#8104=CARTESIAN_POINT('',(35.0000006205522,28.2537032031073,229.000000116878));
#8105=CARTESIAN_POINT('',(35.0000006502557,28.8537032031073,229.600000116878));
#8106=CARTESIAN_POINT('',(57.5000017200821,28.2537032031073,228.999999002998));
#8107=CARTESIAN_POINT('Origin',(18.0000002682209,28.5537032031074,227.000000879169));
#8108=CARTESIAN_POINT('',(18.0000001692093,28.2537032031073,225.00000079986));
#8109=CARTESIAN_POINT('',(18.0000001692093,28.2537032031073,225.00000079986));
#8110=CARTESIAN_POINT('Origin',(18.0000002682209,28.2537032031073,227.000000879169));
#8111=CARTESIAN_POINT('Origin',(49.0000013805473,28.5537032031074,224.699999265181));
#8112=CARTESIAN_POINT('',(35.0000003803822,28.2537032031073,224.999999958262));
#8113=CARTESIAN_POINT('',(35.0000003803822,28.2537032031073,224.999999958262));
#8114=CARTESIAN_POINT('',(49.0000013953991,28.2537032031073,224.999999265181));
#8115=CARTESIAN_POINT('Origin',(35.0000005215406,28.5537032031074,227.00000003757));
#8116=CARTESIAN_POINT('Origin',(35.0000005215406,28.2537032031073,227.00000003757));
#8117=CARTESIAN_POINT('Origin',(18.0000002682209,28.8537032031073,227.000000879169));
#8118=CARTESIAN_POINT('',(18.0000004093793,27.6537032031073,229.000000958477));
#8119=CARTESIAN_POINT('',(18.0000004093793,28.8537032031073,229.000000958477));
#8120=CARTESIAN_POINT('',(18.0000001692093,27.6537032031073,225.00000079986));
#8121=CARTESIAN_POINT('Origin',(18.0000002682209,27.6537032031073,227.000000879169));
#8122=CARTESIAN_POINT('',(18.0000001692093,28.8537032031073,225.00000079986));
#8123=CARTESIAN_POINT('Origin',(35.0000006205522,28.8537032031073,229.000000116878));
#8124=CARTESIAN_POINT('',(35.0000006205522,27.6537032031073,229.000000116878));
#8125=CARTESIAN_POINT('',(35.0000006205522,28.8537032031073,229.000000116878));
#8126=CARTESIAN_POINT('',(57.5000017200821,27.6537032031073,228.999999002998));
#8127=CARTESIAN_POINT('Origin',(57.5000005963006,27.3537032031074,183.299999002998));
#8128=CARTESIAN_POINT('',(35.0000006502557,27.0537032031073,183.600000116878));
#8129=CARTESIAN_POINT('',(35.0000006205522,27.6537032031073,183.000000116878));
#8130=CARTESIAN_POINT('',(18.0000003547891,27.0537032031073,183.600000958477));
#8131=CARTESIAN_POINT('',(57.5000006111523,27.0537032031073,183.599999002998));
#8132=CARTESIAN_POINT('',(18.0000003547891,27.0537032031073,183.600000958477));
#8133=CARTESIAN_POINT('Origin',(35.0000005215406,27.3537032031074,181.00000003757));
#8134=CARTESIAN_POINT('',(35.0000004476165,27.0537032031073,178.399999958262));
#8135=CARTESIAN_POINT('',(35.0000004646759,27.6537032031073,178.999999958262));
#8136=CARTESIAN_POINT('Origin',(35.0000005215406,27.0537032031073,181.00000003757));
#8137=CARTESIAN_POINT('Origin',(49.000000241914,27.3537032031074,178.699999265181));
#8138=CARTESIAN_POINT('',(18.0000001692093,27.6537032031073,179.00000079986));
#8139=CARTESIAN_POINT('',(18.0000001395058,27.0537032031073,178.40000079986));
#8140=CARTESIAN_POINT('',(18.0000001692093,27.6537032031073,179.00000079986));
#8141=CARTESIAN_POINT('',(49.0000002270623,27.0537032031073,178.399999265181));
#8142=CARTESIAN_POINT('',(49.0000002567658,27.6537032031073,178.999999265181));
#8143=CARTESIAN_POINT('Origin',(18.0000002682209,27.3537032031074,181.000000879169));
#8144=CARTESIAN_POINT('Origin',(18.0000002682209,27.0537032031073,181.000000879169));
#8145=CARTESIAN_POINT('Origin',(18.0000002682209,27.6537032031073,181.000000879169));
#8146=CARTESIAN_POINT('Origin',(80.0000011920928,27.0537032031073,196.124671592675));
#8147=CARTESIAN_POINT('',(168.725067489743,27.0537032031073,241.965361924162));
#8148=CARTESIAN_POINT('',(162.925067489743,27.0537032031073,244.55));
#8149=CARTESIAN_POINT('Origin',(162.925067489743,27.0537032031073,236.75));
#8150=CARTESIAN_POINT('',(-2.92493251025718,27.0537032031073,244.55));
#8151=CARTESIAN_POINT('',(38.5375343409178,27.0537032031073,244.55));
#8152=CARTESIAN_POINT('',(-8.72506510555718,27.0537032031073,241.96521446126));
#8153=CARTESIAN_POINT('Origin',(-2.92493251025717,27.0537032031073,236.75));
#8154=CARTESIAN_POINT('',(-8.7250651055572,27.0537032031073,146.95));
#8155=CARTESIAN_POINT('',(-8.7250651055572,27.0537032031073,171.437335796337));
#8156=CARTESIAN_POINT('',(168.725067489743,27.0537032031073,146.95));
#8157=CARTESIAN_POINT('',(124.462534340918,27.0537032031073,146.95));
#8158=CARTESIAN_POINT('',(168.725067489743,27.0537032031073,220.812007389012));
#8159=CARTESIAN_POINT('',(1.47493489444283,27.0537032031073,174.));
#8160=CARTESIAN_POINT('Origin',(-1.67506510555717,27.0537032031073,174.));
#8161=CARTESIAN_POINT('',(164.825067489743,27.0537032031073,174.));
#8162=CARTESIAN_POINT('Origin',(161.675067489743,27.0537032031073,174.));
#8163=CARTESIAN_POINT('',(18.0000001395058,27.0537032031073,193.733334133194));
#8164=CARTESIAN_POINT('',(35.0000004349724,27.0537032031073,193.733333291595));
#8165=CARTESIAN_POINT('',(49.0000006066067,27.0537032031073,193.733332598514));
#8166=CARTESIAN_POINT('',(18.0000003421451,27.0537032031073,198.93333429181));
#8167=CARTESIAN_POINT('Origin',(18.0000002682209,27.0537032031073,196.333334212502));
#8168=CARTESIAN_POINT('',(35.0000006502557,27.0537032031073,198.933333450211));
#8169=CARTESIAN_POINT('',(57.5000009906967,27.0537032031073,198.933332336331));
#8170=CARTESIAN_POINT('Origin',(35.0000005215406,27.0537032031073,196.333333370903));
#8171=CARTESIAN_POINT('',(18.0000001395058,27.0537032031073,209.066667466527));
#8172=CARTESIAN_POINT('',(35.0000004349724,27.0537032031073,209.066666624929));
#8173=CARTESIAN_POINT('',(49.0000009861512,27.0537032031073,209.066665931847));
#8174=CARTESIAN_POINT('',(18.0000003421451,27.0537032031073,214.266667625143));
#8175=CARTESIAN_POINT('Origin',(18.0000002682209,27.0537032031073,211.666667545835));
#8176=CARTESIAN_POINT('',(35.0000006502557,27.0537032031073,214.266666783545));
#8177=CARTESIAN_POINT('',(57.5000013702412,27.0537032031073,214.266665669664));
#8178=CARTESIAN_POINT('Origin',(35.0000005215406,27.0537032031073,211.666666704237));
#8179=CARTESIAN_POINT('',(18.0000001395058,27.0537032031073,224.40000079986));
#8180=CARTESIAN_POINT('',(35.0000003506787,27.0537032031073,224.399999958262));
#8181=CARTESIAN_POINT('',(49.0000013656956,27.0537032031073,224.399999265181));
#8182=CARTESIAN_POINT('',(18.0000004517269,27.0537032031073,229.600000958477));
#8183=CARTESIAN_POINT('Origin',(18.0000002682209,27.0537032031073,227.000000879169));
#8184=CARTESIAN_POINT('',(35.0000006502557,27.0537032031073,229.600000116878));
#8185=CARTESIAN_POINT('',(57.5000017497856,27.0537032031073,229.599999002998));
#8186=CARTESIAN_POINT('Origin',(35.0000005215406,27.0537032031073,227.00000003757));
#8187=CARTESIAN_POINT('',(39.6000002235174,27.0537032031073,233.000000447035));
#8188=CARTESIAN_POINT('Origin',(38.0000002235174,27.0537032031073,233.000000447035));
#8189=CARTESIAN_POINT('',(16.6000002235174,27.0537032031073,175.000000447035));
#8190=CARTESIAN_POINT('Origin',(15.0000002235174,27.0537032031073,175.000000447035));
#8191=CARTESIAN_POINT('',(39.6000002235174,27.0537032031073,175.000000447035));
#8192=CARTESIAN_POINT('Origin',(38.0000002235174,27.0537032031073,175.000000447035));
#8193=CARTESIAN_POINT('',(16.6000002235174,27.0537032031073,233.000000447035));
#8194=CARTESIAN_POINT('Origin',(15.0000002235174,27.0537032031073,233.000000447035));
#8195=CARTESIAN_POINT('',(1.47493489444282,27.0537032031073,154.));
#8196=CARTESIAN_POINT('Origin',(-1.67506510555718,27.0537032031073,154.));
#8197=CARTESIAN_POINT('',(166.825130523683,27.0537032031073,237.300727535387));
#8198=CARTESIAN_POINT('Origin',(163.675130523683,27.0537032031073,237.300727535387));
#8199=CARTESIAN_POINT('',(164.825067489743,27.0537032031073,154.));
#8200=CARTESIAN_POINT('Origin',(161.675067489743,27.0537032031073,154.));
#8201=CARTESIAN_POINT('',(-0.524932510257159,27.0537032031073,237.3));
#8202=CARTESIAN_POINT('Origin',(-3.67493251025717,27.0537032031073,237.3));
#8203=CARTESIAN_POINT('',(18.0000001395058,27.0537032031073,216.733334133194));
#8204=CARTESIAN_POINT('',(35.0000004349724,27.0537032031073,216.733333291595));
#8205=CARTESIAN_POINT('',(49.0000011759234,27.0537032031073,216.733332598514));
#8206=CARTESIAN_POINT('',(18.0000003421451,27.0537032031073,221.93333429181));
#8207=CARTESIAN_POINT('Origin',(18.0000002682209,27.0537032031073,219.333334212502));
#8208=CARTESIAN_POINT('',(35.0000006502557,27.0537032031073,221.933333450211));
#8209=CARTESIAN_POINT('',(57.5000015600134,27.0537032031073,221.933332336331));
#8210=CARTESIAN_POINT('Origin',(35.0000005215406,27.0537032031073,219.333333370903));
#8211=CARTESIAN_POINT('',(18.0000001395058,27.0537032031073,201.40000079986));
#8212=CARTESIAN_POINT('',(35.0000004349724,27.0537032031073,201.399999958262));
#8213=CARTESIAN_POINT('',(49.0000007963789,27.0537032031073,201.399999265181));
#8214=CARTESIAN_POINT('',(18.000000396936,27.0537032031073,206.600000958477));
#8215=CARTESIAN_POINT('Origin',(18.0000002682209,27.0537032031073,204.000000879169));
#8216=CARTESIAN_POINT('',(35.0000006502557,27.0537032031073,206.600000116878));
#8217=CARTESIAN_POINT('',(57.5000011804689,27.0537032031073,206.599999002998));
#8218=CARTESIAN_POINT('Origin',(35.0000005215406,27.0537032031073,204.00000003757));
#8219=CARTESIAN_POINT('',(18.0000001395058,27.0537032031073,186.066667466527));
#8220=CARTESIAN_POINT('',(35.0000004349724,27.0537032031073,186.066666624929));
#8221=CARTESIAN_POINT('',(49.0000004168345,27.0537032031073,186.066665931847));
#8222=CARTESIAN_POINT('',(18.0000003421451,27.0537032031073,191.266667625143));
#8223=CARTESIAN_POINT('Origin',(18.0000002682209,27.0537032031073,188.666667545835));
#8224=CARTESIAN_POINT('',(35.0000006502557,27.0537032031073,191.266666783545));
#8225=CARTESIAN_POINT('',(57.5000008009245,27.0537032031073,191.266665669664));
#8226=CARTESIAN_POINT('Origin',(35.0000005215406,27.0537032031073,188.666666704237));
#8227=CARTESIAN_POINT('Origin',(49.0000004316862,27.3537032031074,186.366665931847));
#8228=CARTESIAN_POINT('',(18.0000001692093,27.6537032031073,186.666667466527));
#8229=CARTESIAN_POINT('',(18.0000001692093,27.6537032031073,186.666667466527));
#8230=CARTESIAN_POINT('',(35.0000004349724,27.0537032031073,186.066666624929));
#8231=CARTESIAN_POINT('',(49.000000446538,27.6537032031073,186.666665931847));
#8232=CARTESIAN_POINT('Origin',(18.0000002682209,27.3537032031074,188.666667545835));
#8233=CARTESIAN_POINT('',(18.0000003250856,27.6537032031073,190.666667625143));
#8234=CARTESIAN_POINT('Origin',(18.0000002682209,27.6537032031073,188.666667545835));
#8235=CARTESIAN_POINT('Origin',(57.5000007860728,27.3537032031074,190.966665669664));
#8236=CARTESIAN_POINT('',(35.0000006205522,27.6537032031073,190.666666783545));
#8237=CARTESIAN_POINT('Origin',(35.0000005215406,27.3537032031074,188.666666704237));
#8238=CARTESIAN_POINT('Origin',(18.0000002682209,28.8537032031073,188.666667545835));
#8239=CARTESIAN_POINT('',(18.0000001692093,28.8537032031073,186.666667466527));
#8240=CARTESIAN_POINT('Origin',(18.0000001692093,28.8537032031073,186.666667466527));
#8241=CARTESIAN_POINT('Origin',(49.0000006214585,27.3537032031074,194.033332598514));
#8242=CARTESIAN_POINT('',(18.0000001692093,27.6537032031073,194.333334133194));
#8243=CARTESIAN_POINT('',(18.0000001692093,27.6537032031073,194.333334133194));
#8244=CARTESIAN_POINT('',(35.0000004349724,27.0537032031073,193.733333291595));
#8245=CARTESIAN_POINT('',(49.0000006363102,27.6537032031073,194.333332598514));
#8246=CARTESIAN_POINT('Origin',(18.0000002682209,27.3537032031074,196.333334212502));
#8247=CARTESIAN_POINT('',(18.0000003250856,27.6537032031073,198.33333429181));
#8248=CARTESIAN_POINT('Origin',(18.0000002682209,27.6537032031073,196.333334212502));
#8249=CARTESIAN_POINT('Origin',(57.500000975845,27.3537032031074,198.633332336331));
#8250=CARTESIAN_POINT('',(35.0000006205522,27.6537032031073,198.333333450211));
#8251=CARTESIAN_POINT('Origin',(35.0000005215406,27.3537032031074,196.333333370903));
#8252=CARTESIAN_POINT('Origin',(18.0000002682209,28.8537032031073,196.333334212502));
#8253=CARTESIAN_POINT('',(18.0000001692093,28.8537032031073,194.333334133194));
#8254=CARTESIAN_POINT('Origin',(18.0000001692093,28.8537032031073,194.333334133194));
#8255=CARTESIAN_POINT('Origin',(49.0000008112307,27.3537032031074,201.699999265181));
#8256=CARTESIAN_POINT('',(18.0000001692093,27.6537032031073,202.00000079986));
#8257=CARTESIAN_POINT('',(35.0000004646759,27.6537032031073,201.999999958262));
#8258=CARTESIAN_POINT('',(35.0000004349724,27.0537032031073,201.399999958262));
#8259=CARTESIAN_POINT('',(49.0000008260824,27.6537032031073,201.999999265181));
#8260=CARTESIAN_POINT('Origin',(18.0000002682209,27.3537032031074,204.000000879169));
#8261=CARTESIAN_POINT('',(18.0000003672325,27.6537032031073,206.000000958477));
#8262=CARTESIAN_POINT('Origin',(57.5000011656172,27.3537032031074,206.299999002998));
#8263=CARTESIAN_POINT('',(35.0000006205522,27.6537032031073,206.000000116878));
#8264=CARTESIAN_POINT('Origin',(35.0000005215406,27.3537032031074,204.00000003757));
#8265=CARTESIAN_POINT('Origin',(35.0000005215406,27.6537032031073,204.00000003757));
#8266=CARTESIAN_POINT('Origin',(18.0000001692093,28.8537032031073,202.00000079986));
#8267=CARTESIAN_POINT('',(35.0000004646759,28.8537032031073,201.999999958262));
#8268=CARTESIAN_POINT('Origin',(49.0000010010029,27.3537032031074,209.366665931847));
#8269=CARTESIAN_POINT('',(18.0000001692093,27.6537032031073,209.666667466527));
#8270=CARTESIAN_POINT('',(35.0000004646759,27.6537032031073,209.666666624929));
#8271=CARTESIAN_POINT('',(35.0000004349724,27.0537032031073,209.066666624929));
#8272=CARTESIAN_POINT('',(49.0000010158546,27.6537032031073,209.666665931847));
#8273=CARTESIAN_POINT('Origin',(18.0000002682209,27.3537032031074,211.666667545835));
#8274=CARTESIAN_POINT('',(18.0000003250856,27.6537032031073,213.666667625143));
#8275=CARTESIAN_POINT('Origin',(57.5000013553894,27.3537032031074,213.966665669664));
#8276=CARTESIAN_POINT('',(35.0000006205522,27.6537032031073,213.666666783545));
#8277=CARTESIAN_POINT('Origin',(35.0000005215406,27.3537032031074,211.666666704237));
#8278=CARTESIAN_POINT('Origin',(35.0000005215406,27.6537032031073,211.666666704237));
#8279=CARTESIAN_POINT('Origin',(18.0000001692093,28.8537032031073,209.666667466527));
#8280=CARTESIAN_POINT('',(35.0000004646759,28.8537032031073,209.666666624929));
#8281=CARTESIAN_POINT('Origin',(49.0000011907751,27.3537032031074,217.033332598514));
#8282=CARTESIAN_POINT('',(18.0000001692093,27.6537032031073,217.333334133194));
#8283=CARTESIAN_POINT('',(35.0000004646759,27.6537032031073,217.333333291595));
#8284=CARTESIAN_POINT('',(35.0000004349724,27.0537032031073,216.733333291595));
#8285=CARTESIAN_POINT('',(49.0000012056268,27.6537032031073,217.333332598514));
#8286=CARTESIAN_POINT('Origin',(18.0000002682209,27.3537032031074,219.333334212502));
#8287=CARTESIAN_POINT('',(18.0000003250856,27.6537032031073,221.33333429181));
#8288=CARTESIAN_POINT('Origin',(57.5000015451616,27.3537032031074,221.633332336331));
#8289=CARTESIAN_POINT('',(35.0000006205522,27.6537032031073,221.333333450211));
#8290=CARTESIAN_POINT('Origin',(35.0000005215406,27.3537032031074,219.333333370903));
#8291=CARTESIAN_POINT('Origin',(35.0000005215406,27.6537032031073,219.333333370903));
#8292=CARTESIAN_POINT('Origin',(18.0000001692093,28.8537032031073,217.333334133194));
#8293=CARTESIAN_POINT('',(35.0000004646759,28.8537032031073,217.333333291595));
#8294=CARTESIAN_POINT('Origin',(49.0000013805473,27.3537032031074,224.699999265181));
#8295=CARTESIAN_POINT('',(18.0000001692093,27.6537032031073,225.00000079986));
#8296=CARTESIAN_POINT('',(35.0000003803822,27.6537032031073,224.999999958262));
#8297=CARTESIAN_POINT('',(35.0000003506787,27.0537032031073,224.399999958262));
#8298=CARTESIAN_POINT('',(49.0000013953991,27.6537032031073,224.999999265181));
#8299=CARTESIAN_POINT('Origin',(18.0000002682209,27.3537032031074,227.000000879169));
#8300=CARTESIAN_POINT('',(18.0000004093793,27.6537032031073,229.000000958477));
#8301=CARTESIAN_POINT('Origin',(57.5000017349338,27.3537032031074,229.299999002998));
#8302=CARTESIAN_POINT('',(35.0000006205522,27.6537032031073,229.000000116878));
#8303=CARTESIAN_POINT('Origin',(35.0000005215406,27.3537032031074,227.00000003757));
#8304=CARTESIAN_POINT('Origin',(35.0000005215406,27.6537032031073,227.00000003757));
#8305=CARTESIAN_POINT('Origin',(18.0000001692093,28.8537032031073,225.00000079986));
#8306=CARTESIAN_POINT('',(35.0000003803822,28.8537032031073,224.999999958262));
#8307=CARTESIAN_POINT('Origin',(35.0000005215406,28.8537032031073,211.666666704237));
#8308=CARTESIAN_POINT('Origin',(18.0000001692093,28.8537032031073,179.00000079986));
#8309=CARTESIAN_POINT('',(18.0000001692093,28.8537032031073,179.00000079986));
#8310=CARTESIAN_POINT('Origin',(18.0000002682209,28.8537032031073,181.000000879169));
#8311=CARTESIAN_POINT('Origin',(35.0000005215406,28.8537032031073,204.00000003757));
#8312=CARTESIAN_POINT('Origin',(35.0000005215406,28.8537032031073,219.333333370903));
#8313=CARTESIAN_POINT('Origin',(35.0000005215406,28.8537032031073,227.00000003757));
#8314=CARTESIAN_POINT('Origin',(14.0000002235174,28.8537032031073,174.000000447035));
#8315=CARTESIAN_POINT('',(14.0000002235174,28.8537032031073,171.000000402331));
#8316=CARTESIAN_POINT('Origin',(38.0000005662441,28.8537032031073,171.000000402331));
#8317=CARTESIAN_POINT('',(39.0000002235174,28.8537032031073,171.000000402331));
#8318=CARTESIAN_POINT('Origin',(39.0000002235174,28.8537032031073,174.000000789762));
#8319=CARTESIAN_POINT('Origin',(15.0000002235174,28.8537032031073,233.000000447035));
#8320=CARTESIAN_POINT('',(17.958039961423,28.8537032031073,233.500001356006));
#8321=CARTESIAN_POINT('Origin',(35.0419604856119,28.8537032031073,233.500001356006));
#8322=CARTESIAN_POINT('',(35.0419604856119,28.8537032031073,233.500001356006));
#8323=CARTESIAN_POINT('Origin',(38.0000002235174,28.8537032031073,233.000000447035));
#8324=CARTESIAN_POINT('Origin',(38.0000002235174,28.8537032031073,175.000000447035));
#8325=CARTESIAN_POINT('',(39.6000002235174,28.8537032031073,175.000000447035));
#8326=CARTESIAN_POINT('Origin',(38.0000002235174,28.8537032031073,233.000000447035));
#8327=CARTESIAN_POINT('',(39.6000002235174,28.8537032031073,233.000000447035));
#8328=CARTESIAN_POINT('Origin',(15.0000002235174,28.8537032031073,233.000000447035));
#8329=CARTESIAN_POINT('',(16.6000002235174,28.8537032031073,233.000000447035));
#8330=CARTESIAN_POINT('Origin',(15.0000002235174,28.8537032031073,175.000000447035));
#8331=CARTESIAN_POINT('',(16.6000002235174,28.8537032031073,175.000000447035));
#8332=CARTESIAN_POINT('Origin',(-3.67493251025717,27.8037032031073,237.3));
#8333=CARTESIAN_POINT('',(-2.02493251025716,28.5537032031073,237.3));
#8334=CARTESIAN_POINT('',(-1.27493251025716,27.8037032031073,237.3));
#8335=CARTESIAN_POINT('Origin',(-3.67493251025717,28.5537032031073,237.3));
#8336=CARTESIAN_POINT('Origin',(-3.67493251025717,28.8537032031073,237.3));
#8337=CARTESIAN_POINT('',(-2.02493251025716,28.8537032031073,237.3));
#8338=CARTESIAN_POINT('Origin',(-1.67506510555718,27.8037032031073,154.));
#8339=CARTESIAN_POINT('',(-0.0250651055571802,28.5537032031073,154.));
#8340=CARTESIAN_POINT('',(0.72493489444282,27.8037032031073,154.));
#8341=CARTESIAN_POINT('Origin',(-1.67506510555718,28.5537032031073,154.));
#8342=CARTESIAN_POINT('Origin',(-1.67506510555718,28.8537032031073,154.));
#8343=CARTESIAN_POINT('',(-0.0250651055571802,28.8537032031073,154.));
#8344=CARTESIAN_POINT('Origin',(161.675067489743,27.8037032031073,154.));
#8345=CARTESIAN_POINT('',(163.325067489743,28.5537032031073,154.));
#8346=CARTESIAN_POINT('',(164.075067489743,27.8037032031073,154.));
#8347=CARTESIAN_POINT('Origin',(161.675067489743,28.5537032031073,154.));
#8348=CARTESIAN_POINT('Origin',(161.675067489743,28.8537032031073,154.));
#8349=CARTESIAN_POINT('',(163.325067489743,28.8537032031073,154.));
#8350=CARTESIAN_POINT('Origin',(163.675130523683,27.8037032031073,237.300727535387));
#8351=CARTESIAN_POINT('',(165.325130523683,28.5537032031073,237.300727535387));
#8352=CARTESIAN_POINT('',(166.075130523683,27.8037032031073,237.300727535387));
#8353=CARTESIAN_POINT('Origin',(163.675130523683,28.5537032031073,237.300727535387));
#8354=CARTESIAN_POINT('Origin',(163.675130523683,28.8537032031073,237.300727535387));
#8355=CARTESIAN_POINT('',(165.325130523683,28.8537032031073,237.300727535387));
#8356=CARTESIAN_POINT('Origin',(162.925067489743,28.8537032031073,236.75));
#8357=CARTESIAN_POINT('',(168.725067489743,28.8537032031073,241.965361924162));
#8358=CARTESIAN_POINT('',(162.925067489743,28.8537032031073,244.55));
#8359=CARTESIAN_POINT('Origin',(-2.92493251025718,28.8537032031073,244.55));
#8360=CARTESIAN_POINT('',(-2.92493251025718,28.8537032031073,244.55));
#8361=CARTESIAN_POINT('Origin',(-2.92493251025717,28.8537032031073,236.75));
#8362=CARTESIAN_POINT('',(-8.72506510555718,28.8537032031073,241.96521446126));
#8363=CARTESIAN_POINT('Origin',(168.725067489743,27.0537032031073,245.49934318535));
#8364=CARTESIAN_POINT('',(168.725067489743,27.0537032031073,146.95));
#8365=CARTESIAN_POINT('Origin',(-8.7250651055572,27.0537032031073,146.75));
#8366=CARTESIAN_POINT('',(-8.7250651055572,27.0537032031073,146.95));
#8367=CARTESIAN_POINT('Origin',(168.925067489743,27.0537032031073,146.95));
#8368=CARTESIAN_POINT('Origin',(161.675067489743,27.8037032031073,174.));
#8369=CARTESIAN_POINT('',(163.325067489743,28.5537032031073,174.));
#8370=CARTESIAN_POINT('',(164.075067489743,27.8037032031073,174.));
#8371=CARTESIAN_POINT('Origin',(161.675067489743,28.5537032031073,174.));
#8372=CARTESIAN_POINT('Origin',(161.675067489743,28.8537032031073,174.));
#8373=CARTESIAN_POINT('',(163.325067489743,28.8537032031073,174.));
#8374=CARTESIAN_POINT('Origin',(-1.67506510555717,27.8037032031073,174.));
#8375=CARTESIAN_POINT('',(-0.025065105557175,28.5537032031073,174.));
#8376=CARTESIAN_POINT('',(0.724934894442825,27.8037032031073,174.));
#8377=CARTESIAN_POINT('Origin',(-1.67506510555717,28.5537032031073,174.));
#8378=CARTESIAN_POINT('Origin',(-1.67506510555717,28.8537032031073,174.));
#8379=CARTESIAN_POINT('',(-0.0250651055571749,28.8537032031073,174.));
#8380=UNCERTAINTY_MEASURE_WITH_UNIT(LENGTH_MEASURE(0.01),#8384,
'DISTANCE_ACCURACY_VALUE',
'Maximum model space distance between geometric entities at asserted c
onnectivities');
#8381=UNCERTAINTY_MEASURE_WITH_UNIT(LENGTH_MEASURE(0.01),#8384,
'DISTANCE_ACCURACY_VALUE',
'Maximum model space distance between geometric entities at asserted c
onnectivities');
#8382=(
GEOMETRIC_REPRESENTATION_CONTEXT(3)
GLOBAL_UNCERTAINTY_ASSIGNED_CONTEXT((#8380))
GLOBAL_UNIT_ASSIGNED_CONTEXT((#8384,#8386,#8387))
REPRESENTATION_CONTEXT('','3D')
);
#8383=(
GEOMETRIC_REPRESENTATION_CONTEXT(3)
GLOBAL_UNCERTAINTY_ASSIGNED_CONTEXT((#8381))
GLOBAL_UNIT_ASSIGNED_CONTEXT((#8384,#8386,#8387))
REPRESENTATION_CONTEXT('','3D')
);
#8384=(
LENGTH_UNIT()
NAMED_UNIT(*)
SI_UNIT(.MILLI.,.METRE.)
);
#8385=(
LENGTH_UNIT()
NAMED_UNIT(*)
SI_UNIT($,.METRE.)
);
#8386=(
NAMED_UNIT(*)
PLANE_ANGLE_UNIT()
SI_UNIT($,.RADIAN.)
);
#8387=(
NAMED_UNIT(*)
SI_UNIT($,.STERADIAN.)
SOLID_ANGLE_UNIT()
);
#8388=SHAPE_DEFINITION_REPRESENTATION(#8389,#8390);
#8389=PRODUCT_DEFINITION_SHAPE('',$,#8392);
#8390=SHAPE_REPRESENTATION('',(#4666),#8382);
#8391=PRODUCT_DEFINITION_CONTEXT('part definition',#8396,'design');
#8392=PRODUCT_DEFINITION('Bottom Cover (piZero)',
'Bottom Cover (piZero)',#8393,#8391);
#8393=PRODUCT_DEFINITION_FORMATION('',$,#8398);
#8394=PRODUCT_RELATED_PRODUCT_CATEGORY('Bottom Cover (piZero)',
'Bottom Cover (piZero)',(#8398));
#8395=APPLICATION_PROTOCOL_DEFINITION('international standard',
'automotive_design',2009,#8396);
#8396=APPLICATION_CONTEXT(
'Core Data for Automotive Mechanical Design Process');
#8397=PRODUCT_CONTEXT('part definition',#8396,'mechanical');
#8398=PRODUCT('Bottom Cover (piZero)','Bottom Cover (piZero)',$,(#8397));
#8399=PRESENTATION_STYLE_ASSIGNMENT((#8400));
#8400=SURFACE_STYLE_USAGE(.BOTH.,#8401);
#8401=SURFACE_SIDE_STYLE('',(#8402));
#8402=SURFACE_STYLE_FILL_AREA(#8403);
#8403=FILL_AREA_STYLE('ABS (White)',(#8404));
#8404=FILL_AREA_STYLE_COLOUR('ABS (White)',#8405);
#8405=COLOUR_RGB('ABS (White)',0.964705882352941,0.964705882352941,0.952941176470588);
ENDSEC;
END-ISO-10303-21;
