ISO-10303-21;
HEADER;
/* Generated by software containing ST-Developer
 * from STEP Tools, Inc. (www.steptools.com) 
 */

FILE_DESCRIPTION(
/* description */ (''),
/* implementation_level */ '2;1');

FILE_NAME(
/* name */ 'Front Cover (all 3 sensors).step',
/* time_stamp */ '2026-05-12T09:54:30-05:00',
/* author */ (''),
/* organization */ (''),
/* preprocessor_version */ 'ST-DEVELOPER v20.1',
/* originating_system */ 'Autodesk Translation Framework v15.8.0.0',
/* authorisation */ '');

FILE_SCHEMA (('AUTOMOTIVE_DESIGN { 1 0 10303 214 3 1 1 }'));
ENDSEC;

DATA;
#10=MECHANICAL_DESIGN_GEOMETRIC_PRESENTATION_REPRESENTATION('',(#13),#4617);
#11=SHAPE_REPRESENTATION_RELATIONSHIP('SRR','None',#4624,#12);
#12=ADVANCED_BREP_SHAPE_REPRESENTATION('',(#14),#4616);
#13=STYLED_ITEM('',(#4633),#14);
#14=MANIFOLD_SOLID_BREP('Front Cover',#2833);
#15=CONICAL_SURFACE('',#2886,3.,0.785398163397447);
#16=CONICAL_SURFACE('',#2922,3.,0.785398163397447);
#17=CONICAL_SURFACE('',#2955,7.6,0.785398163397449);
#18=CONICAL_SURFACE('',#2958,7.60000000000001,0.785398163397443);
#19=CONICAL_SURFACE('',#3004,1.,0.785398163397449);
#20=CONICAL_SURFACE('',#3007,1.,0.785398163397449);
#21=CONICAL_SURFACE('',#3010,1.,0.785398163397449);
#22=CONICAL_SURFACE('',#3013,1.,0.785398163397449);
#23=CYLINDRICAL_SURFACE('',#2873,6.);
#24=CYLINDRICAL_SURFACE('',#2879,6.);
#25=CYLINDRICAL_SURFACE('',#2892,2.5);
#26=CYLINDRICAL_SURFACE('',#2929,2.1);
#27=CYLINDRICAL_SURFACE('',#2932,2.10000000000001);
#28=CYLINDRICAL_SURFACE('',#2937,2.10000000000001);
#29=CYLINDRICAL_SURFACE('',#2939,2.1);
#30=CYLINDRICAL_SURFACE('',#2961,8.);
#31=CYLINDRICAL_SURFACE('',#2963,8.);
#32=CYLINDRICAL_SURFACE('',#2986,1.5);
#33=CYLINDRICAL_SURFACE('',#2988,1.5);
#34=CYLINDRICAL_SURFACE('',#2990,1.5);
#35=CYLINDRICAL_SURFACE('',#2992,1.5);
#36=CYLINDRICAL_SURFACE('',#2994,2.);
#37=CYLINDRICAL_SURFACE('',#2995,2.);
#38=CYLINDRICAL_SURFACE('',#2996,1.875);
#39=CYLINDRICAL_SURFACE('',#2997,1.875);
#40=CYLINDRICAL_SURFACE('',#2998,1.875);
#41=CYLINDRICAL_SURFACE('',#2999,1.875);
#42=CYLINDRICAL_SURFACE('',#3032,5.5);
#43=CYLINDRICAL_SURFACE('',#3033,2.375);
#44=CYLINDRICAL_SURFACE('',#3041,2.5);
#45=FACE_BOUND('',#292,.T.);
#46=FACE_BOUND('',#293,.T.);
#47=FACE_BOUND('',#299,.T.);
#48=FACE_BOUND('',#302,.T.);
#49=FACE_BOUND('',#304,.T.);
#50=FACE_BOUND('',#308,.T.);
#51=FACE_BOUND('',#318,.T.);
#52=FACE_BOUND('',#326,.T.);
#53=FACE_BOUND('',#334,.T.);
#54=FACE_BOUND('',#335,.T.);
#55=FACE_BOUND('',#336,.T.);
#56=FACE_BOUND('',#337,.T.);
#57=FACE_BOUND('',#338,.T.);
#58=FACE_BOUND('',#339,.T.);
#59=FACE_BOUND('',#340,.T.);
#60=FACE_BOUND('',#361,.T.);
#61=FACE_BOUND('',#362,.T.);
#62=FACE_BOUND('',#363,.T.);
#63=FACE_BOUND('',#385,.T.);
#64=FACE_BOUND('',#386,.T.);
#65=FACE_BOUND('',#387,.T.);
#66=FACE_BOUND('',#388,.T.);
#67=FACE_BOUND('',#389,.T.);
#68=FACE_BOUND('',#390,.T.);
#69=FACE_BOUND('',#391,.T.);
#70=FACE_BOUND('',#437,.T.);
#71=CIRCLE('',#2856,3.5);
#72=CIRCLE('',#2857,3.5);
#73=CIRCLE('',#2858,2.375);
#74=CIRCLE('',#2859,5.5);
#75=CIRCLE('',#2865,2.1);
#76=CIRCLE('',#2868,2.10000000000001);
#77=CIRCLE('',#2870,6.);
#78=CIRCLE('',#2871,2.10000000000001);
#79=CIRCLE('',#2874,6.);
#80=CIRCLE('',#2876,6.);
#81=CIRCLE('',#2877,2.1);
#82=CIRCLE('',#2880,6.);
#83=CIRCLE('',#2887,2.5);
#84=CIRCLE('',#2889,2.1);
#85=CIRCLE('',#2893,2.5);
#86=CIRCLE('',#2898,2.10000000000001);
#87=CIRCLE('',#2906,1.5);
#88=CIRCLE('',#2907,1.5);
#89=CIRCLE('',#2908,1.5);
#90=CIRCLE('',#2909,1.5);
#91=CIRCLE('',#2910,2.);
#92=CIRCLE('',#2911,2.);
#93=CIRCLE('',#2912,1.875);
#94=CIRCLE('',#2913,1.875);
#95=CIRCLE('',#2914,1.875);
#96=CIRCLE('',#2915,1.875);
#97=CIRCLE('',#2923,2.5);
#98=CIRCLE('',#2930,2.1);
#99=CIRCLE('',#2933,2.10000000000001);
#100=CIRCLE('',#2935,8.);
#101=CIRCLE('',#2936,8.);
#102=CIRCLE('',#2941,7.2);
#103=CIRCLE('',#2942,7.20000000000001);
#104=CIRCLE('',#2943,5.5);
#105=CIRCLE('',#2944,1.5);
#106=CIRCLE('',#2945,1.5);
#107=CIRCLE('',#2946,1.5);
#108=CIRCLE('',#2947,1.5);
#109=CIRCLE('',#2956,8.);
#110=CIRCLE('',#2959,8.);
#111=CIRCLE('',#2971,1.5);
#112=CIRCLE('',#2972,1.5);
#113=CIRCLE('',#2973,1.5);
#114=CIRCLE('',#2974,1.5);
#115=CIRCLE('',#2975,2.);
#116=CIRCLE('',#2976,2.);
#117=CIRCLE('',#2977,1.875);
#118=CIRCLE('',#2978,1.875);
#119=CIRCLE('',#2979,1.875);
#120=CIRCLE('',#2980,1.875);
#121=CIRCLE('',#3005,0.5);
#122=CIRCLE('',#3008,0.5);
#123=CIRCLE('',#3011,0.5);
#124=CIRCLE('',#3014,0.5);
#125=CIRCLE('',#3016,2.375);
#126=CIRCLE('',#3024,2.5);
#127=B_SPLINE_CURVE_WITH_KNOTS('',3,(#3919,#3920,#3921,#3922),
 .UNSPECIFIED.,.F.,.F.,(4,4),(-0.171745601301582,0.),.UNSPECIFIED.);
#128=B_SPLINE_CURVE_WITH_KNOTS('',3,(#4070,#4071,#4072,#4073),
 .UNSPECIFIED.,.F.,.F.,(4,4),(-0.171745601301589,0.),.UNSPECIFIED.);
#129=B_SPLINE_CURVE_WITH_KNOTS('',3,(#4184,#4185,#4186,#4187),
 .UNSPECIFIED.,.F.,.F.,(4,4),(-0.171745600560113,0.),.UNSPECIFIED.);
#130=B_SPLINE_CURVE_WITH_KNOTS('',3,(#4197,#4198,#4199,#4200),
 .UNSPECIFIED.,.F.,.F.,(4,4),(-0.171745600560178,0.),.UNSPECIFIED.);
#131=FACE_OUTER_BOUND('',#283,.T.);
#132=FACE_OUTER_BOUND('',#284,.T.);
#133=FACE_OUTER_BOUND('',#285,.T.);
#134=FACE_OUTER_BOUND('',#286,.T.);
#135=FACE_OUTER_BOUND('',#287,.T.);
#136=FACE_OUTER_BOUND('',#288,.T.);
#137=FACE_OUTER_BOUND('',#289,.T.);
#138=FACE_OUTER_BOUND('',#290,.T.);
#139=FACE_OUTER_BOUND('',#291,.T.);
#140=FACE_OUTER_BOUND('',#294,.T.);
#141=FACE_OUTER_BOUND('',#295,.T.);
#142=FACE_OUTER_BOUND('',#296,.T.);
#143=FACE_OUTER_BOUND('',#297,.T.);
#144=FACE_OUTER_BOUND('',#298,.T.);
#145=FACE_OUTER_BOUND('',#300,.T.);
#146=FACE_OUTER_BOUND('',#301,.T.);
#147=FACE_OUTER_BOUND('',#303,.T.);
#148=FACE_OUTER_BOUND('',#305,.T.);
#149=FACE_OUTER_BOUND('',#306,.T.);
#150=FACE_OUTER_BOUND('',#307,.T.);
#151=FACE_OUTER_BOUND('',#309,.T.);
#152=FACE_OUTER_BOUND('',#310,.T.);
#153=FACE_OUTER_BOUND('',#311,.T.);
#154=FACE_OUTER_BOUND('',#312,.T.);
#155=FACE_OUTER_BOUND('',#313,.T.);
#156=FACE_OUTER_BOUND('',#314,.T.);
#157=FACE_OUTER_BOUND('',#315,.T.);
#158=FACE_OUTER_BOUND('',#316,.T.);
#159=FACE_OUTER_BOUND('',#317,.T.);
#160=FACE_OUTER_BOUND('',#319,.T.);
#161=FACE_OUTER_BOUND('',#320,.T.);
#162=FACE_OUTER_BOUND('',#321,.T.);
#163=FACE_OUTER_BOUND('',#322,.T.);
#164=FACE_OUTER_BOUND('',#323,.T.);
#165=FACE_OUTER_BOUND('',#324,.T.);
#166=FACE_OUTER_BOUND('',#325,.T.);
#167=FACE_OUTER_BOUND('',#327,.T.);
#168=FACE_OUTER_BOUND('',#328,.T.);
#169=FACE_OUTER_BOUND('',#329,.T.);
#170=FACE_OUTER_BOUND('',#330,.T.);
#171=FACE_OUTER_BOUND('',#331,.T.);
#172=FACE_OUTER_BOUND('',#332,.T.);
#173=FACE_OUTER_BOUND('',#333,.T.);
#174=FACE_OUTER_BOUND('',#341,.T.);
#175=FACE_OUTER_BOUND('',#342,.T.);
#176=FACE_OUTER_BOUND('',#343,.T.);
#177=FACE_OUTER_BOUND('',#344,.T.);
#178=FACE_OUTER_BOUND('',#345,.T.);
#179=FACE_OUTER_BOUND('',#346,.T.);
#180=FACE_OUTER_BOUND('',#347,.T.);
#181=FACE_OUTER_BOUND('',#348,.T.);
#182=FACE_OUTER_BOUND('',#349,.T.);
#183=FACE_OUTER_BOUND('',#350,.T.);
#184=FACE_OUTER_BOUND('',#351,.T.);
#185=FACE_OUTER_BOUND('',#352,.T.);
#186=FACE_OUTER_BOUND('',#353,.T.);
#187=FACE_OUTER_BOUND('',#354,.T.);
#188=FACE_OUTER_BOUND('',#355,.T.);
#189=FACE_OUTER_BOUND('',#356,.T.);
#190=FACE_OUTER_BOUND('',#357,.T.);
#191=FACE_OUTER_BOUND('',#358,.T.);
#192=FACE_OUTER_BOUND('',#359,.T.);
#193=FACE_OUTER_BOUND('',#360,.T.);
#194=FACE_OUTER_BOUND('',#364,.T.);
#195=FACE_OUTER_BOUND('',#365,.T.);
#196=FACE_OUTER_BOUND('',#366,.T.);
#197=FACE_OUTER_BOUND('',#367,.T.);
#198=FACE_OUTER_BOUND('',#368,.T.);
#199=FACE_OUTER_BOUND('',#369,.T.);
#200=FACE_OUTER_BOUND('',#370,.T.);
#201=FACE_OUTER_BOUND('',#371,.T.);
#202=FACE_OUTER_BOUND('',#372,.T.);
#203=FACE_OUTER_BOUND('',#373,.T.);
#204=FACE_OUTER_BOUND('',#374,.T.);
#205=FACE_OUTER_BOUND('',#375,.T.);
#206=FACE_OUTER_BOUND('',#376,.T.);
#207=FACE_OUTER_BOUND('',#377,.T.);
#208=FACE_OUTER_BOUND('',#378,.T.);
#209=FACE_OUTER_BOUND('',#379,.T.);
#210=FACE_OUTER_BOUND('',#380,.T.);
#211=FACE_OUTER_BOUND('',#381,.T.);
#212=FACE_OUTER_BOUND('',#382,.T.);
#213=FACE_OUTER_BOUND('',#383,.T.);
#214=FACE_OUTER_BOUND('',#384,.T.);
#215=FACE_OUTER_BOUND('',#392,.T.);
#216=FACE_OUTER_BOUND('',#393,.T.);
#217=FACE_OUTER_BOUND('',#394,.T.);
#218=FACE_OUTER_BOUND('',#395,.T.);
#219=FACE_OUTER_BOUND('',#396,.T.);
#220=FACE_OUTER_BOUND('',#397,.T.);
#221=FACE_OUTER_BOUND('',#398,.T.);
#222=FACE_OUTER_BOUND('',#399,.T.);
#223=FACE_OUTER_BOUND('',#400,.T.);
#224=FACE_OUTER_BOUND('',#401,.T.);
#225=FACE_OUTER_BOUND('',#402,.T.);
#226=FACE_OUTER_BOUND('',#403,.T.);
#227=FACE_OUTER_BOUND('',#404,.T.);
#228=FACE_OUTER_BOUND('',#405,.T.);
#229=FACE_OUTER_BOUND('',#406,.T.);
#230=FACE_OUTER_BOUND('',#407,.T.);
#231=FACE_OUTER_BOUND('',#408,.T.);
#232=FACE_OUTER_BOUND('',#409,.T.);
#233=FACE_OUTER_BOUND('',#410,.T.);
#234=FACE_OUTER_BOUND('',#411,.T.);
#235=FACE_OUTER_BOUND('',#412,.T.);
#236=FACE_OUTER_BOUND('',#413,.T.);
#237=FACE_OUTER_BOUND('',#414,.T.);
#238=FACE_OUTER_BOUND('',#415,.T.);
#239=FACE_OUTER_BOUND('',#416,.T.);
#240=FACE_OUTER_BOUND('',#417,.T.);
#241=FACE_OUTER_BOUND('',#418,.T.);
#242=FACE_OUTER_BOUND('',#419,.T.);
#243=FACE_OUTER_BOUND('',#420,.T.);
#244=FACE_OUTER_BOUND('',#421,.T.);
#245=FACE_OUTER_BOUND('',#422,.T.);
#246=FACE_OUTER_BOUND('',#423,.T.);
#247=FACE_OUTER_BOUND('',#424,.T.);
#248=FACE_OUTER_BOUND('',#425,.T.);
#249=FACE_OUTER_BOUND('',#426,.T.);
#250=FACE_OUTER_BOUND('',#427,.T.);
#251=FACE_OUTER_BOUND('',#428,.T.);
#252=FACE_OUTER_BOUND('',#429,.T.);
#253=FACE_OUTER_BOUND('',#430,.T.);
#254=FACE_OUTER_BOUND('',#431,.T.);
#255=FACE_OUTER_BOUND('',#432,.T.);
#256=FACE_OUTER_BOUND('',#433,.T.);
#257=FACE_OUTER_BOUND('',#434,.T.);
#258=FACE_OUTER_BOUND('',#435,.T.);
#259=FACE_OUTER_BOUND('',#436,.T.);
#260=FACE_OUTER_BOUND('',#438,.T.);
#261=FACE_OUTER_BOUND('',#439,.T.);
#262=FACE_OUTER_BOUND('',#440,.T.);
#263=FACE_OUTER_BOUND('',#441,.T.);
#264=FACE_OUTER_BOUND('',#442,.T.);
#265=FACE_OUTER_BOUND('',#443,.T.);
#266=FACE_OUTER_BOUND('',#444,.T.);
#267=FACE_OUTER_BOUND('',#445,.T.);
#268=FACE_OUTER_BOUND('',#446,.T.);
#269=FACE_OUTER_BOUND('',#447,.T.);
#270=FACE_OUTER_BOUND('',#448,.T.);
#271=FACE_OUTER_BOUND('',#449,.T.);
#272=FACE_OUTER_BOUND('',#450,.T.);
#273=FACE_OUTER_BOUND('',#451,.T.);
#274=FACE_OUTER_BOUND('',#452,.T.);
#275=FACE_OUTER_BOUND('',#453,.T.);
#276=FACE_OUTER_BOUND('',#454,.T.);
#277=FACE_OUTER_BOUND('',#455,.T.);
#278=FACE_OUTER_BOUND('',#456,.T.);
#279=FACE_OUTER_BOUND('',#457,.T.);
#280=FACE_OUTER_BOUND('',#458,.T.);
#281=FACE_OUTER_BOUND('',#459,.T.);
#282=FACE_OUTER_BOUND('',#460,.T.);
#283=EDGE_LOOP('',(#1771,#1772,#1773,#1774,#1775));
#284=EDGE_LOOP('',(#1776,#1777,#1778,#1779));
#285=EDGE_LOOP('',(#1780,#1781,#1782,#1783,#1784));
#286=EDGE_LOOP('',(#1785,#1786,#1787,#1788,#1789,#1790,#1791,#1792,#1793,
#1794));
#287=EDGE_LOOP('',(#1795,#1796,#1797,#1798,#1799,#1800,#1801,#1802,#1803,
#1804,#1805,#1806,#1807,#1808,#1809,#1810,#1811,#1812,#1813,#1814,#1815,
#1816,#1817,#1818,#1819,#1820,#1821,#1822));
#288=EDGE_LOOP('',(#1823,#1824,#1825,#1826));
#289=EDGE_LOOP('',(#1827,#1828,#1829,#1830));
#290=EDGE_LOOP('',(#1831,#1832,#1833,#1834));
#291=EDGE_LOOP('',(#1835,#1836,#1837,#1838,#1839,#1840,#1841,#1842,#1843,
#1844,#1845,#1846,#1847,#1848,#1849,#1850));
#292=EDGE_LOOP('',(#1851));
#293=EDGE_LOOP('',(#1852));
#294=EDGE_LOOP('',(#1853,#1854,#1855,#1856));
#295=EDGE_LOOP('',(#1857,#1858,#1859,#1860));
#296=EDGE_LOOP('',(#1861,#1862,#1863,#1864));
#297=EDGE_LOOP('',(#1865,#1866,#1867,#1868,#1869,#1870));
#298=EDGE_LOOP('',(#1871,#1872,#1873,#1874,#1875));
#299=EDGE_LOOP('',(#1876));
#300=EDGE_LOOP('',(#1877,#1878,#1879,#1880));
#301=EDGE_LOOP('',(#1881,#1882,#1883,#1884,#1885));
#302=EDGE_LOOP('',(#1886));
#303=EDGE_LOOP('',(#1887,#1888,#1889,#1890,#1891));
#304=EDGE_LOOP('',(#1892));
#305=EDGE_LOOP('',(#1893,#1894,#1895,#1896,#1897,#1898,#1899,#1900,#1901,
#1902,#1903,#1904));
#306=EDGE_LOOP('',(#1905,#1906,#1907,#1908));
#307=EDGE_LOOP('',(#1909,#1910,#1911,#1912,#1913));
#308=EDGE_LOOP('',(#1914));
#309=EDGE_LOOP('',(#1915,#1916,#1917,#1918,#1919,#1920,#1921,#1922,#1923,
#1924));
#310=EDGE_LOOP('',(#1925,#1926,#1927,#1928));
#311=EDGE_LOOP('',(#1929,#1930,#1931,#1932,#1933));
#312=EDGE_LOOP('',(#1934,#1935,#1936,#1937));
#313=EDGE_LOOP('',(#1938,#1939,#1940,#1941,#1942));
#314=EDGE_LOOP('',(#1943,#1944,#1945,#1946,#1947,#1948));
#315=EDGE_LOOP('',(#1949,#1950,#1951,#1952));
#316=EDGE_LOOP('',(#1953,#1954,#1955,#1956));
#317=EDGE_LOOP('',(#1957,#1958,#1959,#1960));
#318=EDGE_LOOP('',(#1961));
#319=EDGE_LOOP('',(#1962,#1963,#1964,#1965));
#320=EDGE_LOOP('',(#1966,#1967,#1968,#1969));
#321=EDGE_LOOP('',(#1970,#1971,#1972,#1973));
#322=EDGE_LOOP('',(#1974,#1975,#1976,#1977));
#323=EDGE_LOOP('',(#1978,#1979,#1980,#1981));
#324=EDGE_LOOP('',(#1982,#1983,#1984,#1985,#1986,#1987,#1988,#1989,#1990,
#1991));
#325=EDGE_LOOP('',(#1992,#1993,#1994,#1995));
#326=EDGE_LOOP('',(#1996));
#327=EDGE_LOOP('',(#1997,#1998,#1999,#2000));
#328=EDGE_LOOP('',(#2001,#2002,#2003,#2004));
#329=EDGE_LOOP('',(#2005,#2006,#2007,#2008));
#330=EDGE_LOOP('',(#2009,#2010,#2011,#2012));
#331=EDGE_LOOP('',(#2013,#2014,#2015,#2016));
#332=EDGE_LOOP('',(#2017,#2018,#2019,#2020,#2021,#2022,#2023,#2024));
#333=EDGE_LOOP('',(#2025,#2026,#2027,#2028));
#334=EDGE_LOOP('',(#2029,#2030,#2031,#2032,#2033,#2034,#2035,#2036));
#335=EDGE_LOOP('',(#2037));
#336=EDGE_LOOP('',(#2038));
#337=EDGE_LOOP('',(#2039));
#338=EDGE_LOOP('',(#2040));
#339=EDGE_LOOP('',(#2041));
#340=EDGE_LOOP('',(#2042));
#341=EDGE_LOOP('',(#2043,#2044,#2045,#2046));
#342=EDGE_LOOP('',(#2047,#2048,#2049,#2050,#2051,#2052));
#343=EDGE_LOOP('',(#2053,#2054,#2055,#2056,#2057));
#344=EDGE_LOOP('',(#2058,#2059,#2060,#2061));
#345=EDGE_LOOP('',(#2062,#2063,#2064,#2065,#2066));
#346=EDGE_LOOP('',(#2067,#2068,#2069,#2070));
#347=EDGE_LOOP('',(#2071,#2072,#2073,#2074));
#348=EDGE_LOOP('',(#2075,#2076,#2077,#2078));
#349=EDGE_LOOP('',(#2079,#2080,#2081,#2082));
#350=EDGE_LOOP('',(#2083,#2084,#2085,#2086));
#351=EDGE_LOOP('',(#2087,#2088,#2089,#2090));
#352=EDGE_LOOP('',(#2091,#2092,#2093,#2094));
#353=EDGE_LOOP('',(#2095,#2096,#2097,#2098));
#354=EDGE_LOOP('',(#2099));
#355=EDGE_LOOP('',(#2100,#2101,#2102,#2103));
#356=EDGE_LOOP('',(#2104,#2105,#2106,#2107,#2108,#2109,#2110,#2111,#2112,
#2113,#2114,#2115));
#357=EDGE_LOOP('',(#2116,#2117,#2118,#2119));
#358=EDGE_LOOP('',(#2120));
#359=EDGE_LOOP('',(#2121,#2122,#2123,#2124));
#360=EDGE_LOOP('',(#2125,#2126,#2127,#2128,#2129,#2130));
#361=EDGE_LOOP('',(#2131));
#362=EDGE_LOOP('',(#2132,#2133,#2134,#2135));
#363=EDGE_LOOP('',(#2136,#2137,#2138,#2139,#2140,#2141,#2142,#2143));
#364=EDGE_LOOP('',(#2144,#2145,#2146,#2147));
#365=EDGE_LOOP('',(#2148,#2149,#2150,#2151));
#366=EDGE_LOOP('',(#2152,#2153,#2154,#2155));
#367=EDGE_LOOP('',(#2156,#2157,#2158,#2159));
#368=EDGE_LOOP('',(#2160,#2161,#2162,#2163));
#369=EDGE_LOOP('',(#2164,#2165,#2166,#2167));
#370=EDGE_LOOP('',(#2168,#2169,#2170,#2171));
#371=EDGE_LOOP('',(#2172,#2173,#2174,#2175));
#372=EDGE_LOOP('',(#2176,#2177,#2178,#2179));
#373=EDGE_LOOP('',(#2180,#2181,#2182,#2183));
#374=EDGE_LOOP('',(#2184,#2185,#2186,#2187));
#375=EDGE_LOOP('',(#2188,#2189,#2190,#2191));
#376=EDGE_LOOP('',(#2192,#2193,#2194,#2195));
#377=EDGE_LOOP('',(#2196,#2197,#2198,#2199));
#378=EDGE_LOOP('',(#2200,#2201,#2202,#2203));
#379=EDGE_LOOP('',(#2204,#2205,#2206,#2207));
#380=EDGE_LOOP('',(#2208,#2209,#2210,#2211));
#381=EDGE_LOOP('',(#2212,#2213,#2214,#2215));
#382=EDGE_LOOP('',(#2216,#2217,#2218,#2219));
#383=EDGE_LOOP('',(#2220,#2221,#2222,#2223));
#384=EDGE_LOOP('',(#2224,#2225,#2226,#2227));
#385=EDGE_LOOP('',(#2228,#2229,#2230,#2231,#2232,#2233,#2234,#2235));
#386=EDGE_LOOP('',(#2236));
#387=EDGE_LOOP('',(#2237));
#388=EDGE_LOOP('',(#2238));
#389=EDGE_LOOP('',(#2239));
#390=EDGE_LOOP('',(#2240));
#391=EDGE_LOOP('',(#2241));
#392=EDGE_LOOP('',(#2242,#2243,#2244,#2245));
#393=EDGE_LOOP('',(#2246,#2247,#2248,#2249));
#394=EDGE_LOOP('',(#2250,#2251,#2252,#2253));
#395=EDGE_LOOP('',(#2254,#2255,#2256,#2257));
#396=EDGE_LOOP('',(#2258,#2259,#2260,#2261,#2262));
#397=EDGE_LOOP('',(#2263,#2264,#2265,#2266));
#398=EDGE_LOOP('',(#2267,#2268,#2269,#2270));
#399=EDGE_LOOP('',(#2271,#2272,#2273,#2274));
#400=EDGE_LOOP('',(#2275,#2276,#2277,#2278));
#401=EDGE_LOOP('',(#2279,#2280,#2281,#2282));
#402=EDGE_LOOP('',(#2283,#2284,#2285,#2286));
#403=EDGE_LOOP('',(#2287,#2288,#2289,#2290));
#404=EDGE_LOOP('',(#2291,#2292,#2293,#2294));
#405=EDGE_LOOP('',(#2295,#2296,#2297,#2298));
#406=EDGE_LOOP('',(#2299,#2300,#2301,#2302));
#407=EDGE_LOOP('',(#2303,#2304,#2305,#2306));
#408=EDGE_LOOP('',(#2307,#2308,#2309,#2310));
#409=EDGE_LOOP('',(#2311,#2312,#2313,#2314));
#410=EDGE_LOOP('',(#2315,#2316,#2317,#2318));
#411=EDGE_LOOP('',(#2319,#2320,#2321,#2322));
#412=EDGE_LOOP('',(#2323,#2324,#2325,#2326));
#413=EDGE_LOOP('',(#2327,#2328,#2329,#2330));
#414=EDGE_LOOP('',(#2331,#2332,#2333,#2334));
#415=EDGE_LOOP('',(#2335,#2336,#2337,#2338));
#416=EDGE_LOOP('',(#2339,#2340,#2341,#2342));
#417=EDGE_LOOP('',(#2343,#2344,#2345,#2346));
#418=EDGE_LOOP('',(#2347,#2348,#2349,#2350));
#419=EDGE_LOOP('',(#2351,#2352,#2353,#2354));
#420=EDGE_LOOP('',(#2355,#2356,#2357,#2358));
#421=EDGE_LOOP('',(#2359,#2360,#2361,#2362));
#422=EDGE_LOOP('',(#2363));
#423=EDGE_LOOP('',(#2364,#2365,#2366,#2367,#2368));
#424=EDGE_LOOP('',(#2369,#2370,#2371,#2372));
#425=EDGE_LOOP('',(#2373,#2374,#2375,#2376,#2377,#2378,#2379));
#426=EDGE_LOOP('',(#2380,#2381,#2382,#2383));
#427=EDGE_LOOP('',(#2384,#2385,#2386,#2387,#2388));
#428=EDGE_LOOP('',(#2389,#2390,#2391,#2392,#2393,#2394,#2395,#2396));
#429=EDGE_LOOP('',(#2397,#2398));
#430=EDGE_LOOP('',(#2399,#2400,#2401,#2402));
#431=EDGE_LOOP('',(#2403,#2404,#2405,#2406));
#432=EDGE_LOOP('',(#2407,#2408,#2409,#2410));
#433=EDGE_LOOP('',(#2411,#2412,#2413,#2414));
#434=EDGE_LOOP('',(#2415,#2416,#2417,#2418));
#435=EDGE_LOOP('',(#2419,#2420,#2421,#2422,#2423,#2424,#2425,#2426));
#436=EDGE_LOOP('',(#2427,#2428,#2429,#2430));
#437=EDGE_LOOP('',(#2431,#2432,#2433,#2434,#2435,#2436,#2437,#2438));
#438=EDGE_LOOP('',(#2439,#2440,#2441,#2442));
#439=EDGE_LOOP('',(#2443,#2444,#2445,#2446));
#440=EDGE_LOOP('',(#2447,#2448,#2449,#2450));
#441=EDGE_LOOP('',(#2451,#2452,#2453,#2454));
#442=EDGE_LOOP('',(#2455,#2456,#2457,#2458,#2459,#2460,#2461));
#443=EDGE_LOOP('',(#2462,#2463,#2464,#2465,#2466));
#444=EDGE_LOOP('',(#2467,#2468,#2469,#2470));
#445=EDGE_LOOP('',(#2471,#2472,#2473,#2474,#2475));
#446=EDGE_LOOP('',(#2476,#2477,#2478,#2479,#2480,#2481,#2482));
#447=EDGE_LOOP('',(#2483,#2484,#2485,#2486));
#448=EDGE_LOOP('',(#2487,#2488,#2489,#2490,#2491,#2492,#2493,#2494));
#449=EDGE_LOOP('',(#2495,#2496,#2497,#2498,#2499,#2500));
#450=EDGE_LOOP('',(#2501,#2502,#2503,#2504,#2505,#2506,#2507));
#451=EDGE_LOOP('',(#2508,#2509,#2510,#2511));
#452=EDGE_LOOP('',(#2512,#2513,#2514,#2515));
#453=EDGE_LOOP('',(#2516,#2517,#2518,#2519));
#454=EDGE_LOOP('',(#2520,#2521,#2522,#2523,#2524,#2525,#2526));
#455=EDGE_LOOP('',(#2527,#2528,#2529,#2530));
#456=EDGE_LOOP('',(#2531,#2532,#2533,#2534));
#457=EDGE_LOOP('',(#2535,#2536,#2537,#2538));
#458=EDGE_LOOP('',(#2539,#2540,#2541,#2542));
#459=EDGE_LOOP('',(#2543,#2544,#2545,#2546,#2547,#2548,#2549,#2550,#2551,
#2552,#2553,#2554,#2555,#2556));
#460=EDGE_LOOP('',(#2557,#2558));
#461=LINE('',#3811,#795);
#462=LINE('',#3813,#796);
#463=LINE('',#3815,#797);
#464=LINE('',#3817,#798);
#465=LINE('',#3818,#799);
#466=LINE('',#3821,#800);
#467=LINE('',#3823,#801);
#468=LINE('',#3824,#802);
#469=LINE('',#3828,#803);
#470=LINE('',#3830,#804);
#471=LINE('',#3832,#805);
#472=LINE('',#3834,#806);
#473=LINE('',#3835,#807);
#474=LINE('',#3838,#808);
#475=LINE('',#3840,#809);
#476=LINE('',#3842,#810);
#477=LINE('',#3844,#811);
#478=LINE('',#3846,#812);
#479=LINE('',#3848,#813);
#480=LINE('',#3850,#814);
#481=LINE('',#3852,#815);
#482=LINE('',#3853,#816);
#483=LINE('',#3856,#817);
#484=LINE('',#3858,#818);
#485=LINE('',#3860,#819);
#486=LINE('',#3862,#820);
#487=LINE('',#3864,#821);
#488=LINE('',#3866,#822);
#489=LINE('',#3868,#823);
#490=LINE('',#3869,#824);
#491=LINE('',#3871,#825);
#492=LINE('',#3873,#826);
#493=LINE('',#3875,#827);
#494=LINE('',#3877,#828);
#495=LINE('',#3879,#829);
#496=LINE('',#3881,#830);
#497=LINE('',#3882,#831);
#498=LINE('',#3884,#832);
#499=LINE('',#3886,#833);
#500=LINE('',#3888,#834);
#501=LINE('',#3890,#835);
#502=LINE('',#3892,#836);
#503=LINE('',#3894,#837);
#504=LINE('',#3896,#838);
#505=LINE('',#3898,#839);
#506=LINE('',#3899,#840);
#507=LINE('',#3903,#841);
#508=LINE('',#3905,#842);
#509=LINE('',#3907,#843);
#510=LINE('',#3908,#844);
#511=LINE('',#3911,#845);
#512=LINE('',#3913,#846);
#513=LINE('',#3914,#847);
#514=LINE('',#3917,#848);
#515=LINE('',#3923,#849);
#516=LINE('',#3926,#850);
#517=LINE('',#3928,#851);
#518=LINE('',#3930,#852);
#519=LINE('',#3932,#853);
#520=LINE('',#3936,#854);
#521=LINE('',#3938,#855);
#522=LINE('',#3940,#856);
#523=LINE('',#3942,#857);
#524=LINE('',#3944,#858);
#525=LINE('',#3946,#859);
#526=LINE('',#3948,#860);
#527=LINE('',#3957,#861);
#528=LINE('',#3958,#862);
#529=LINE('',#3959,#863);
#530=LINE('',#3962,#864);
#531=LINE('',#3963,#865);
#532=LINE('',#3966,#866);
#533=LINE('',#3967,#867);
#534=LINE('',#3970,#868);
#535=LINE('',#3971,#869);
#536=LINE('',#3972,#870);
#537=LINE('',#3975,#871);
#538=LINE('',#3977,#872);
#539=LINE('',#3978,#873);
#540=LINE('',#3983,#874);
#541=LINE('',#3984,#875);
#542=LINE('',#3987,#876);
#543=LINE('',#3988,#877);
#544=LINE('',#3994,#878);
#545=LINE('',#3998,#879);
#546=LINE('',#4000,#880);
#547=LINE('',#4001,#881);
#548=LINE('',#4005,#882);
#549=LINE('',#4007,#883);
#550=LINE('',#4009,#884);
#551=LINE('',#4011,#885);
#552=LINE('',#4013,#886);
#553=LINE('',#4014,#887);
#554=LINE('',#4016,#888);
#555=LINE('',#4018,#889);
#556=LINE('',#4020,#890);
#557=LINE('',#4021,#891);
#558=LINE('',#4024,#892);
#559=LINE('',#4028,#893);
#560=LINE('',#4032,#894);
#561=LINE('',#4033,#895);
#562=LINE('',#4037,#896);
#563=LINE('',#4039,#897);
#564=LINE('',#4041,#898);
#565=LINE('',#4042,#899);
#566=LINE('',#4044,#900);
#567=LINE('',#4045,#901);
#568=LINE('',#4050,#902);
#569=LINE('',#4052,#903);
#570=LINE('',#4053,#904);
#571=LINE('',#4056,#905);
#572=LINE('',#4058,#906);
#573=LINE('',#4059,#907);
#574=LINE('',#4062,#908);
#575=LINE('',#4064,#909);
#576=LINE('',#4065,#910);
#577=LINE('',#4067,#911);
#578=LINE('',#4068,#912);
#579=LINE('',#4078,#913);
#580=LINE('',#4079,#914);
#581=LINE('',#4083,#915);
#582=LINE('',#4088,#916);
#583=LINE('',#4090,#917);
#584=LINE('',#4093,#918);
#585=LINE('',#4094,#919);
#586=LINE('',#4096,#920);
#587=LINE('',#4097,#921);
#588=LINE('',#4099,#922);
#589=LINE('',#4105,#923);
#590=LINE('',#4107,#924);
#591=LINE('',#4109,#925);
#592=LINE('',#4110,#926);
#593=LINE('',#4113,#927);
#594=LINE('',#4115,#928);
#595=LINE('',#4116,#929);
#596=LINE('',#4119,#930);
#597=LINE('',#4121,#931);
#598=LINE('',#4122,#932);
#599=LINE('',#4124,#933);
#600=LINE('',#4125,#934);
#601=LINE('',#4128,#935);
#602=LINE('',#4130,#936);
#603=LINE('',#4131,#937);
#604=LINE('',#4133,#938);
#605=LINE('',#4135,#939);
#606=LINE('',#4137,#940);
#607=LINE('',#4139,#941);
#608=LINE('',#4140,#942);
#609=LINE('',#4144,#943);
#610=LINE('',#4148,#944);
#611=LINE('',#4152,#945);
#612=LINE('',#4156,#946);
#613=LINE('',#4172,#947);
#614=LINE('',#4173,#948);
#615=LINE('',#4174,#949);
#616=LINE('',#4176,#950);
#617=LINE('',#4178,#951);
#618=LINE('',#4181,#952);
#619=LINE('',#4183,#953);
#620=LINE('',#4189,#954);
#621=LINE('',#4192,#955);
#622=LINE('',#4193,#956);
#623=LINE('',#4202,#957);
#624=LINE('',#4205,#958);
#625=LINE('',#4206,#959);
#626=LINE('',#4209,#960);
#627=LINE('',#4214,#961);
#628=LINE('',#4219,#962);
#629=LINE('',#4222,#963);
#630=LINE('',#4224,#964);
#631=LINE('',#4228,#965);
#632=LINE('',#4232,#966);
#633=LINE('',#4233,#967);
#634=LINE('',#4235,#968);
#635=LINE('',#4238,#969);
#636=LINE('',#4242,#970);
#637=LINE('',#4244,#971);
#638=LINE('',#4246,#972);
#639=LINE('',#4250,#973);
#640=LINE('',#4256,#974);
#641=LINE('',#4258,#975);
#642=LINE('',#4260,#976);
#643=LINE('',#4261,#977);
#644=LINE('',#4264,#978);
#645=LINE('',#4268,#979);
#646=LINE('',#4272,#980);
#647=LINE('',#4276,#981);
#648=LINE('',#4280,#982);
#649=LINE('',#4282,#983);
#650=LINE('',#4283,#984);
#651=LINE('',#4286,#985);
#652=LINE('',#4287,#986);
#653=LINE('',#4290,#987);
#654=LINE('',#4291,#988);
#655=LINE('',#4293,#989);
#656=LINE('',#4296,#990);
#657=LINE('',#4298,#991);
#658=LINE('',#4299,#992);
#659=LINE('',#4302,#993);
#660=LINE('',#4303,#994);
#661=LINE('',#4306,#995);
#662=LINE('',#4308,#996);
#663=LINE('',#4309,#997);
#664=LINE('',#4313,#998);
#665=LINE('',#4316,#999);
#666=LINE('',#4317,#1000);
#667=LINE('',#4321,#1001);
#668=LINE('',#4324,#1002);
#669=LINE('',#4325,#1003);
#670=LINE('',#4327,#1004);
#671=LINE('',#4328,#1005);
#672=LINE('',#4330,#1006);
#673=LINE('',#4332,#1007);
#674=LINE('',#4334,#1008);
#675=LINE('',#4336,#1009);
#676=LINE('',#4340,#1010);
#677=LINE('',#4342,#1011);
#678=LINE('',#4344,#1012);
#679=LINE('',#4345,#1013);
#680=LINE('',#4348,#1014);
#681=LINE('',#4350,#1015);
#682=LINE('',#4351,#1016);
#683=LINE('',#4354,#1017);
#684=LINE('',#4356,#1018);
#685=LINE('',#4357,#1019);
#686=LINE('',#4359,#1020);
#687=LINE('',#4360,#1021);
#688=LINE('',#4364,#1022);
#689=LINE('',#4368,#1023);
#690=LINE('',#4372,#1024);
#691=LINE('',#4376,#1025);
#692=LINE('',#4391,#1026);
#693=LINE('',#4392,#1027);
#694=LINE('',#4395,#1028);
#695=LINE('',#4396,#1029);
#696=LINE('',#4398,#1030);
#697=LINE('',#4399,#1031);
#698=LINE('',#4404,#1032);
#699=LINE('',#4406,#1033);
#700=LINE('',#4408,#1034);
#701=LINE('',#4410,#1035);
#702=LINE('',#4411,#1036);
#703=LINE('',#4413,#1037);
#704=LINE('',#4414,#1038);
#705=LINE('',#4416,#1039);
#706=LINE('',#4418,#1040);
#707=LINE('',#4420,#1041);
#708=LINE('',#4422,#1042);
#709=LINE('',#4424,#1043);
#710=LINE('',#4426,#1044);
#711=LINE('',#4429,#1045);
#712=LINE('',#4431,#1046);
#713=LINE('',#4433,#1047);
#714=LINE('',#4435,#1048);
#715=LINE('',#4437,#1049);
#716=LINE('',#4439,#1050);
#717=LINE('',#4443,#1051);
#718=LINE('',#4445,#1052);
#719=LINE('',#4447,#1053);
#720=LINE('',#4448,#1054);
#721=LINE('',#4450,#1055);
#722=LINE('',#4454,#1056);
#723=LINE('',#4456,#1057);
#724=LINE('',#4457,#1058);
#725=LINE('',#4461,#1059);
#726=LINE('',#4464,#1060);
#727=LINE('',#4465,#1061);
#728=LINE('',#4469,#1062);
#729=LINE('',#4472,#1063);
#730=LINE('',#4473,#1064);
#731=LINE('',#4477,#1065);
#732=LINE('',#4480,#1066);
#733=LINE('',#4481,#1067);
#734=LINE('',#4490,#1068);
#735=LINE('',#4492,#1069);
#736=LINE('',#4493,#1070);
#737=LINE('',#4494,#1071);
#738=LINE('',#4497,#1072);
#739=LINE('',#4499,#1073);
#740=LINE('',#4500,#1074);
#741=LINE('',#4503,#1075);
#742=LINE('',#4505,#1076);
#743=LINE('',#4507,#1077);
#744=LINE('',#4508,#1078);
#745=LINE('',#4512,#1079);
#746=LINE('',#4513,#1080);
#747=LINE('',#4514,#1081);
#748=LINE('',#4517,#1082);
#749=LINE('',#4518,#1083);
#750=LINE('',#4520,#1084);
#751=LINE('',#4522,#1085);
#752=LINE('',#4523,#1086);
#753=LINE('',#4527,#1087);
#754=LINE('',#4531,#1088);
#755=LINE('',#4533,#1089);
#756=LINE('',#4534,#1090);
#757=LINE('',#4537,#1091);
#758=LINE('',#4539,#1092);
#759=LINE('',#4540,#1093);
#760=LINE('',#4543,#1094);
#761=LINE('',#4544,#1095);
#762=LINE('',#4547,#1096);
#763=LINE('',#4549,#1097);
#764=LINE('',#4550,#1098);
#765=LINE('',#4553,#1099);
#766=LINE('',#4554,#1100);
#767=LINE('',#4557,#1101);
#768=LINE('',#4559,#1102);
#769=LINE('',#4560,#1103);
#770=LINE('',#4561,#1104);
#771=LINE('',#4565,#1105);
#772=LINE('',#4567,#1106);
#773=LINE('',#4569,#1107);
#774=LINE('',#4570,#1108);
#775=LINE('',#4572,#1109);
#776=LINE('',#4574,#1110);
#777=LINE('',#4576,#1111);
#778=LINE('',#4578,#1112);
#779=LINE('',#4580,#1113);
#780=LINE('',#4582,#1114);
#781=LINE('',#4584,#1115);
#782=LINE('',#4586,#1116);
#783=LINE('',#4589,#1117);
#784=LINE('',#4590,#1118);
#785=LINE('',#4593,#1119);
#786=LINE('',#4595,#1120);
#787=LINE('',#4597,#1121);
#788=LINE('',#4599,#1122);
#789=LINE('',#4601,#1123);
#790=LINE('',#4603,#1124);
#791=LINE('',#4606,#1125);
#792=LINE('',#4607,#1126);
#793=LINE('',#4609,#1127);
#794=LINE('',#4611,#1128);
#795=VECTOR('',#3059,10.);
#796=VECTOR('',#3060,10.);
#797=VECTOR('',#3061,10.);
#798=VECTOR('',#3062,10.);
#799=VECTOR('',#3063,10.);
#800=VECTOR('',#3066,10.);
#801=VECTOR('',#3067,10.);
#802=VECTOR('',#3068,10.);
#803=VECTOR('',#3071,10.);
#804=VECTOR('',#3072,10.);
#805=VECTOR('',#3073,10.);
#806=VECTOR('',#3074,10.);
#807=VECTOR('',#3075,10.);
#808=VECTOR('',#3078,10.);
#809=VECTOR('',#3079,10.);
#810=VECTOR('',#3080,10.);
#811=VECTOR('',#3081,10.);
#812=VECTOR('',#3082,10.);
#813=VECTOR('',#3083,10.);
#814=VECTOR('',#3084,10.);
#815=VECTOR('',#3085,10.);
#816=VECTOR('',#3086,10.);
#817=VECTOR('',#3089,10.);
#818=VECTOR('',#3090,10.);
#819=VECTOR('',#3091,10.);
#820=VECTOR('',#3092,10.);
#821=VECTOR('',#3093,10.);
#822=VECTOR('',#3094,10.);
#823=VECTOR('',#3095,10.);
#824=VECTOR('',#3096,10.);
#825=VECTOR('',#3097,10.);
#826=VECTOR('',#3098,10.);
#827=VECTOR('',#3099,10.);
#828=VECTOR('',#3100,10.);
#829=VECTOR('',#3101,10.);
#830=VECTOR('',#3102,10.);
#831=VECTOR('',#3103,10.);
#832=VECTOR('',#3104,10.);
#833=VECTOR('',#3105,10.);
#834=VECTOR('',#3106,10.);
#835=VECTOR('',#3107,10.);
#836=VECTOR('',#3108,10.);
#837=VECTOR('',#3109,10.);
#838=VECTOR('',#3110,10.);
#839=VECTOR('',#3111,10.);
#840=VECTOR('',#3112,10.);
#841=VECTOR('',#3115,10.);
#842=VECTOR('',#3116,10.);
#843=VECTOR('',#3117,10.);
#844=VECTOR('',#3118,10.);
#845=VECTOR('',#3121,10.);
#846=VECTOR('',#3122,10.);
#847=VECTOR('',#3123,10.);
#848=VECTOR('',#3126,10.);
#849=VECTOR('',#3127,10.);
#850=VECTOR('',#3130,10.);
#851=VECTOR('',#3131,10.);
#852=VECTOR('',#3132,10.);
#853=VECTOR('',#3133,10.);
#854=VECTOR('',#3136,10.);
#855=VECTOR('',#3137,10.);
#856=VECTOR('',#3138,10.);
#857=VECTOR('',#3139,10.);
#858=VECTOR('',#3140,10.);
#859=VECTOR('',#3141,10.);
#860=VECTOR('',#3142,10.);
#861=VECTOR('',#3151,10.);
#862=VECTOR('',#3152,10.);
#863=VECTOR('',#3153,10.);
#864=VECTOR('',#3156,10.);
#865=VECTOR('',#3157,10.);
#866=VECTOR('',#3160,10.);
#867=VECTOR('',#3161,10.);
#868=VECTOR('',#3164,10.);
#869=VECTOR('',#3165,10.);
#870=VECTOR('',#3166,10.);
#871=VECTOR('',#3169,10.);
#872=VECTOR('',#3170,10.);
#873=VECTOR('',#3171,10.);
#874=VECTOR('',#3176,10.);
#875=VECTOR('',#3177,10.);
#876=VECTOR('',#3180,10.);
#877=VECTOR('',#3181,10.);
#878=VECTOR('',#3186,10.);
#879=VECTOR('',#3189,10.);
#880=VECTOR('',#3190,10.);
#881=VECTOR('',#3191,10.);
#882=VECTOR('',#3196,10.);
#883=VECTOR('',#3197,10.);
#884=VECTOR('',#3198,10.);
#885=VECTOR('',#3199,10.);
#886=VECTOR('',#3200,10.);
#887=VECTOR('',#3201,10.);
#888=VECTOR('',#3202,10.);
#889=VECTOR('',#3203,10.);
#890=VECTOR('',#3204,10.);
#891=VECTOR('',#3205,10.);
#892=VECTOR('',#3208,10.);
#893=VECTOR('',#3213,10.);
#894=VECTOR('',#3216,10.);
#895=VECTOR('',#3217,10.);
#896=VECTOR('',#3222,10.);
#897=VECTOR('',#3223,10.);
#898=VECTOR('',#3224,10.);
#899=VECTOR('',#3225,10.);
#900=VECTOR('',#3226,10.);
#901=VECTOR('',#3227,10.);
#902=VECTOR('',#3234,10.);
#903=VECTOR('',#3235,10.);
#904=VECTOR('',#3236,10.);
#905=VECTOR('',#3239,10.);
#906=VECTOR('',#3240,10.);
#907=VECTOR('',#3241,10.);
#908=VECTOR('',#3244,10.);
#909=VECTOR('',#3245,10.);
#910=VECTOR('',#3246,10.);
#911=VECTOR('',#3249,10.);
#912=VECTOR('',#3250,10.);
#913=VECTOR('',#3259,10.);
#914=VECTOR('',#3260,10.);
#915=VECTOR('',#3265,10.);
#916=VECTOR('',#3274,10.);
#917=VECTOR('',#3277,10.);
#918=VECTOR('',#3280,10.);
#919=VECTOR('',#3281,10.);
#920=VECTOR('',#3282,10.);
#921=VECTOR('',#3283,10.);
#922=VECTOR('',#3286,10.);
#923=VECTOR('',#3291,10.);
#924=VECTOR('',#3292,10.);
#925=VECTOR('',#3293,10.);
#926=VECTOR('',#3294,10.);
#927=VECTOR('',#3297,10.);
#928=VECTOR('',#3298,10.);
#929=VECTOR('',#3299,10.);
#930=VECTOR('',#3302,10.);
#931=VECTOR('',#3303,10.);
#932=VECTOR('',#3304,10.);
#933=VECTOR('',#3307,10.);
#934=VECTOR('',#3308,10.);
#935=VECTOR('',#3311,10.);
#936=VECTOR('',#3312,10.);
#937=VECTOR('',#3313,10.);
#938=VECTOR('',#3316,10.);
#939=VECTOR('',#3317,10.);
#940=VECTOR('',#3318,10.);
#941=VECTOR('',#3319,10.);
#942=VECTOR('',#3320,10.);
#943=VECTOR('',#3323,10.);
#944=VECTOR('',#3326,10.);
#945=VECTOR('',#3329,10.);
#946=VECTOR('',#3332,10.);
#947=VECTOR('',#3349,10.);
#948=VECTOR('',#3350,10.);
#949=VECTOR('',#3351,10.);
#950=VECTOR('',#3354,10.);
#951=VECTOR('',#3357,10.);
#952=VECTOR('',#3360,10.);
#953=VECTOR('',#3361,10.);
#954=VECTOR('',#3364,10.);
#955=VECTOR('',#3367,10.);
#956=VECTOR('',#3368,10.);
#957=VECTOR('',#3375,10.);
#958=VECTOR('',#3378,10.);
#959=VECTOR('',#3379,10.);
#960=VECTOR('',#3384,10.);
#961=VECTOR('',#3391,2.1);
#962=VECTOR('',#3398,2.10000000000001);
#963=VECTOR('',#3401,10.);
#964=VECTOR('',#3402,10.);
#965=VECTOR('',#3405,10.);
#966=VECTOR('',#3408,10.);
#967=VECTOR('',#3409,10.);
#968=VECTOR('',#3412,2.10000000000001);
#969=VECTOR('',#3417,2.1);
#970=VECTOR('',#3420,10.);
#971=VECTOR('',#3421,10.);
#972=VECTOR('',#3422,10.);
#973=VECTOR('',#3425,10.);
#974=VECTOR('',#3430,10.);
#975=VECTOR('',#3431,10.);
#976=VECTOR('',#3432,10.);
#977=VECTOR('',#3433,10.);
#978=VECTOR('',#3434,10.);
#979=VECTOR('',#3437,10.);
#980=VECTOR('',#3440,10.);
#981=VECTOR('',#3443,10.);
#982=VECTOR('',#3448,10.);
#983=VECTOR('',#3449,10.);
#984=VECTOR('',#3450,10.);
#985=VECTOR('',#3453,10.);
#986=VECTOR('',#3454,10.);
#987=VECTOR('',#3457,10.);
#988=VECTOR('',#3458,10.);
#989=VECTOR('',#3461,10.);
#990=VECTOR('',#3464,10.);
#991=VECTOR('',#3465,10.);
#992=VECTOR('',#3466,10.);
#993=VECTOR('',#3469,10.);
#994=VECTOR('',#3470,10.);
#995=VECTOR('',#3473,10.);
#996=VECTOR('',#3474,10.);
#997=VECTOR('',#3475,10.);
#998=VECTOR('',#3480,10.);
#999=VECTOR('',#3483,10.);
#1000=VECTOR('',#3484,10.);
#1001=VECTOR('',#3489,10.);
#1002=VECTOR('',#3492,10.);
#1003=VECTOR('',#3493,10.);
#1004=VECTOR('',#3496,10.);
#1005=VECTOR('',#3497,10.);
#1006=VECTOR('',#3500,10.);
#1007=VECTOR('',#3503,10.);
#1008=VECTOR('',#3506,10.);
#1009=VECTOR('',#3509,10.);
#1010=VECTOR('',#3512,10.);
#1011=VECTOR('',#3513,10.);
#1012=VECTOR('',#3514,10.);
#1013=VECTOR('',#3515,10.);
#1014=VECTOR('',#3518,10.);
#1015=VECTOR('',#3519,10.);
#1016=VECTOR('',#3520,10.);
#1017=VECTOR('',#3523,10.);
#1018=VECTOR('',#3524,10.);
#1019=VECTOR('',#3525,10.);
#1020=VECTOR('',#3528,10.);
#1021=VECTOR('',#3529,10.);
#1022=VECTOR('',#3532,10.);
#1023=VECTOR('',#3535,10.);
#1024=VECTOR('',#3538,10.);
#1025=VECTOR('',#3541,10.);
#1026=VECTOR('',#3558,10.);
#1027=VECTOR('',#3559,10.);
#1028=VECTOR('',#3562,10.);
#1029=VECTOR('',#3563,10.);
#1030=VECTOR('',#3566,10.);
#1031=VECTOR('',#3567,10.);
#1032=VECTOR('',#3572,10.);
#1033=VECTOR('',#3573,10.);
#1034=VECTOR('',#3574,10.);
#1035=VECTOR('',#3575,10.);
#1036=VECTOR('',#3576,10.);
#1037=VECTOR('',#3579,10.);
#1038=VECTOR('',#3580,10.);
#1039=VECTOR('',#3583,10.);
#1040=VECTOR('',#3586,10.);
#1041=VECTOR('',#3589,10.);
#1042=VECTOR('',#3592,10.);
#1043=VECTOR('',#3595,10.);
#1044=VECTOR('',#3598,10.);
#1045=VECTOR('',#3603,1.25);
#1046=VECTOR('',#3606,1.25);
#1047=VECTOR('',#3609,1.875);
#1048=VECTOR('',#3612,1.875);
#1049=VECTOR('',#3615,1.875);
#1050=VECTOR('',#3618,1.875);
#1051=VECTOR('',#3621,10.);
#1052=VECTOR('',#3622,10.);
#1053=VECTOR('',#3623,10.);
#1054=VECTOR('',#3624,10.);
#1055=VECTOR('',#3627,10.);
#1056=VECTOR('',#3632,10.);
#1057=VECTOR('',#3633,10.);
#1058=VECTOR('',#3634,10.);
#1059=VECTOR('',#3639,10.);
#1060=VECTOR('',#3642,10.);
#1061=VECTOR('',#3643,10.);
#1062=VECTOR('',#3648,10.);
#1063=VECTOR('',#3651,10.);
#1064=VECTOR('',#3652,10.);
#1065=VECTOR('',#3657,10.);
#1066=VECTOR('',#3660,10.);
#1067=VECTOR('',#3661,10.);
#1068=VECTOR('',#3672,10.);
#1069=VECTOR('',#3673,10.);
#1070=VECTOR('',#3674,10.);
#1071=VECTOR('',#3675,10.);
#1072=VECTOR('',#3678,10.);
#1073=VECTOR('',#3679,10.);
#1074=VECTOR('',#3680,10.);
#1075=VECTOR('',#3683,10.);
#1076=VECTOR('',#3684,10.);
#1077=VECTOR('',#3685,10.);
#1078=VECTOR('',#3686,10.);
#1079=VECTOR('',#3689,10.);
#1080=VECTOR('',#3690,10.);
#1081=VECTOR('',#3691,10.);
#1082=VECTOR('',#3694,10.);
#1083=VECTOR('',#3695,10.);
#1084=VECTOR('',#3698,10.);
#1085=VECTOR('',#3699,10.);
#1086=VECTOR('',#3700,10.);
#1087=VECTOR('',#3703,10.);
#1088=VECTOR('',#3708,10.);
#1089=VECTOR('',#3709,10.);
#1090=VECTOR('',#3710,10.);
#1091=VECTOR('',#3713,10.);
#1092=VECTOR('',#3714,10.);
#1093=VECTOR('',#3715,10.);
#1094=VECTOR('',#3718,10.);
#1095=VECTOR('',#3719,10.);
#1096=VECTOR('',#3722,10.);
#1097=VECTOR('',#3723,10.);
#1098=VECTOR('',#3724,10.);
#1099=VECTOR('',#3727,10.);
#1100=VECTOR('',#3728,10.);
#1101=VECTOR('',#3731,10.);
#1102=VECTOR('',#3732,10.);
#1103=VECTOR('',#3733,10.);
#1104=VECTOR('',#3734,10.);
#1105=VECTOR('',#3737,10.);
#1106=VECTOR('',#3738,10.);
#1107=VECTOR('',#3739,10.);
#1108=VECTOR('',#3740,10.);
#1109=VECTOR('',#3743,5.5);
#1110=VECTOR('',#3746,1.625);
#1111=VECTOR('',#3749,10.);
#1112=VECTOR('',#3752,10.);
#1113=VECTOR('',#3755,10.);
#1114=VECTOR('',#3758,10.);
#1115=VECTOR('',#3761,10.);
#1116=VECTOR('',#3764,10.);
#1117=VECTOR('',#3769,10.);
#1118=VECTOR('',#3770,10.);
#1119=VECTOR('',#3775,10.);
#1120=VECTOR('',#3778,10.);
#1121=VECTOR('',#3781,10.);
#1122=VECTOR('',#3784,10.);
#1123=VECTOR('',#3787,10.);
#1124=VECTOR('',#3790,10.);
#1125=VECTOR('',#3795,10.);
#1126=VECTOR('',#3796,10.);
#1127=VECTOR('',#3799,10.);
#1128=VECTOR('',#3802,10.);
#1129=VERTEX_POINT('',#3809);
#1130=VERTEX_POINT('',#3810);
#1131=VERTEX_POINT('',#3812);
#1132=VERTEX_POINT('',#3814);
#1133=VERTEX_POINT('',#3816);
#1134=VERTEX_POINT('',#3820);
#1135=VERTEX_POINT('',#3822);
#1136=VERTEX_POINT('',#3826);
#1137=VERTEX_POINT('',#3827);
#1138=VERTEX_POINT('',#3829);
#1139=VERTEX_POINT('',#3831);
#1140=VERTEX_POINT('',#3833);
#1141=VERTEX_POINT('',#3837);
#1142=VERTEX_POINT('',#3839);
#1143=VERTEX_POINT('',#3841);
#1144=VERTEX_POINT('',#3843);
#1145=VERTEX_POINT('',#3845);
#1146=VERTEX_POINT('',#3847);
#1147=VERTEX_POINT('',#3849);
#1148=VERTEX_POINT('',#3851);
#1149=VERTEX_POINT('',#3855);
#1150=VERTEX_POINT('',#3857);
#1151=VERTEX_POINT('',#3859);
#1152=VERTEX_POINT('',#3861);
#1153=VERTEX_POINT('',#3863);
#1154=VERTEX_POINT('',#3865);
#1155=VERTEX_POINT('',#3867);
#1156=VERTEX_POINT('',#3870);
#1157=VERTEX_POINT('',#3872);
#1158=VERTEX_POINT('',#3874);
#1159=VERTEX_POINT('',#3876);
#1160=VERTEX_POINT('',#3878);
#1161=VERTEX_POINT('',#3880);
#1162=VERTEX_POINT('',#3883);
#1163=VERTEX_POINT('',#3885);
#1164=VERTEX_POINT('',#3887);
#1165=VERTEX_POINT('',#3889);
#1166=VERTEX_POINT('',#3891);
#1167=VERTEX_POINT('',#3893);
#1168=VERTEX_POINT('',#3895);
#1169=VERTEX_POINT('',#3897);
#1170=VERTEX_POINT('',#3901);
#1171=VERTEX_POINT('',#3902);
#1172=VERTEX_POINT('',#3904);
#1173=VERTEX_POINT('',#3906);
#1174=VERTEX_POINT('',#3910);
#1175=VERTEX_POINT('',#3912);
#1176=VERTEX_POINT('',#3916);
#1177=VERTEX_POINT('',#3918);
#1178=VERTEX_POINT('',#3925);
#1179=VERTEX_POINT('',#3927);
#1180=VERTEX_POINT('',#3929);
#1181=VERTEX_POINT('',#3931);
#1182=VERTEX_POINT('',#3933);
#1183=VERTEX_POINT('',#3935);
#1184=VERTEX_POINT('',#3937);
#1185=VERTEX_POINT('',#3939);
#1186=VERTEX_POINT('',#3941);
#1187=VERTEX_POINT('',#3943);
#1188=VERTEX_POINT('',#3945);
#1189=VERTEX_POINT('',#3947);
#1190=VERTEX_POINT('',#3950);
#1191=VERTEX_POINT('',#3952);
#1192=VERTEX_POINT('',#3955);
#1193=VERTEX_POINT('',#3956);
#1194=VERTEX_POINT('',#3961);
#1195=VERTEX_POINT('',#3965);
#1196=VERTEX_POINT('',#3969);
#1197=VERTEX_POINT('',#3974);
#1198=VERTEX_POINT('',#3976);
#1199=VERTEX_POINT('',#3979);
#1200=VERTEX_POINT('',#3982);
#1201=VERTEX_POINT('',#3986);
#1202=VERTEX_POINT('',#3989);
#1203=VERTEX_POINT('',#3992);
#1204=VERTEX_POINT('',#3993);
#1205=VERTEX_POINT('',#3995);
#1206=VERTEX_POINT('',#3997);
#1207=VERTEX_POINT('',#3999);
#1208=VERTEX_POINT('',#4002);
#1209=VERTEX_POINT('',#4006);
#1210=VERTEX_POINT('',#4008);
#1211=VERTEX_POINT('',#4010);
#1212=VERTEX_POINT('',#4012);
#1213=VERTEX_POINT('',#4015);
#1214=VERTEX_POINT('',#4017);
#1215=VERTEX_POINT('',#4019);
#1216=VERTEX_POINT('',#4023);
#1217=VERTEX_POINT('',#4027);
#1218=VERTEX_POINT('',#4029);
#1219=VERTEX_POINT('',#4031);
#1220=VERTEX_POINT('',#4034);
#1221=VERTEX_POINT('',#4038);
#1222=VERTEX_POINT('',#4040);
#1223=VERTEX_POINT('',#4043);
#1224=VERTEX_POINT('',#4049);
#1225=VERTEX_POINT('',#4051);
#1226=VERTEX_POINT('',#4055);
#1227=VERTEX_POINT('',#4057);
#1228=VERTEX_POINT('',#4061);
#1229=VERTEX_POINT('',#4063);
#1230=VERTEX_POINT('',#4077);
#1231=VERTEX_POINT('',#4080);
#1232=VERTEX_POINT('',#4092);
#1233=VERTEX_POINT('',#4095);
#1234=VERTEX_POINT('',#4100);
#1235=VERTEX_POINT('',#4103);
#1236=VERTEX_POINT('',#4104);
#1237=VERTEX_POINT('',#4106);
#1238=VERTEX_POINT('',#4108);
#1239=VERTEX_POINT('',#4112);
#1240=VERTEX_POINT('',#4114);
#1241=VERTEX_POINT('',#4118);
#1242=VERTEX_POINT('',#4120);
#1243=VERTEX_POINT('',#4127);
#1244=VERTEX_POINT('',#4129);
#1245=VERTEX_POINT('',#4134);
#1246=VERTEX_POINT('',#4136);
#1247=VERTEX_POINT('',#4138);
#1248=VERTEX_POINT('',#4142);
#1249=VERTEX_POINT('',#4143);
#1250=VERTEX_POINT('',#4145);
#1251=VERTEX_POINT('',#4147);
#1252=VERTEX_POINT('',#4149);
#1253=VERTEX_POINT('',#4151);
#1254=VERTEX_POINT('',#4153);
#1255=VERTEX_POINT('',#4155);
#1256=VERTEX_POINT('',#4158);
#1257=VERTEX_POINT('',#4160);
#1258=VERTEX_POINT('',#4162);
#1259=VERTEX_POINT('',#4164);
#1260=VERTEX_POINT('',#4166);
#1261=VERTEX_POINT('',#4168);
#1262=VERTEX_POINT('',#4171);
#1263=VERTEX_POINT('',#4180);
#1264=VERTEX_POINT('',#4182);
#1265=VERTEX_POINT('',#4191);
#1266=VERTEX_POINT('',#4195);
#1267=VERTEX_POINT('',#4204);
#1268=VERTEX_POINT('',#4212);
#1269=VERTEX_POINT('',#4217);
#1270=VERTEX_POINT('',#4221);
#1271=VERTEX_POINT('',#4223);
#1272=VERTEX_POINT('',#4225);
#1273=VERTEX_POINT('',#4227);
#1274=VERTEX_POINT('',#4229);
#1275=VERTEX_POINT('',#4231);
#1276=VERTEX_POINT('',#4240);
#1277=VERTEX_POINT('',#4241);
#1278=VERTEX_POINT('',#4243);
#1279=VERTEX_POINT('',#4245);
#1280=VERTEX_POINT('',#4247);
#1281=VERTEX_POINT('',#4249);
#1282=VERTEX_POINT('',#4252);
#1283=VERTEX_POINT('',#4254);
#1284=VERTEX_POINT('',#4255);
#1285=VERTEX_POINT('',#4257);
#1286=VERTEX_POINT('',#4259);
#1287=VERTEX_POINT('',#4262);
#1288=VERTEX_POINT('',#4263);
#1289=VERTEX_POINT('',#4265);
#1290=VERTEX_POINT('',#4267);
#1291=VERTEX_POINT('',#4269);
#1292=VERTEX_POINT('',#4271);
#1293=VERTEX_POINT('',#4273);
#1294=VERTEX_POINT('',#4275);
#1295=VERTEX_POINT('',#4279);
#1296=VERTEX_POINT('',#4281);
#1297=VERTEX_POINT('',#4285);
#1298=VERTEX_POINT('',#4289);
#1299=VERTEX_POINT('',#4295);
#1300=VERTEX_POINT('',#4297);
#1301=VERTEX_POINT('',#4301);
#1302=VERTEX_POINT('',#4305);
#1303=VERTEX_POINT('',#4307);
#1304=VERTEX_POINT('',#4311);
#1305=VERTEX_POINT('',#4315);
#1306=VERTEX_POINT('',#4319);
#1307=VERTEX_POINT('',#4323);
#1308=VERTEX_POINT('',#4338);
#1309=VERTEX_POINT('',#4339);
#1310=VERTEX_POINT('',#4341);
#1311=VERTEX_POINT('',#4343);
#1312=VERTEX_POINT('',#4347);
#1313=VERTEX_POINT('',#4349);
#1314=VERTEX_POINT('',#4353);
#1315=VERTEX_POINT('',#4355);
#1316=VERTEX_POINT('',#4362);
#1317=VERTEX_POINT('',#4363);
#1318=VERTEX_POINT('',#4365);
#1319=VERTEX_POINT('',#4367);
#1320=VERTEX_POINT('',#4369);
#1321=VERTEX_POINT('',#4371);
#1322=VERTEX_POINT('',#4373);
#1323=VERTEX_POINT('',#4375);
#1324=VERTEX_POINT('',#4378);
#1325=VERTEX_POINT('',#4380);
#1326=VERTEX_POINT('',#4382);
#1327=VERTEX_POINT('',#4384);
#1328=VERTEX_POINT('',#4386);
#1329=VERTEX_POINT('',#4388);
#1330=VERTEX_POINT('',#4394);
#1331=VERTEX_POINT('',#4402);
#1332=VERTEX_POINT('',#4403);
#1333=VERTEX_POINT('',#4405);
#1334=VERTEX_POINT('',#4407);
#1335=VERTEX_POINT('',#4409);
#1336=VERTEX_POINT('',#4441);
#1337=VERTEX_POINT('',#4442);
#1338=VERTEX_POINT('',#4444);
#1339=VERTEX_POINT('',#4446);
#1340=VERTEX_POINT('',#4453);
#1341=VERTEX_POINT('',#4455);
#1342=VERTEX_POINT('',#4459);
#1343=VERTEX_POINT('',#4463);
#1344=VERTEX_POINT('',#4467);
#1345=VERTEX_POINT('',#4471);
#1346=VERTEX_POINT('',#4475);
#1347=VERTEX_POINT('',#4479);
#1348=VERTEX_POINT('',#4485);
#1349=VERTEX_POINT('',#4488);
#1350=VERTEX_POINT('',#4489);
#1351=VERTEX_POINT('',#4491);
#1352=VERTEX_POINT('',#4496);
#1353=VERTEX_POINT('',#4498);
#1354=VERTEX_POINT('',#4502);
#1355=VERTEX_POINT('',#4504);
#1356=VERTEX_POINT('',#4506);
#1357=VERTEX_POINT('',#4510);
#1358=VERTEX_POINT('',#4511);
#1359=VERTEX_POINT('',#4516);
#1360=VERTEX_POINT('',#4521);
#1361=VERTEX_POINT('',#4525);
#1362=VERTEX_POINT('',#4526);
#1363=VERTEX_POINT('',#4530);
#1364=VERTEX_POINT('',#4532);
#1365=VERTEX_POINT('',#4536);
#1366=VERTEX_POINT('',#4538);
#1367=VERTEX_POINT('',#4542);
#1368=VERTEX_POINT('',#4546);
#1369=VERTEX_POINT('',#4548);
#1370=VERTEX_POINT('',#4552);
#1371=VERTEX_POINT('',#4556);
#1372=VERTEX_POINT('',#4558);
#1373=VERTEX_POINT('',#4563);
#1374=VERTEX_POINT('',#4564);
#1375=VERTEX_POINT('',#4566);
#1376=VERTEX_POINT('',#4568);
#1377=EDGE_CURVE('',#1129,#1130,#461,.T.);
#1378=EDGE_CURVE('',#1129,#1131,#462,.T.);
#1379=EDGE_CURVE('',#1131,#1132,#463,.T.);
#1380=EDGE_CURVE('',#1132,#1133,#464,.T.);
#1381=EDGE_CURVE('',#1133,#1130,#465,.T.);
#1382=EDGE_CURVE('',#1132,#1134,#466,.T.);
#1383=EDGE_CURVE('',#1134,#1135,#467,.T.);
#1384=EDGE_CURVE('',#1133,#1135,#468,.T.);
#1385=EDGE_CURVE('',#1136,#1137,#469,.T.);
#1386=EDGE_CURVE('',#1138,#1136,#470,.F.);
#1387=EDGE_CURVE('',#1138,#1139,#471,.T.);
#1388=EDGE_CURVE('',#1139,#1140,#472,.T.);
#1389=EDGE_CURVE('',#1140,#1137,#473,.T.);
#1390=EDGE_CURVE('',#1141,#1136,#474,.T.);
#1391=EDGE_CURVE('',#1137,#1142,#475,.T.);
#1392=EDGE_CURVE('',#1142,#1143,#476,.T.);
#1393=EDGE_CURVE('',#1143,#1144,#477,.T.);
#1394=EDGE_CURVE('',#1144,#1145,#478,.T.);
#1395=EDGE_CURVE('',#1145,#1146,#479,.T.);
#1396=EDGE_CURVE('',#1146,#1147,#480,.T.);
#1397=EDGE_CURVE('',#1147,#1148,#481,.T.);
#1398=EDGE_CURVE('',#1141,#1148,#482,.T.);
#1399=EDGE_CURVE('',#1149,#1129,#483,.T.);
#1400=EDGE_CURVE('',#1150,#1149,#484,.T.);
#1401=EDGE_CURVE('',#1151,#1150,#485,.T.);
#1402=EDGE_CURVE('',#1151,#1152,#486,.T.);
#1403=EDGE_CURVE('',#1152,#1153,#487,.T.);
#1404=EDGE_CURVE('',#1153,#1154,#488,.T.);
#1405=EDGE_CURVE('',#1155,#1154,#489,.T.);
#1406=EDGE_CURVE('',#1146,#1155,#490,.T.);
#1407=EDGE_CURVE('',#1156,#1145,#491,.T.);
#1408=EDGE_CURVE('',#1157,#1156,#492,.T.);
#1409=EDGE_CURVE('',#1157,#1158,#493,.T.);
#1410=EDGE_CURVE('',#1158,#1159,#494,.T.);
#1411=EDGE_CURVE('',#1159,#1160,#495,.T.);
#1412=EDGE_CURVE('',#1161,#1160,#496,.T.);
#1413=EDGE_CURVE('',#1142,#1161,#497,.T.);
#1414=EDGE_CURVE('',#1140,#1162,#498,.T.);
#1415=EDGE_CURVE('',#1163,#1162,#499,.T.);
#1416=EDGE_CURVE('',#1163,#1164,#500,.T.);
#1417=EDGE_CURVE('',#1164,#1165,#501,.T.);
#1418=EDGE_CURVE('',#1165,#1166,#502,.T.);
#1419=EDGE_CURVE('',#1166,#1167,#503,.T.);
#1420=EDGE_CURVE('',#1167,#1168,#504,.T.);
#1421=EDGE_CURVE('',#1168,#1169,#505,.T.);
#1422=EDGE_CURVE('',#1169,#1131,#506,.T.);
#1423=EDGE_CURVE('',#1170,#1171,#507,.T.);
#1424=EDGE_CURVE('',#1172,#1171,#508,.T.);
#1425=EDGE_CURVE('',#1172,#1173,#509,.T.);
#1426=EDGE_CURVE('',#1173,#1170,#510,.T.);
#1427=EDGE_CURVE('',#1173,#1174,#511,.T.);
#1428=EDGE_CURVE('',#1175,#1174,#512,.T.);
#1429=EDGE_CURVE('',#1175,#1170,#513,.T.);
#1430=EDGE_CURVE('',#1176,#1174,#514,.T.);
#1431=EDGE_CURVE('',#1177,#1176,#127,.T.);
#1432=EDGE_CURVE('',#1177,#1175,#515,.T.);
#1433=EDGE_CURVE('',#1178,#1172,#516,.T.);
#1434=EDGE_CURVE('',#1179,#1178,#517,.T.);
#1435=EDGE_CURVE('',#1180,#1179,#518,.T.);
#1436=EDGE_CURVE('',#1181,#1180,#519,.T.);
#1437=EDGE_CURVE('',#1182,#1181,#71,.T.);
#1438=EDGE_CURVE('',#1183,#1182,#520,.T.);
#1439=EDGE_CURVE('',#1184,#1183,#521,.T.);
#1440=EDGE_CURVE('',#1185,#1184,#522,.T.);
#1441=EDGE_CURVE('',#1186,#1185,#523,.T.);
#1442=EDGE_CURVE('',#1187,#1186,#524,.T.);
#1443=EDGE_CURVE('',#1188,#1187,#525,.T.);
#1444=EDGE_CURVE('',#1189,#1188,#526,.T.);
#1445=EDGE_CURVE('',#1176,#1189,#72,.T.);
#1446=EDGE_CURVE('',#1190,#1190,#73,.T.);
#1447=EDGE_CURVE('',#1191,#1191,#74,.T.);
#1448=EDGE_CURVE('',#1192,#1193,#527,.T.);
#1449=EDGE_CURVE('',#1188,#1193,#528,.T.);
#1450=EDGE_CURVE('',#1187,#1192,#529,.T.);
#1451=EDGE_CURVE('',#1194,#1186,#530,.T.);
#1452=EDGE_CURVE('',#1194,#1192,#531,.T.);
#1453=EDGE_CURVE('',#1185,#1195,#532,.T.);
#1454=EDGE_CURVE('',#1195,#1194,#533,.T.);
#1455=EDGE_CURVE('',#1196,#1184,#534,.T.);
#1456=EDGE_CURVE('',#1130,#1196,#535,.T.);
#1457=EDGE_CURVE('',#1133,#1195,#536,.T.);
#1458=EDGE_CURVE('',#1197,#1139,#537,.T.);
#1459=EDGE_CURVE('',#1197,#1198,#538,.T.);
#1460=EDGE_CURVE('',#1162,#1198,#539,.T.);
#1461=EDGE_CURVE('',#1199,#1199,#75,.T.);
#1462=EDGE_CURVE('',#1171,#1200,#540,.T.);
#1463=EDGE_CURVE('',#1178,#1200,#541,.T.);
#1464=EDGE_CURVE('',#1201,#1169,#542,.T.);
#1465=EDGE_CURVE('',#1201,#1134,#543,.T.);
#1466=EDGE_CURVE('',#1202,#1202,#76,.T.);
#1467=EDGE_CURVE('',#1203,#1204,#544,.F.);
#1468=EDGE_CURVE('',#1205,#1203,#77,.T.);
#1469=EDGE_CURVE('',#1206,#1205,#545,.T.);
#1470=EDGE_CURVE('',#1206,#1207,#546,.F.);
#1471=EDGE_CURVE('',#1207,#1204,#547,.F.);
#1472=EDGE_CURVE('',#1208,#1208,#78,.T.);
#1473=EDGE_CURVE('',#1193,#1206,#548,.T.);
#1474=EDGE_CURVE('',#1209,#1205,#549,.T.);
#1475=EDGE_CURVE('',#1210,#1209,#550,.T.);
#1476=EDGE_CURVE('',#1211,#1210,#551,.T.);
#1477=EDGE_CURVE('',#1211,#1212,#552,.T.);
#1478=EDGE_CURVE('',#1212,#1175,#553,.T.);
#1479=EDGE_CURVE('',#1213,#1177,#554,.T.);
#1480=EDGE_CURVE('',#1214,#1213,#555,.T.);
#1481=EDGE_CURVE('',#1215,#1214,#556,.T.);
#1482=EDGE_CURVE('',#1193,#1215,#557,.T.);
#1483=EDGE_CURVE('',#1203,#1216,#558,.T.);
#1484=EDGE_CURVE('',#1216,#1209,#79,.F.);
#1485=EDGE_CURVE('',#1217,#1212,#559,.F.);
#1486=EDGE_CURVE('',#1218,#1211,#80,.T.);
#1487=EDGE_CURVE('',#1219,#1218,#560,.T.);
#1488=EDGE_CURVE('',#1219,#1217,#561,.F.);
#1489=EDGE_CURVE('',#1220,#1220,#81,.T.);
#1490=EDGE_CURVE('',#1171,#1219,#562,.T.);
#1491=EDGE_CURVE('',#1221,#1218,#563,.T.);
#1492=EDGE_CURVE('',#1222,#1221,#564,.T.);
#1493=EDGE_CURVE('',#1163,#1222,#565,.T.);
#1494=EDGE_CURVE('',#1198,#1223,#566,.F.);
#1495=EDGE_CURVE('',#1223,#1200,#567,.T.);
#1496=EDGE_CURVE('',#1210,#1221,#82,.F.);
#1497=EDGE_CURVE('',#1161,#1224,#568,.T.);
#1498=EDGE_CURVE('',#1224,#1225,#569,.T.);
#1499=EDGE_CURVE('',#1225,#1143,#570,.T.);
#1500=EDGE_CURVE('',#1226,#1224,#571,.T.);
#1501=EDGE_CURVE('',#1227,#1226,#572,.T.);
#1502=EDGE_CURVE('',#1225,#1227,#573,.T.);
#1503=EDGE_CURVE('',#1228,#1144,#574,.F.);
#1504=EDGE_CURVE('',#1228,#1229,#575,.T.);
#1505=EDGE_CURVE('',#1229,#1156,#576,.T.);
#1506=EDGE_CURVE('',#1179,#1141,#577,.T.);
#1507=EDGE_CURVE('',#1200,#1138,#578,.T.);
#1508=EDGE_CURVE('',#1215,#1189,#128,.T.);
#1509=EDGE_CURVE('',#1215,#1177,#83,.T.);
#1510=EDGE_CURVE('',#1223,#1230,#579,.F.);
#1511=EDGE_CURVE('',#1230,#1138,#580,.T.);
#1512=EDGE_CURVE('',#1231,#1231,#84,.T.);
#1513=EDGE_CURVE('',#1170,#1217,#581,.T.);
#1514=EDGE_CURVE('',#1213,#1214,#85,.T.);
#1515=EDGE_CURVE('',#1192,#1207,#582,.T.);
#1516=EDGE_CURVE('',#1204,#1194,#583,.F.);
#1517=EDGE_CURVE('',#1195,#1232,#584,.T.);
#1518=EDGE_CURVE('',#1232,#1201,#585,.T.);
#1519=EDGE_CURVE('',#1233,#1168,#586,.T.);
#1520=EDGE_CURVE('',#1216,#1233,#587,.F.);
#1521=EDGE_CURVE('',#1135,#1232,#588,.F.);
#1522=EDGE_CURVE('',#1234,#1234,#86,.T.);
#1523=EDGE_CURVE('',#1235,#1236,#589,.T.);
#1524=EDGE_CURVE('',#1236,#1237,#590,.T.);
#1525=EDGE_CURVE('',#1237,#1238,#591,.T.);
#1526=EDGE_CURVE('',#1235,#1238,#592,.T.);
#1527=EDGE_CURVE('',#1236,#1239,#593,.T.);
#1528=EDGE_CURVE('',#1239,#1240,#594,.T.);
#1529=EDGE_CURVE('',#1240,#1237,#595,.T.);
#1530=EDGE_CURVE('',#1239,#1241,#596,.T.);
#1531=EDGE_CURVE('',#1241,#1242,#597,.T.);
#1532=EDGE_CURVE('',#1242,#1240,#598,.T.);
#1533=EDGE_CURVE('',#1238,#1242,#599,.T.);
#1534=EDGE_CURVE('',#1241,#1235,#600,.T.);
#1535=EDGE_CURVE('',#1243,#1238,#601,.T.);
#1536=EDGE_CURVE('',#1244,#1243,#602,.T.);
#1537=EDGE_CURVE('',#1244,#1242,#603,.T.);
#1538=EDGE_CURVE('',#1148,#1237,#604,.T.);
#1539=EDGE_CURVE('',#1245,#1147,#605,.T.);
#1540=EDGE_CURVE('',#1246,#1245,#606,.T.);
#1541=EDGE_CURVE('',#1247,#1246,#607,.T.);
#1542=EDGE_CURVE('',#1243,#1247,#608,.T.);
#1543=EDGE_CURVE('',#1248,#1249,#609,.T.);
#1544=EDGE_CURVE('',#1249,#1250,#87,.T.);
#1545=EDGE_CURVE('',#1250,#1251,#610,.T.);
#1546=EDGE_CURVE('',#1251,#1252,#88,.T.);
#1547=EDGE_CURVE('',#1252,#1253,#611,.T.);
#1548=EDGE_CURVE('',#1253,#1254,#89,.T.);
#1549=EDGE_CURVE('',#1254,#1255,#612,.T.);
#1550=EDGE_CURVE('',#1255,#1248,#90,.T.);
#1551=EDGE_CURVE('',#1256,#1256,#91,.T.);
#1552=EDGE_CURVE('',#1257,#1257,#92,.T.);
#1553=EDGE_CURVE('',#1258,#1258,#93,.T.);
#1554=EDGE_CURVE('',#1259,#1259,#94,.T.);
#1555=EDGE_CURVE('',#1260,#1260,#95,.T.);
#1556=EDGE_CURVE('',#1261,#1261,#96,.T.);
#1557=EDGE_CURVE('',#1247,#1262,#613,.T.);
#1558=EDGE_CURVE('',#1262,#1150,#614,.T.);
#1559=EDGE_CURVE('',#1149,#1247,#615,.T.);
#1560=EDGE_CURVE('',#1196,#1243,#616,.T.);
#1561=EDGE_CURVE('',#1183,#1244,#617,.T.);
#1562=EDGE_CURVE('',#1180,#1263,#618,.T.);
#1563=EDGE_CURVE('',#1263,#1264,#619,.T.);
#1564=EDGE_CURVE('',#1264,#1181,#129,.T.);
#1565=EDGE_CURVE('',#1148,#1263,#620,.T.);
#1566=EDGE_CURVE('',#1155,#1265,#621,.T.);
#1567=EDGE_CURVE('',#1265,#1147,#622,.T.);
#1568=EDGE_CURVE('',#1264,#1266,#97,.T.);
#1569=EDGE_CURVE('',#1266,#1182,#130,.T.);
#1570=EDGE_CURVE('',#1266,#1244,#623,.T.);
#1571=EDGE_CURVE('',#1246,#1267,#624,.T.);
#1572=EDGE_CURVE('',#1267,#1262,#625,.T.);
#1573=EDGE_CURVE('',#1230,#1197,#626,.F.);
#1574=EDGE_CURVE('',#1268,#1268,#98,.T.);
#1575=EDGE_CURVE('',#1268,#1220,#627,.T.);
#1576=EDGE_CURVE('',#1269,#1269,#99,.T.);
#1577=EDGE_CURVE('',#1269,#1208,#628,.T.);
#1578=EDGE_CURVE('',#1233,#1270,#629,.F.);
#1579=EDGE_CURVE('',#1270,#1271,#630,.T.);
#1580=EDGE_CURVE('',#1272,#1271,#100,.F.);
#1581=EDGE_CURVE('',#1272,#1273,#631,.T.);
#1582=EDGE_CURVE('',#1274,#1273,#101,.F.);
#1583=EDGE_CURVE('',#1274,#1275,#632,.T.);
#1584=EDGE_CURVE('',#1275,#1222,#633,.F.);
#1585=EDGE_CURVE('',#1234,#1202,#634,.T.);
#1586=EDGE_CURVE('',#1231,#1199,#635,.T.);
#1587=EDGE_CURVE('',#1276,#1277,#636,.T.);
#1588=EDGE_CURVE('',#1276,#1278,#637,.T.);
#1589=EDGE_CURVE('',#1279,#1278,#638,.T.);
#1590=EDGE_CURVE('',#1280,#1279,#102,.T.);
#1591=EDGE_CURVE('',#1281,#1280,#639,.T.);
#1592=EDGE_CURVE('',#1277,#1281,#103,.T.);
#1593=EDGE_CURVE('',#1282,#1282,#104,.T.);
#1594=EDGE_CURVE('',#1283,#1284,#640,.T.);
#1595=EDGE_CURVE('',#1285,#1283,#641,.T.);
#1596=EDGE_CURVE('',#1286,#1285,#642,.T.);
#1597=EDGE_CURVE('',#1284,#1286,#643,.T.);
#1598=EDGE_CURVE('',#1287,#1288,#644,.T.);
#1599=EDGE_CURVE('',#1289,#1287,#105,.T.);
#1600=EDGE_CURVE('',#1290,#1289,#645,.T.);
#1601=EDGE_CURVE('',#1291,#1290,#106,.T.);
#1602=EDGE_CURVE('',#1292,#1291,#646,.T.);
#1603=EDGE_CURVE('',#1293,#1292,#107,.T.);
#1604=EDGE_CURVE('',#1294,#1293,#647,.T.);
#1605=EDGE_CURVE('',#1288,#1294,#108,.T.);
#1606=EDGE_CURVE('',#1284,#1295,#648,.T.);
#1607=EDGE_CURVE('',#1295,#1296,#649,.T.);
#1608=EDGE_CURVE('',#1296,#1283,#650,.T.);
#1609=EDGE_CURVE('',#1286,#1297,#651,.T.);
#1610=EDGE_CURVE('',#1297,#1295,#652,.T.);
#1611=EDGE_CURVE('',#1298,#1297,#653,.T.);
#1612=EDGE_CURVE('',#1298,#1285,#654,.T.);
#1613=EDGE_CURVE('',#1296,#1298,#655,.T.);
#1614=EDGE_CURVE('',#1299,#1296,#656,.T.);
#1615=EDGE_CURVE('',#1299,#1300,#657,.F.);
#1616=EDGE_CURVE('',#1300,#1298,#658,.T.);
#1617=EDGE_CURVE('',#1301,#1295,#659,.F.);
#1618=EDGE_CURVE('',#1301,#1299,#660,.T.);
#1619=EDGE_CURVE('',#1278,#1302,#661,.T.);
#1620=EDGE_CURVE('',#1302,#1303,#662,.T.);
#1621=EDGE_CURVE('',#1303,#1279,#663,.T.);
#1622=EDGE_CURVE('',#1303,#1304,#109,.T.);
#1623=EDGE_CURVE('',#1304,#1280,#664,.T.);
#1624=EDGE_CURVE('',#1305,#1281,#665,.T.);
#1625=EDGE_CURVE('',#1304,#1305,#666,.T.);
#1626=EDGE_CURVE('',#1305,#1306,#110,.T.);
#1627=EDGE_CURVE('',#1306,#1277,#667,.T.);
#1628=EDGE_CURVE('',#1307,#1276,#668,.T.);
#1629=EDGE_CURVE('',#1306,#1307,#669,.T.);
#1630=EDGE_CURVE('',#1305,#1272,#670,.T.);
#1631=EDGE_CURVE('',#1271,#1306,#671,.T.);
#1632=EDGE_CURVE('',#1273,#1304,#672,.T.);
#1633=EDGE_CURVE('',#1303,#1274,#673,.T.);
#1634=EDGE_CURVE('',#1302,#1275,#674,.F.);
#1635=EDGE_CURVE('',#1307,#1270,#675,.T.);
#1636=EDGE_CURVE('',#1308,#1309,#676,.F.);
#1637=EDGE_CURVE('',#1309,#1310,#677,.T.);
#1638=EDGE_CURVE('',#1310,#1311,#678,.T.);
#1639=EDGE_CURVE('',#1308,#1311,#679,.T.);
#1640=EDGE_CURVE('',#1309,#1312,#680,.F.);
#1641=EDGE_CURVE('',#1312,#1313,#681,.T.);
#1642=EDGE_CURVE('',#1313,#1310,#682,.T.);
#1643=EDGE_CURVE('',#1312,#1314,#683,.F.);
#1644=EDGE_CURVE('',#1314,#1315,#684,.T.);
#1645=EDGE_CURVE('',#1315,#1313,#685,.T.);
#1646=EDGE_CURVE('',#1314,#1308,#686,.F.);
#1647=EDGE_CURVE('',#1311,#1315,#687,.T.);
#1648=EDGE_CURVE('',#1316,#1317,#688,.T.);
#1649=EDGE_CURVE('',#1318,#1316,#111,.T.);
#1650=EDGE_CURVE('',#1319,#1318,#689,.T.);
#1651=EDGE_CURVE('',#1320,#1319,#112,.T.);
#1652=EDGE_CURVE('',#1321,#1320,#690,.T.);
#1653=EDGE_CURVE('',#1322,#1321,#113,.T.);
#1654=EDGE_CURVE('',#1323,#1322,#691,.T.);
#1655=EDGE_CURVE('',#1317,#1323,#114,.T.);
#1656=EDGE_CURVE('',#1324,#1324,#115,.T.);
#1657=EDGE_CURVE('',#1325,#1325,#116,.T.);
#1658=EDGE_CURVE('',#1326,#1326,#117,.T.);
#1659=EDGE_CURVE('',#1327,#1327,#118,.T.);
#1660=EDGE_CURVE('',#1328,#1328,#119,.T.);
#1661=EDGE_CURVE('',#1329,#1329,#120,.T.);
#1662=EDGE_CURVE('',#1308,#1299,#692,.T.);
#1663=EDGE_CURVE('',#1309,#1301,#693,.F.);
#1664=EDGE_CURVE('',#1330,#1301,#694,.T.);
#1665=EDGE_CURVE('',#1312,#1330,#695,.F.);
#1666=EDGE_CURVE('',#1300,#1330,#696,.F.);
#1667=EDGE_CURVE('',#1314,#1300,#697,.T.);
#1668=EDGE_CURVE('',#1331,#1332,#698,.T.);
#1669=EDGE_CURVE('',#1333,#1332,#699,.T.);
#1670=EDGE_CURVE('',#1334,#1333,#700,.T.);
#1671=EDGE_CURVE('',#1335,#1334,#701,.T.);
#1672=EDGE_CURVE('',#1335,#1331,#702,.F.);
#1673=EDGE_CURVE('',#1316,#1248,#703,.T.);
#1674=EDGE_CURVE('',#1255,#1318,#704,.T.);
#1675=EDGE_CURVE('',#1319,#1254,#705,.T.);
#1676=EDGE_CURVE('',#1253,#1320,#706,.T.);
#1677=EDGE_CURVE('',#1321,#1252,#707,.T.);
#1678=EDGE_CURVE('',#1251,#1322,#708,.T.);
#1679=EDGE_CURVE('',#1323,#1250,#709,.T.);
#1680=EDGE_CURVE('',#1249,#1317,#710,.T.);
#1681=EDGE_CURVE('',#1256,#1324,#711,.T.);
#1682=EDGE_CURVE('',#1257,#1325,#712,.T.);
#1683=EDGE_CURVE('',#1258,#1326,#713,.T.);
#1684=EDGE_CURVE('',#1259,#1327,#714,.T.);
#1685=EDGE_CURVE('',#1260,#1328,#715,.T.);
#1686=EDGE_CURVE('',#1261,#1329,#716,.T.);
#1687=EDGE_CURVE('',#1336,#1337,#717,.T.);
#1688=EDGE_CURVE('',#1336,#1338,#718,.T.);
#1689=EDGE_CURVE('',#1339,#1338,#719,.T.);
#1690=EDGE_CURVE('',#1337,#1339,#720,.T.);
#1691=EDGE_CURVE('',#1330,#1297,#721,.F.);
#1692=EDGE_CURVE('',#1340,#1287,#722,.T.);
#1693=EDGE_CURVE('',#1288,#1341,#723,.T.);
#1694=EDGE_CURVE('',#1341,#1340,#724,.T.);
#1695=EDGE_CURVE('',#1340,#1342,#121,.T.);
#1696=EDGE_CURVE('',#1342,#1289,#725,.T.);
#1697=EDGE_CURVE('',#1343,#1290,#726,.T.);
#1698=EDGE_CURVE('',#1342,#1343,#727,.T.);
#1699=EDGE_CURVE('',#1343,#1344,#122,.T.);
#1700=EDGE_CURVE('',#1344,#1291,#728,.T.);
#1701=EDGE_CURVE('',#1345,#1292,#729,.T.);
#1702=EDGE_CURVE('',#1344,#1345,#730,.T.);
#1703=EDGE_CURVE('',#1345,#1346,#123,.T.);
#1704=EDGE_CURVE('',#1346,#1293,#731,.T.);
#1705=EDGE_CURVE('',#1347,#1294,#732,.T.);
#1706=EDGE_CURVE('',#1346,#1347,#733,.T.);
#1707=EDGE_CURVE('',#1347,#1341,#124,.T.);
#1708=EDGE_CURVE('',#1348,#1348,#125,.T.);
#1709=EDGE_CURVE('',#1349,#1350,#734,.T.);
#1710=EDGE_CURVE('',#1351,#1350,#735,.T.);
#1711=EDGE_CURVE('',#1333,#1351,#736,.T.);
#1712=EDGE_CURVE('',#1332,#1349,#737,.T.);
#1713=EDGE_CURVE('',#1350,#1352,#738,.T.);
#1714=EDGE_CURVE('',#1353,#1352,#739,.T.);
#1715=EDGE_CURVE('',#1353,#1351,#740,.T.);
#1716=EDGE_CURVE('',#1353,#1354,#741,.T.);
#1717=EDGE_CURVE('',#1354,#1355,#742,.T.);
#1718=EDGE_CURVE('',#1355,#1356,#743,.T.);
#1719=EDGE_CURVE('',#1334,#1356,#744,.T.);
#1720=EDGE_CURVE('',#1357,#1358,#745,.T.);
#1721=EDGE_CURVE('',#1358,#1331,#746,.T.);
#1722=EDGE_CURVE('',#1357,#1335,#747,.T.);
#1723=EDGE_CURVE('',#1359,#1357,#748,.T.);
#1724=EDGE_CURVE('',#1356,#1359,#749,.F.);
#1725=EDGE_CURVE('',#1358,#1267,#750,.T.);
#1726=EDGE_CURVE('',#1360,#1245,#751,.T.);
#1727=EDGE_CURVE('',#1360,#1349,#752,.T.);
#1728=EDGE_CURVE('',#1361,#1362,#753,.T.);
#1729=EDGE_CURVE('',#1361,#1362,#126,.T.);
#1730=EDGE_CURVE('',#1337,#1363,#754,.T.);
#1731=EDGE_CURVE('',#1364,#1339,#755,.T.);
#1732=EDGE_CURVE('',#1363,#1364,#756,.T.);
#1733=EDGE_CURVE('',#1363,#1365,#757,.T.);
#1734=EDGE_CURVE('',#1366,#1365,#758,.T.);
#1735=EDGE_CURVE('',#1366,#1337,#759,.T.);
#1736=EDGE_CURVE('',#1366,#1367,#760,.F.);
#1737=EDGE_CURVE('',#1336,#1367,#761,.T.);
#1738=EDGE_CURVE('',#1368,#1336,#762,.T.);
#1739=EDGE_CURVE('',#1369,#1368,#763,.T.);
#1740=EDGE_CURVE('',#1338,#1369,#764,.T.);
#1741=EDGE_CURVE('',#1370,#1368,#765,.T.);
#1742=EDGE_CURVE('',#1367,#1370,#766,.F.);
#1743=EDGE_CURVE('',#1371,#1369,#767,.T.);
#1744=EDGE_CURVE('',#1372,#1371,#768,.T.);
#1745=EDGE_CURVE('',#1227,#1372,#769,.T.);
#1746=EDGE_CURVE('',#1364,#1226,#770,.T.);
#1747=EDGE_CURVE('',#1373,#1374,#771,.T.);
#1748=EDGE_CURVE('',#1375,#1374,#772,.T.);
#1749=EDGE_CURVE('',#1375,#1376,#773,.T.);
#1750=EDGE_CURVE('',#1373,#1376,#774,.T.);
#1751=EDGE_CURVE('',#1191,#1282,#775,.T.);
#1752=EDGE_CURVE('',#1348,#1190,#776,.T.);
#1753=EDGE_CURVE('',#1263,#1240,#777,.T.);
#1754=EDGE_CURVE('',#1265,#1360,#778,.T.);
#1755=EDGE_CURVE('',#1352,#1154,#779,.T.);
#1756=EDGE_CURVE('',#1153,#1354,#780,.T.);
#1757=EDGE_CURVE('',#1355,#1152,#781,.T.);
#1758=EDGE_CURVE('',#1151,#1359,#782,.T.);
#1759=EDGE_CURVE('',#1362,#1264,#783,.T.);
#1760=EDGE_CURVE('',#1266,#1361,#784,.T.);
#1761=EDGE_CURVE('',#1228,#1372,#785,.T.);
#1762=EDGE_CURVE('',#1160,#1365,#786,.T.);
#1763=EDGE_CURVE('',#1159,#1366,#787,.T.);
#1764=EDGE_CURVE('',#1367,#1158,#788,.T.);
#1765=EDGE_CURVE('',#1370,#1157,#789,.T.);
#1766=EDGE_CURVE('',#1229,#1371,#790,.T.);
#1767=EDGE_CURVE('',#1374,#1167,#791,.T.);
#1768=EDGE_CURVE('',#1166,#1375,#792,.T.);
#1769=EDGE_CURVE('',#1376,#1165,#793,.T.);
#1770=EDGE_CURVE('',#1164,#1373,#794,.T.);
#1771=ORIENTED_EDGE('',*,*,#1377,.F.);
#1772=ORIENTED_EDGE('',*,*,#1378,.T.);
#1773=ORIENTED_EDGE('',*,*,#1379,.T.);
#1774=ORIENTED_EDGE('',*,*,#1380,.T.);
#1775=ORIENTED_EDGE('',*,*,#1381,.T.);
#1776=ORIENTED_EDGE('',*,*,#1380,.F.);
#1777=ORIENTED_EDGE('',*,*,#1382,.T.);
#1778=ORIENTED_EDGE('',*,*,#1383,.T.);
#1779=ORIENTED_EDGE('',*,*,#1384,.F.);
#1780=ORIENTED_EDGE('',*,*,#1385,.F.);
#1781=ORIENTED_EDGE('',*,*,#1386,.F.);
#1782=ORIENTED_EDGE('',*,*,#1387,.T.);
#1783=ORIENTED_EDGE('',*,*,#1388,.T.);
#1784=ORIENTED_EDGE('',*,*,#1389,.T.);
#1785=ORIENTED_EDGE('',*,*,#1390,.T.);
#1786=ORIENTED_EDGE('',*,*,#1385,.T.);
#1787=ORIENTED_EDGE('',*,*,#1391,.T.);
#1788=ORIENTED_EDGE('',*,*,#1392,.T.);
#1789=ORIENTED_EDGE('',*,*,#1393,.T.);
#1790=ORIENTED_EDGE('',*,*,#1394,.T.);
#1791=ORIENTED_EDGE('',*,*,#1395,.T.);
#1792=ORIENTED_EDGE('',*,*,#1396,.T.);
#1793=ORIENTED_EDGE('',*,*,#1397,.T.);
#1794=ORIENTED_EDGE('',*,*,#1398,.F.);
#1795=ORIENTED_EDGE('',*,*,#1378,.F.);
#1796=ORIENTED_EDGE('',*,*,#1399,.F.);
#1797=ORIENTED_EDGE('',*,*,#1400,.F.);
#1798=ORIENTED_EDGE('',*,*,#1401,.F.);
#1799=ORIENTED_EDGE('',*,*,#1402,.T.);
#1800=ORIENTED_EDGE('',*,*,#1403,.T.);
#1801=ORIENTED_EDGE('',*,*,#1404,.T.);
#1802=ORIENTED_EDGE('',*,*,#1405,.F.);
#1803=ORIENTED_EDGE('',*,*,#1406,.F.);
#1804=ORIENTED_EDGE('',*,*,#1395,.F.);
#1805=ORIENTED_EDGE('',*,*,#1407,.F.);
#1806=ORIENTED_EDGE('',*,*,#1408,.F.);
#1807=ORIENTED_EDGE('',*,*,#1409,.T.);
#1808=ORIENTED_EDGE('',*,*,#1410,.T.);
#1809=ORIENTED_EDGE('',*,*,#1411,.T.);
#1810=ORIENTED_EDGE('',*,*,#1412,.F.);
#1811=ORIENTED_EDGE('',*,*,#1413,.F.);
#1812=ORIENTED_EDGE('',*,*,#1391,.F.);
#1813=ORIENTED_EDGE('',*,*,#1389,.F.);
#1814=ORIENTED_EDGE('',*,*,#1414,.T.);
#1815=ORIENTED_EDGE('',*,*,#1415,.F.);
#1816=ORIENTED_EDGE('',*,*,#1416,.T.);
#1817=ORIENTED_EDGE('',*,*,#1417,.T.);
#1818=ORIENTED_EDGE('',*,*,#1418,.T.);
#1819=ORIENTED_EDGE('',*,*,#1419,.T.);
#1820=ORIENTED_EDGE('',*,*,#1420,.T.);
#1821=ORIENTED_EDGE('',*,*,#1421,.T.);
#1822=ORIENTED_EDGE('',*,*,#1422,.T.);
#1823=ORIENTED_EDGE('',*,*,#1423,.T.);
#1824=ORIENTED_EDGE('',*,*,#1424,.F.);
#1825=ORIENTED_EDGE('',*,*,#1425,.T.);
#1826=ORIENTED_EDGE('',*,*,#1426,.T.);
#1827=ORIENTED_EDGE('',*,*,#1427,.T.);
#1828=ORIENTED_EDGE('',*,*,#1428,.F.);
#1829=ORIENTED_EDGE('',*,*,#1429,.T.);
#1830=ORIENTED_EDGE('',*,*,#1426,.F.);
#1831=ORIENTED_EDGE('',*,*,#1428,.T.);
#1832=ORIENTED_EDGE('',*,*,#1430,.F.);
#1833=ORIENTED_EDGE('',*,*,#1431,.F.);
#1834=ORIENTED_EDGE('',*,*,#1432,.T.);
#1835=ORIENTED_EDGE('',*,*,#1427,.F.);
#1836=ORIENTED_EDGE('',*,*,#1425,.F.);
#1837=ORIENTED_EDGE('',*,*,#1433,.F.);
#1838=ORIENTED_EDGE('',*,*,#1434,.F.);
#1839=ORIENTED_EDGE('',*,*,#1435,.F.);
#1840=ORIENTED_EDGE('',*,*,#1436,.F.);
#1841=ORIENTED_EDGE('',*,*,#1437,.F.);
#1842=ORIENTED_EDGE('',*,*,#1438,.F.);
#1843=ORIENTED_EDGE('',*,*,#1439,.F.);
#1844=ORIENTED_EDGE('',*,*,#1440,.F.);
#1845=ORIENTED_EDGE('',*,*,#1441,.F.);
#1846=ORIENTED_EDGE('',*,*,#1442,.F.);
#1847=ORIENTED_EDGE('',*,*,#1443,.F.);
#1848=ORIENTED_EDGE('',*,*,#1444,.F.);
#1849=ORIENTED_EDGE('',*,*,#1445,.F.);
#1850=ORIENTED_EDGE('',*,*,#1430,.T.);
#1851=ORIENTED_EDGE('',*,*,#1446,.T.);
#1852=ORIENTED_EDGE('',*,*,#1447,.T.);
#1853=ORIENTED_EDGE('',*,*,#1448,.T.);
#1854=ORIENTED_EDGE('',*,*,#1449,.F.);
#1855=ORIENTED_EDGE('',*,*,#1443,.T.);
#1856=ORIENTED_EDGE('',*,*,#1450,.T.);
#1857=ORIENTED_EDGE('',*,*,#1442,.T.);
#1858=ORIENTED_EDGE('',*,*,#1451,.F.);
#1859=ORIENTED_EDGE('',*,*,#1452,.T.);
#1860=ORIENTED_EDGE('',*,*,#1450,.F.);
#1861=ORIENTED_EDGE('',*,*,#1451,.T.);
#1862=ORIENTED_EDGE('',*,*,#1441,.T.);
#1863=ORIENTED_EDGE('',*,*,#1453,.T.);
#1864=ORIENTED_EDGE('',*,*,#1454,.T.);
#1865=ORIENTED_EDGE('',*,*,#1453,.F.);
#1866=ORIENTED_EDGE('',*,*,#1440,.T.);
#1867=ORIENTED_EDGE('',*,*,#1455,.F.);
#1868=ORIENTED_EDGE('',*,*,#1456,.F.);
#1869=ORIENTED_EDGE('',*,*,#1381,.F.);
#1870=ORIENTED_EDGE('',*,*,#1457,.T.);
#1871=ORIENTED_EDGE('',*,*,#1458,.F.);
#1872=ORIENTED_EDGE('',*,*,#1459,.T.);
#1873=ORIENTED_EDGE('',*,*,#1460,.F.);
#1874=ORIENTED_EDGE('',*,*,#1414,.F.);
#1875=ORIENTED_EDGE('',*,*,#1388,.F.);
#1876=ORIENTED_EDGE('',*,*,#1461,.F.);
#1877=ORIENTED_EDGE('',*,*,#1424,.T.);
#1878=ORIENTED_EDGE('',*,*,#1462,.T.);
#1879=ORIENTED_EDGE('',*,*,#1463,.F.);
#1880=ORIENTED_EDGE('',*,*,#1433,.T.);
#1881=ORIENTED_EDGE('',*,*,#1422,.F.);
#1882=ORIENTED_EDGE('',*,*,#1464,.F.);
#1883=ORIENTED_EDGE('',*,*,#1465,.T.);
#1884=ORIENTED_EDGE('',*,*,#1382,.F.);
#1885=ORIENTED_EDGE('',*,*,#1379,.F.);
#1886=ORIENTED_EDGE('',*,*,#1466,.F.);
#1887=ORIENTED_EDGE('',*,*,#1467,.F.);
#1888=ORIENTED_EDGE('',*,*,#1468,.F.);
#1889=ORIENTED_EDGE('',*,*,#1469,.F.);
#1890=ORIENTED_EDGE('',*,*,#1470,.T.);
#1891=ORIENTED_EDGE('',*,*,#1471,.T.);
#1892=ORIENTED_EDGE('',*,*,#1472,.T.);
#1893=ORIENTED_EDGE('',*,*,#1473,.T.);
#1894=ORIENTED_EDGE('',*,*,#1469,.T.);
#1895=ORIENTED_EDGE('',*,*,#1474,.F.);
#1896=ORIENTED_EDGE('',*,*,#1475,.F.);
#1897=ORIENTED_EDGE('',*,*,#1476,.F.);
#1898=ORIENTED_EDGE('',*,*,#1477,.T.);
#1899=ORIENTED_EDGE('',*,*,#1478,.T.);
#1900=ORIENTED_EDGE('',*,*,#1432,.F.);
#1901=ORIENTED_EDGE('',*,*,#1479,.F.);
#1902=ORIENTED_EDGE('',*,*,#1480,.F.);
#1903=ORIENTED_EDGE('',*,*,#1481,.F.);
#1904=ORIENTED_EDGE('',*,*,#1482,.F.);
#1905=ORIENTED_EDGE('',*,*,#1468,.T.);
#1906=ORIENTED_EDGE('',*,*,#1483,.T.);
#1907=ORIENTED_EDGE('',*,*,#1484,.T.);
#1908=ORIENTED_EDGE('',*,*,#1474,.T.);
#1909=ORIENTED_EDGE('',*,*,#1485,.T.);
#1910=ORIENTED_EDGE('',*,*,#1477,.F.);
#1911=ORIENTED_EDGE('',*,*,#1486,.F.);
#1912=ORIENTED_EDGE('',*,*,#1487,.F.);
#1913=ORIENTED_EDGE('',*,*,#1488,.T.);
#1914=ORIENTED_EDGE('',*,*,#1489,.T.);
#1915=ORIENTED_EDGE('',*,*,#1490,.T.);
#1916=ORIENTED_EDGE('',*,*,#1487,.T.);
#1917=ORIENTED_EDGE('',*,*,#1491,.F.);
#1918=ORIENTED_EDGE('',*,*,#1492,.F.);
#1919=ORIENTED_EDGE('',*,*,#1493,.F.);
#1920=ORIENTED_EDGE('',*,*,#1415,.T.);
#1921=ORIENTED_EDGE('',*,*,#1460,.T.);
#1922=ORIENTED_EDGE('',*,*,#1494,.T.);
#1923=ORIENTED_EDGE('',*,*,#1495,.T.);
#1924=ORIENTED_EDGE('',*,*,#1462,.F.);
#1925=ORIENTED_EDGE('',*,*,#1486,.T.);
#1926=ORIENTED_EDGE('',*,*,#1476,.T.);
#1927=ORIENTED_EDGE('',*,*,#1496,.T.);
#1928=ORIENTED_EDGE('',*,*,#1491,.T.);
#1929=ORIENTED_EDGE('',*,*,#1392,.F.);
#1930=ORIENTED_EDGE('',*,*,#1413,.T.);
#1931=ORIENTED_EDGE('',*,*,#1497,.T.);
#1932=ORIENTED_EDGE('',*,*,#1498,.T.);
#1933=ORIENTED_EDGE('',*,*,#1499,.T.);
#1934=ORIENTED_EDGE('',*,*,#1498,.F.);
#1935=ORIENTED_EDGE('',*,*,#1500,.F.);
#1936=ORIENTED_EDGE('',*,*,#1501,.F.);
#1937=ORIENTED_EDGE('',*,*,#1502,.F.);
#1938=ORIENTED_EDGE('',*,*,#1394,.F.);
#1939=ORIENTED_EDGE('',*,*,#1503,.F.);
#1940=ORIENTED_EDGE('',*,*,#1504,.T.);
#1941=ORIENTED_EDGE('',*,*,#1505,.T.);
#1942=ORIENTED_EDGE('',*,*,#1407,.T.);
#1943=ORIENTED_EDGE('',*,*,#1390,.F.);
#1944=ORIENTED_EDGE('',*,*,#1506,.F.);
#1945=ORIENTED_EDGE('',*,*,#1434,.T.);
#1946=ORIENTED_EDGE('',*,*,#1463,.T.);
#1947=ORIENTED_EDGE('',*,*,#1507,.T.);
#1948=ORIENTED_EDGE('',*,*,#1386,.T.);
#1949=ORIENTED_EDGE('',*,*,#1449,.T.);
#1950=ORIENTED_EDGE('',*,*,#1482,.T.);
#1951=ORIENTED_EDGE('',*,*,#1508,.T.);
#1952=ORIENTED_EDGE('',*,*,#1444,.T.);
#1953=ORIENTED_EDGE('',*,*,#1509,.T.);
#1954=ORIENTED_EDGE('',*,*,#1431,.T.);
#1955=ORIENTED_EDGE('',*,*,#1445,.T.);
#1956=ORIENTED_EDGE('',*,*,#1508,.F.);
#1957=ORIENTED_EDGE('',*,*,#1507,.F.);
#1958=ORIENTED_EDGE('',*,*,#1495,.F.);
#1959=ORIENTED_EDGE('',*,*,#1510,.T.);
#1960=ORIENTED_EDGE('',*,*,#1511,.T.);
#1961=ORIENTED_EDGE('',*,*,#1512,.T.);
#1962=ORIENTED_EDGE('',*,*,#1423,.F.);
#1963=ORIENTED_EDGE('',*,*,#1513,.T.);
#1964=ORIENTED_EDGE('',*,*,#1488,.F.);
#1965=ORIENTED_EDGE('',*,*,#1490,.F.);
#1966=ORIENTED_EDGE('',*,*,#1429,.F.);
#1967=ORIENTED_EDGE('',*,*,#1478,.F.);
#1968=ORIENTED_EDGE('',*,*,#1485,.F.);
#1969=ORIENTED_EDGE('',*,*,#1513,.F.);
#1970=ORIENTED_EDGE('',*,*,#1509,.F.);
#1971=ORIENTED_EDGE('',*,*,#1481,.T.);
#1972=ORIENTED_EDGE('',*,*,#1514,.F.);
#1973=ORIENTED_EDGE('',*,*,#1479,.T.);
#1974=ORIENTED_EDGE('',*,*,#1448,.F.);
#1975=ORIENTED_EDGE('',*,*,#1515,.T.);
#1976=ORIENTED_EDGE('',*,*,#1470,.F.);
#1977=ORIENTED_EDGE('',*,*,#1473,.F.);
#1978=ORIENTED_EDGE('',*,*,#1452,.F.);
#1979=ORIENTED_EDGE('',*,*,#1516,.F.);
#1980=ORIENTED_EDGE('',*,*,#1471,.F.);
#1981=ORIENTED_EDGE('',*,*,#1515,.F.);
#1982=ORIENTED_EDGE('',*,*,#1516,.T.);
#1983=ORIENTED_EDGE('',*,*,#1454,.F.);
#1984=ORIENTED_EDGE('',*,*,#1517,.T.);
#1985=ORIENTED_EDGE('',*,*,#1518,.T.);
#1986=ORIENTED_EDGE('',*,*,#1464,.T.);
#1987=ORIENTED_EDGE('',*,*,#1421,.F.);
#1988=ORIENTED_EDGE('',*,*,#1519,.F.);
#1989=ORIENTED_EDGE('',*,*,#1520,.F.);
#1990=ORIENTED_EDGE('',*,*,#1483,.F.);
#1991=ORIENTED_EDGE('',*,*,#1467,.T.);
#1992=ORIENTED_EDGE('',*,*,#1457,.F.);
#1993=ORIENTED_EDGE('',*,*,#1384,.T.);
#1994=ORIENTED_EDGE('',*,*,#1521,.T.);
#1995=ORIENTED_EDGE('',*,*,#1517,.F.);
#1996=ORIENTED_EDGE('',*,*,#1522,.T.);
#1997=ORIENTED_EDGE('',*,*,#1523,.T.);
#1998=ORIENTED_EDGE('',*,*,#1524,.T.);
#1999=ORIENTED_EDGE('',*,*,#1525,.T.);
#2000=ORIENTED_EDGE('',*,*,#1526,.F.);
#2001=ORIENTED_EDGE('',*,*,#1527,.T.);
#2002=ORIENTED_EDGE('',*,*,#1528,.T.);
#2003=ORIENTED_EDGE('',*,*,#1529,.T.);
#2004=ORIENTED_EDGE('',*,*,#1524,.F.);
#2005=ORIENTED_EDGE('',*,*,#1530,.T.);
#2006=ORIENTED_EDGE('',*,*,#1531,.T.);
#2007=ORIENTED_EDGE('',*,*,#1532,.T.);
#2008=ORIENTED_EDGE('',*,*,#1528,.F.);
#2009=ORIENTED_EDGE('',*,*,#1533,.T.);
#2010=ORIENTED_EDGE('',*,*,#1531,.F.);
#2011=ORIENTED_EDGE('',*,*,#1534,.T.);
#2012=ORIENTED_EDGE('',*,*,#1526,.T.);
#2013=ORIENTED_EDGE('',*,*,#1533,.F.);
#2014=ORIENTED_EDGE('',*,*,#1535,.F.);
#2015=ORIENTED_EDGE('',*,*,#1536,.F.);
#2016=ORIENTED_EDGE('',*,*,#1537,.T.);
#2017=ORIENTED_EDGE('',*,*,#1525,.F.);
#2018=ORIENTED_EDGE('',*,*,#1538,.F.);
#2019=ORIENTED_EDGE('',*,*,#1397,.F.);
#2020=ORIENTED_EDGE('',*,*,#1539,.F.);
#2021=ORIENTED_EDGE('',*,*,#1540,.F.);
#2022=ORIENTED_EDGE('',*,*,#1541,.F.);
#2023=ORIENTED_EDGE('',*,*,#1542,.F.);
#2024=ORIENTED_EDGE('',*,*,#1535,.T.);
#2025=ORIENTED_EDGE('',*,*,#1523,.F.);
#2026=ORIENTED_EDGE('',*,*,#1534,.F.);
#2027=ORIENTED_EDGE('',*,*,#1530,.F.);
#2028=ORIENTED_EDGE('',*,*,#1527,.F.);
#2029=ORIENTED_EDGE('',*,*,#1543,.T.);
#2030=ORIENTED_EDGE('',*,*,#1544,.T.);
#2031=ORIENTED_EDGE('',*,*,#1545,.T.);
#2032=ORIENTED_EDGE('',*,*,#1546,.T.);
#2033=ORIENTED_EDGE('',*,*,#1547,.T.);
#2034=ORIENTED_EDGE('',*,*,#1548,.T.);
#2035=ORIENTED_EDGE('',*,*,#1549,.T.);
#2036=ORIENTED_EDGE('',*,*,#1550,.T.);
#2037=ORIENTED_EDGE('',*,*,#1551,.T.);
#2038=ORIENTED_EDGE('',*,*,#1552,.T.);
#2039=ORIENTED_EDGE('',*,*,#1553,.T.);
#2040=ORIENTED_EDGE('',*,*,#1554,.T.);
#2041=ORIENTED_EDGE('',*,*,#1555,.T.);
#2042=ORIENTED_EDGE('',*,*,#1556,.T.);
#2043=ORIENTED_EDGE('',*,*,#1557,.T.);
#2044=ORIENTED_EDGE('',*,*,#1558,.T.);
#2045=ORIENTED_EDGE('',*,*,#1400,.T.);
#2046=ORIENTED_EDGE('',*,*,#1559,.T.);
#2047=ORIENTED_EDGE('',*,*,#1456,.T.);
#2048=ORIENTED_EDGE('',*,*,#1560,.T.);
#2049=ORIENTED_EDGE('',*,*,#1542,.T.);
#2050=ORIENTED_EDGE('',*,*,#1559,.F.);
#2051=ORIENTED_EDGE('',*,*,#1399,.T.);
#2052=ORIENTED_EDGE('',*,*,#1377,.T.);
#2053=ORIENTED_EDGE('',*,*,#1455,.T.);
#2054=ORIENTED_EDGE('',*,*,#1439,.T.);
#2055=ORIENTED_EDGE('',*,*,#1561,.T.);
#2056=ORIENTED_EDGE('',*,*,#1536,.T.);
#2057=ORIENTED_EDGE('',*,*,#1560,.F.);
#2058=ORIENTED_EDGE('',*,*,#1436,.T.);
#2059=ORIENTED_EDGE('',*,*,#1562,.T.);
#2060=ORIENTED_EDGE('',*,*,#1563,.T.);
#2061=ORIENTED_EDGE('',*,*,#1564,.T.);
#2062=ORIENTED_EDGE('',*,*,#1506,.T.);
#2063=ORIENTED_EDGE('',*,*,#1398,.T.);
#2064=ORIENTED_EDGE('',*,*,#1565,.T.);
#2065=ORIENTED_EDGE('',*,*,#1562,.F.);
#2066=ORIENTED_EDGE('',*,*,#1435,.T.);
#2067=ORIENTED_EDGE('',*,*,#1406,.T.);
#2068=ORIENTED_EDGE('',*,*,#1566,.T.);
#2069=ORIENTED_EDGE('',*,*,#1567,.T.);
#2070=ORIENTED_EDGE('',*,*,#1396,.F.);
#2071=ORIENTED_EDGE('',*,*,#1437,.T.);
#2072=ORIENTED_EDGE('',*,*,#1564,.F.);
#2073=ORIENTED_EDGE('',*,*,#1568,.T.);
#2074=ORIENTED_EDGE('',*,*,#1569,.T.);
#2075=ORIENTED_EDGE('',*,*,#1438,.T.);
#2076=ORIENTED_EDGE('',*,*,#1569,.F.);
#2077=ORIENTED_EDGE('',*,*,#1570,.T.);
#2078=ORIENTED_EDGE('',*,*,#1561,.F.);
#2079=ORIENTED_EDGE('',*,*,#1557,.F.);
#2080=ORIENTED_EDGE('',*,*,#1541,.T.);
#2081=ORIENTED_EDGE('',*,*,#1571,.T.);
#2082=ORIENTED_EDGE('',*,*,#1572,.T.);
#2083=ORIENTED_EDGE('',*,*,#1383,.F.);
#2084=ORIENTED_EDGE('',*,*,#1465,.F.);
#2085=ORIENTED_EDGE('',*,*,#1518,.F.);
#2086=ORIENTED_EDGE('',*,*,#1521,.F.);
#2087=ORIENTED_EDGE('',*,*,#1510,.F.);
#2088=ORIENTED_EDGE('',*,*,#1494,.F.);
#2089=ORIENTED_EDGE('',*,*,#1459,.F.);
#2090=ORIENTED_EDGE('',*,*,#1573,.F.);
#2091=ORIENTED_EDGE('',*,*,#1387,.F.);
#2092=ORIENTED_EDGE('',*,*,#1511,.F.);
#2093=ORIENTED_EDGE('',*,*,#1573,.T.);
#2094=ORIENTED_EDGE('',*,*,#1458,.T.);
#2095=ORIENTED_EDGE('',*,*,#1574,.F.);
#2096=ORIENTED_EDGE('',*,*,#1575,.T.);
#2097=ORIENTED_EDGE('',*,*,#1489,.F.);
#2098=ORIENTED_EDGE('',*,*,#1575,.F.);
#2099=ORIENTED_EDGE('',*,*,#1574,.T.);
#2100=ORIENTED_EDGE('',*,*,#1576,.F.);
#2101=ORIENTED_EDGE('',*,*,#1577,.T.);
#2102=ORIENTED_EDGE('',*,*,#1472,.F.);
#2103=ORIENTED_EDGE('',*,*,#1577,.F.);
#2104=ORIENTED_EDGE('',*,*,#1520,.T.);
#2105=ORIENTED_EDGE('',*,*,#1578,.T.);
#2106=ORIENTED_EDGE('',*,*,#1579,.T.);
#2107=ORIENTED_EDGE('',*,*,#1580,.F.);
#2108=ORIENTED_EDGE('',*,*,#1581,.T.);
#2109=ORIENTED_EDGE('',*,*,#1582,.F.);
#2110=ORIENTED_EDGE('',*,*,#1583,.T.);
#2111=ORIENTED_EDGE('',*,*,#1584,.T.);
#2112=ORIENTED_EDGE('',*,*,#1492,.T.);
#2113=ORIENTED_EDGE('',*,*,#1496,.F.);
#2114=ORIENTED_EDGE('',*,*,#1475,.T.);
#2115=ORIENTED_EDGE('',*,*,#1484,.F.);
#2116=ORIENTED_EDGE('',*,*,#1522,.F.);
#2117=ORIENTED_EDGE('',*,*,#1585,.T.);
#2118=ORIENTED_EDGE('',*,*,#1466,.T.);
#2119=ORIENTED_EDGE('',*,*,#1585,.F.);
#2120=ORIENTED_EDGE('',*,*,#1576,.T.);
#2121=ORIENTED_EDGE('',*,*,#1512,.F.);
#2122=ORIENTED_EDGE('',*,*,#1586,.T.);
#2123=ORIENTED_EDGE('',*,*,#1461,.T.);
#2124=ORIENTED_EDGE('',*,*,#1586,.F.);
#2125=ORIENTED_EDGE('',*,*,#1587,.F.);
#2126=ORIENTED_EDGE('',*,*,#1588,.T.);
#2127=ORIENTED_EDGE('',*,*,#1589,.F.);
#2128=ORIENTED_EDGE('',*,*,#1590,.F.);
#2129=ORIENTED_EDGE('',*,*,#1591,.F.);
#2130=ORIENTED_EDGE('',*,*,#1592,.F.);
#2131=ORIENTED_EDGE('',*,*,#1593,.T.);
#2132=ORIENTED_EDGE('',*,*,#1594,.F.);
#2133=ORIENTED_EDGE('',*,*,#1595,.F.);
#2134=ORIENTED_EDGE('',*,*,#1596,.F.);
#2135=ORIENTED_EDGE('',*,*,#1597,.F.);
#2136=ORIENTED_EDGE('',*,*,#1598,.F.);
#2137=ORIENTED_EDGE('',*,*,#1599,.F.);
#2138=ORIENTED_EDGE('',*,*,#1600,.F.);
#2139=ORIENTED_EDGE('',*,*,#1601,.F.);
#2140=ORIENTED_EDGE('',*,*,#1602,.F.);
#2141=ORIENTED_EDGE('',*,*,#1603,.F.);
#2142=ORIENTED_EDGE('',*,*,#1604,.F.);
#2143=ORIENTED_EDGE('',*,*,#1605,.F.);
#2144=ORIENTED_EDGE('',*,*,#1594,.T.);
#2145=ORIENTED_EDGE('',*,*,#1606,.T.);
#2146=ORIENTED_EDGE('',*,*,#1607,.T.);
#2147=ORIENTED_EDGE('',*,*,#1608,.T.);
#2148=ORIENTED_EDGE('',*,*,#1597,.T.);
#2149=ORIENTED_EDGE('',*,*,#1609,.T.);
#2150=ORIENTED_EDGE('',*,*,#1610,.T.);
#2151=ORIENTED_EDGE('',*,*,#1606,.F.);
#2152=ORIENTED_EDGE('',*,*,#1611,.T.);
#2153=ORIENTED_EDGE('',*,*,#1609,.F.);
#2154=ORIENTED_EDGE('',*,*,#1596,.T.);
#2155=ORIENTED_EDGE('',*,*,#1612,.F.);
#2156=ORIENTED_EDGE('',*,*,#1595,.T.);
#2157=ORIENTED_EDGE('',*,*,#1608,.F.);
#2158=ORIENTED_EDGE('',*,*,#1613,.T.);
#2159=ORIENTED_EDGE('',*,*,#1612,.T.);
#2160=ORIENTED_EDGE('',*,*,#1613,.F.);
#2161=ORIENTED_EDGE('',*,*,#1614,.F.);
#2162=ORIENTED_EDGE('',*,*,#1615,.T.);
#2163=ORIENTED_EDGE('',*,*,#1616,.T.);
#2164=ORIENTED_EDGE('',*,*,#1607,.F.);
#2165=ORIENTED_EDGE('',*,*,#1617,.F.);
#2166=ORIENTED_EDGE('',*,*,#1618,.T.);
#2167=ORIENTED_EDGE('',*,*,#1614,.T.);
#2168=ORIENTED_EDGE('',*,*,#1619,.T.);
#2169=ORIENTED_EDGE('',*,*,#1620,.T.);
#2170=ORIENTED_EDGE('',*,*,#1621,.T.);
#2171=ORIENTED_EDGE('',*,*,#1589,.T.);
#2172=ORIENTED_EDGE('',*,*,#1621,.F.);
#2173=ORIENTED_EDGE('',*,*,#1622,.T.);
#2174=ORIENTED_EDGE('',*,*,#1623,.T.);
#2175=ORIENTED_EDGE('',*,*,#1590,.T.);
#2176=ORIENTED_EDGE('',*,*,#1624,.T.);
#2177=ORIENTED_EDGE('',*,*,#1591,.T.);
#2178=ORIENTED_EDGE('',*,*,#1623,.F.);
#2179=ORIENTED_EDGE('',*,*,#1625,.T.);
#2180=ORIENTED_EDGE('',*,*,#1624,.F.);
#2181=ORIENTED_EDGE('',*,*,#1626,.T.);
#2182=ORIENTED_EDGE('',*,*,#1627,.T.);
#2183=ORIENTED_EDGE('',*,*,#1592,.T.);
#2184=ORIENTED_EDGE('',*,*,#1628,.T.);
#2185=ORIENTED_EDGE('',*,*,#1587,.T.);
#2186=ORIENTED_EDGE('',*,*,#1627,.F.);
#2187=ORIENTED_EDGE('',*,*,#1629,.T.);
#2188=ORIENTED_EDGE('',*,*,#1626,.F.);
#2189=ORIENTED_EDGE('',*,*,#1630,.T.);
#2190=ORIENTED_EDGE('',*,*,#1580,.T.);
#2191=ORIENTED_EDGE('',*,*,#1631,.T.);
#2192=ORIENTED_EDGE('',*,*,#1625,.F.);
#2193=ORIENTED_EDGE('',*,*,#1632,.F.);
#2194=ORIENTED_EDGE('',*,*,#1581,.F.);
#2195=ORIENTED_EDGE('',*,*,#1630,.F.);
#2196=ORIENTED_EDGE('',*,*,#1622,.F.);
#2197=ORIENTED_EDGE('',*,*,#1633,.T.);
#2198=ORIENTED_EDGE('',*,*,#1582,.T.);
#2199=ORIENTED_EDGE('',*,*,#1632,.T.);
#2200=ORIENTED_EDGE('',*,*,#1620,.F.);
#2201=ORIENTED_EDGE('',*,*,#1634,.T.);
#2202=ORIENTED_EDGE('',*,*,#1583,.F.);
#2203=ORIENTED_EDGE('',*,*,#1633,.F.);
#2204=ORIENTED_EDGE('',*,*,#1629,.F.);
#2205=ORIENTED_EDGE('',*,*,#1631,.F.);
#2206=ORIENTED_EDGE('',*,*,#1579,.F.);
#2207=ORIENTED_EDGE('',*,*,#1635,.F.);
#2208=ORIENTED_EDGE('',*,*,#1636,.T.);
#2209=ORIENTED_EDGE('',*,*,#1637,.T.);
#2210=ORIENTED_EDGE('',*,*,#1638,.T.);
#2211=ORIENTED_EDGE('',*,*,#1639,.F.);
#2212=ORIENTED_EDGE('',*,*,#1640,.T.);
#2213=ORIENTED_EDGE('',*,*,#1641,.T.);
#2214=ORIENTED_EDGE('',*,*,#1642,.T.);
#2215=ORIENTED_EDGE('',*,*,#1637,.F.);
#2216=ORIENTED_EDGE('',*,*,#1643,.T.);
#2217=ORIENTED_EDGE('',*,*,#1644,.T.);
#2218=ORIENTED_EDGE('',*,*,#1645,.T.);
#2219=ORIENTED_EDGE('',*,*,#1641,.F.);
#2220=ORIENTED_EDGE('',*,*,#1646,.T.);
#2221=ORIENTED_EDGE('',*,*,#1639,.T.);
#2222=ORIENTED_EDGE('',*,*,#1647,.T.);
#2223=ORIENTED_EDGE('',*,*,#1644,.F.);
#2224=ORIENTED_EDGE('',*,*,#1647,.F.);
#2225=ORIENTED_EDGE('',*,*,#1638,.F.);
#2226=ORIENTED_EDGE('',*,*,#1642,.F.);
#2227=ORIENTED_EDGE('',*,*,#1645,.F.);
#2228=ORIENTED_EDGE('',*,*,#1648,.F.);
#2229=ORIENTED_EDGE('',*,*,#1649,.F.);
#2230=ORIENTED_EDGE('',*,*,#1650,.F.);
#2231=ORIENTED_EDGE('',*,*,#1651,.F.);
#2232=ORIENTED_EDGE('',*,*,#1652,.F.);
#2233=ORIENTED_EDGE('',*,*,#1653,.F.);
#2234=ORIENTED_EDGE('',*,*,#1654,.F.);
#2235=ORIENTED_EDGE('',*,*,#1655,.F.);
#2236=ORIENTED_EDGE('',*,*,#1656,.F.);
#2237=ORIENTED_EDGE('',*,*,#1657,.F.);
#2238=ORIENTED_EDGE('',*,*,#1658,.F.);
#2239=ORIENTED_EDGE('',*,*,#1659,.F.);
#2240=ORIENTED_EDGE('',*,*,#1660,.F.);
#2241=ORIENTED_EDGE('',*,*,#1661,.F.);
#2242=ORIENTED_EDGE('',*,*,#1636,.F.);
#2243=ORIENTED_EDGE('',*,*,#1662,.T.);
#2244=ORIENTED_EDGE('',*,*,#1618,.F.);
#2245=ORIENTED_EDGE('',*,*,#1663,.F.);
#2246=ORIENTED_EDGE('',*,*,#1640,.F.);
#2247=ORIENTED_EDGE('',*,*,#1663,.T.);
#2248=ORIENTED_EDGE('',*,*,#1664,.F.);
#2249=ORIENTED_EDGE('',*,*,#1665,.F.);
#2250=ORIENTED_EDGE('',*,*,#1666,.F.);
#2251=ORIENTED_EDGE('',*,*,#1667,.F.);
#2252=ORIENTED_EDGE('',*,*,#1643,.F.);
#2253=ORIENTED_EDGE('',*,*,#1665,.T.);
#2254=ORIENTED_EDGE('',*,*,#1646,.F.);
#2255=ORIENTED_EDGE('',*,*,#1667,.T.);
#2256=ORIENTED_EDGE('',*,*,#1615,.F.);
#2257=ORIENTED_EDGE('',*,*,#1662,.F.);
#2258=ORIENTED_EDGE('',*,*,#1668,.T.);
#2259=ORIENTED_EDGE('',*,*,#1669,.F.);
#2260=ORIENTED_EDGE('',*,*,#1670,.F.);
#2261=ORIENTED_EDGE('',*,*,#1671,.F.);
#2262=ORIENTED_EDGE('',*,*,#1672,.T.);
#2263=ORIENTED_EDGE('',*,*,#1649,.T.);
#2264=ORIENTED_EDGE('',*,*,#1673,.T.);
#2265=ORIENTED_EDGE('',*,*,#1550,.F.);
#2266=ORIENTED_EDGE('',*,*,#1674,.T.);
#2267=ORIENTED_EDGE('',*,*,#1650,.T.);
#2268=ORIENTED_EDGE('',*,*,#1674,.F.);
#2269=ORIENTED_EDGE('',*,*,#1549,.F.);
#2270=ORIENTED_EDGE('',*,*,#1675,.F.);
#2271=ORIENTED_EDGE('',*,*,#1651,.T.);
#2272=ORIENTED_EDGE('',*,*,#1675,.T.);
#2273=ORIENTED_EDGE('',*,*,#1548,.F.);
#2274=ORIENTED_EDGE('',*,*,#1676,.T.);
#2275=ORIENTED_EDGE('',*,*,#1652,.T.);
#2276=ORIENTED_EDGE('',*,*,#1676,.F.);
#2277=ORIENTED_EDGE('',*,*,#1547,.F.);
#2278=ORIENTED_EDGE('',*,*,#1677,.F.);
#2279=ORIENTED_EDGE('',*,*,#1653,.T.);
#2280=ORIENTED_EDGE('',*,*,#1677,.T.);
#2281=ORIENTED_EDGE('',*,*,#1546,.F.);
#2282=ORIENTED_EDGE('',*,*,#1678,.T.);
#2283=ORIENTED_EDGE('',*,*,#1654,.T.);
#2284=ORIENTED_EDGE('',*,*,#1678,.F.);
#2285=ORIENTED_EDGE('',*,*,#1545,.F.);
#2286=ORIENTED_EDGE('',*,*,#1679,.F.);
#2287=ORIENTED_EDGE('',*,*,#1655,.T.);
#2288=ORIENTED_EDGE('',*,*,#1679,.T.);
#2289=ORIENTED_EDGE('',*,*,#1544,.F.);
#2290=ORIENTED_EDGE('',*,*,#1680,.T.);
#2291=ORIENTED_EDGE('',*,*,#1648,.T.);
#2292=ORIENTED_EDGE('',*,*,#1680,.F.);
#2293=ORIENTED_EDGE('',*,*,#1543,.F.);
#2294=ORIENTED_EDGE('',*,*,#1673,.F.);
#2295=ORIENTED_EDGE('',*,*,#1551,.F.);
#2296=ORIENTED_EDGE('',*,*,#1681,.T.);
#2297=ORIENTED_EDGE('',*,*,#1656,.T.);
#2298=ORIENTED_EDGE('',*,*,#1681,.F.);
#2299=ORIENTED_EDGE('',*,*,#1552,.F.);
#2300=ORIENTED_EDGE('',*,*,#1682,.T.);
#2301=ORIENTED_EDGE('',*,*,#1657,.T.);
#2302=ORIENTED_EDGE('',*,*,#1682,.F.);
#2303=ORIENTED_EDGE('',*,*,#1553,.F.);
#2304=ORIENTED_EDGE('',*,*,#1683,.T.);
#2305=ORIENTED_EDGE('',*,*,#1658,.T.);
#2306=ORIENTED_EDGE('',*,*,#1683,.F.);
#2307=ORIENTED_EDGE('',*,*,#1554,.F.);
#2308=ORIENTED_EDGE('',*,*,#1684,.T.);
#2309=ORIENTED_EDGE('',*,*,#1659,.T.);
#2310=ORIENTED_EDGE('',*,*,#1684,.F.);
#2311=ORIENTED_EDGE('',*,*,#1555,.F.);
#2312=ORIENTED_EDGE('',*,*,#1685,.T.);
#2313=ORIENTED_EDGE('',*,*,#1660,.T.);
#2314=ORIENTED_EDGE('',*,*,#1685,.F.);
#2315=ORIENTED_EDGE('',*,*,#1556,.F.);
#2316=ORIENTED_EDGE('',*,*,#1686,.T.);
#2317=ORIENTED_EDGE('',*,*,#1661,.T.);
#2318=ORIENTED_EDGE('',*,*,#1686,.F.);
#2319=ORIENTED_EDGE('',*,*,#1687,.F.);
#2320=ORIENTED_EDGE('',*,*,#1688,.T.);
#2321=ORIENTED_EDGE('',*,*,#1689,.F.);
#2322=ORIENTED_EDGE('',*,*,#1690,.F.);
#2323=ORIENTED_EDGE('',*,*,#1610,.F.);
#2324=ORIENTED_EDGE('',*,*,#1691,.F.);
#2325=ORIENTED_EDGE('',*,*,#1664,.T.);
#2326=ORIENTED_EDGE('',*,*,#1617,.T.);
#2327=ORIENTED_EDGE('',*,*,#1611,.F.);
#2328=ORIENTED_EDGE('',*,*,#1616,.F.);
#2329=ORIENTED_EDGE('',*,*,#1666,.T.);
#2330=ORIENTED_EDGE('',*,*,#1691,.T.);
#2331=ORIENTED_EDGE('',*,*,#1692,.T.);
#2332=ORIENTED_EDGE('',*,*,#1598,.T.);
#2333=ORIENTED_EDGE('',*,*,#1693,.T.);
#2334=ORIENTED_EDGE('',*,*,#1694,.T.);
#2335=ORIENTED_EDGE('',*,*,#1692,.F.);
#2336=ORIENTED_EDGE('',*,*,#1695,.T.);
#2337=ORIENTED_EDGE('',*,*,#1696,.T.);
#2338=ORIENTED_EDGE('',*,*,#1599,.T.);
#2339=ORIENTED_EDGE('',*,*,#1697,.T.);
#2340=ORIENTED_EDGE('',*,*,#1600,.T.);
#2341=ORIENTED_EDGE('',*,*,#1696,.F.);
#2342=ORIENTED_EDGE('',*,*,#1698,.T.);
#2343=ORIENTED_EDGE('',*,*,#1697,.F.);
#2344=ORIENTED_EDGE('',*,*,#1699,.T.);
#2345=ORIENTED_EDGE('',*,*,#1700,.T.);
#2346=ORIENTED_EDGE('',*,*,#1601,.T.);
#2347=ORIENTED_EDGE('',*,*,#1701,.T.);
#2348=ORIENTED_EDGE('',*,*,#1602,.T.);
#2349=ORIENTED_EDGE('',*,*,#1700,.F.);
#2350=ORIENTED_EDGE('',*,*,#1702,.T.);
#2351=ORIENTED_EDGE('',*,*,#1701,.F.);
#2352=ORIENTED_EDGE('',*,*,#1703,.T.);
#2353=ORIENTED_EDGE('',*,*,#1704,.T.);
#2354=ORIENTED_EDGE('',*,*,#1603,.T.);
#2355=ORIENTED_EDGE('',*,*,#1705,.T.);
#2356=ORIENTED_EDGE('',*,*,#1604,.T.);
#2357=ORIENTED_EDGE('',*,*,#1704,.F.);
#2358=ORIENTED_EDGE('',*,*,#1706,.T.);
#2359=ORIENTED_EDGE('',*,*,#1705,.F.);
#2360=ORIENTED_EDGE('',*,*,#1707,.T.);
#2361=ORIENTED_EDGE('',*,*,#1693,.F.);
#2362=ORIENTED_EDGE('',*,*,#1605,.T.);
#2363=ORIENTED_EDGE('',*,*,#1708,.T.);
#2364=ORIENTED_EDGE('',*,*,#1709,.T.);
#2365=ORIENTED_EDGE('',*,*,#1710,.F.);
#2366=ORIENTED_EDGE('',*,*,#1711,.F.);
#2367=ORIENTED_EDGE('',*,*,#1669,.T.);
#2368=ORIENTED_EDGE('',*,*,#1712,.T.);
#2369=ORIENTED_EDGE('',*,*,#1713,.T.);
#2370=ORIENTED_EDGE('',*,*,#1714,.F.);
#2371=ORIENTED_EDGE('',*,*,#1715,.T.);
#2372=ORIENTED_EDGE('',*,*,#1710,.T.);
#2373=ORIENTED_EDGE('',*,*,#1670,.T.);
#2374=ORIENTED_EDGE('',*,*,#1711,.T.);
#2375=ORIENTED_EDGE('',*,*,#1715,.F.);
#2376=ORIENTED_EDGE('',*,*,#1716,.T.);
#2377=ORIENTED_EDGE('',*,*,#1717,.T.);
#2378=ORIENTED_EDGE('',*,*,#1718,.T.);
#2379=ORIENTED_EDGE('',*,*,#1719,.F.);
#2380=ORIENTED_EDGE('',*,*,#1720,.T.);
#2381=ORIENTED_EDGE('',*,*,#1721,.T.);
#2382=ORIENTED_EDGE('',*,*,#1672,.F.);
#2383=ORIENTED_EDGE('',*,*,#1722,.F.);
#2384=ORIENTED_EDGE('',*,*,#1723,.T.);
#2385=ORIENTED_EDGE('',*,*,#1722,.T.);
#2386=ORIENTED_EDGE('',*,*,#1671,.T.);
#2387=ORIENTED_EDGE('',*,*,#1719,.T.);
#2388=ORIENTED_EDGE('',*,*,#1724,.T.);
#2389=ORIENTED_EDGE('',*,*,#1725,.T.);
#2390=ORIENTED_EDGE('',*,*,#1571,.F.);
#2391=ORIENTED_EDGE('',*,*,#1540,.T.);
#2392=ORIENTED_EDGE('',*,*,#1726,.F.);
#2393=ORIENTED_EDGE('',*,*,#1727,.T.);
#2394=ORIENTED_EDGE('',*,*,#1712,.F.);
#2395=ORIENTED_EDGE('',*,*,#1668,.F.);
#2396=ORIENTED_EDGE('',*,*,#1721,.F.);
#2397=ORIENTED_EDGE('',*,*,#1728,.F.);
#2398=ORIENTED_EDGE('',*,*,#1729,.T.);
#2399=ORIENTED_EDGE('',*,*,#1730,.F.);
#2400=ORIENTED_EDGE('',*,*,#1690,.T.);
#2401=ORIENTED_EDGE('',*,*,#1731,.F.);
#2402=ORIENTED_EDGE('',*,*,#1732,.F.);
#2403=ORIENTED_EDGE('',*,*,#1733,.T.);
#2404=ORIENTED_EDGE('',*,*,#1734,.F.);
#2405=ORIENTED_EDGE('',*,*,#1735,.T.);
#2406=ORIENTED_EDGE('',*,*,#1730,.T.);
#2407=ORIENTED_EDGE('',*,*,#1687,.T.);
#2408=ORIENTED_EDGE('',*,*,#1735,.F.);
#2409=ORIENTED_EDGE('',*,*,#1736,.T.);
#2410=ORIENTED_EDGE('',*,*,#1737,.F.);
#2411=ORIENTED_EDGE('',*,*,#1738,.F.);
#2412=ORIENTED_EDGE('',*,*,#1739,.F.);
#2413=ORIENTED_EDGE('',*,*,#1740,.F.);
#2414=ORIENTED_EDGE('',*,*,#1688,.F.);
#2415=ORIENTED_EDGE('',*,*,#1741,.T.);
#2416=ORIENTED_EDGE('',*,*,#1738,.T.);
#2417=ORIENTED_EDGE('',*,*,#1737,.T.);
#2418=ORIENTED_EDGE('',*,*,#1742,.T.);
#2419=ORIENTED_EDGE('',*,*,#1731,.T.);
#2420=ORIENTED_EDGE('',*,*,#1689,.T.);
#2421=ORIENTED_EDGE('',*,*,#1740,.T.);
#2422=ORIENTED_EDGE('',*,*,#1743,.F.);
#2423=ORIENTED_EDGE('',*,*,#1744,.F.);
#2424=ORIENTED_EDGE('',*,*,#1745,.F.);
#2425=ORIENTED_EDGE('',*,*,#1501,.T.);
#2426=ORIENTED_EDGE('',*,*,#1746,.F.);
#2427=ORIENTED_EDGE('',*,*,#1747,.T.);
#2428=ORIENTED_EDGE('',*,*,#1748,.F.);
#2429=ORIENTED_EDGE('',*,*,#1749,.T.);
#2430=ORIENTED_EDGE('',*,*,#1750,.F.);
#2431=ORIENTED_EDGE('',*,*,#1707,.F.);
#2432=ORIENTED_EDGE('',*,*,#1706,.F.);
#2433=ORIENTED_EDGE('',*,*,#1703,.F.);
#2434=ORIENTED_EDGE('',*,*,#1702,.F.);
#2435=ORIENTED_EDGE('',*,*,#1699,.F.);
#2436=ORIENTED_EDGE('',*,*,#1698,.F.);
#2437=ORIENTED_EDGE('',*,*,#1695,.F.);
#2438=ORIENTED_EDGE('',*,*,#1694,.F.);
#2439=ORIENTED_EDGE('',*,*,#1447,.F.);
#2440=ORIENTED_EDGE('',*,*,#1751,.T.);
#2441=ORIENTED_EDGE('',*,*,#1593,.F.);
#2442=ORIENTED_EDGE('',*,*,#1751,.F.);
#2443=ORIENTED_EDGE('',*,*,#1708,.F.);
#2444=ORIENTED_EDGE('',*,*,#1752,.T.);
#2445=ORIENTED_EDGE('',*,*,#1446,.F.);
#2446=ORIENTED_EDGE('',*,*,#1752,.F.);
#2447=ORIENTED_EDGE('',*,*,#1529,.F.);
#2448=ORIENTED_EDGE('',*,*,#1753,.F.);
#2449=ORIENTED_EDGE('',*,*,#1565,.F.);
#2450=ORIENTED_EDGE('',*,*,#1538,.T.);
#2451=ORIENTED_EDGE('',*,*,#1567,.F.);
#2452=ORIENTED_EDGE('',*,*,#1754,.T.);
#2453=ORIENTED_EDGE('',*,*,#1726,.T.);
#2454=ORIENTED_EDGE('',*,*,#1539,.T.);
#2455=ORIENTED_EDGE('',*,*,#1713,.F.);
#2456=ORIENTED_EDGE('',*,*,#1709,.F.);
#2457=ORIENTED_EDGE('',*,*,#1727,.F.);
#2458=ORIENTED_EDGE('',*,*,#1754,.F.);
#2459=ORIENTED_EDGE('',*,*,#1566,.F.);
#2460=ORIENTED_EDGE('',*,*,#1405,.T.);
#2461=ORIENTED_EDGE('',*,*,#1755,.F.);
#2462=ORIENTED_EDGE('',*,*,#1755,.T.);
#2463=ORIENTED_EDGE('',*,*,#1404,.F.);
#2464=ORIENTED_EDGE('',*,*,#1756,.T.);
#2465=ORIENTED_EDGE('',*,*,#1716,.F.);
#2466=ORIENTED_EDGE('',*,*,#1714,.T.);
#2467=ORIENTED_EDGE('',*,*,#1403,.F.);
#2468=ORIENTED_EDGE('',*,*,#1757,.F.);
#2469=ORIENTED_EDGE('',*,*,#1717,.F.);
#2470=ORIENTED_EDGE('',*,*,#1756,.F.);
#2471=ORIENTED_EDGE('',*,*,#1758,.T.);
#2472=ORIENTED_EDGE('',*,*,#1724,.F.);
#2473=ORIENTED_EDGE('',*,*,#1718,.F.);
#2474=ORIENTED_EDGE('',*,*,#1757,.T.);
#2475=ORIENTED_EDGE('',*,*,#1402,.F.);
#2476=ORIENTED_EDGE('',*,*,#1723,.F.);
#2477=ORIENTED_EDGE('',*,*,#1758,.F.);
#2478=ORIENTED_EDGE('',*,*,#1401,.T.);
#2479=ORIENTED_EDGE('',*,*,#1558,.F.);
#2480=ORIENTED_EDGE('',*,*,#1572,.F.);
#2481=ORIENTED_EDGE('',*,*,#1725,.F.);
#2482=ORIENTED_EDGE('',*,*,#1720,.F.);
#2483=ORIENTED_EDGE('',*,*,#1568,.F.);
#2484=ORIENTED_EDGE('',*,*,#1759,.F.);
#2485=ORIENTED_EDGE('',*,*,#1729,.F.);
#2486=ORIENTED_EDGE('',*,*,#1760,.F.);
#2487=ORIENTED_EDGE('',*,*,#1532,.F.);
#2488=ORIENTED_EDGE('',*,*,#1537,.F.);
#2489=ORIENTED_EDGE('',*,*,#1570,.F.);
#2490=ORIENTED_EDGE('',*,*,#1760,.T.);
#2491=ORIENTED_EDGE('',*,*,#1728,.T.);
#2492=ORIENTED_EDGE('',*,*,#1759,.T.);
#2493=ORIENTED_EDGE('',*,*,#1563,.F.);
#2494=ORIENTED_EDGE('',*,*,#1753,.T.);
#2495=ORIENTED_EDGE('',*,*,#1393,.F.);
#2496=ORIENTED_EDGE('',*,*,#1499,.F.);
#2497=ORIENTED_EDGE('',*,*,#1502,.T.);
#2498=ORIENTED_EDGE('',*,*,#1745,.T.);
#2499=ORIENTED_EDGE('',*,*,#1761,.F.);
#2500=ORIENTED_EDGE('',*,*,#1503,.T.);
#2501=ORIENTED_EDGE('',*,*,#1733,.F.);
#2502=ORIENTED_EDGE('',*,*,#1732,.T.);
#2503=ORIENTED_EDGE('',*,*,#1746,.T.);
#2504=ORIENTED_EDGE('',*,*,#1500,.T.);
#2505=ORIENTED_EDGE('',*,*,#1497,.F.);
#2506=ORIENTED_EDGE('',*,*,#1412,.T.);
#2507=ORIENTED_EDGE('',*,*,#1762,.T.);
#2508=ORIENTED_EDGE('',*,*,#1763,.T.);
#2509=ORIENTED_EDGE('',*,*,#1734,.T.);
#2510=ORIENTED_EDGE('',*,*,#1762,.F.);
#2511=ORIENTED_EDGE('',*,*,#1411,.F.);
#2512=ORIENTED_EDGE('',*,*,#1410,.F.);
#2513=ORIENTED_EDGE('',*,*,#1764,.F.);
#2514=ORIENTED_EDGE('',*,*,#1736,.F.);
#2515=ORIENTED_EDGE('',*,*,#1763,.F.);
#2516=ORIENTED_EDGE('',*,*,#1764,.T.);
#2517=ORIENTED_EDGE('',*,*,#1409,.F.);
#2518=ORIENTED_EDGE('',*,*,#1765,.F.);
#2519=ORIENTED_EDGE('',*,*,#1742,.F.);
#2520=ORIENTED_EDGE('',*,*,#1741,.F.);
#2521=ORIENTED_EDGE('',*,*,#1765,.T.);
#2522=ORIENTED_EDGE('',*,*,#1408,.T.);
#2523=ORIENTED_EDGE('',*,*,#1505,.F.);
#2524=ORIENTED_EDGE('',*,*,#1766,.T.);
#2525=ORIENTED_EDGE('',*,*,#1743,.T.);
#2526=ORIENTED_EDGE('',*,*,#1739,.T.);
#2527=ORIENTED_EDGE('',*,*,#1504,.F.);
#2528=ORIENTED_EDGE('',*,*,#1761,.T.);
#2529=ORIENTED_EDGE('',*,*,#1744,.T.);
#2530=ORIENTED_EDGE('',*,*,#1766,.F.);
#2531=ORIENTED_EDGE('',*,*,#1767,.T.);
#2532=ORIENTED_EDGE('',*,*,#1419,.F.);
#2533=ORIENTED_EDGE('',*,*,#1768,.T.);
#2534=ORIENTED_EDGE('',*,*,#1748,.T.);
#2535=ORIENTED_EDGE('',*,*,#1418,.F.);
#2536=ORIENTED_EDGE('',*,*,#1769,.F.);
#2537=ORIENTED_EDGE('',*,*,#1749,.F.);
#2538=ORIENTED_EDGE('',*,*,#1768,.F.);
#2539=ORIENTED_EDGE('',*,*,#1770,.T.);
#2540=ORIENTED_EDGE('',*,*,#1750,.T.);
#2541=ORIENTED_EDGE('',*,*,#1769,.T.);
#2542=ORIENTED_EDGE('',*,*,#1417,.F.);
#2543=ORIENTED_EDGE('',*,*,#1420,.F.);
#2544=ORIENTED_EDGE('',*,*,#1767,.F.);
#2545=ORIENTED_EDGE('',*,*,#1747,.F.);
#2546=ORIENTED_EDGE('',*,*,#1770,.F.);
#2547=ORIENTED_EDGE('',*,*,#1416,.F.);
#2548=ORIENTED_EDGE('',*,*,#1493,.T.);
#2549=ORIENTED_EDGE('',*,*,#1584,.F.);
#2550=ORIENTED_EDGE('',*,*,#1634,.F.);
#2551=ORIENTED_EDGE('',*,*,#1619,.F.);
#2552=ORIENTED_EDGE('',*,*,#1588,.F.);
#2553=ORIENTED_EDGE('',*,*,#1628,.F.);
#2554=ORIENTED_EDGE('',*,*,#1635,.T.);
#2555=ORIENTED_EDGE('',*,*,#1578,.F.);
#2556=ORIENTED_EDGE('',*,*,#1519,.T.);
#2557=ORIENTED_EDGE('',*,*,#1480,.T.);
#2558=ORIENTED_EDGE('',*,*,#1514,.T.);
#2559=PLANE('',#2847);
#2560=PLANE('',#2848);
#2561=PLANE('',#2849);
#2562=PLANE('',#2850);
#2563=PLANE('',#2851);
#2564=PLANE('',#2852);
#2565=PLANE('',#2853);
#2566=PLANE('',#2854);
#2567=PLANE('',#2855);
#2568=PLANE('',#2860);
#2569=PLANE('',#2861);
#2570=PLANE('',#2862);
#2571=PLANE('',#2863);
#2572=PLANE('',#2864);
#2573=PLANE('',#2866);
#2574=PLANE('',#2867);
#2575=PLANE('',#2869);
#2576=PLANE('',#2872);
#2577=PLANE('',#2875);
#2578=PLANE('',#2878);
#2579=PLANE('',#2881);
#2580=PLANE('',#2882);
#2581=PLANE('',#2883);
#2582=PLANE('',#2884);
#2583=PLANE('',#2885);
#2584=PLANE('',#2888);
#2585=PLANE('',#2890);
#2586=PLANE('',#2891);
#2587=PLANE('',#2894);
#2588=PLANE('',#2895);
#2589=PLANE('',#2896);
#2590=PLANE('',#2897);
#2591=PLANE('',#2899);
#2592=PLANE('',#2900);
#2593=PLANE('',#2901);
#2594=PLANE('',#2902);
#2595=PLANE('',#2903);
#2596=PLANE('',#2904);
#2597=PLANE('',#2905);
#2598=PLANE('',#2916);
#2599=PLANE('',#2917);
#2600=PLANE('',#2918);
#2601=PLANE('',#2919);
#2602=PLANE('',#2920);
#2603=PLANE('',#2921);
#2604=PLANE('',#2924);
#2605=PLANE('',#2925);
#2606=PLANE('',#2926);
#2607=PLANE('',#2927);
#2608=PLANE('',#2928);
#2609=PLANE('',#2931);
#2610=PLANE('',#2934);
#2611=PLANE('',#2938);
#2612=PLANE('',#2940);
#2613=PLANE('',#2948);
#2614=PLANE('',#2949);
#2615=PLANE('',#2950);
#2616=PLANE('',#2951);
#2617=PLANE('',#2952);
#2618=PLANE('',#2953);
#2619=PLANE('',#2954);
#2620=PLANE('',#2957);
#2621=PLANE('',#2960);
#2622=PLANE('',#2962);
#2623=PLANE('',#2964);
#2624=PLANE('',#2965);
#2625=PLANE('',#2966);
#2626=PLANE('',#2967);
#2627=PLANE('',#2968);
#2628=PLANE('',#2969);
#2629=PLANE('',#2970);
#2630=PLANE('',#2981);
#2631=PLANE('',#2982);
#2632=PLANE('',#2983);
#2633=PLANE('',#2984);
#2634=PLANE('',#2985);
#2635=PLANE('',#2987);
#2636=PLANE('',#2989);
#2637=PLANE('',#2991);
#2638=PLANE('',#2993);
#2639=PLANE('',#3000);
#2640=PLANE('',#3001);
#2641=PLANE('',#3002);
#2642=PLANE('',#3003);
#2643=PLANE('',#3006);
#2644=PLANE('',#3009);
#2645=PLANE('',#3012);
#2646=PLANE('',#3015);
#2647=PLANE('',#3017);
#2648=PLANE('',#3018);
#2649=PLANE('',#3019);
#2650=PLANE('',#3020);
#2651=PLANE('',#3021);
#2652=PLANE('',#3022);
#2653=PLANE('',#3023);
#2654=PLANE('',#3025);
#2655=PLANE('',#3026);
#2656=PLANE('',#3027);
#2657=PLANE('',#3028);
#2658=PLANE('',#3029);
#2659=PLANE('',#3030);
#2660=PLANE('',#3031);
#2661=PLANE('',#3034);
#2662=PLANE('',#3035);
#2663=PLANE('',#3036);
#2664=PLANE('',#3037);
#2665=PLANE('',#3038);
#2666=PLANE('',#3039);
#2667=PLANE('',#3040);
#2668=PLANE('',#3042);
#2669=PLANE('',#3043);
#2670=PLANE('',#3044);
#2671=PLANE('',#3045);
#2672=PLANE('',#3046);
#2673=PLANE('',#3047);
#2674=PLANE('',#3048);
#2675=PLANE('',#3049);
#2676=PLANE('',#3050);
#2677=PLANE('',#3051);
#2678=PLANE('',#3052);
#2679=PLANE('',#3053);
#2680=PLANE('',#3054);
#2681=ADVANCED_FACE('',(#131),#2559,.T.);
#2682=ADVANCED_FACE('',(#132),#2560,.T.);
#2683=ADVANCED_FACE('',(#133),#2561,.T.);
#2684=ADVANCED_FACE('',(#134),#2562,.T.);
#2685=ADVANCED_FACE('',(#135),#2563,.T.);
#2686=ADVANCED_FACE('',(#136),#2564,.T.);
#2687=ADVANCED_FACE('',(#137),#2565,.T.);
#2688=ADVANCED_FACE('',(#138),#2566,.T.);
#2689=ADVANCED_FACE('',(#139,#45,#46),#2567,.T.);
#2690=ADVANCED_FACE('',(#140),#2568,.T.);
#2691=ADVANCED_FACE('',(#141),#2569,.T.);
#2692=ADVANCED_FACE('',(#142),#2570,.T.);
#2693=ADVANCED_FACE('',(#143),#2571,.T.);
#2694=ADVANCED_FACE('',(#144,#47),#2572,.T.);
#2695=ADVANCED_FACE('',(#145),#2573,.T.);
#2696=ADVANCED_FACE('',(#146,#48),#2574,.T.);
#2697=ADVANCED_FACE('',(#147,#49),#2575,.T.);
#2698=ADVANCED_FACE('',(#148),#2576,.T.);
#2699=ADVANCED_FACE('',(#149),#23,.F.);
#2700=ADVANCED_FACE('',(#150,#50),#2577,.T.);
#2701=ADVANCED_FACE('',(#151),#2578,.T.);
#2702=ADVANCED_FACE('',(#152),#24,.F.);
#2703=ADVANCED_FACE('',(#153),#2579,.T.);
#2704=ADVANCED_FACE('',(#154),#2580,.F.);
#2705=ADVANCED_FACE('',(#155),#2581,.T.);
#2706=ADVANCED_FACE('',(#156),#2582,.T.);
#2707=ADVANCED_FACE('',(#157),#2583,.T.);
#2708=ADVANCED_FACE('',(#158),#15,.T.);
#2709=ADVANCED_FACE('',(#159,#51),#2584,.F.);
#2710=ADVANCED_FACE('',(#160),#2585,.T.);
#2711=ADVANCED_FACE('',(#161),#2586,.T.);
#2712=ADVANCED_FACE('',(#162),#25,.T.);
#2713=ADVANCED_FACE('',(#163),#2587,.T.);
#2714=ADVANCED_FACE('',(#164),#2588,.T.);
#2715=ADVANCED_FACE('',(#165),#2589,.F.);
#2716=ADVANCED_FACE('',(#166,#52),#2590,.F.);
#2717=ADVANCED_FACE('',(#167),#2591,.T.);
#2718=ADVANCED_FACE('',(#168),#2592,.T.);
#2719=ADVANCED_FACE('',(#169),#2593,.T.);
#2720=ADVANCED_FACE('',(#170),#2594,.T.);
#2721=ADVANCED_FACE('',(#171),#2595,.F.);
#2722=ADVANCED_FACE('',(#172),#2596,.F.);
#2723=ADVANCED_FACE('',(#173,#53,#54,#55,#56,#57,#58,#59),#2597,.T.);
#2724=ADVANCED_FACE('',(#174),#2598,.T.);
#2725=ADVANCED_FACE('',(#175),#2599,.T.);
#2726=ADVANCED_FACE('',(#176),#2600,.T.);
#2727=ADVANCED_FACE('',(#177),#2601,.T.);
#2728=ADVANCED_FACE('',(#178),#2602,.T.);
#2729=ADVANCED_FACE('',(#179),#2603,.T.);
#2730=ADVANCED_FACE('',(#180),#16,.T.);
#2731=ADVANCED_FACE('',(#181),#2604,.T.);
#2732=ADVANCED_FACE('',(#182),#2605,.T.);
#2733=ADVANCED_FACE('',(#183),#2606,.F.);
#2734=ADVANCED_FACE('',(#184),#2607,.F.);
#2735=ADVANCED_FACE('',(#185),#2608,.T.);
#2736=ADVANCED_FACE('',(#186),#26,.F.);
#2737=ADVANCED_FACE('',(#187),#2609,.T.);
#2738=ADVANCED_FACE('',(#188),#27,.F.);
#2739=ADVANCED_FACE('',(#189),#2610,.T.);
#2740=ADVANCED_FACE('',(#190),#28,.F.);
#2741=ADVANCED_FACE('',(#191),#2611,.T.);
#2742=ADVANCED_FACE('',(#192),#29,.F.);
#2743=ADVANCED_FACE('',(#193,#60,#61,#62),#2612,.F.);
#2744=ADVANCED_FACE('',(#194),#2613,.T.);
#2745=ADVANCED_FACE('',(#195),#2614,.T.);
#2746=ADVANCED_FACE('',(#196),#2615,.T.);
#2747=ADVANCED_FACE('',(#197),#2616,.T.);
#2748=ADVANCED_FACE('',(#198),#2617,.T.);
#2749=ADVANCED_FACE('',(#199),#2618,.T.);
#2750=ADVANCED_FACE('',(#200),#2619,.T.);
#2751=ADVANCED_FACE('',(#201),#17,.T.);
#2752=ADVANCED_FACE('',(#202),#2620,.T.);
#2753=ADVANCED_FACE('',(#203),#18,.T.);
#2754=ADVANCED_FACE('',(#204),#2621,.T.);
#2755=ADVANCED_FACE('',(#205),#30,.T.);
#2756=ADVANCED_FACE('',(#206),#2622,.T.);
#2757=ADVANCED_FACE('',(#207),#31,.T.);
#2758=ADVANCED_FACE('',(#208),#2623,.T.);
#2759=ADVANCED_FACE('',(#209),#2624,.T.);
#2760=ADVANCED_FACE('',(#210),#2625,.F.);
#2761=ADVANCED_FACE('',(#211),#2626,.F.);
#2762=ADVANCED_FACE('',(#212),#2627,.F.);
#2763=ADVANCED_FACE('',(#213),#2628,.F.);
#2764=ADVANCED_FACE('',(#214,#63,#64,#65,#66,#67,#68,#69),#2629,.F.);
#2765=ADVANCED_FACE('',(#215),#2630,.F.);
#2766=ADVANCED_FACE('',(#216),#2631,.F.);
#2767=ADVANCED_FACE('',(#217),#2632,.F.);
#2768=ADVANCED_FACE('',(#218),#2633,.F.);
#2769=ADVANCED_FACE('',(#219),#2634,.F.);
#2770=ADVANCED_FACE('',(#220),#32,.F.);
#2771=ADVANCED_FACE('',(#221),#2635,.F.);
#2772=ADVANCED_FACE('',(#222),#33,.F.);
#2773=ADVANCED_FACE('',(#223),#2636,.F.);
#2774=ADVANCED_FACE('',(#224),#34,.F.);
#2775=ADVANCED_FACE('',(#225),#2637,.F.);
#2776=ADVANCED_FACE('',(#226),#35,.F.);
#2777=ADVANCED_FACE('',(#227),#2638,.F.);
#2778=ADVANCED_FACE('',(#228),#36,.F.);
#2779=ADVANCED_FACE('',(#229),#37,.F.);
#2780=ADVANCED_FACE('',(#230),#38,.F.);
#2781=ADVANCED_FACE('',(#231),#39,.F.);
#2782=ADVANCED_FACE('',(#232),#40,.F.);
#2783=ADVANCED_FACE('',(#233),#41,.F.);
#2784=ADVANCED_FACE('',(#234),#2639,.F.);
#2785=ADVANCED_FACE('',(#235),#2640,.T.);
#2786=ADVANCED_FACE('',(#236),#2641,.T.);
#2787=ADVANCED_FACE('',(#237),#2642,.T.);
#2788=ADVANCED_FACE('',(#238),#19,.F.);
#2789=ADVANCED_FACE('',(#239),#2643,.T.);
#2790=ADVANCED_FACE('',(#240),#20,.F.);
#2791=ADVANCED_FACE('',(#241),#2644,.T.);
#2792=ADVANCED_FACE('',(#242),#21,.F.);
#2793=ADVANCED_FACE('',(#243),#2645,.T.);
#2794=ADVANCED_FACE('',(#244),#22,.F.);
#2795=ADVANCED_FACE('',(#245),#2646,.T.);
#2796=ADVANCED_FACE('',(#246),#2647,.F.);
#2797=ADVANCED_FACE('',(#247),#2648,.T.);
#2798=ADVANCED_FACE('',(#248),#2649,.T.);
#2799=ADVANCED_FACE('',(#249),#2650,.F.);
#2800=ADVANCED_FACE('',(#250),#2651,.T.);
#2801=ADVANCED_FACE('',(#251),#2652,.F.);
#2802=ADVANCED_FACE('',(#252),#2653,.T.);
#2803=ADVANCED_FACE('',(#253),#2654,.F.);
#2804=ADVANCED_FACE('',(#254),#2655,.T.);
#2805=ADVANCED_FACE('',(#255),#2656,.T.);
#2806=ADVANCED_FACE('',(#256),#2657,.F.);
#2807=ADVANCED_FACE('',(#257),#2658,.T.);
#2808=ADVANCED_FACE('',(#258),#2659,.T.);
#2809=ADVANCED_FACE('',(#259,#70),#2660,.F.);
#2810=ADVANCED_FACE('',(#260),#42,.F.);
#2811=ADVANCED_FACE('',(#261),#43,.T.);
#2812=ADVANCED_FACE('',(#262),#2661,.F.);
#2813=ADVANCED_FACE('',(#263),#2662,.T.);
#2814=ADVANCED_FACE('',(#264),#2663,.F.);
#2815=ADVANCED_FACE('',(#265),#2664,.T.);
#2816=ADVANCED_FACE('',(#266),#2665,.T.);
#2817=ADVANCED_FACE('',(#267),#2666,.T.);
#2818=ADVANCED_FACE('',(#268),#2667,.F.);
#2819=ADVANCED_FACE('',(#269),#44,.T.);
#2820=ADVANCED_FACE('',(#270),#2668,.F.);
#2821=ADVANCED_FACE('',(#271),#2669,.T.);
#2822=ADVANCED_FACE('',(#272),#2670,.T.);
#2823=ADVANCED_FACE('',(#273),#2671,.T.);
#2824=ADVANCED_FACE('',(#274),#2672,.T.);
#2825=ADVANCED_FACE('',(#275),#2673,.T.);
#2826=ADVANCED_FACE('',(#276),#2674,.T.);
#2827=ADVANCED_FACE('',(#277),#2675,.T.);
#2828=ADVANCED_FACE('',(#278),#2676,.F.);
#2829=ADVANCED_FACE('',(#279),#2677,.F.);
#2830=ADVANCED_FACE('',(#280),#2678,.F.);
#2831=ADVANCED_FACE('',(#281),#2679,.F.);
#2832=ADVANCED_FACE('',(#282),#2680,.T.);
#2833=CLOSED_SHELL('',(#2681,#2682,#2683,#2684,#2685,#2686,#2687,#2688,
#2689,#2690,#2691,#2692,#2693,#2694,#2695,#2696,#2697,#2698,#2699,#2700,
#2701,#2702,#2703,#2704,#2705,#2706,#2707,#2708,#2709,#2710,#2711,#2712,
#2713,#2714,#2715,#2716,#2717,#2718,#2719,#2720,#2721,#2722,#2723,#2724,
#2725,#2726,#2727,#2728,#2729,#2730,#2731,#2732,#2733,#2734,#2735,#2736,
#2737,#2738,#2739,#2740,#2741,#2742,#2743,#2744,#2745,#2746,#2747,#2748,
#2749,#2750,#2751,#2752,#2753,#2754,#2755,#2756,#2757,#2758,#2759,#2760,
#2761,#2762,#2763,#2764,#2765,#2766,#2767,#2768,#2769,#2770,#2771,#2772,
#2773,#2774,#2775,#2776,#2777,#2778,#2779,#2780,#2781,#2782,#2783,#2784,
#2785,#2786,#2787,#2788,#2789,#2790,#2791,#2792,#2793,#2794,#2795,#2796,
#2797,#2798,#2799,#2800,#2801,#2802,#2803,#2804,#2805,#2806,#2807,#2808,
#2809,#2810,#2811,#2812,#2813,#2814,#2815,#2816,#2817,#2818,#2819,#2820,
#2821,#2822,#2823,#2824,#2825,#2826,#2827,#2828,#2829,#2830,#2831,#2832));
#2834=DERIVED_UNIT_ELEMENT(#2836,1.);
#2835=DERIVED_UNIT_ELEMENT(#4619,-3.);
#2836=(
MASS_UNIT()
NAMED_UNIT(*)
SI_UNIT(.KILO.,.GRAM.)
);
#2837=DERIVED_UNIT((#2834,#2835));
#2838=MEASURE_REPRESENTATION_ITEM('density measure',
POSITIVE_RATIO_MEASURE(1060.),#2837);
#2839=PROPERTY_DEFINITION_REPRESENTATION(#2844,#2841);
#2840=PROPERTY_DEFINITION_REPRESENTATION(#2845,#2842);
#2841=REPRESENTATION('material name',(#2843),#4616);
#2842=REPRESENTATION('density',(#2838),#4616);
#2843=DESCRIPTIVE_REPRESENTATION_ITEM('ABS Plastic','ABS Plastic');
#2844=PROPERTY_DEFINITION('material property','material name',#4626);
#2845=PROPERTY_DEFINITION('material property','density of part',#4626);
#2846=AXIS2_PLACEMENT_3D('',#3807,#3055,#3056);
#2847=AXIS2_PLACEMENT_3D('',#3808,#3057,#3058);
#2848=AXIS2_PLACEMENT_3D('',#3819,#3064,#3065);
#2849=AXIS2_PLACEMENT_3D('',#3825,#3069,#3070);
#2850=AXIS2_PLACEMENT_3D('',#3836,#3076,#3077);
#2851=AXIS2_PLACEMENT_3D('',#3854,#3087,#3088);
#2852=AXIS2_PLACEMENT_3D('',#3900,#3113,#3114);
#2853=AXIS2_PLACEMENT_3D('',#3909,#3119,#3120);
#2854=AXIS2_PLACEMENT_3D('',#3915,#3124,#3125);
#2855=AXIS2_PLACEMENT_3D('',#3924,#3128,#3129);
#2856=AXIS2_PLACEMENT_3D('',#3934,#3134,#3135);
#2857=AXIS2_PLACEMENT_3D('',#3949,#3143,#3144);
#2858=AXIS2_PLACEMENT_3D('',#3951,#3145,#3146);
#2859=AXIS2_PLACEMENT_3D('',#3953,#3147,#3148);
#2860=AXIS2_PLACEMENT_3D('',#3954,#3149,#3150);
#2861=AXIS2_PLACEMENT_3D('',#3960,#3154,#3155);
#2862=AXIS2_PLACEMENT_3D('',#3964,#3158,#3159);
#2863=AXIS2_PLACEMENT_3D('',#3968,#3162,#3163);
#2864=AXIS2_PLACEMENT_3D('',#3973,#3167,#3168);
#2865=AXIS2_PLACEMENT_3D('',#3980,#3172,#3173);
#2866=AXIS2_PLACEMENT_3D('',#3981,#3174,#3175);
#2867=AXIS2_PLACEMENT_3D('',#3985,#3178,#3179);
#2868=AXIS2_PLACEMENT_3D('',#3990,#3182,#3183);
#2869=AXIS2_PLACEMENT_3D('',#3991,#3184,#3185);
#2870=AXIS2_PLACEMENT_3D('',#3996,#3187,#3188);
#2871=AXIS2_PLACEMENT_3D('',#4003,#3192,#3193);
#2872=AXIS2_PLACEMENT_3D('',#4004,#3194,#3195);
#2873=AXIS2_PLACEMENT_3D('',#4022,#3206,#3207);
#2874=AXIS2_PLACEMENT_3D('',#4025,#3209,#3210);
#2875=AXIS2_PLACEMENT_3D('',#4026,#3211,#3212);
#2876=AXIS2_PLACEMENT_3D('',#4030,#3214,#3215);
#2877=AXIS2_PLACEMENT_3D('',#4035,#3218,#3219);
#2878=AXIS2_PLACEMENT_3D('',#4036,#3220,#3221);
#2879=AXIS2_PLACEMENT_3D('',#4046,#3228,#3229);
#2880=AXIS2_PLACEMENT_3D('',#4047,#3230,#3231);
#2881=AXIS2_PLACEMENT_3D('',#4048,#3232,#3233);
#2882=AXIS2_PLACEMENT_3D('',#4054,#3237,#3238);
#2883=AXIS2_PLACEMENT_3D('',#4060,#3242,#3243);
#2884=AXIS2_PLACEMENT_3D('',#4066,#3247,#3248);
#2885=AXIS2_PLACEMENT_3D('',#4069,#3251,#3252);
#2886=AXIS2_PLACEMENT_3D('',#4074,#3253,#3254);
#2887=AXIS2_PLACEMENT_3D('',#4075,#3255,#3256);
#2888=AXIS2_PLACEMENT_3D('',#4076,#3257,#3258);
#2889=AXIS2_PLACEMENT_3D('',#4081,#3261,#3262);
#2890=AXIS2_PLACEMENT_3D('',#4082,#3263,#3264);
#2891=AXIS2_PLACEMENT_3D('',#4084,#3266,#3267);
#2892=AXIS2_PLACEMENT_3D('',#4085,#3268,#3269);
#2893=AXIS2_PLACEMENT_3D('',#4086,#3270,#3271);
#2894=AXIS2_PLACEMENT_3D('',#4087,#3272,#3273);
#2895=AXIS2_PLACEMENT_3D('',#4089,#3275,#3276);
#2896=AXIS2_PLACEMENT_3D('',#4091,#3278,#3279);
#2897=AXIS2_PLACEMENT_3D('',#4098,#3284,#3285);
#2898=AXIS2_PLACEMENT_3D('',#4101,#3287,#3288);
#2899=AXIS2_PLACEMENT_3D('',#4102,#3289,#3290);
#2900=AXIS2_PLACEMENT_3D('',#4111,#3295,#3296);
#2901=AXIS2_PLACEMENT_3D('',#4117,#3300,#3301);
#2902=AXIS2_PLACEMENT_3D('',#4123,#3305,#3306);
#2903=AXIS2_PLACEMENT_3D('',#4126,#3309,#3310);
#2904=AXIS2_PLACEMENT_3D('',#4132,#3314,#3315);
#2905=AXIS2_PLACEMENT_3D('',#4141,#3321,#3322);
#2906=AXIS2_PLACEMENT_3D('',#4146,#3324,#3325);
#2907=AXIS2_PLACEMENT_3D('',#4150,#3327,#3328);
#2908=AXIS2_PLACEMENT_3D('',#4154,#3330,#3331);
#2909=AXIS2_PLACEMENT_3D('',#4157,#3333,#3334);
#2910=AXIS2_PLACEMENT_3D('',#4159,#3335,#3336);
#2911=AXIS2_PLACEMENT_3D('',#4161,#3337,#3338);
#2912=AXIS2_PLACEMENT_3D('',#4163,#3339,#3340);
#2913=AXIS2_PLACEMENT_3D('',#4165,#3341,#3342);
#2914=AXIS2_PLACEMENT_3D('',#4167,#3343,#3344);
#2915=AXIS2_PLACEMENT_3D('',#4169,#3345,#3346);
#2916=AXIS2_PLACEMENT_3D('',#4170,#3347,#3348);
#2917=AXIS2_PLACEMENT_3D('',#4175,#3352,#3353);
#2918=AXIS2_PLACEMENT_3D('',#4177,#3355,#3356);
#2919=AXIS2_PLACEMENT_3D('',#4179,#3358,#3359);
#2920=AXIS2_PLACEMENT_3D('',#4188,#3362,#3363);
#2921=AXIS2_PLACEMENT_3D('',#4190,#3365,#3366);
#2922=AXIS2_PLACEMENT_3D('',#4194,#3369,#3370);
#2923=AXIS2_PLACEMENT_3D('',#4196,#3371,#3372);
#2924=AXIS2_PLACEMENT_3D('',#4201,#3373,#3374);
#2925=AXIS2_PLACEMENT_3D('',#4203,#3376,#3377);
#2926=AXIS2_PLACEMENT_3D('',#4207,#3380,#3381);
#2927=AXIS2_PLACEMENT_3D('',#4208,#3382,#3383);
#2928=AXIS2_PLACEMENT_3D('',#4210,#3385,#3386);
#2929=AXIS2_PLACEMENT_3D('',#4211,#3387,#3388);
#2930=AXIS2_PLACEMENT_3D('',#4213,#3389,#3390);
#2931=AXIS2_PLACEMENT_3D('',#4215,#3392,#3393);
#2932=AXIS2_PLACEMENT_3D('',#4216,#3394,#3395);
#2933=AXIS2_PLACEMENT_3D('',#4218,#3396,#3397);
#2934=AXIS2_PLACEMENT_3D('',#4220,#3399,#3400);
#2935=AXIS2_PLACEMENT_3D('',#4226,#3403,#3404);
#2936=AXIS2_PLACEMENT_3D('',#4230,#3406,#3407);
#2937=AXIS2_PLACEMENT_3D('',#4234,#3410,#3411);
#2938=AXIS2_PLACEMENT_3D('',#4236,#3413,#3414);
#2939=AXIS2_PLACEMENT_3D('',#4237,#3415,#3416);
#2940=AXIS2_PLACEMENT_3D('',#4239,#3418,#3419);
#2941=AXIS2_PLACEMENT_3D('',#4248,#3423,#3424);
#2942=AXIS2_PLACEMENT_3D('',#4251,#3426,#3427);
#2943=AXIS2_PLACEMENT_3D('',#4253,#3428,#3429);
#2944=AXIS2_PLACEMENT_3D('',#4266,#3435,#3436);
#2945=AXIS2_PLACEMENT_3D('',#4270,#3438,#3439);
#2946=AXIS2_PLACEMENT_3D('',#4274,#3441,#3442);
#2947=AXIS2_PLACEMENT_3D('',#4277,#3444,#3445);
#2948=AXIS2_PLACEMENT_3D('',#4278,#3446,#3447);
#2949=AXIS2_PLACEMENT_3D('',#4284,#3451,#3452);
#2950=AXIS2_PLACEMENT_3D('',#4288,#3455,#3456);
#2951=AXIS2_PLACEMENT_3D('',#4292,#3459,#3460);
#2952=AXIS2_PLACEMENT_3D('',#4294,#3462,#3463);
#2953=AXIS2_PLACEMENT_3D('',#4300,#3467,#3468);
#2954=AXIS2_PLACEMENT_3D('',#4304,#3471,#3472);
#2955=AXIS2_PLACEMENT_3D('',#4310,#3476,#3477);
#2956=AXIS2_PLACEMENT_3D('',#4312,#3478,#3479);
#2957=AXIS2_PLACEMENT_3D('',#4314,#3481,#3482);
#2958=AXIS2_PLACEMENT_3D('',#4318,#3485,#3486);
#2959=AXIS2_PLACEMENT_3D('',#4320,#3487,#3488);
#2960=AXIS2_PLACEMENT_3D('',#4322,#3490,#3491);
#2961=AXIS2_PLACEMENT_3D('',#4326,#3494,#3495);
#2962=AXIS2_PLACEMENT_3D('',#4329,#3498,#3499);
#2963=AXIS2_PLACEMENT_3D('',#4331,#3501,#3502);
#2964=AXIS2_PLACEMENT_3D('',#4333,#3504,#3505);
#2965=AXIS2_PLACEMENT_3D('',#4335,#3507,#3508);
#2966=AXIS2_PLACEMENT_3D('',#4337,#3510,#3511);
#2967=AXIS2_PLACEMENT_3D('',#4346,#3516,#3517);
#2968=AXIS2_PLACEMENT_3D('',#4352,#3521,#3522);
#2969=AXIS2_PLACEMENT_3D('',#4358,#3526,#3527);
#2970=AXIS2_PLACEMENT_3D('',#4361,#3530,#3531);
#2971=AXIS2_PLACEMENT_3D('',#4366,#3533,#3534);
#2972=AXIS2_PLACEMENT_3D('',#4370,#3536,#3537);
#2973=AXIS2_PLACEMENT_3D('',#4374,#3539,#3540);
#2974=AXIS2_PLACEMENT_3D('',#4377,#3542,#3543);
#2975=AXIS2_PLACEMENT_3D('',#4379,#3544,#3545);
#2976=AXIS2_PLACEMENT_3D('',#4381,#3546,#3547);
#2977=AXIS2_PLACEMENT_3D('',#4383,#3548,#3549);
#2978=AXIS2_PLACEMENT_3D('',#4385,#3550,#3551);
#2979=AXIS2_PLACEMENT_3D('',#4387,#3552,#3553);
#2980=AXIS2_PLACEMENT_3D('',#4389,#3554,#3555);
#2981=AXIS2_PLACEMENT_3D('',#4390,#3556,#3557);
#2982=AXIS2_PLACEMENT_3D('',#4393,#3560,#3561);
#2983=AXIS2_PLACEMENT_3D('',#4397,#3564,#3565);
#2984=AXIS2_PLACEMENT_3D('',#4400,#3568,#3569);
#2985=AXIS2_PLACEMENT_3D('',#4401,#3570,#3571);
#2986=AXIS2_PLACEMENT_3D('',#4412,#3577,#3578);
#2987=AXIS2_PLACEMENT_3D('',#4415,#3581,#3582);
#2988=AXIS2_PLACEMENT_3D('',#4417,#3584,#3585);
#2989=AXIS2_PLACEMENT_3D('',#4419,#3587,#3588);
#2990=AXIS2_PLACEMENT_3D('',#4421,#3590,#3591);
#2991=AXIS2_PLACEMENT_3D('',#4423,#3593,#3594);
#2992=AXIS2_PLACEMENT_3D('',#4425,#3596,#3597);
#2993=AXIS2_PLACEMENT_3D('',#4427,#3599,#3600);
#2994=AXIS2_PLACEMENT_3D('',#4428,#3601,#3602);
#2995=AXIS2_PLACEMENT_3D('',#4430,#3604,#3605);
#2996=AXIS2_PLACEMENT_3D('',#4432,#3607,#3608);
#2997=AXIS2_PLACEMENT_3D('',#4434,#3610,#3611);
#2998=AXIS2_PLACEMENT_3D('',#4436,#3613,#3614);
#2999=AXIS2_PLACEMENT_3D('',#4438,#3616,#3617);
#3000=AXIS2_PLACEMENT_3D('',#4440,#3619,#3620);
#3001=AXIS2_PLACEMENT_3D('',#4449,#3625,#3626);
#3002=AXIS2_PLACEMENT_3D('',#4451,#3628,#3629);
#3003=AXIS2_PLACEMENT_3D('',#4452,#3630,#3631);
#3004=AXIS2_PLACEMENT_3D('',#4458,#3635,#3636);
#3005=AXIS2_PLACEMENT_3D('',#4460,#3637,#3638);
#3006=AXIS2_PLACEMENT_3D('',#4462,#3640,#3641);
#3007=AXIS2_PLACEMENT_3D('',#4466,#3644,#3645);
#3008=AXIS2_PLACEMENT_3D('',#4468,#3646,#3647);
#3009=AXIS2_PLACEMENT_3D('',#4470,#3649,#3650);
#3010=AXIS2_PLACEMENT_3D('',#4474,#3653,#3654);
#3011=AXIS2_PLACEMENT_3D('',#4476,#3655,#3656);
#3012=AXIS2_PLACEMENT_3D('',#4478,#3658,#3659);
#3013=AXIS2_PLACEMENT_3D('',#4482,#3662,#3663);
#3014=AXIS2_PLACEMENT_3D('',#4483,#3664,#3665);
#3015=AXIS2_PLACEMENT_3D('',#4484,#3666,#3667);
#3016=AXIS2_PLACEMENT_3D('',#4486,#3668,#3669);
#3017=AXIS2_PLACEMENT_3D('',#4487,#3670,#3671);
#3018=AXIS2_PLACEMENT_3D('',#4495,#3676,#3677);
#3019=AXIS2_PLACEMENT_3D('',#4501,#3681,#3682);
#3020=AXIS2_PLACEMENT_3D('',#4509,#3687,#3688);
#3021=AXIS2_PLACEMENT_3D('',#4515,#3692,#3693);
#3022=AXIS2_PLACEMENT_3D('',#4519,#3696,#3697);
#3023=AXIS2_PLACEMENT_3D('',#4524,#3701,#3702);
#3024=AXIS2_PLACEMENT_3D('',#4528,#3704,#3705);
#3025=AXIS2_PLACEMENT_3D('',#4529,#3706,#3707);
#3026=AXIS2_PLACEMENT_3D('',#4535,#3711,#3712);
#3027=AXIS2_PLACEMENT_3D('',#4541,#3716,#3717);
#3028=AXIS2_PLACEMENT_3D('',#4545,#3720,#3721);
#3029=AXIS2_PLACEMENT_3D('',#4551,#3725,#3726);
#3030=AXIS2_PLACEMENT_3D('',#4555,#3729,#3730);
#3031=AXIS2_PLACEMENT_3D('',#4562,#3735,#3736);
#3032=AXIS2_PLACEMENT_3D('',#4571,#3741,#3742);
#3033=AXIS2_PLACEMENT_3D('',#4573,#3744,#3745);
#3034=AXIS2_PLACEMENT_3D('',#4575,#3747,#3748);
#3035=AXIS2_PLACEMENT_3D('',#4577,#3750,#3751);
#3036=AXIS2_PLACEMENT_3D('',#4579,#3753,#3754);
#3037=AXIS2_PLACEMENT_3D('',#4581,#3756,#3757);
#3038=AXIS2_PLACEMENT_3D('',#4583,#3759,#3760);
#3039=AXIS2_PLACEMENT_3D('',#4585,#3762,#3763);
#3040=AXIS2_PLACEMENT_3D('',#4587,#3765,#3766);
#3041=AXIS2_PLACEMENT_3D('',#4588,#3767,#3768);
#3042=AXIS2_PLACEMENT_3D('',#4591,#3771,#3772);
#3043=AXIS2_PLACEMENT_3D('',#4592,#3773,#3774);
#3044=AXIS2_PLACEMENT_3D('',#4594,#3776,#3777);
#3045=AXIS2_PLACEMENT_3D('',#4596,#3779,#3780);
#3046=AXIS2_PLACEMENT_3D('',#4598,#3782,#3783);
#3047=AXIS2_PLACEMENT_3D('',#4600,#3785,#3786);
#3048=AXIS2_PLACEMENT_3D('',#4602,#3788,#3789);
#3049=AXIS2_PLACEMENT_3D('',#4604,#3791,#3792);
#3050=AXIS2_PLACEMENT_3D('',#4605,#3793,#3794);
#3051=AXIS2_PLACEMENT_3D('',#4608,#3797,#3798);
#3052=AXIS2_PLACEMENT_3D('',#4610,#3800,#3801);
#3053=AXIS2_PLACEMENT_3D('',#4612,#3803,#3804);
#3054=AXIS2_PLACEMENT_3D('',#4613,#3805,#3806);
#3055=DIRECTION('axis',(0.,0.,1.));
#3056=DIRECTION('refdir',(1.,0.,0.));
#3057=DIRECTION('center_axis',(-0.707106781186548,0.,0.707106781186547));
#3058=DIRECTION('ref_axis',(0.707106781186547,0.,0.707106781186548));
#3059=DIRECTION('',(0.577350269189625,0.577350269189627,0.577350269189626));
#3060=DIRECTION('',(0.,-1.,0.));
#3061=DIRECTION('',(0.707106781186547,0.,0.707106781186548));
#3062=DIRECTION('',(0.,1.,0.));
#3063=DIRECTION('',(-0.577350269189626,0.577350269189625,-0.577350269189627));
#3064=DIRECTION('center_axis',(-1.,0.,0.));
#3065=DIRECTION('ref_axis',(0.,1.,0.));
#3066=DIRECTION('',(0.,0.,1.));
#3067=DIRECTION('',(0.,1.,0.));
#3068=DIRECTION('',(0.,0.,1.));
#3069=DIRECTION('center_axis',(0.707106781186551,0.,0.707106781186544));
#3070=DIRECTION('ref_axis',(0.707106781186544,0.,-0.707106781186551));
#3071=DIRECTION('',(0.577350269189622,-0.577350269189628,-0.577350269189627));
#3072=DIRECTION('',(-0.577350269189623,-0.577350269189626,0.577350269189628));
#3073=DIRECTION('',(0.,-1.,0.));
#3074=DIRECTION('',(0.707106781186544,0.,-0.707106781186551));
#3075=DIRECTION('',(0.,1.,0.));
#3076=DIRECTION('center_axis',(-3.78677408118821E-17,-0.707106781186547,
0.707106781186548));
#3077=DIRECTION('ref_axis',(1.,0.,5.35530726325928E-17));
#3078=DIRECTION('',(1.,-2.67765363162963E-17,2.67765363162964E-17));
#3079=DIRECTION('',(1.,-5.35530726325928E-17,0.));
#3080=DIRECTION('',(0.577350269189629,0.577350269189624,0.577350269189624));
#3081=DIRECTION('',(1.,-2.09023736830398E-13,-2.08970183757766E-13));
#3082=DIRECTION('',(0.577350269189624,-0.577350269189627,-0.577350269189626));
#3083=DIRECTION('',(1.,-5.35530726325928E-17,0.));
#3084=DIRECTION('',(0.577350269189626,0.577350269189626,0.577350269189625));
#3085=DIRECTION('',(-1.,5.35530726325928E-17,0.));
#3086=DIRECTION('',(0.577350269189626,0.577350269189626,0.577350269189625));
#3087=DIRECTION('center_axis',(0.,0.,1.));
#3088=DIRECTION('ref_axis',(-1.,-1.22464679914735E-16,0.));
#3089=DIRECTION('',(1.,-5.35530726325928E-17,0.));
#3090=DIRECTION('',(-1.22464679914735E-16,1.,0.));
#3091=DIRECTION('',(1.,0.,0.));
#3092=DIRECTION('',(-1.22464679914735E-16,1.,0.));
#3093=DIRECTION('',(-1.,-1.22464679914735E-16,0.));
#3094=DIRECTION('',(1.22464679914735E-16,-1.,0.));
#3095=DIRECTION('',(1.,0.,0.));
#3096=DIRECTION('',(1.22464679914735E-16,-1.,0.));
#3097=DIRECTION('',(-1.22464679914735E-16,1.,0.));
#3098=DIRECTION('',(1.,0.,0.));
#3099=DIRECTION('',(-1.22464679914735E-16,1.,0.));
#3100=DIRECTION('',(-1.,-1.22464679914735E-16,0.));
#3101=DIRECTION('',(1.22464679914735E-16,-1.,0.));
#3102=DIRECTION('',(1.,0.,0.));
#3103=DIRECTION('',(1.22464679914735E-16,-1.,0.));
#3104=DIRECTION('',(-1.,0.,0.));
#3105=DIRECTION('',(0.,1.,0.));
#3106=DIRECTION('',(1.,0.,0.));
#3107=DIRECTION('',(-1.22464679914735E-16,1.,0.));
#3108=DIRECTION('',(1.,0.,0.));
#3109=DIRECTION('',(0.,-1.,0.));
#3110=DIRECTION('',(1.,0.,0.));
#3111=DIRECTION('',(0.,1.,0.));
#3112=DIRECTION('',(-1.,0.,0.));
#3113=DIRECTION('center_axis',(0.,-0.707106781186542,0.707106781186553));
#3114=DIRECTION('ref_axis',(1.,0.,0.));
#3115=DIRECTION('',(-1.,0.,0.));
#3116=DIRECTION('',(-0.577350269189623,0.577350269189631,0.577350269189623));
#3117=DIRECTION('',(1.,0.,0.));
#3118=DIRECTION('',(-0.577350269189622,0.577350269189632,0.577350269189623));
#3119=DIRECTION('center_axis',(0.707106781186551,0.,0.707106781186544));
#3120=DIRECTION('ref_axis',(0.707106781186544,0.,-0.707106781186551));
#3121=DIRECTION('',(0.,1.,0.));
#3122=DIRECTION('',(0.577350269189623,-0.577350269189626,-0.577350269189628));
#3123=DIRECTION('',(0.,-1.,0.));
#3124=DIRECTION('center_axis',(0.,-0.707106781186549,0.707106781186546));
#3125=DIRECTION('ref_axis',(1.,0.,0.));
#3126=DIRECTION('',(-1.,0.,0.));
#3127=DIRECTION('',(-1.,0.,0.));
#3128=DIRECTION('center_axis',(0.,0.,1.));
#3129=DIRECTION('ref_axis',(-1.,-1.22464679914735E-16,0.));
#3130=DIRECTION('',(0.,1.,0.));
#3131=DIRECTION('',(-1.,0.,0.));
#3132=DIRECTION('',(2.13379753844275E-16,-1.,0.));
#3133=DIRECTION('',(-1.,1.07106145265186E-16,0.));
#3134=DIRECTION('center_axis',(0.,0.,1.));
#3135=DIRECTION('ref_axis',(-1.,0.,0.));
#3136=DIRECTION('',(-1.,1.07106145265186E-16,0.));
#3137=DIRECTION('',(4.13827401394959E-16,1.,0.));
#3138=DIRECTION('',(-1.,0.,0.));
#3139=DIRECTION('',(0.,-1.,0.));
#3140=DIRECTION('',(1.,0.,0.));
#3141=DIRECTION('',(0.,-1.,0.));
#3142=DIRECTION('',(1.,0.,0.));
#3143=DIRECTION('center_axis',(0.,0.,1.));
#3144=DIRECTION('ref_axis',(-1.,0.,0.));
#3145=DIRECTION('center_axis',(0.,0.,-1.));
#3146=DIRECTION('ref_axis',(-1.,0.,0.));
#3147=DIRECTION('center_axis',(0.,0.,-1.));
#3148=DIRECTION('ref_axis',(-1.,0.,0.));
#3149=DIRECTION('center_axis',(-0.707106781186548,0.,0.707106781186547));
#3150=DIRECTION('ref_axis',(0.707106781186547,0.,0.707106781186548));
#3151=DIRECTION('',(0.,1.,0.));
#3152=DIRECTION('',(0.577350269189626,0.577350269189625,0.577350269189627));
#3153=DIRECTION('',(0.577350269189629,0.577350269189629,0.57735026918962));
#3154=DIRECTION('center_axis',(0.,-0.707106781186542,0.707106781186553));
#3155=DIRECTION('ref_axis',(1.,0.,0.));
#3156=DIRECTION('',(-0.577350269189615,-0.577350269189635,-0.577350269189627));
#3157=DIRECTION('',(-1.,0.,0.));
#3158=DIRECTION('center_axis',(-0.707106781186555,0.,0.70710678118654));
#3159=DIRECTION('ref_axis',(0.70710678118654,0.,0.707106781186555));
#3160=DIRECTION('',(0.577350269189618,-0.577350269189629,0.57735026918963));
#3161=DIRECTION('',(0.,1.,0.));
#3162=DIRECTION('center_axis',(0.,0.707106781186549,0.707106781186546));
#3163=DIRECTION('ref_axis',(1.,0.,0.));
#3164=DIRECTION('',(0.577350269189632,0.577350269189622,-0.577350269189624));
#3165=DIRECTION('',(1.,-2.67765363162961E-17,2.67765363162962E-17));
#3166=DIRECTION('',(1.,0.,0.));
#3167=DIRECTION('center_axis',(0.,-1.,0.));
#3168=DIRECTION('ref_axis',(1.,0.,0.));
#3169=DIRECTION('',(0.,0.,-1.));
#3170=DIRECTION('',(-1.,0.,0.));
#3171=DIRECTION('',(0.,0.,1.));
#3172=DIRECTION('center_axis',(0.,-1.,0.));
#3173=DIRECTION('ref_axis',(1.,0.,0.));
#3174=DIRECTION('center_axis',(0.707106781186548,0.,0.707106781186548));
#3175=DIRECTION('ref_axis',(0.707106781186548,0.,-0.707106781186548));
#3176=DIRECTION('',(0.,-1.,0.));
#3177=DIRECTION('',(-0.577350269189626,-0.577350269189624,0.577350269189626));
#3178=DIRECTION('center_axis',(0.,-1.,0.));
#3179=DIRECTION('ref_axis',(1.,0.,0.));
#3180=DIRECTION('',(0.,0.,-1.));
#3181=DIRECTION('',(-1.,0.,0.));
#3182=DIRECTION('center_axis',(0.,-1.,0.));
#3183=DIRECTION('ref_axis',(1.,0.,0.));
#3184=DIRECTION('center_axis',(0.,0.,1.));
#3185=DIRECTION('ref_axis',(-1.,0.,0.));
#3186=DIRECTION('',(0.,1.,0.));
#3187=DIRECTION('center_axis',(0.,0.,-1.));
#3188=DIRECTION('ref_axis',(0.70710678118655,0.707106781186545,0.));
#3189=DIRECTION('',(1.,0.,0.));
#3190=DIRECTION('',(0.,1.,0.));
#3191=DIRECTION('',(-1.,0.,0.));
#3192=DIRECTION('center_axis',(0.,0.,-1.));
#3193=DIRECTION('ref_axis',(-1.,0.,0.));
#3194=DIRECTION('center_axis',(0.,-1.,0.));
#3195=DIRECTION('ref_axis',(1.,0.,0.));
#3196=DIRECTION('',(0.,0.,1.));
#3197=DIRECTION('',(0.,0.,-1.));
#3198=DIRECTION('',(1.,0.,0.));
#3199=DIRECTION('',(0.,0.,1.));
#3200=DIRECTION('',(1.,0.,0.));
#3201=DIRECTION('',(0.,0.,-1.));
#3202=DIRECTION('',(0.,0.,-1.));
#3203=DIRECTION('',(-1.,0.,0.));
#3204=DIRECTION('',(0.,0.,1.));
#3205=DIRECTION('',(-1.,0.,0.));
#3206=DIRECTION('center_axis',(0.,0.,1.));
#3207=DIRECTION('ref_axis',(0.70710678118655,0.707106781186545,0.));
#3208=DIRECTION('',(0.,0.,1.));
#3209=DIRECTION('center_axis',(0.,0.,-1.));
#3210=DIRECTION('ref_axis',(0.70710678118655,0.707106781186545,0.));
#3211=DIRECTION('center_axis',(0.,0.,1.));
#3212=DIRECTION('ref_axis',(-1.,0.,0.));
#3213=DIRECTION('',(0.,-1.,0.));
#3214=DIRECTION('center_axis',(0.,0.,-1.));
#3215=DIRECTION('ref_axis',(-0.707106781186549,0.707106781186546,0.));
#3216=DIRECTION('',(0.,1.,0.));
#3217=DIRECTION('',(-1.,0.,0.));
#3218=DIRECTION('center_axis',(0.,0.,-1.));
#3219=DIRECTION('ref_axis',(-1.,0.,0.));
#3220=DIRECTION('center_axis',(1.,0.,0.));
#3221=DIRECTION('ref_axis',(0.,1.,0.));
#3222=DIRECTION('',(0.,0.,1.));
#3223=DIRECTION('',(0.,0.,-1.));
#3224=DIRECTION('',(0.,1.,0.));
#3225=DIRECTION('',(0.,0.,1.));
#3226=DIRECTION('',(0.,-1.,0.));
#3227=DIRECTION('',(0.,0.,-1.));
#3228=DIRECTION('center_axis',(0.,0.,1.));
#3229=DIRECTION('ref_axis',(-0.707106781186549,0.707106781186546,0.));
#3230=DIRECTION('center_axis',(0.,0.,-1.));
#3231=DIRECTION('ref_axis',(-0.707106781186549,0.707106781186546,0.));
#3232=DIRECTION('center_axis',(-0.707106781186544,-8.65956056235489E-17,
0.707106781186551));
#3233=DIRECTION('ref_axis',(0.707106781186551,0.,0.707106781186544));
#3234=DIRECTION('',(0.707106781186551,8.65956056235497E-17,0.707106781186544));
#3235=DIRECTION('',(-1.22464679914735E-16,1.,0.));
#3236=DIRECTION('',(-0.707106781186551,1.47802101741728E-13,-0.707106781186544));
#3237=DIRECTION('center_axis',(1.,1.22464679914735E-16,2.01858731750028E-16));
#3238=DIRECTION('ref_axis',(-2.01858731750028E-16,-2.47205649717617E-32,
1.));
#3239=DIRECTION('',(2.01858731750028E-16,2.47205649717617E-32,-1.));
#3240=DIRECTION('',(1.1892321541805E-29,-1.,0.));
#3241=DIRECTION('',(-4.78677733750613E-32,0.,1.));
#3242=DIRECTION('center_axis',(0.707106781186549,8.65956056235495E-17,0.707106781186546));
#3243=DIRECTION('ref_axis',(0.707106781186546,0.,-0.707106781186549));
#3244=DIRECTION('',(-0.707106781186546,1.47802101741727E-13,0.707106781186549));
#3245=DIRECTION('',(1.22464679914735E-16,-1.,0.));
#3246=DIRECTION('',(0.707106781186546,8.65956056235492E-17,-0.707106781186549));
#3247=DIRECTION('center_axis',(0.,0.707106781186549,0.707106781186546));
#3248=DIRECTION('ref_axis',(1.,0.,0.));
#3249=DIRECTION('',(0.577350269189629,-0.577350269189623,0.577350269189626));
#3250=DIRECTION('',(1.,0.,0.));
#3251=DIRECTION('center_axis',(0.,-0.707106781186549,0.707106781186546));
#3252=DIRECTION('ref_axis',(1.,0.,0.));
#3253=DIRECTION('center_axis',(0.,0.,-1.));
#3254=DIRECTION('ref_axis',(1.07187543957223E-15,-1.,0.));
#3255=DIRECTION('center_axis',(0.,0.,-1.));
#3256=DIRECTION('ref_axis',(-1.,0.,0.));
#3257=DIRECTION('center_axis',(0.,-1.,0.));
#3258=DIRECTION('ref_axis',(1.,0.,0.));
#3259=DIRECTION('',(-1.,0.,0.));
#3260=DIRECTION('',(0.,0.,-1.));
#3261=DIRECTION('center_axis',(0.,-1.,0.));
#3262=DIRECTION('ref_axis',(1.,0.,0.));
#3263=DIRECTION('center_axis',(0.,-1.,0.));
#3264=DIRECTION('ref_axis',(-1.,0.,0.));
#3265=DIRECTION('',(0.,0.,1.));
#3266=DIRECTION('center_axis',(1.,0.,0.));
#3267=DIRECTION('ref_axis',(0.,-1.,0.));
#3268=DIRECTION('center_axis',(0.,0.,1.));
#3269=DIRECTION('ref_axis',(-6.12323399573677E-17,-1.,0.));
#3270=DIRECTION('center_axis',(0.,0.,1.));
#3271=DIRECTION('ref_axis',(-1.,0.,0.));
#3272=DIRECTION('center_axis',(-1.,0.,0.));
#3273=DIRECTION('ref_axis',(0.,1.,0.));
#3274=DIRECTION('',(0.,0.,1.));
#3275=DIRECTION('center_axis',(0.,-1.,0.));
#3276=DIRECTION('ref_axis',(-1.,0.,0.));
#3277=DIRECTION('',(0.,0.,1.));
#3278=DIRECTION('center_axis',(1.,0.,0.));
#3279=DIRECTION('ref_axis',(0.,0.,-1.));
#3280=DIRECTION('',(0.,0.,1.));
#3281=DIRECTION('',(0.,-1.,0.));
#3282=DIRECTION('',(0.,0.,-1.));
#3283=DIRECTION('',(0.,1.,0.));
#3284=DIRECTION('center_axis',(0.,-1.,0.));
#3285=DIRECTION('ref_axis',(1.,0.,0.));
#3286=DIRECTION('',(-1.,0.,0.));
#3287=DIRECTION('center_axis',(0.,-1.,0.));
#3288=DIRECTION('ref_axis',(1.,0.,0.));
#3289=DIRECTION('center_axis',(-3.78677408118824E-17,-0.707106781186552,
0.707106781186543));
#3290=DIRECTION('ref_axis',(1.,0.,5.35530726325935E-17));
#3291=DIRECTION('',(-1.,5.35530726325928E-17,0.));
#3292=DIRECTION('',(-0.577350269189625,-0.577350269189622,-0.57735026918963));
#3293=DIRECTION('',(1.,-5.35530726325928E-17,0.));
#3294=DIRECTION('',(0.57735026918962,-0.577350269189625,-0.577350269189633));
#3295=DIRECTION('center_axis',(-0.707106781186552,-1.50882270911204E-16,
0.707106781186543));
#3296=DIRECTION('ref_axis',(0.707106781186543,0.,0.707106781186552));
#3297=DIRECTION('',(-2.13379753844275E-16,1.,0.));
#3298=DIRECTION('',(-0.577350269189626,0.577350269189619,-0.577350269189632));
#3299=DIRECTION('',(2.13379753844275E-16,-1.,0.));
#3300=DIRECTION('center_axis',(7.5735481623765E-17,0.707106781186555,0.70710678118654));
#3301=DIRECTION('ref_axis',(1.,0.,-1.07106145265188E-16));
#3302=DIRECTION('',(1.,-1.07106145265186E-16,0.));
#3303=DIRECTION('',(0.577350269189625,0.577350269189615,-0.577350269189638));
#3304=DIRECTION('',(-1.,1.07106145265186E-16,0.));
#3305=DIRECTION('center_axis',(0.707106781186555,-2.92620161767186E-16,
0.70710678118654));
#3306=DIRECTION('ref_axis',(0.70710678118654,0.,-0.707106781186555));
#3307=DIRECTION('',(4.13827401394959E-16,1.,0.));
#3308=DIRECTION('',(-4.13827401394959E-16,-1.,0.));
#3309=DIRECTION('center_axis',(-1.,4.13827401394959E-16,0.));
#3310=DIRECTION('ref_axis',(-4.13827401394959E-16,-1.,0.));
#3311=DIRECTION('',(0.,0.,1.));
#3312=DIRECTION('',(-4.13827401394959E-16,-1.,0.));
#3313=DIRECTION('',(0.,0.,1.));
#3314=DIRECTION('center_axis',(5.35530726325928E-17,1.,0.));
#3315=DIRECTION('ref_axis',(-1.,5.35530726325928E-17,0.));
#3316=DIRECTION('',(0.,0.,1.));
#3317=DIRECTION('',(0.,0.,-1.));
#3318=DIRECTION('',(-1.,5.35530726325928E-17,0.));
#3319=DIRECTION('',(-2.01858731750028E-16,1.08101553229323E-32,1.));
#3320=DIRECTION('',(-1.,5.35530726325928E-17,0.));
#3321=DIRECTION('center_axis',(0.,0.,1.));
#3322=DIRECTION('ref_axis',(1.,0.,0.));
#3323=DIRECTION('',(1.,0.,0.));
#3324=DIRECTION('center_axis',(0.,0.,-1.));
#3325=DIRECTION('ref_axis',(0.707106781186543,0.707106781186552,0.));
#3326=DIRECTION('',(0.,-1.,0.));
#3327=DIRECTION('center_axis',(0.,0.,-1.));
#3328=DIRECTION('ref_axis',(0.707106781186543,-0.707106781186552,0.));
#3329=DIRECTION('',(-1.,0.,0.));
#3330=DIRECTION('center_axis',(0.,0.,-1.));
#3331=DIRECTION('ref_axis',(-0.70710678118655,-0.707106781186545,0.));
#3332=DIRECTION('',(-6.45648967469883E-17,1.,0.));
#3333=DIRECTION('center_axis',(0.,0.,-1.));
#3334=DIRECTION('ref_axis',(-0.707106781186545,0.70710678118655,0.));
#3335=DIRECTION('center_axis',(0.,0.,-1.));
#3336=DIRECTION('ref_axis',(-1.,0.,0.));
#3337=DIRECTION('center_axis',(0.,0.,-1.));
#3338=DIRECTION('ref_axis',(-1.,0.,0.));
#3339=DIRECTION('center_axis',(0.,0.,-1.));
#3340=DIRECTION('ref_axis',(-1.,0.,0.));
#3341=DIRECTION('center_axis',(0.,0.,-1.));
#3342=DIRECTION('ref_axis',(-1.,0.,0.));
#3343=DIRECTION('center_axis',(0.,0.,-1.));
#3344=DIRECTION('ref_axis',(-1.,0.,0.));
#3345=DIRECTION('center_axis',(0.,0.,-1.));
#3346=DIRECTION('ref_axis',(-1.,0.,0.));
#3347=DIRECTION('center_axis',(0.70710678118654,8.65956056235484E-17,0.707106781186555));
#3348=DIRECTION('ref_axis',(0.707106781186555,0.,-0.70710678118654));
#3349=DIRECTION('',(1.22464679914735E-16,-1.,0.));
#3350=DIRECTION('',(0.707106781186555,0.,-0.70710678118654));
#3351=DIRECTION('',(-0.577350269189628,0.577350269189633,0.577350269189616));
#3352=DIRECTION('center_axis',(-3.78677408118821E-17,-0.707106781186547,
0.707106781186548));
#3353=DIRECTION('ref_axis',(1.,0.,5.35530726325928E-17));
#3354=DIRECTION('',(-0.577350269189637,0.577350269189627,0.577350269189614));
#3355=DIRECTION('center_axis',(0.707106781186542,-2.9262016176718E-16,0.707106781186553));
#3356=DIRECTION('ref_axis',(0.707106781186553,0.,-0.707106781186542));
#3357=DIRECTION('',(-0.577350269189626,-0.577350269189637,0.577350269189615));
#3358=DIRECTION('center_axis',(7.57354816237655E-17,0.70710678118656,0.707106781186536));
#3359=DIRECTION('ref_axis',(1.,0.,-1.07106145265189E-16));
#3360=DIRECTION('',(0.577350269189631,-0.577350269189619,0.577350269189628));
#3361=DIRECTION('',(1.,-1.07106145265186E-16,0.));
#3362=DIRECTION('center_axis',(-0.707106781186546,-1.50882270911203E-16,
0.707106781186549));
#3363=DIRECTION('ref_axis',(0.707106781186549,0.,0.707106781186546));
#3364=DIRECTION('',(-2.13379753844275E-16,1.,0.));
#3365=DIRECTION('center_axis',(-0.707106781186549,-8.65956056235495E-17,
0.707106781186546));
#3366=DIRECTION('ref_axis',(0.707106781186546,0.,0.707106781186549));
#3367=DIRECTION('',(0.707106781186546,0.,0.707106781186549));
#3368=DIRECTION('',(-1.22464679914735E-16,1.,0.));
#3369=DIRECTION('center_axis',(0.,0.,-1.));
#3370=DIRECTION('ref_axis',(-9.49410759657493E-16,1.,0.));
#3371=DIRECTION('center_axis',(0.,0.,-1.));
#3372=DIRECTION('ref_axis',(-1.,0.,0.));
#3373=DIRECTION('center_axis',(7.57354816237635E-17,0.707106781186541,0.707106781186554));
#3374=DIRECTION('ref_axis',(1.,0.,-1.07106145265184E-16));
#3375=DIRECTION('',(1.,-1.07106145265186E-16,0.));
#3376=DIRECTION('center_axis',(1.,1.22464679914735E-16,2.01858731750028E-16));
#3377=DIRECTION('ref_axis',(-2.01858731750028E-16,-2.47205649717617E-32,
1.));
#3378=DIRECTION('',(1.22464679914735E-16,-1.,0.));
#3379=DIRECTION('',(2.01858731750028E-16,0.,-1.));
#3380=DIRECTION('center_axis',(0.,0.,-1.));
#3381=DIRECTION('ref_axis',(-1.,0.,0.));
#3382=DIRECTION('center_axis',(0.,0.,-1.));
#3383=DIRECTION('ref_axis',(-1.,0.,0.));
#3384=DIRECTION('',(0.,1.,0.));
#3385=DIRECTION('center_axis',(1.,0.,0.));
#3386=DIRECTION('ref_axis',(0.,-1.,0.));
#3387=DIRECTION('center_axis',(0.,0.,-1.));
#3388=DIRECTION('ref_axis',(-1.,0.,0.));
#3389=DIRECTION('center_axis',(0.,0.,1.));
#3390=DIRECTION('ref_axis',(-1.,0.,0.));
#3391=DIRECTION('',(0.,0.,1.));
#3392=DIRECTION('center_axis',(0.,0.,1.));
#3393=DIRECTION('ref_axis',(-1.,-1.22464679914735E-16,0.));
#3394=DIRECTION('center_axis',(0.,0.,-1.));
#3395=DIRECTION('ref_axis',(-1.,0.,0.));
#3396=DIRECTION('center_axis',(0.,0.,1.));
#3397=DIRECTION('ref_axis',(-1.,0.,0.));
#3398=DIRECTION('',(0.,0.,1.));
#3399=DIRECTION('center_axis',(0.,0.,1.));
#3400=DIRECTION('ref_axis',(1.,0.,0.));
#3401=DIRECTION('',(-1.,0.,0.));
#3402=DIRECTION('',(5.30765295381582E-16,1.,0.));
#3403=DIRECTION('center_axis',(0.,0.,1.));
#3404=DIRECTION('ref_axis',(0.707106781186548,0.707106781186548,0.));
#3405=DIRECTION('',(-1.,0.,0.));
#3406=DIRECTION('center_axis',(0.,0.,1.));
#3407=DIRECTION('ref_axis',(-0.707106781186547,0.707106781186548,0.));
#3408=DIRECTION('',(4.97592464420233E-17,-1.,0.));
#3409=DIRECTION('',(-1.,0.,0.));
#3410=DIRECTION('center_axis',(0.,1.,0.));
#3411=DIRECTION('ref_axis',(1.,0.,0.));
#3412=DIRECTION('',(0.,-1.,0.));
#3413=DIRECTION('center_axis',(0.,0.,1.));
#3414=DIRECTION('ref_axis',(-1.,-1.22464679914735E-16,0.));
#3415=DIRECTION('center_axis',(0.,1.,0.));
#3416=DIRECTION('ref_axis',(1.,0.,0.));
#3417=DIRECTION('',(0.,-1.,0.));
#3418=DIRECTION('center_axis',(0.,0.,1.));
#3419=DIRECTION('ref_axis',(-1.,-1.22464679914735E-16,0.));
#3420=DIRECTION('',(5.30765295381582E-16,1.,0.));
#3421=DIRECTION('',(-1.,0.,0.));
#3422=DIRECTION('',(4.97592464420233E-17,-1.,0.));
#3423=DIRECTION('center_axis',(0.,0.,1.));
#3424=DIRECTION('ref_axis',(-0.707106781186547,0.707106781186548,0.));
#3425=DIRECTION('',(-1.,0.,0.));
#3426=DIRECTION('center_axis',(0.,0.,1.));
#3427=DIRECTION('ref_axis',(0.707106781186548,0.707106781186548,0.));
#3428=DIRECTION('center_axis',(0.,0.,1.));
#3429=DIRECTION('ref_axis',(-1.,0.,0.));
#3430=DIRECTION('',(0.,1.,0.));
#3431=DIRECTION('',(-1.,0.,0.));
#3432=DIRECTION('',(0.,-1.,0.));
#3433=DIRECTION('',(1.,0.,0.));
#3434=DIRECTION('',(1.22464679914735E-16,-1.,0.));
#3435=DIRECTION('center_axis',(0.,0.,-1.));
#3436=DIRECTION('ref_axis',(0.707106781186546,0.707106781186549,0.));
#3437=DIRECTION('',(1.,1.22464679914735E-16,0.));
#3438=DIRECTION('center_axis',(0.,0.,-1.));
#3439=DIRECTION('ref_axis',(-0.707106781186549,0.707106781186546,0.));
#3440=DIRECTION('',(-1.22464679914735E-16,1.,0.));
#3441=DIRECTION('center_axis',(0.,0.,-1.));
#3442=DIRECTION('ref_axis',(-0.707106781186546,-0.707106781186549,0.));
#3443=DIRECTION('',(-1.,-1.22464679914735E-16,0.));
#3444=DIRECTION('center_axis',(0.,0.,-1.));
#3445=DIRECTION('ref_axis',(0.70710678118655,-0.707106781186546,0.));
#3446=DIRECTION('center_axis',(0.707106781186544,0.,-0.707106781186551));
#3447=DIRECTION('ref_axis',(-0.707106781186551,0.,-0.707106781186544));
#3448=DIRECTION('',(0.577350269189631,-0.577350269189618,0.577350269189629));
#3449=DIRECTION('',(0.,-1.,0.));
#3450=DIRECTION('',(-0.577350269189631,-0.577350269189618,-0.577350269189629));
#3451=DIRECTION('center_axis',(0.,-0.707106781186554,-0.707106781186541));
#3452=DIRECTION('ref_axis',(-1.,0.,0.));
#3453=DIRECTION('',(-0.577350269189622,-0.577350269189622,0.577350269189633));
#3454=DIRECTION('',(-1.,0.,0.));
#3455=DIRECTION('center_axis',(-0.707106781186554,0.,-0.707106781186541));
#3456=DIRECTION('ref_axis',(-0.707106781186541,0.,0.707106781186554));
#3457=DIRECTION('',(0.,1.,0.));
#3458=DIRECTION('',(0.577350269189622,-0.577350269189622,-0.577350269189633));
#3459=DIRECTION('center_axis',(0.,0.707106781186554,-0.707106781186541));
#3460=DIRECTION('ref_axis',(-1.,0.,0.));
#3461=DIRECTION('',(1.,0.,0.));
#3462=DIRECTION('center_axis',(0.,1.,0.));
#3463=DIRECTION('ref_axis',(0.,0.,-1.));
#3464=DIRECTION('',(0.,0.,-1.));
#3465=DIRECTION('',(-1.,0.,0.));
#3466=DIRECTION('',(0.,0.,-1.));
#3467=DIRECTION('center_axis',(1.,0.,0.));
#3468=DIRECTION('ref_axis',(0.,0.,-1.));
#3469=DIRECTION('',(0.,0.,1.));
#3470=DIRECTION('',(0.,-1.,0.));
#3471=DIRECTION('center_axis',(-0.707106781186548,-3.51851005858873E-17,
-0.707106781186547));
#3472=DIRECTION('ref_axis',(-0.707106781186547,0.,0.707106781186548));
#3473=DIRECTION('',(-0.707106781186547,0.,0.707106781186548));
#3474=DIRECTION('',(-4.97592464420233E-17,1.,0.));
#3475=DIRECTION('',(0.707106781186546,0.,-0.707106781186549));
#3476=DIRECTION('center_axis',(0.,0.,1.));
#3477=DIRECTION('ref_axis',(-0.707106781186547,0.707106781186548,0.));
#3478=DIRECTION('center_axis',(0.,0.,-1.));
#3479=DIRECTION('ref_axis',(-0.707106781186547,0.707106781186548,0.));
#3480=DIRECTION('',(0.,-0.707106781186548,-0.707106781186547));
#3481=DIRECTION('center_axis',(0.,0.707106781186555,-0.70710678118654));
#3482=DIRECTION('ref_axis',(-1.,0.,0.));
#3483=DIRECTION('',(0.,-0.70710678118654,-0.707106781186555));
#3484=DIRECTION('',(1.,0.,0.));
#3485=DIRECTION('center_axis',(0.,0.,1.));
#3486=DIRECTION('ref_axis',(0.707106781186548,0.707106781186548,0.));
#3487=DIRECTION('center_axis',(0.,0.,-1.));
#3488=DIRECTION('ref_axis',(0.707106781186548,0.707106781186548,0.));
#3489=DIRECTION('',(-0.707106781186556,0.,-0.707106781186539));
#3490=DIRECTION('center_axis',(0.707106781186555,-3.75307739582802E-16,
-0.70710678118654));
#3491=DIRECTION('ref_axis',(-0.70710678118654,0.,-0.707106781186555));
#3492=DIRECTION('',(-0.70710678118654,0.,-0.707106781186555));
#3493=DIRECTION('',(-5.30765295381582E-16,-1.,0.));
#3494=DIRECTION('center_axis',(0.,0.,-1.));
#3495=DIRECTION('ref_axis',(0.707106781186548,0.707106781186548,0.));
#3496=DIRECTION('',(0.,0.,1.));
#3497=DIRECTION('',(0.,0.,-1.));
#3498=DIRECTION('center_axis',(0.,1.,0.));
#3499=DIRECTION('ref_axis',(-1.,0.,0.));
#3500=DIRECTION('',(0.,0.,-1.));
#3501=DIRECTION('center_axis',(0.,0.,-1.));
#3502=DIRECTION('ref_axis',(-0.707106781186547,0.707106781186548,0.));
#3503=DIRECTION('',(0.,0.,1.));
#3504=DIRECTION('center_axis',(-1.,-4.97592464420233E-17,0.));
#3505=DIRECTION('ref_axis',(4.97592464420233E-17,-1.,0.));
#3506=DIRECTION('',(0.,0.,-1.));
#3507=DIRECTION('center_axis',(1.,-5.30765295381582E-16,0.));
#3508=DIRECTION('ref_axis',(5.30765295381582E-16,1.,0.));
#3509=DIRECTION('',(0.,0.,1.));
#3510=DIRECTION('center_axis',(-1.,0.,0.));
#3511=DIRECTION('ref_axis',(0.,-1.,0.));
#3512=DIRECTION('',(0.,-1.,0.));
#3513=DIRECTION('',(0.,0.,1.));
#3514=DIRECTION('',(0.,-1.,0.));
#3515=DIRECTION('',(0.,0.,1.));
#3516=DIRECTION('center_axis',(0.,1.,0.));
#3517=DIRECTION('ref_axis',(-1.,0.,0.));
#3518=DIRECTION('',(-1.,0.,0.));
#3519=DIRECTION('',(0.,0.,1.));
#3520=DIRECTION('',(-1.,0.,0.));
#3521=DIRECTION('center_axis',(1.,0.,0.));
#3522=DIRECTION('ref_axis',(0.,1.,0.));
#3523=DIRECTION('',(0.,1.,0.));
#3524=DIRECTION('',(0.,0.,1.));
#3525=DIRECTION('',(0.,1.,0.));
#3526=DIRECTION('center_axis',(0.,-1.,0.));
#3527=DIRECTION('ref_axis',(1.,0.,0.));
#3528=DIRECTION('',(1.,0.,0.));
#3529=DIRECTION('',(1.,0.,0.));
#3530=DIRECTION('center_axis',(0.,0.,1.));
#3531=DIRECTION('ref_axis',(1.,0.,0.));
#3532=DIRECTION('',(1.,0.,0.));
#3533=DIRECTION('center_axis',(0.,0.,-1.));
#3534=DIRECTION('ref_axis',(-0.707106781186545,0.70710678118655,0.));
#3535=DIRECTION('',(-6.45648967469883E-17,1.,0.));
#3536=DIRECTION('center_axis',(0.,0.,-1.));
#3537=DIRECTION('ref_axis',(-0.70710678118655,-0.707106781186545,0.));
#3538=DIRECTION('',(-1.,0.,0.));
#3539=DIRECTION('center_axis',(0.,0.,-1.));
#3540=DIRECTION('ref_axis',(0.707106781186543,-0.707106781186552,0.));
#3541=DIRECTION('',(0.,-1.,0.));
#3542=DIRECTION('center_axis',(0.,0.,-1.));
#3543=DIRECTION('ref_axis',(0.707106781186543,0.707106781186552,0.));
#3544=DIRECTION('center_axis',(0.,0.,-1.));
#3545=DIRECTION('ref_axis',(-1.,0.,0.));
#3546=DIRECTION('center_axis',(0.,0.,-1.));
#3547=DIRECTION('ref_axis',(-1.,0.,0.));
#3548=DIRECTION('center_axis',(0.,0.,-1.));
#3549=DIRECTION('ref_axis',(-1.,0.,0.));
#3550=DIRECTION('center_axis',(0.,0.,-1.));
#3551=DIRECTION('ref_axis',(-1.,0.,0.));
#3552=DIRECTION('center_axis',(0.,0.,-1.));
#3553=DIRECTION('ref_axis',(-1.,0.,0.));
#3554=DIRECTION('center_axis',(0.,0.,-1.));
#3555=DIRECTION('ref_axis',(-1.,0.,0.));
#3556=DIRECTION('center_axis',(-0.998052578482889,0.,0.0623782861551807));
#3557=DIRECTION('ref_axis',(0.0623782861551807,0.,0.998052578482889));
#3558=DIRECTION('',(-0.0622572806364692,-0.062257280636469,-0.996116490183505));
#3559=DIRECTION('',(0.0622572806364692,-0.0622572806364692,0.996116490183505));
#3560=DIRECTION('center_axis',(0.,0.998052578482889,0.0623782861551807));
#3561=DIRECTION('ref_axis',(0.,-0.0623782861551807,0.998052578482889));
#3562=DIRECTION('',(-1.,0.,0.));
#3563=DIRECTION('',(-0.0622572806364684,-0.0622572806364692,0.996116490183505));
#3564=DIRECTION('center_axis',(0.998052578482889,0.,0.0623782861551799));
#3565=DIRECTION('ref_axis',(0.0623782861551799,0.,-0.998052578482889));
#3566=DIRECTION('',(0.,-1.,0.));
#3567=DIRECTION('',(0.0622572806364684,-0.062257280636469,-0.996116490183505));
#3568=DIRECTION('center_axis',(0.,-0.998052578482889,0.0623782861551805));
#3569=DIRECTION('ref_axis',(0.,-0.0623782861551805,-0.998052578482889));
#3570=DIRECTION('center_axis',(-2.70002623386517E-16,1.,0.));
#3571=DIRECTION('ref_axis',(-1.,-2.70002623386517E-16,0.));
#3572=DIRECTION('',(-1.,-2.70002623386517E-16,0.));
#3573=DIRECTION('',(0.,0.,1.));
#3574=DIRECTION('',(-1.,-2.70002623386517E-16,3.4863055968421E-32));
#3575=DIRECTION('',(0.707106781186547,1.90920685934764E-16,-0.707106781186548));
#3576=DIRECTION('',(0.,0.,-1.));
#3577=DIRECTION('center_axis',(0.,0.,1.));
#3578=DIRECTION('ref_axis',(-0.707106781186545,0.70710678118655,0.));
#3579=DIRECTION('',(0.,0.,1.));
#3580=DIRECTION('',(0.,0.,-1.));
#3581=DIRECTION('center_axis',(-1.,-6.45648967469883E-17,0.));
#3582=DIRECTION('ref_axis',(6.45648967469883E-17,-1.,0.));
#3583=DIRECTION('',(0.,0.,1.));
#3584=DIRECTION('center_axis',(0.,0.,1.));
#3585=DIRECTION('ref_axis',(-0.70710678118655,-0.707106781186545,0.));
#3586=DIRECTION('',(0.,0.,-1.));
#3587=DIRECTION('center_axis',(0.,-1.,0.));
#3588=DIRECTION('ref_axis',(1.,0.,0.));
#3589=DIRECTION('',(0.,0.,1.));
#3590=DIRECTION('center_axis',(0.,0.,1.));
#3591=DIRECTION('ref_axis',(0.707106781186543,-0.707106781186552,0.));
#3592=DIRECTION('',(0.,0.,-1.));
#3593=DIRECTION('center_axis',(1.,0.,0.));
#3594=DIRECTION('ref_axis',(0.,1.,0.));
#3595=DIRECTION('',(0.,0.,1.));
#3596=DIRECTION('center_axis',(0.,0.,1.));
#3597=DIRECTION('ref_axis',(0.707106781186543,0.707106781186552,0.));
#3598=DIRECTION('',(0.,0.,-1.));
#3599=DIRECTION('center_axis',(0.,1.,0.));
#3600=DIRECTION('ref_axis',(-1.,0.,0.));
#3601=DIRECTION('center_axis',(0.,0.,-1.));
#3602=DIRECTION('ref_axis',(-1.,0.,0.));
#3603=DIRECTION('',(0.,0.,-1.));
#3604=DIRECTION('center_axis',(0.,0.,-1.));
#3605=DIRECTION('ref_axis',(-1.,0.,0.));
#3606=DIRECTION('',(0.,0.,-1.));
#3607=DIRECTION('center_axis',(0.,0.,-1.));
#3608=DIRECTION('ref_axis',(-1.,0.,0.));
#3609=DIRECTION('',(0.,0.,-1.));
#3610=DIRECTION('center_axis',(0.,0.,-1.));
#3611=DIRECTION('ref_axis',(-1.,0.,0.));
#3612=DIRECTION('',(0.,0.,-1.));
#3613=DIRECTION('center_axis',(0.,0.,-1.));
#3614=DIRECTION('ref_axis',(-1.,0.,0.));
#3615=DIRECTION('',(0.,0.,-1.));
#3616=DIRECTION('center_axis',(0.,0.,-1.));
#3617=DIRECTION('ref_axis',(-1.,0.,0.));
#3618=DIRECTION('',(0.,0.,-1.));
#3619=DIRECTION('center_axis',(-2.31310074485829E-16,1.,0.));
#3620=DIRECTION('ref_axis',(-1.,-2.31310074485829E-16,0.));
#3621=DIRECTION('',(-1.,-2.31310074485829E-16,0.));
#3622=DIRECTION('',(0.,0.,1.));
#3623=DIRECTION('',(1.,2.31310074485829E-16,0.));
#3624=DIRECTION('',(0.,0.,1.));
#3625=DIRECTION('center_axis',(0.,-1.,0.));
#3626=DIRECTION('ref_axis',(0.,0.,1.));
#3627=DIRECTION('',(0.,0.,1.));
#3628=DIRECTION('center_axis',(-1.,0.,0.));
#3629=DIRECTION('ref_axis',(0.,0.,1.));
#3630=DIRECTION('center_axis',(-0.707106781186547,-8.65956056235493E-17,
-0.707106781186548));
#3631=DIRECTION('ref_axis',(0.707106781186548,8.65956056235494E-17,-0.707106781186547));
#3632=DIRECTION('',(0.707106781186548,8.65956056235494E-17,-0.707106781186547));
#3633=DIRECTION('',(-0.707106781186548,-2.82857162959021E-16,0.707106781186547));
#3634=DIRECTION('',(-1.22464679914735E-16,1.,0.));
#3635=DIRECTION('center_axis',(0.,0.,-1.));
#3636=DIRECTION('ref_axis',(0.707106781186546,0.707106781186549,0.));
#3637=DIRECTION('center_axis',(0.,0.,1.));
#3638=DIRECTION('ref_axis',(0.707106781186546,0.707106781186549,0.));
#3639=DIRECTION('',(-8.65956056235494E-17,0.707106781186548,-0.707106781186547));
#3640=DIRECTION('center_axis',(8.65956056235493E-17,-0.707106781186547,
-0.707106781186548));
#3641=DIRECTION('ref_axis',(1.,1.22464679914735E-16,0.));
#3642=DIRECTION('',(-8.65956056235493E-17,0.707106781186548,-0.707106781186547));
#3643=DIRECTION('',(-1.,-1.22464679914735E-16,0.));
#3644=DIRECTION('center_axis',(0.,0.,-1.));
#3645=DIRECTION('ref_axis',(-0.707106781186549,0.707106781186546,0.));
#3646=DIRECTION('center_axis',(0.,0.,1.));
#3647=DIRECTION('ref_axis',(-0.707106781186549,0.707106781186546,0.));
#3648=DIRECTION('',(-0.707106781186548,-8.65956056235494E-17,-0.707106781186547));
#3649=DIRECTION('center_axis',(0.707106781186547,8.65956056235493E-17,-0.707106781186548));
#3650=DIRECTION('ref_axis',(0.707106781186548,8.65956056235494E-17,0.707106781186547));
#3651=DIRECTION('',(-0.707106781186548,-8.65956056235494E-17,-0.707106781186547));
#3652=DIRECTION('',(1.22464679914735E-16,-1.,0.));
#3653=DIRECTION('center_axis',(0.,0.,-1.));
#3654=DIRECTION('ref_axis',(-0.707106781186546,-0.707106781186549,0.));
#3655=DIRECTION('center_axis',(0.,0.,1.));
#3656=DIRECTION('ref_axis',(-0.707106781186546,-0.707106781186549,0.));
#3657=DIRECTION('',(8.65956056235494E-17,-0.707106781186548,-0.707106781186547));
#3658=DIRECTION('center_axis',(-8.65956056235493E-17,0.707106781186547,
-0.707106781186548));
#3659=DIRECTION('ref_axis',(1.,1.22464679914735E-16,0.));
#3660=DIRECTION('',(8.65956056235493E-17,-0.707106781186548,-0.707106781186547));
#3661=DIRECTION('',(1.,1.22464679914735E-16,0.));
#3662=DIRECTION('center_axis',(0.,0.,-1.));
#3663=DIRECTION('ref_axis',(0.70710678118655,-0.707106781186546,0.));
#3664=DIRECTION('center_axis',(0.,0.,1.));
#3665=DIRECTION('ref_axis',(0.70710678118655,-0.707106781186545,0.));
#3666=DIRECTION('center_axis',(0.,0.,1.));
#3667=DIRECTION('ref_axis',(-1.,0.,0.));
#3668=DIRECTION('center_axis',(0.,0.,1.));
#3669=DIRECTION('ref_axis',(-1.,0.,0.));
#3670=DIRECTION('center_axis',(-1.,-1.22464679914735E-16,0.));
#3671=DIRECTION('ref_axis',(1.22464679914735E-16,-1.,0.));
#3672=DIRECTION('',(0.,0.,-1.));
#3673=DIRECTION('',(1.22464679914735E-16,-1.,0.));
#3674=DIRECTION('',(8.65956056235493E-17,-0.707106781186547,0.707106781186548));
#3675=DIRECTION('',(1.22464679914735E-16,-1.,0.));
#3676=DIRECTION('center_axis',(0.707106781186547,8.65956056235493E-17,-0.707106781186548));
#3677=DIRECTION('ref_axis',(0.707106781186548,8.65956056235494E-17,0.707106781186547));
#3678=DIRECTION('',(-0.707106781186548,0.,-0.707106781186547));
#3679=DIRECTION('',(1.22464679914735E-16,-1.,0.));
#3680=DIRECTION('',(0.577350269189626,-0.577350269189625,0.577350269189626));
#3681=DIRECTION('center_axis',(1.90920685934764E-16,-0.707106781186548,
-0.707106781186547));
#3682=DIRECTION('ref_axis',(1.,1.22464679914735E-16,1.47537943471782E-16));
#3683=DIRECTION('',(-8.65956056235493E-17,0.707106781186547,-0.707106781186548));
#3684=DIRECTION('',(1.,1.22464679914735E-16,1.47537943471782E-16));
#3685=DIRECTION('',(8.65956056235493E-17,-0.707106781186547,0.707106781186548));
#3686=DIRECTION('',(0.577350269189626,0.577350269189626,-0.577350269189626));
#3687=DIRECTION('center_axis',(1.,1.22464679914735E-16,0.));
#3688=DIRECTION('ref_axis',(-1.22464679914735E-16,1.,0.));
#3689=DIRECTION('',(0.,0.,1.));
#3690=DIRECTION('',(-1.22464679914735E-16,1.,0.));
#3691=DIRECTION('',(-1.22464679914735E-16,1.,0.));
#3692=DIRECTION('center_axis',(-0.707106781186548,-8.65956056235494E-17,
-0.707106781186547));
#3693=DIRECTION('ref_axis',(0.707106781186547,8.65956056235493E-17,-0.707106781186548));
#3694=DIRECTION('',(-0.707106781186547,0.,0.707106781186548));
#3695=DIRECTION('',(-1.22464679914735E-16,1.,0.));
#3696=DIRECTION('center_axis',(0.,0.,-1.));
#3697=DIRECTION('ref_axis',(1.,1.22464679914735E-16,0.));
#3698=DIRECTION('',(1.,0.,0.));
#3699=DIRECTION('',(-1.22464679914735E-16,1.,0.));
#3700=DIRECTION('',(1.,0.,0.));
#3701=DIRECTION('center_axis',(0.,0.,1.));
#3702=DIRECTION('ref_axis',(-1.,0.,0.));
#3703=DIRECTION('',(-1.,1.07106145265186E-16,0.));
#3704=DIRECTION('center_axis',(0.,0.,1.));
#3705=DIRECTION('ref_axis',(-1.,0.,0.));
#3706=DIRECTION('center_axis',(-1.,-1.03710912606878E-16,0.));
#3707=DIRECTION('ref_axis',(1.03710912606878E-16,-1.,0.));
#3708=DIRECTION('',(1.03710912606878E-16,-1.,0.));
#3709=DIRECTION('',(-1.22464679914735E-16,1.,0.));
#3710=DIRECTION('',(0.,0.,1.));
#3711=DIRECTION('center_axis',(0.707106781186547,7.33346895873688E-17,-0.707106781186548));
#3712=DIRECTION('ref_axis',(0.707106781186548,8.65956056235493E-17,0.707106781186547));
#3713=DIRECTION('',(-0.707106781186548,-8.65956056235493E-17,-0.707106781186547));
#3714=DIRECTION('',(1.22464679914735E-16,-1.,0.));
#3715=DIRECTION('',(0.577350269189626,-0.577350269189626,0.577350269189626));
#3716=DIRECTION('center_axis',(1.63560922225695E-16,-0.707106781186548,
-0.707106781186548));
#3717=DIRECTION('ref_axis',(1.,1.22464679914735E-16,1.08845394571094E-16));
#3718=DIRECTION('',(-1.,-1.22464679914735E-16,0.));
#3719=DIRECTION('',(0.577350269189626,0.577350269189626,-0.577350269189626));
#3720=DIRECTION('center_axis',(1.,1.22464679914735E-16,0.));
#3721=DIRECTION('ref_axis',(-1.22464679914735E-16,1.,0.));
#3722=DIRECTION('',(-1.22464679914735E-16,1.,0.));
#3723=DIRECTION('',(0.,0.,-1.));
#3724=DIRECTION('',(1.22464679914735E-16,-1.,0.));
#3725=DIRECTION('center_axis',(-0.707106781186547,-8.65956056235493E-17,
-0.707106781186548));
#3726=DIRECTION('ref_axis',(0.707106781186548,8.65956056235494E-17,-0.707106781186547));
#3727=DIRECTION('',(-0.707106781186548,-8.65956056235494E-17,0.707106781186547));
#3728=DIRECTION('',(-1.22464679914735E-16,1.,0.));
#3729=DIRECTION('center_axis',(0.,0.,1.));
#3730=DIRECTION('ref_axis',(-1.,-1.22464679914735E-16,0.));
#3731=DIRECTION('',(-1.,-1.22464679914735E-16,0.));
#3732=DIRECTION('',(1.1892321541805E-29,-1.,0.));
#3733=DIRECTION('',(1.,-2.09023736830398E-13,-8.62309145339927E-16));
#3734=DIRECTION('',(-1.,-1.22464679914735E-16,0.));
#3735=DIRECTION('center_axis',(0.,0.,-1.));
#3736=DIRECTION('ref_axis',(1.,1.22464679914735E-16,0.));
#3737=DIRECTION('',(1.,0.,0.));
#3738=DIRECTION('',(0.,-1.,0.));
#3739=DIRECTION('',(-1.,-1.22464679914735E-16,0.));
#3740=DIRECTION('',(0.,1.,0.));
#3741=DIRECTION('center_axis',(0.,0.,-1.));
#3742=DIRECTION('ref_axis',(-1.,0.,0.));
#3743=DIRECTION('',(0.,0.,-1.));
#3744=DIRECTION('center_axis',(0.,0.,1.));
#3745=DIRECTION('ref_axis',(-1.,0.,0.));
#3746=DIRECTION('',(0.,0.,-1.));
#3747=DIRECTION('center_axis',(1.,2.13379753844275E-16,0.));
#3748=DIRECTION('ref_axis',(-2.13379753844275E-16,1.,0.));
#3749=DIRECTION('',(0.,0.,1.));
#3750=DIRECTION('center_axis',(-1.,-1.22464679914735E-16,0.));
#3751=DIRECTION('ref_axis',(0.,0.,-1.));
#3752=DIRECTION('',(0.,0.,1.));
#3753=DIRECTION('center_axis',(0.,1.,0.));
#3754=DIRECTION('ref_axis',(0.,0.,1.));
#3755=DIRECTION('',(0.,0.,-1.));
#3756=DIRECTION('center_axis',(1.,1.22464679914735E-16,0.));
#3757=DIRECTION('ref_axis',(0.,0.,1.));
#3758=DIRECTION('',(0.,0.,1.));
#3759=DIRECTION('center_axis',(1.22464679914735E-16,-1.,0.));
#3760=DIRECTION('ref_axis',(0.,0.,1.));
#3761=DIRECTION('',(0.,0.,-1.));
#3762=DIRECTION('center_axis',(-1.,-1.22464679914735E-16,0.));
#3763=DIRECTION('ref_axis',(0.,0.,-1.));
#3764=DIRECTION('',(0.,0.,1.));
#3765=DIRECTION('center_axis',(0.,1.,0.));
#3766=DIRECTION('ref_axis',(0.,0.,1.));
#3767=DIRECTION('center_axis',(0.,0.,1.));
#3768=DIRECTION('ref_axis',(1.83697019872103E-16,1.,0.));
#3769=DIRECTION('',(0.,0.,-1.));
#3770=DIRECTION('',(0.,0.,1.));
#3771=DIRECTION('center_axis',(-1.07106145265186E-16,-1.,0.));
#3772=DIRECTION('ref_axis',(1.,-1.07106145265186E-16,0.));
#3773=DIRECTION('center_axis',(2.09023736830398E-13,1.,1.0005500864606E-44));
#3774=DIRECTION('ref_axis',(-4.78677733750613E-32,0.,1.));
#3775=DIRECTION('',(-4.78677733750613E-32,0.,1.));
#3776=DIRECTION('center_axis',(1.22464679914735E-16,-1.,0.));
#3777=DIRECTION('ref_axis',(0.,0.,1.));
#3778=DIRECTION('',(3.36431219583381E-16,4.12009416196028E-32,1.));
#3779=DIRECTION('center_axis',(1.,1.22464679914735E-16,-3.36431219583381E-16));
#3780=DIRECTION('ref_axis',(3.36431219583381E-16,4.12009416196028E-32,1.));
#3781=DIRECTION('',(3.36431219583381E-16,4.12009416196028E-32,1.));
#3782=DIRECTION('center_axis',(1.22464679914735E-16,-1.,0.));
#3783=DIRECTION('ref_axis',(0.,0.,1.));
#3784=DIRECTION('',(0.,0.,-1.));
#3785=DIRECTION('center_axis',(-1.,-1.22464679914735E-16,0.));
#3786=DIRECTION('ref_axis',(0.,0.,-1.));
#3787=DIRECTION('',(0.,0.,-1.));
#3788=DIRECTION('center_axis',(1.22464679914735E-16,-1.,0.));
#3789=DIRECTION('ref_axis',(0.,0.,1.));
#3790=DIRECTION('',(0.,0.,1.));
#3791=DIRECTION('center_axis',(1.,1.22464679914735E-16,0.));
#3792=DIRECTION('ref_axis',(0.,0.,1.));
#3793=DIRECTION('center_axis',(1.,1.22464679914735E-16,0.));
#3794=DIRECTION('ref_axis',(1.22464679914735E-16,-1.,0.));
#3795=DIRECTION('',(0.,0.,1.));
#3796=DIRECTION('',(0.,0.,-1.));
#3797=DIRECTION('center_axis',(0.,1.,0.));
#3798=DIRECTION('ref_axis',(0.,0.,1.));
#3799=DIRECTION('',(0.,0.,1.));
#3800=DIRECTION('center_axis',(-1.,-1.22464679914735E-16,0.));
#3801=DIRECTION('ref_axis',(-1.22464679914735E-16,1.,0.));
#3802=DIRECTION('',(0.,0.,-1.));
#3803=DIRECTION('center_axis',(0.,1.,0.));
#3804=DIRECTION('ref_axis',(0.,0.,1.));
#3805=DIRECTION('center_axis',(0.,0.,1.));
#3806=DIRECTION('ref_axis',(-1.,0.,0.));
#3807=CARTESIAN_POINT('',(0.,0.,0.));
#3808=CARTESIAN_POINT('Origin',(155.925067489743,88.5393847503787,2.25));
#3809=CARTESIAN_POINT('',(155.425067489743,46.0749348944428,1.75));
#3810=CARTESIAN_POINT('',(156.424951644075,47.0748190487751,2.74988415433228));
#3811=CARTESIAN_POINT('',(161.685803607595,52.3356710122946,8.01073611785183));
#3812=CARTESIAN_POINT('',(155.425067489743,29.0537032031073,1.75));
#3813=CARTESIAN_POINT('',(155.425067489743,88.5393847503787,1.75));
#3814=CARTESIAN_POINT('',(156.425067489743,29.0537032031073,2.75));
#3815=CARTESIAN_POINT('',(118.212534340918,29.0537032031074,-35.462533148825));
#3816=CARTESIAN_POINT('',(156.425067489743,47.0747032031073,2.75));
#3817=CARTESIAN_POINT('',(156.425067489743,88.5393847503787,2.75));
#3818=CARTESIAN_POINT('',(134.147603990785,69.352166702065,-19.5274634989578));
#3819=CARTESIAN_POINT('Origin',(156.425067489743,140.42506629765,14.25));
#3820=CARTESIAN_POINT('',(156.425067489743,29.0537032031073,13.25));
#3821=CARTESIAN_POINT('',(156.425067489743,29.0537032031073,11.625));
#3822=CARTESIAN_POINT('',(156.425067489743,47.0747032031073,13.25));
#3823=CARTESIAN_POINT('',(156.425067489743,89.2446347503787,13.25));
#3824=CARTESIAN_POINT('',(156.425067489743,47.0747032031073,11.625));
#3825=CARTESIAN_POINT('Origin',(4.07493489444282,95.7893847503787,2.25));
#3826=CARTESIAN_POINT('',(3.57505074011055,47.0748190487751,2.74988415433228));
#3827=CARTESIAN_POINT('',(4.57493489444282,46.0749348944428,1.75));
#3828=CARTESIAN_POINT('',(19.9475431595324,30.7023266293531,-13.6226082650897));
#3829=CARTESIAN_POINT('',(3.57493489444283,47.0747032031073,2.75));
#3830=CARTESIAN_POINT('',(22.4690540104587,65.9688223191234,-16.1441191160161));
#3831=CARTESIAN_POINT('',(3.57493489444283,29.0537032031073,2.75));
#3832=CARTESIAN_POINT('',(3.57493489444283,95.7893847503787,2.75));
#3833=CARTESIAN_POINT('',(4.57493489444282,29.0537032031073,1.75));
#3834=CARTESIAN_POINT('',(0.949934894442837,29.0537032031073,5.37500000000002));
#3835=CARTESIAN_POINT('',(4.57493489444282,95.7893847503787,1.75));
#3836=CARTESIAN_POINT('Origin',(148.525034340918,46.5749348944428,2.25));
#3837=CARTESIAN_POINT('',(-2.92518095122489,47.0748190487751,2.74988415433228));
#3838=CARTESIAN_POINT('',(107.375001192093,47.0748190487751,2.74988415433228));
#3839=CARTESIAN_POINT('',(24.7000011920928,46.0749348944428,1.75));
#3840=CARTESIAN_POINT('',(148.525034340918,46.0749348944428,1.75));
#3841=CARTESIAN_POINT('',(25.6994987613996,47.0744324637496,2.74949756930683));
#3842=CARTESIAN_POINT('',(44.1506347683413,65.5255684706911,21.2006335762483));
#3843=CARTESIAN_POINT('',(51.4505036227914,47.0744324637442,2.74949756930144));
#3844=CARTESIAN_POINT('',(87.1125177665055,47.0744324637368,2.74949756929399));
#3845=CARTESIAN_POINT('',(52.4500011920928,46.0749348944428,1.75));
#3846=CARTESIAN_POINT('',(68.8327119987861,29.6922240877494,-14.6327108066934));
#3847=CARTESIAN_POINT('',(68.4750011920928,46.0749348944428,1.75));
#3848=CARTESIAN_POINT('',(148.525034340918,46.0749348944428,1.75));
#3849=CARTESIAN_POINT('',(69.4750011920928,47.0749348944428,2.75));
#3850=CARTESIAN_POINT('',(68.4750011920928,46.0749348944428,1.75));
#3851=CARTESIAN_POINT('',(-2.92506510555718,47.0749348944428,2.74999999999999));
#3852=CARTESIAN_POINT('',(148.525034340918,47.0749348944428,2.75));
#3853=CARTESIAN_POINT('',(-3.92506510555718,46.0749348944428,1.75));
#3854=CARTESIAN_POINT('Origin',(134.125001192093,36.6537032031074,1.75));
#3855=CARTESIAN_POINT('',(91.5250011920928,46.0749348944428,1.75));
#3856=CARTESIAN_POINT('',(148.525034340918,46.0749348944428,1.75));
#3857=CARTESIAN_POINT('',(91.5250011920928,29.0537032031074,1.75));
#3858=CARTESIAN_POINT('',(91.5250011920928,41.9037032031074,1.75));
#3859=CARTESIAN_POINT('',(88.5250011920928,29.0537032031074,1.75));
#3860=CARTESIAN_POINT('',(66.2249680432678,29.0537032031073,1.75));
#3861=CARTESIAN_POINT('',(88.5250011920928,46.4537032031074,1.75));
#3862=CARTESIAN_POINT('',(88.5250011920928,41.9037032031074,1.75));
#3863=CARTESIAN_POINT('',(71.4750011920928,46.4537032031074,1.75));
#3864=CARTESIAN_POINT('',(127.062501192093,46.4537032031074,1.75));
#3865=CARTESIAN_POINT('',(71.4750011920928,29.0537032031074,1.75));
#3866=CARTESIAN_POINT('',(71.4750011920928,41.9037032031074,1.75));
#3867=CARTESIAN_POINT('',(68.4750011920928,29.0537032031074,1.75));
#3868=CARTESIAN_POINT('',(66.2249680432678,29.0537032031073,1.75));
#3869=CARTESIAN_POINT('',(68.4750011920928,41.9037032031074,1.75));
#3870=CARTESIAN_POINT('',(52.4500011920928,29.0537032031073,1.75));
#3871=CARTESIAN_POINT('',(52.4500011920928,41.8537032031073,1.75));
#3872=CARTESIAN_POINT('',(49.4500011920928,29.0537032031074,1.75));
#3873=CARTESIAN_POINT('',(66.2249680432678,29.0537032031073,1.75));
#3874=CARTESIAN_POINT('',(49.4500011920928,45.8537032031073,1.75));
#3875=CARTESIAN_POINT('',(49.4500011920928,42.1537032031074,1.75));
#3876=CARTESIAN_POINT('',(27.0500011920928,45.8537032031073,1.75));
#3877=CARTESIAN_POINT('',(33.7750011920928,45.8537032031073,1.75));
#3878=CARTESIAN_POINT('',(27.0500011920928,29.0537032031073,1.75));
#3879=CARTESIAN_POINT('',(27.0500011920928,42.1537032031074,1.75));
#3880=CARTESIAN_POINT('',(24.7000011920928,29.0537032031073,1.75));
#3881=CARTESIAN_POINT('',(66.2249680432678,29.0537032031073,1.75));
#3882=CARTESIAN_POINT('',(24.7000011920928,36.9537032031074,1.75));
#3883=CARTESIAN_POINT('',(-8.92506510555718,29.0537032031073,1.75));
#3884=CARTESIAN_POINT('',(5.57493489444282,29.0537032031073,1.75));
#3885=CARTESIAN_POINT('',(-8.92506510555718,27.0537032031073,1.75));
#3886=CARTESIAN_POINT('',(-8.92506510555718,27.0537032031073,1.75));
#3887=CARTESIAN_POINT('',(78.0000011920928,27.0537032031074,1.75));
#3888=CARTESIAN_POINT('',(121.625001192093,27.0537032031073,1.75));
#3889=CARTESIAN_POINT('',(78.0000011920928,41.6537032031074,1.75));
#3890=CARTESIAN_POINT('',(78.0000011920928,35.0287032031074,1.75));
#3891=CARTESIAN_POINT('',(82.0000011920928,41.6537032031074,1.75));
#3892=CARTESIAN_POINT('',(126.062501192093,41.6537032031074,1.75));
#3893=CARTESIAN_POINT('',(82.0000011920928,27.0537032031074,1.75));
#3894=CARTESIAN_POINT('',(82.0000011920928,27.0537032031074,1.75));
#3895=CARTESIAN_POINT('',(168.925067489743,27.0537032031073,1.75));
#3896=CARTESIAN_POINT('',(121.625001192093,27.0537032031073,1.75));
#3897=CARTESIAN_POINT('',(168.925067489743,29.0537032031073,1.75));
#3898=CARTESIAN_POINT('',(168.925067489743,27.0537032031073,1.75));
#3899=CARTESIAN_POINT('',(168.925067489743,29.0537032031073,1.75));
#3900=CARTESIAN_POINT('Origin',(151.525034340918,141.92506629765,2.25));
#3901=CARTESIAN_POINT('',(3.57493489444282,142.42506629765,2.75));
#3902=CARTESIAN_POINT('',(-8.92506510555719,142.42506629765,2.75));
#3903=CARTESIAN_POINT('',(151.525034340918,142.42506629765,2.75));
#3904=CARTESIAN_POINT('',(-7.92506510555718,141.42506629765,1.75));
#3905=CARTESIAN_POINT('',(36.5785119846123,96.92148920748,-42.7535770901695));
#3906=CARTESIAN_POINT('',(4.57493489444282,141.42506629765,1.75));
#3907=CARTESIAN_POINT('',(151.525034340918,141.42506629765,1.75));
#3908=CARTESIAN_POINT('',(4.57493489444282,141.42506629765,1.75));
#3909=CARTESIAN_POINT('Origin',(4.07493489444282,95.7893847503787,2.25));
#3910=CARTESIAN_POINT('',(4.57493489444282,153.92506629765,1.75000000000001));
#3911=CARTESIAN_POINT('',(4.57493489444282,95.7893847503787,1.75));
#3912=CARTESIAN_POINT('',(3.57493489444283,154.92506629765,2.75));
#3913=CARTESIAN_POINT('',(23.2683873437921,135.231613848301,-16.9434524493494));
#3914=CARTESIAN_POINT('',(3.57493489444283,95.7893847503787,2.75));
#3915=CARTESIAN_POINT('Origin',(60.5999680432678,154.42506629765,2.25));
#3916=CARTESIAN_POINT('',(90.535899614208,153.92506629765,1.75));
#3917=CARTESIAN_POINT('',(97.3624846176803,153.92506629765,1.75000000000001));
#3918=CARTESIAN_POINT('',(91.5505114865625,154.92506629765,2.75));
#3919=CARTESIAN_POINT('Ctrl Pts',(91.5505114865625,154.92506629765,2.75));
#3920=CARTESIAN_POINT('Ctrl Pts',(91.1753499082881,154.618748151694,2.44368185404347));
#3921=CARTESIAN_POINT('Ctrl Pts',(90.8348703311608,154.270287945475,2.09522164782504));
#3922=CARTESIAN_POINT('Ctrl Pts',(90.535899614208,153.92506629765,1.75));
#3923=CARTESIAN_POINT('',(60.5999680432678,154.92506629765,2.75));
#3924=CARTESIAN_POINT('Origin',(134.125001192093,36.6537032031074,1.75));
#3925=CARTESIAN_POINT('',(-7.92506510555718,48.0747032031073,1.75));
#3926=CARTESIAN_POINT('',(-7.92506510555718,31.8537032031074,1.75));
#3927=CARTESIAN_POINT('',(-3.92506510555718,48.0747032031073,1.75));
#3928=CARTESIAN_POINT('',(66.2249680432678,48.0747032031073,1.75));
#3929=CARTESIAN_POINT('',(-3.9250651055572,133.92506629765,1.75));
#3930=CARTESIAN_POINT('',(-3.92506510555718,41.8643190487751,1.75));
#3931=CARTESIAN_POINT('',(90.535899619585,133.92506629765,1.75));
#3932=CARTESIAN_POINT('',(65.5999680432678,133.92506629765,1.75));
#3933=CARTESIAN_POINT('',(97.4641028391065,133.92506629765,1.75));
#3934=CARTESIAN_POINT('Origin',(94.0000012293457,133.425066260397,1.75));
#3935=CARTESIAN_POINT('',(163.925067489743,133.92506629765,1.75));
#3936=CARTESIAN_POINT('',(65.5999680432678,133.92506629765,1.75));
#3937=CARTESIAN_POINT('',(163.925067489743,48.0747032031073,1.75));
#3938=CARTESIAN_POINT('',(163.925067489743,84.7893847503787,1.75));
#3939=CARTESIAN_POINT('',(167.925067489743,48.0747032031073,1.75));
#3940=CARTESIAN_POINT('',(147.900034340918,48.0747032031073,1.75));
#3941=CARTESIAN_POINT('',(167.925067489743,141.42506629765,1.75));
#3942=CARTESIAN_POINT('',(167.925067489743,31.8537032031074,1.75));
#3943=CARTESIAN_POINT('',(155.425067489743,141.42506629765,1.75));
#3944=CARTESIAN_POINT('',(151.525034340918,141.42506629765,1.75));
#3945=CARTESIAN_POINT('',(155.425067489743,153.92506629765,1.75));
#3946=CARTESIAN_POINT('',(155.425067489743,88.5393847503787,1.75));
#3947=CARTESIAN_POINT('',(97.4641028444835,153.92506629765,1.75));
#3948=CARTESIAN_POINT('',(60.5999680432678,153.92506629765,1.75));
#3949=CARTESIAN_POINT('Origin',(94.0000012293457,154.42506629765,1.75));
#3950=CARTESIAN_POINT('',(92.5000011920928,143.92506629765,1.75));
#3951=CARTESIAN_POINT('Origin',(90.1250011920928,143.92506629765,1.75));
#3952=CARTESIAN_POINT('',(85.5000011920928,143.92506629765,1.75));
#3953=CARTESIAN_POINT('Origin',(80.0000011920928,143.92506629765,1.75));
#3954=CARTESIAN_POINT('Origin',(155.925067489743,88.5393847503787,2.25));
#3955=CARTESIAN_POINT('',(156.425067489743,142.42506629765,2.75));
#3956=CARTESIAN_POINT('',(156.425067489743,154.92506629765,2.75));
#3957=CARTESIAN_POINT('',(156.425067489743,88.5393847503787,2.75));
#3958=CARTESIAN_POINT('',(129.056603990785,127.556602798692,-24.6184634989578));
#3959=CARTESIAN_POINT('',(155.425067489743,141.42506629765,1.75));
#3960=CARTESIAN_POINT('Origin',(151.525034340918,141.92506629765,2.25));
#3961=CARTESIAN_POINT('',(168.925067489743,142.42506629765,2.75));
#3962=CARTESIAN_POINT('',(147.263168115848,120.763166923755,-18.9118993738949));
#3963=CARTESIAN_POINT('',(151.525034340918,142.42506629765,2.75));
#3964=CARTESIAN_POINT('Origin',(168.425067489743,31.8537032031074,2.25));
#3965=CARTESIAN_POINT('',(168.925067489743,47.0747032031073,2.75));
#3966=CARTESIAN_POINT('',(167.925067489743,48.0747032031073,1.75));
#3967=CARTESIAN_POINT('',(168.925067489743,31.8537032031074,2.75));
#3968=CARTESIAN_POINT('Origin',(66.2249680432678,47.5747032031073,2.25));
#3969=CARTESIAN_POINT('',(162.925183335411,47.0748190487751,2.74988415433228));
#3970=CARTESIAN_POINT('',(167.040008889484,51.1896446028483,-1.36494139974098));
#3971=CARTESIAN_POINT('',(148.212534340918,47.0748190487751,2.74988415433227));
#3972=CARTESIAN_POINT('',(147.900034340918,47.0747032031073,2.75));
#3973=CARTESIAN_POINT('Origin',(-1.67506510555718,29.0537032031073,9.));
#3974=CARTESIAN_POINT('',(3.57493489444283,29.0537032031073,13.25));
#3975=CARTESIAN_POINT('',(3.57493489444283,29.0537032031073,11.625));
#3976=CARTESIAN_POINT('',(-8.92506510555718,29.0537032031073,13.25));
#3977=CARTESIAN_POINT('',(-1.67506510555718,29.0537032031073,13.25));
#3978=CARTESIAN_POINT('',(-8.92506510555718,29.0537032031073,1.75));
#3979=CARTESIAN_POINT('',(-3.77506510555718,29.0537032031073,8.8));
#3980=CARTESIAN_POINT('Origin',(-1.67506510555718,29.0537032031073,8.8));
#3981=CARTESIAN_POINT('Origin',(-8.42506510555718,31.8537032031074,2.25));
#3982=CARTESIAN_POINT('',(-8.92506510555718,47.0747032031073,2.75));
#3983=CARTESIAN_POINT('',(-8.92506510555718,31.8537032031074,2.75));
#3984=CARTESIAN_POINT('',(-7.92506510555718,48.0747032031073,1.75));
#3985=CARTESIAN_POINT('Origin',(-1.67506510555718,29.0537032031073,9.));
#3986=CARTESIAN_POINT('',(168.925067489743,29.0537032031073,13.25));
#3987=CARTESIAN_POINT('',(168.925067489743,29.0537032031073,16.25));
#3988=CARTESIAN_POINT('',(80.0000011920928,29.0537032031073,13.25));
#3989=CARTESIAN_POINT('',(159.575067489743,29.0537032031073,8.8));
#3990=CARTESIAN_POINT('Origin',(161.675067489743,29.0537032031073,8.8));
#3991=CARTESIAN_POINT('Origin',(161.675067489743,147.67506629765,15.85));
#3992=CARTESIAN_POINT('',(168.925067489743,148.92506629765,15.85));
#3993=CARTESIAN_POINT('',(168.925067489743,142.42506629765,15.85));
#3994=CARTESIAN_POINT('',(168.925067489743,87.3643847503787,15.85));
#3995=CARTESIAN_POINT('',(162.925067489743,154.92506629765,15.85));
#3996=CARTESIAN_POINT('Origin',(162.925067489743,148.92506629765,15.85));
#3997=CARTESIAN_POINT('',(156.425067489743,154.92506629765,15.85));
#3998=CARTESIAN_POINT('',(74.3750011920929,154.92506629765,15.85));
#3999=CARTESIAN_POINT('',(156.425067489743,142.42506629765,15.85));
#4000=CARTESIAN_POINT('',(156.425067489743,144.05006629765,15.85));
#4001=CARTESIAN_POINT('',(165.300067489743,142.42506629765,15.85));
#4002=CARTESIAN_POINT('',(163.775067489743,147.67506629765,15.85));
#4003=CARTESIAN_POINT('Origin',(161.675067489743,147.67506629765,15.85));
#4004=CARTESIAN_POINT('Origin',(-12.9250651055572,154.92506629765,-0.25));
#4005=CARTESIAN_POINT('',(156.425067489743,154.92506629765,7.));
#4006=CARTESIAN_POINT('',(162.925067489743,154.92506629765,16.05));
#4007=CARTESIAN_POINT('',(162.925067489743,154.92506629765,-0.25));
#4008=CARTESIAN_POINT('',(-2.92506510555718,154.92506629765,16.05));
#4009=CARTESIAN_POINT('',(33.5374680432678,154.92506629765,16.05));
#4010=CARTESIAN_POINT('',(-2.92506510555718,154.92506629765,15.85));
#4011=CARTESIAN_POINT('',(-2.92506510555718,154.92506629765,-0.25));
#4012=CARTESIAN_POINT('',(3.57493489444283,154.92506629765,15.85));
#4013=CARTESIAN_POINT('',(-7.30006510555718,154.92506629765,15.85));
#4014=CARTESIAN_POINT('',(3.57493489444283,154.92506629765,7.));
#4015=CARTESIAN_POINT('',(91.5505114865625,154.92506629765,6.25));
#4016=CARTESIAN_POINT('',(91.5505114865625,154.92506629765,1.75));
#4017=CARTESIAN_POINT('',(96.4494909721289,154.92506629765,6.25));
#4018=CARTESIAN_POINT('',(40.5374680618943,154.92506629765,6.25));
#4019=CARTESIAN_POINT('',(96.4494909721289,154.92506629765,2.75));
#4020=CARTESIAN_POINT('',(96.4494909721289,154.92506629765,1.75));
#4021=CARTESIAN_POINT('',(60.5999680432678,154.92506629765,2.75));
#4022=CARTESIAN_POINT('Origin',(162.925067489743,148.92506629765,-0.25));
#4023=CARTESIAN_POINT('',(168.925067489743,148.92506629765,16.05));
#4024=CARTESIAN_POINT('',(168.925067489743,148.92506629765,-0.25));
#4025=CARTESIAN_POINT('Origin',(162.925067489743,148.92506629765,16.05));
#4026=CARTESIAN_POINT('Origin',(-1.67506510555717,147.67506629765,15.85));
#4027=CARTESIAN_POINT('',(3.57493489444283,142.42506629765,15.85));
#4028=CARTESIAN_POINT('',(3.57493489444283,151.30006629765,15.85));
#4029=CARTESIAN_POINT('',(-8.92506510555718,148.92506629765,15.85));
#4030=CARTESIAN_POINT('Origin',(-2.92506510555718,148.92506629765,15.85));
#4031=CARTESIAN_POINT('',(-8.92506510555719,142.42506629765,15.85));
#4032=CARTESIAN_POINT('',(-8.92506510555718,87.3643847503787,15.85));
#4033=CARTESIAN_POINT('',(83.6250011920929,142.42506629765,15.85));
#4034=CARTESIAN_POINT('',(0.424934894442828,147.67506629765,15.85));
#4035=CARTESIAN_POINT('Origin',(-1.67506510555717,147.67506629765,15.85));
#4036=CARTESIAN_POINT('Origin',(-8.92506510555718,27.0537032031074,-0.25));
#4037=CARTESIAN_POINT('',(-8.92506510555718,142.42506629765,7.));
#4038=CARTESIAN_POINT('',(-8.92506510555718,148.92506629765,16.05));
#4039=CARTESIAN_POINT('',(-8.92506510555718,148.92506629765,-0.25));
#4040=CARTESIAN_POINT('',(-8.92506510555718,27.0537032031073,16.05));
#4041=CARTESIAN_POINT('',(-8.92506510555718,60.521543976743,16.05));
#4042=CARTESIAN_POINT('',(-8.92506510555718,27.0537032031073,0.750000000000001));
#4043=CARTESIAN_POINT('',(-8.92506510555718,47.0747032031073,13.25));
#4044=CARTESIAN_POINT('',(-8.92506510555718,32.5589532031074,13.25));
#4045=CARTESIAN_POINT('',(-8.92506510555718,47.0747032031073,4.375));
#4046=CARTESIAN_POINT('Origin',(-2.92506510555718,148.92506629765,-0.25));
#4047=CARTESIAN_POINT('Origin',(-2.92506510555718,148.92506629765,16.05));
#4048=CARTESIAN_POINT('Origin',(25.2000011920928,36.9537032031074,2.25));
#4049=CARTESIAN_POINT('',(25.7000011920928,29.0537032031073,2.75));
#4050=CARTESIAN_POINT('',(28.9812511920928,29.0537032031073,6.03125));
#4051=CARTESIAN_POINT('',(25.7000011920928,47.0744324637496,2.75));
#4052=CARTESIAN_POINT('',(25.7000011920928,36.9537032031074,2.75));
#4053=CARTESIAN_POINT('',(25.2000011920933,47.0744324637497,2.25000000000053));
#4054=CARTESIAN_POINT('Origin',(25.7000011920928,37.2537032031074,3.8));
#4055=CARTESIAN_POINT('',(25.7000011920928,29.0537032031073,6.9));
#4056=CARTESIAN_POINT('',(25.7000011920928,29.0537032031073,4.0625));
#4057=CARTESIAN_POINT('',(25.7000011920928,47.0744324637496,6.9));
#4058=CARTESIAN_POINT('',(25.7000011920928,47.0744324637496,6.9));
#4059=CARTESIAN_POINT('',(25.7000011920928,47.0744324637496,1.74999999999999));
#4060=CARTESIAN_POINT('Origin',(51.9500011920928,41.8537032031073,2.25));
#4061=CARTESIAN_POINT('',(51.4500011920928,47.0744324637442,2.75));
#4062=CARTESIAN_POINT('',(45.5125011920931,47.0744324637455,8.68749999999973));
#4063=CARTESIAN_POINT('',(51.4500011920928,29.0537032031074,2.75));
#4064=CARTESIAN_POINT('',(51.4500011920928,41.8537032031073,2.75));
#4065=CARTESIAN_POINT('',(48.0062511920928,29.0537032031073,6.19375000000001));
#4066=CARTESIAN_POINT('Origin',(66.2249680432678,47.5747032031073,2.25));
#4067=CARTESIAN_POINT('',(9.13500444496915,35.0146336525811,14.8100695505263));
#4068=CARTESIAN_POINT('',(66.2249680432678,47.0747032031073,2.75));
#4069=CARTESIAN_POINT('Origin',(60.5999680432678,154.42506629765,2.25));
#4070=CARTESIAN_POINT('Ctrl Pts',(96.4494909721289,154.92506629765,2.75000000000001));
#4071=CARTESIAN_POINT('Ctrl Pts',(96.8246525504033,154.618748151694,2.44368185404348));
#4072=CARTESIAN_POINT('Ctrl Pts',(97.1651321275306,154.270287945475,2.09522164782506));
#4073=CARTESIAN_POINT('Ctrl Pts',(97.4641028444834,153.92506629765,1.75000000000001));
#4074=CARTESIAN_POINT('Origin',(94.0000012293457,154.42506629765,2.25));
#4075=CARTESIAN_POINT('Origin',(94.0000012293457,154.42506629765,2.75));
#4076=CARTESIAN_POINT('Origin',(-1.67506510555718,47.0747032031073,9.));
#4077=CARTESIAN_POINT('',(3.57493489444283,47.0747032031073,13.25));
#4078=CARTESIAN_POINT('',(-1.67506510555718,47.0747032031073,13.25));
#4079=CARTESIAN_POINT('',(3.57493489444283,47.0747032031073,11.625));
#4080=CARTESIAN_POINT('',(-3.77506510555718,47.0747032031073,8.8));
#4081=CARTESIAN_POINT('Origin',(-1.67506510555718,47.0747032031073,8.8));
#4082=CARTESIAN_POINT('Origin',(168.925067489743,142.42506629765,14.25));
#4083=CARTESIAN_POINT('',(3.57493489444282,142.42506629765,14.25));
#4084=CARTESIAN_POINT('Origin',(3.57493489444283,154.92506629765,14.25));
#4085=CARTESIAN_POINT('Origin',(94.0000012293457,154.42506629765,1.75));
#4086=CARTESIAN_POINT('Origin',(94.0000012293457,154.42506629765,6.25));
#4087=CARTESIAN_POINT('Origin',(156.425067489743,140.42506629765,14.25));
#4088=CARTESIAN_POINT('',(156.425067489743,142.42506629765,14.25));
#4089=CARTESIAN_POINT('Origin',(168.925067489743,142.42506629765,14.25));
#4090=CARTESIAN_POINT('',(168.925067489743,142.42506629765,15.25));
#4091=CARTESIAN_POINT('Origin',(168.925067489743,27.0537032031073,16.25));
#4092=CARTESIAN_POINT('',(168.925067489743,47.0747032031073,13.25));
#4093=CARTESIAN_POINT('',(168.925067489743,47.0747032031073,4.375));
#4094=CARTESIAN_POINT('',(168.925067489743,32.5589532031074,13.25));
#4095=CARTESIAN_POINT('',(168.925067489743,27.0537032031073,16.05));
#4096=CARTESIAN_POINT('',(168.925067489743,27.0537032031073,8.));
#4097=CARTESIAN_POINT('',(168.925067489743,60.521543976743,16.05));
#4098=CARTESIAN_POINT('Origin',(161.675067489743,47.0747032031073,9.));
#4099=CARTESIAN_POINT('',(161.675067489743,47.0747032031073,13.25));
#4100=CARTESIAN_POINT('',(159.575067489743,47.0747032031073,8.8));
#4101=CARTESIAN_POINT('Origin',(161.675067489743,47.0747032031073,8.8));
#4102=CARTESIAN_POINT('Origin',(121.462534340918,47.5749348944428,15.75));
#4103=CARTESIAN_POINT('',(161.925067489743,48.0749348944428,16.25));
#4104=CARTESIAN_POINT('',(-1.92506510555719,48.0749348944428,16.25));
#4105=CARTESIAN_POINT('',(121.462534340918,48.0749348944428,16.25));
#4106=CARTESIAN_POINT('',(-2.92506510555718,47.0749348944428,15.25));
#4107=CARTESIAN_POINT('',(-1.92506510555719,48.0749348944428,16.25));
#4108=CARTESIAN_POINT('',(162.925067489743,47.0749348944428,15.25));
#4109=CARTESIAN_POINT('',(121.462534340918,47.0749348944428,15.25));
#4110=CARTESIAN_POINT('',(161.925067489743,48.0749348944428,16.25));
#4111=CARTESIAN_POINT('Origin',(-2.42506510555719,68.5374677452446,15.75));
#4112=CARTESIAN_POINT('',(-1.92506510555721,131.92506629765,16.25));
#4113=CARTESIAN_POINT('',(-1.92506510555719,68.5374677452446,16.25));
#4114=CARTESIAN_POINT('',(-2.9250651055572,132.92506629765,15.25));
#4115=CARTESIAN_POINT('',(-1.92506510555721,131.92506629765,16.25));
#4116=CARTESIAN_POINT('',(-2.92506510555718,68.5374677452446,15.25));
#4117=CARTESIAN_POINT('Origin',(38.5374680432679,132.42506629765,15.75));
#4118=CARTESIAN_POINT('',(161.925067489743,131.92506629765,16.25));
#4119=CARTESIAN_POINT('',(38.5374680432679,131.92506629765,16.25));
#4120=CARTESIAN_POINT('',(162.925067489743,132.92506629765,15.25));
#4121=CARTESIAN_POINT('',(161.925067489743,131.92506629765,16.25));
#4122=CARTESIAN_POINT('',(38.5374680432679,132.92506629765,15.25));
#4123=CARTESIAN_POINT('Origin',(162.425067489743,111.462533446848,15.75));
#4124=CARTESIAN_POINT('',(162.925067489743,111.462533446848,15.25));
#4125=CARTESIAN_POINT('',(161.925067489743,111.462533446848,16.25));
#4126=CARTESIAN_POINT('Origin',(162.925067489743,132.92506629765,-0.25));
#4127=CARTESIAN_POINT('',(162.925067489743,47.0749348944428,2.74999999999998));
#4128=CARTESIAN_POINT('',(162.925067489743,47.0749348944428,-0.25));
#4129=CARTESIAN_POINT('',(162.925067489743,132.92506629765,2.75));
#4130=CARTESIAN_POINT('',(162.925067489743,84.7893847503787,2.75));
#4131=CARTESIAN_POINT('',(162.925067489743,132.92506629765,15.75));
#4132=CARTESIAN_POINT('Origin',(162.925067489743,47.0749348944428,-0.25));
#4133=CARTESIAN_POINT('',(-2.92506510555718,47.0749348944428,15.75));
#4134=CARTESIAN_POINT('',(69.4750011920928,47.0749348944428,6.7));
#4135=CARTESIAN_POINT('',(69.4750011920928,47.0749348944428,3.8));
#4136=CARTESIAN_POINT('',(90.5250011920928,47.0749348944428,6.7));
#4137=CARTESIAN_POINT('',(106.725034340918,47.0749348944428,6.7));
#4138=CARTESIAN_POINT('',(90.5250011920928,47.0749348944428,2.74999999999998));
#4139=CARTESIAN_POINT('',(90.5250011920928,47.0749348944428,0.749999999999997));
#4140=CARTESIAN_POINT('',(148.525034340918,47.0749348944428,2.74999999999998));
#4141=CARTESIAN_POINT('Origin',(80.0000011920929,90.0000005960464,16.25));
#4142=CARTESIAN_POINT('',(12.4510823167948,115.749917683205,16.25));
#4143=CARTESIAN_POINT('',(147.499917683205,115.749917683205,16.25));
#4144=CARTESIAN_POINT('',(117.195459437649,115.749917683205,16.25));
#4145=CARTESIAN_POINT('',(148.999917683205,114.249917683205,16.25));
#4146=CARTESIAN_POINT('Origin',(147.499917683205,114.249917683205,16.25));
#4147=CARTESIAN_POINT('',(148.999917683205,65.7500823167948,16.25));
#4148=CARTESIAN_POINT('',(148.999917683205,72.8045414564207,16.25));
#4149=CARTESIAN_POINT('',(147.499917683205,64.2500823167949,16.25));
#4150=CARTESIAN_POINT('Origin',(147.499917683205,65.7500823167948,16.25));
#4151=CARTESIAN_POINT('',(12.4510823167949,64.2500823167949,16.25));
#4152=CARTESIAN_POINT('',(42.8045417544439,64.2500823167949,16.25));
#4153=CARTESIAN_POINT('',(10.9510823167949,65.7500823167948,16.25));
#4154=CARTESIAN_POINT('Origin',(12.4510823167949,65.7500823167948,16.25));
#4155=CARTESIAN_POINT('',(10.9510823167949,114.249917683205,16.25));
#4156=CARTESIAN_POINT('',(10.9510823167949,107.195459139626,16.25));
#4157=CARTESIAN_POINT('Origin',(12.4510823167948,114.249917683205,16.25));
#4158=CARTESIAN_POINT('',(9.1000003372319,75.0000011874363,16.25));
#4159=CARTESIAN_POINT('Origin',(7.1000003372319,75.0000011874363,16.25));
#4160=CARTESIAN_POINT('',(154.90000726236,105.00000261236,16.25));
#4161=CARTESIAN_POINT('Origin',(152.90000726236,105.00000261236,16.25));
#4162=CARTESIAN_POINT('',(19.5847672368237,122.677998666034,16.25));
#4163=CARTESIAN_POINT('Origin',(17.7097672368237,122.677998666034,16.25));
#4164=CARTESIAN_POINT('',(144.184767236824,122.677998666034,16.25));
#4165=CARTESIAN_POINT('Origin',(142.309767236824,122.677998666034,16.25));
#4166=CARTESIAN_POINT('',(19.5847672368237,57.677998666034,16.25));
#4167=CARTESIAN_POINT('Origin',(17.7097672368237,57.677998666034,16.25));
#4168=CARTESIAN_POINT('',(144.184767236824,57.677998666034,16.25));
#4169=CARTESIAN_POINT('Origin',(142.309767236824,57.677998666034,16.25));
#4170=CARTESIAN_POINT('Origin',(91.0250011920928,41.9037032031074,2.24999999999999));
#4171=CARTESIAN_POINT('',(90.5250011920928,29.0537032031074,2.74999999999998));
#4172=CARTESIAN_POINT('',(90.5250011920928,41.9037032031074,2.74999999999998));
#4173=CARTESIAN_POINT('',(93.5187511920929,29.0537032031074,-0.243750000000019));
#4174=CARTESIAN_POINT('',(91.5250011920928,46.0749348944428,1.75));
#4175=CARTESIAN_POINT('Origin',(148.525034340918,46.5749348944428,2.25));
#4176=CARTESIAN_POINT('',(163.925067489743,46.0749348944428,1.75));
#4177=CARTESIAN_POINT('Origin',(163.425067489743,84.7893847503787,2.25));
#4178=CARTESIAN_POINT('',(163.925067489743,133.92506629765,1.75));
#4179=CARTESIAN_POINT('Origin',(65.5999680432678,133.42506629765,2.25000000000001));
#4180=CARTESIAN_POINT('',(-2.9250651055572,132.92506629765,2.75000000000001));
#4181=CARTESIAN_POINT('',(-3.9250651055572,133.92506629765,1.75));
#4182=CARTESIAN_POINT('',(91.5505114789583,132.92506629765,2.75));
#4183=CARTESIAN_POINT('',(65.5999680432678,132.92506629765,2.75000000000001));
#4184=CARTESIAN_POINT('Ctrl Pts',(91.5505114789583,132.92506629765,2.75));
#4185=CARTESIAN_POINT('Ctrl Pts',(91.1753499056358,133.231384444318,2.44368185333202));
#4186=CARTESIAN_POINT('Ctrl Pts',(90.8348703328845,133.579844650292,2.09522164735762));
#4187=CARTESIAN_POINT('Ctrl Pts',(90.535899619585,133.92506629765,1.74999999999999));
#4188=CARTESIAN_POINT('Origin',(-3.42506510555718,41.8643190487751,2.25));
#4189=CARTESIAN_POINT('',(-2.92506510555718,41.8643190487751,2.75));
#4190=CARTESIAN_POINT('Origin',(68.9750011920928,41.9037032031074,2.25));
#4191=CARTESIAN_POINT('',(69.4750011920928,29.0537032031073,2.75));
#4192=CARTESIAN_POINT('',(78.0187511920928,29.0537032031074,11.29375));
#4193=CARTESIAN_POINT('',(69.4750011920928,41.9037032031074,2.75));
#4194=CARTESIAN_POINT('Origin',(94.0000012293457,133.425066260397,2.25));
#4195=CARTESIAN_POINT('',(96.4494909797331,132.92506629765,2.75));
#4196=CARTESIAN_POINT('Origin',(94.0000012293457,133.425066260397,2.75));
#4197=CARTESIAN_POINT('Ctrl Pts',(96.4494909797331,132.92506629765,2.75));
#4198=CARTESIAN_POINT('Ctrl Pts',(96.8246525530556,133.231384444318,2.44368185333205));
#4199=CARTESIAN_POINT('Ctrl Pts',(97.1651321258068,133.579844650292,2.09522164735775));
#4200=CARTESIAN_POINT('Ctrl Pts',(97.4641028391065,133.92506629765,1.75));
#4201=CARTESIAN_POINT('Origin',(65.5999680432678,133.42506629765,2.25));
#4202=CARTESIAN_POINT('',(65.5999680432678,132.92506629765,2.75));
#4203=CARTESIAN_POINT('Origin',(90.5250011920928,47.1537032031074,1.75));
#4204=CARTESIAN_POINT('',(90.5250011920928,29.0537032031074,6.7));
#4205=CARTESIAN_POINT('',(90.5250011920928,47.1537032031074,6.7));
#4206=CARTESIAN_POINT('',(90.5250011920928,29.0537032031074,3.0375));
#4207=CARTESIAN_POINT('Origin',(161.675067489743,38.0642032031073,13.25));
#4208=CARTESIAN_POINT('Origin',(-1.67506510555718,38.0642032031073,13.25));
#4209=CARTESIAN_POINT('',(3.57493489444283,96.4946347503787,13.25));
#4210=CARTESIAN_POINT('Origin',(3.57493489444283,154.92506629765,14.25));
#4211=CARTESIAN_POINT('Origin',(-1.67506510555717,147.67506629765,14.25));
#4212=CARTESIAN_POINT('',(0.424934894442828,147.67506629765,1.75));
#4213=CARTESIAN_POINT('Origin',(-1.67506510555717,147.67506629765,1.75));
#4214=CARTESIAN_POINT('',(0.424934894442828,147.67506629765,14.25));
#4215=CARTESIAN_POINT('Origin',(134.125001192093,36.6537032031074,1.75));
#4216=CARTESIAN_POINT('Origin',(161.675067489743,147.67506629765,14.25));
#4217=CARTESIAN_POINT('',(163.775067489743,147.67506629765,1.75));
#4218=CARTESIAN_POINT('Origin',(161.675067489743,147.67506629765,1.75));
#4219=CARTESIAN_POINT('',(163.775067489743,147.67506629765,14.25));
#4220=CARTESIAN_POINT('Origin',(80.0000011920929,93.9893847503787,16.05));
#4221=CARTESIAN_POINT('',(170.925067489743,27.0537032031073,16.05));
#4222=CARTESIAN_POINT('',(94.5625011920928,27.0537032031073,16.05));
#4223=CARTESIAN_POINT('',(170.925067489743,148.92506629765,16.05));
#4224=CARTESIAN_POINT('',(170.925067489743,60.521543976743,16.05));
#4225=CARTESIAN_POINT('',(162.925067489743,156.92506629765,16.05));
#4226=CARTESIAN_POINT('Origin',(162.925067489743,148.92506629765,16.05));
#4227=CARTESIAN_POINT('',(-2.92506510555718,156.92506629765,16.05));
#4228=CARTESIAN_POINT('',(127.462534340918,156.92506629765,16.05));
#4229=CARTESIAN_POINT('',(-10.9250651055572,148.92506629765,16.05));
#4230=CARTESIAN_POINT('Origin',(-2.92506510555718,148.92506629765,16.05));
#4231=CARTESIAN_POINT('',(-10.9250651055572,27.0537032031073,16.05));
#4232=CARTESIAN_POINT('',(-10.9250651055572,127.457225524014,16.05));
#4233=CARTESIAN_POINT('',(94.5625011920928,27.0537032031073,16.05));
#4234=CARTESIAN_POINT('Origin',(161.675067489743,27.0537032031073,8.8));
#4235=CARTESIAN_POINT('',(159.575067489743,27.0537032031073,8.8));
#4236=CARTESIAN_POINT('Origin',(134.125001192093,36.6537032031074,1.75));
#4237=CARTESIAN_POINT('Origin',(-1.67506510555718,27.0537032031073,8.8));
#4238=CARTESIAN_POINT('',(-3.77506510555718,27.0537032031073,8.8));
#4239=CARTESIAN_POINT('Origin',(134.125001192093,36.6537032031074,-0.25));
#4240=CARTESIAN_POINT('',(170.125067489743,27.0537032031073,-0.25));
#4241=CARTESIAN_POINT('',(170.125067489743,148.92506629765,-0.25));
#4242=CARTESIAN_POINT('',(170.125067489743,31.8537032031073,-0.25));
#4243=CARTESIAN_POINT('',(-10.1250651055572,27.0537032031073,-0.25));
#4244=CARTESIAN_POINT('',(121.625001192093,27.0537032031073,-0.25));
#4245=CARTESIAN_POINT('',(-10.1250651055572,148.92506629765,-0.25));
#4246=CARTESIAN_POINT('',(-10.1250651055572,98.7893847503787,-0.25));
#4247=CARTESIAN_POINT('',(-2.92506510555718,156.12506629765,-0.25));
#4248=CARTESIAN_POINT('Origin',(-2.92506510555718,148.92506629765,-0.25));
#4249=CARTESIAN_POINT('',(162.925067489743,156.12506629765,-0.25));
#4250=CARTESIAN_POINT('',(154.525034340918,156.12506629765,-0.25));
#4251=CARTESIAN_POINT('Origin',(162.925067489743,148.92506629765,-0.25));
#4252=CARTESIAN_POINT('',(85.5000011920928,143.92506629765,-0.25));
#4253=CARTESIAN_POINT('Origin',(80.0000011920928,143.92506629765,-0.25));
#4254=CARTESIAN_POINT('',(-0.350000000000001,49.65,-0.25));
#4255=CARTESIAN_POINT('',(-0.350000000000001,130.35,-0.25));
#4256=CARTESIAN_POINT('',(-0.350000000000001,63.3268516015537,-0.25));
#4257=CARTESIAN_POINT('',(160.35,49.65,-0.25));
#4258=CARTESIAN_POINT('',(107.062500596046,49.65,-0.25));
#4259=CARTESIAN_POINT('',(160.35,130.35,-0.25));
#4260=CARTESIAN_POINT('',(160.35,63.3268516015537,-0.25));
#4261=CARTESIAN_POINT('',(107.062500596046,130.35,-0.25));
#4262=CARTESIAN_POINT('',(82.5000011920928,40.6537032031073,-0.25));
#4263=CARTESIAN_POINT('',(82.5000011920928,35.0037032031074,-0.25));
#4264=CARTESIAN_POINT('',(82.5000011920928,39.2037032031074,-0.25));
#4265=CARTESIAN_POINT('',(81.0000011920928,42.1537032031074,-0.25));
#4266=CARTESIAN_POINT('Origin',(81.0000011920928,40.6537032031073,-0.25));
#4267=CARTESIAN_POINT('',(79.0000011920928,42.1537032031074,-0.25));
#4268=CARTESIAN_POINT('',(86.3125011920928,42.1537032031074,-0.25));
#4269=CARTESIAN_POINT('',(77.5000011920928,40.6537032031073,-0.25));
#4270=CARTESIAN_POINT('Origin',(79.0000011920928,40.6537032031073,-0.25));
#4271=CARTESIAN_POINT('',(77.5000011920928,35.0037032031074,-0.25));
#4272=CARTESIAN_POINT('',(77.5000011920928,35.8787032031074,-0.25));
#4273=CARTESIAN_POINT('',(79.0000011920928,33.5037032031074,-0.25));
#4274=CARTESIAN_POINT('Origin',(79.0000011920928,35.0037032031074,-0.25));
#4275=CARTESIAN_POINT('',(81.0000011920928,33.5037032031074,-0.25));
#4276=CARTESIAN_POINT('',(87.8125011920928,33.5037032031074,-0.25));
#4277=CARTESIAN_POINT('Origin',(81.0000011920928,35.0037032031074,-0.25));
#4278=CARTESIAN_POINT('Origin',(-0.250000000000001,63.3268516015537,-0.15));
#4279=CARTESIAN_POINT('',(-0.150000000000001,130.15,-0.05));
#4280=CARTESIAN_POINT('',(-0.350000000000001,130.35,-0.25));
#4281=CARTESIAN_POINT('',(-0.150000000000001,49.85,-0.05));
#4282=CARTESIAN_POINT('',(-0.15,63.3268516015537,-0.05));
#4283=CARTESIAN_POINT('',(-0.150000000000001,49.85,-0.05));
#4284=CARTESIAN_POINT('Origin',(107.062500596046,130.25,-0.15));
#4285=CARTESIAN_POINT('',(160.15,130.15,-0.05));
#4286=CARTESIAN_POINT('',(160.35,130.35,-0.25));
#4287=CARTESIAN_POINT('',(107.062500596046,130.15,-0.05));
#4288=CARTESIAN_POINT('Origin',(160.25,63.3268516015537,-0.15));
#4289=CARTESIAN_POINT('',(160.15,49.85,-0.05));
#4290=CARTESIAN_POINT('',(160.15,63.3268516015537,-0.05));
#4291=CARTESIAN_POINT('',(160.15,49.85,-0.05));
#4292=CARTESIAN_POINT('Origin',(107.062500596046,49.75,-0.15));
#4293=CARTESIAN_POINT('',(107.062500596046,49.85,-0.05));
#4294=CARTESIAN_POINT('Origin',(80.,49.85,1.25));
#4295=CARTESIAN_POINT('',(-0.150000000000003,49.85,2.50468293128221));
#4296=CARTESIAN_POINT('',(-0.150000000000001,49.85,1.25));
#4297=CARTESIAN_POINT('',(160.15,49.85,2.5046829312821));
#4298=CARTESIAN_POINT('',(80.,49.85,2.50468293128221));
#4299=CARTESIAN_POINT('',(160.15,49.85,1.25));
#4300=CARTESIAN_POINT('Origin',(-0.15,90.,1.25));
#4301=CARTESIAN_POINT('',(-0.149999999999999,130.15,2.50468293128224));
#4302=CARTESIAN_POINT('',(-0.150000000000001,130.15,1.25));
#4303=CARTESIAN_POINT('',(-0.15,90.,2.50468293128221));
#4304=CARTESIAN_POINT('Origin',(-10.5250651055572,98.7893847503787,0.150000000000001));
#4305=CARTESIAN_POINT('',(-10.9250651055572,27.0537032031073,0.550000000000001));
#4306=CARTESIAN_POINT('',(19.4874514688553,27.0537032031073,-29.8625165744125));
#4307=CARTESIAN_POINT('',(-10.9250651055572,148.92506629765,0.550000000000001));
#4308=CARTESIAN_POINT('',(-10.9250651055572,98.7893847503787,0.550000000000001));
#4309=CARTESIAN_POINT('',(-10.9250651055572,148.92506629765,0.550000000000001));
#4310=CARTESIAN_POINT('Origin',(-2.92506510555718,148.92506629765,0.150000000000001));
#4311=CARTESIAN_POINT('',(-2.92506510555718,156.92506629765,0.550000000000001));
#4312=CARTESIAN_POINT('Origin',(-2.92506510555718,148.92506629765,0.550000000000001));
#4313=CARTESIAN_POINT('',(-2.92506510555718,156.92506629765,0.550000000000001));
#4314=CARTESIAN_POINT('Origin',(154.525034340918,156.52506629765,0.150000000000001));
#4315=CARTESIAN_POINT('',(162.925067489743,156.92506629765,0.550000000000001));
#4316=CARTESIAN_POINT('',(162.925067489743,156.92506629765,0.550000000000001));
#4317=CARTESIAN_POINT('',(154.525034340918,156.92506629765,0.550000000000001));
#4318=CARTESIAN_POINT('Origin',(162.925067489743,148.92506629765,0.150000000000001));
#4319=CARTESIAN_POINT('',(170.925067489743,148.92506629765,0.550000000000001));
#4320=CARTESIAN_POINT('Origin',(162.925067489743,148.92506629765,0.550000000000001));
#4321=CARTESIAN_POINT('',(170.925067489743,148.92506629765,0.550000000000001));
#4322=CARTESIAN_POINT('Origin',(170.525067489743,31.8537032031073,0.150000000000001));
#4323=CARTESIAN_POINT('',(170.925067489743,27.0537032031073,0.550000000000001));
#4324=CARTESIAN_POINT('',(155.075050915331,27.0537032031073,-15.3000165744125));
#4325=CARTESIAN_POINT('',(170.925067489743,31.8537032031073,0.550000000000001));
#4326=CARTESIAN_POINT('Origin',(162.925067489743,148.92506629765,-0.25));
#4327=CARTESIAN_POINT('',(162.925067489743,156.92506629765,-0.25));
#4328=CARTESIAN_POINT('',(170.925067489743,148.92506629765,-0.25));
#4329=CARTESIAN_POINT('Origin',(174.925067489743,156.92506629765,-0.25));
#4330=CARTESIAN_POINT('',(-2.92506510555718,156.92506629765,-0.25));
#4331=CARTESIAN_POINT('Origin',(-2.92506510555718,148.92506629765,-0.25));
#4332=CARTESIAN_POINT('',(-10.9250651055572,148.92506629765,-0.25));
#4333=CARTESIAN_POINT('Origin',(-10.9250651055572,160.92506629765,-0.25));
#4334=CARTESIAN_POINT('',(-10.9250651055572,27.0537032031073,-0.25));
#4335=CARTESIAN_POINT('Origin',(170.925067489743,27.0537032031073,-0.25));
#4336=CARTESIAN_POINT('',(170.925067489743,27.0537032031073,-0.25));
#4337=CARTESIAN_POINT('Origin',(0.61533231679487,129.384667683205,14.75));
#4338=CARTESIAN_POINT('',(0.615332316794866,50.6153323167948,14.75));
#4339=CARTESIAN_POINT('',(0.615332316794855,129.384667683205,14.75));
#4340=CARTESIAN_POINT('',(0.61533231679487,106.399999918416,14.75));
#4341=CARTESIAN_POINT('',(0.615332316794852,129.384667683205,15.25));
#4342=CARTESIAN_POINT('',(0.615332316794855,129.384667683205,14.75));
#4343=CARTESIAN_POINT('',(0.61533231679487,50.6153323167948,15.25));
#4344=CARTESIAN_POINT('',(0.61533231679487,106.399999918416,15.25));
#4345=CARTESIAN_POINT('',(0.615332316794866,50.6153323167948,14.75));
#4346=CARTESIAN_POINT('Origin',(159.384667683205,129.384667683205,14.75));
#4347=CARTESIAN_POINT('',(159.384667683205,129.384667683205,14.75));
#4348=CARTESIAN_POINT('',(116.399998292327,129.384667683205,14.75));
#4349=CARTESIAN_POINT('',(159.384667683205,129.384667683205,15.25));
#4350=CARTESIAN_POINT('',(159.384667683205,129.384667683205,14.75));
#4351=CARTESIAN_POINT('',(116.399998292327,129.384667683205,15.25));
#4352=CARTESIAN_POINT('Origin',(159.384667683205,50.6153323167948,14.75));
#4353=CARTESIAN_POINT('',(159.384667683205,50.6153323167948,14.75));
#4354=CARTESIAN_POINT('',(159.384667683205,106.399999918416,14.75));
#4355=CARTESIAN_POINT('',(159.384667683205,50.6153323167948,15.25));
#4356=CARTESIAN_POINT('',(159.384667683205,50.6153323167948,14.75));
#4357=CARTESIAN_POINT('',(159.384667683205,106.399999918416,15.25));
#4358=CARTESIAN_POINT('Origin',(0.61533231679487,50.6153323167948,14.75));
#4359=CARTESIAN_POINT('',(116.399998292327,50.6153323167948,14.75));
#4360=CARTESIAN_POINT('',(116.399998292327,50.6153323167948,15.25));
#4361=CARTESIAN_POINT('Origin',(152.799996584654,122.799999836832,15.25));
#4362=CARTESIAN_POINT('',(12.4510823167948,115.749917683205,15.25));
#4363=CARTESIAN_POINT('',(147.499917683205,115.749917683205,15.25));
#4364=CARTESIAN_POINT('',(153.59545713393,115.749917683205,15.25));
#4365=CARTESIAN_POINT('',(10.9510823167949,114.249917683205,15.25));
#4366=CARTESIAN_POINT('Origin',(12.4510823167948,114.249917683205,15.25));
#4367=CARTESIAN_POINT('',(10.9510823167949,65.7500823167948,15.25));
#4368=CARTESIAN_POINT('',(10.9510823167949,123.595458760019,15.25));
#4369=CARTESIAN_POINT('',(12.4510823167948,64.2500823167949,15.25));
#4370=CARTESIAN_POINT('Origin',(12.4510823167949,65.7500823167948,15.25));
#4371=CARTESIAN_POINT('',(147.499917683205,64.2500823167949,15.25));
#4372=CARTESIAN_POINT('',(79.2045394507244,64.2500823167949,15.25));
#4373=CARTESIAN_POINT('',(148.999917683205,65.7500823167948,15.25));
#4374=CARTESIAN_POINT('Origin',(147.499917683205,65.7500823167948,15.25));
#4375=CARTESIAN_POINT('',(148.999917683205,114.249917683205,15.25));
#4376=CARTESIAN_POINT('',(148.999917683205,89.2045410768136,15.25));
#4377=CARTESIAN_POINT('Origin',(147.499917683205,114.249917683205,15.25));
#4378=CARTESIAN_POINT('',(9.1000003372319,75.0000011874363,15.25));
#4379=CARTESIAN_POINT('Origin',(7.1000003372319,75.0000011874363,15.25));
#4380=CARTESIAN_POINT('',(154.90000726236,105.00000261236,15.25));
#4381=CARTESIAN_POINT('Origin',(152.90000726236,105.00000261236,15.25));
#4382=CARTESIAN_POINT('',(19.5847672368237,122.677998666034,15.25));
#4383=CARTESIAN_POINT('Origin',(17.7097672368237,122.677998666034,15.25));
#4384=CARTESIAN_POINT('',(144.184767236824,122.677998666034,15.25));
#4385=CARTESIAN_POINT('Origin',(142.309767236824,122.677998666034,15.25));
#4386=CARTESIAN_POINT('',(19.5847672368237,57.677998666034,15.25));
#4387=CARTESIAN_POINT('Origin',(17.7097672368237,57.677998666034,15.25));
#4388=CARTESIAN_POINT('',(144.184767236824,57.677998666034,15.25));
#4389=CARTESIAN_POINT('Origin',(142.309767236824,57.677998666034,15.25));
#4390=CARTESIAN_POINT('Origin',(0.225292113227568,90.,8.50935674292328));
#4391=CARTESIAN_POINT('',(0.456977027517382,50.4569770275174,12.2163153715603));
#4392=CARTESIAN_POINT('',(0.456977027517378,129.543022972483,12.2163153715603));
#4393=CARTESIAN_POINT('Origin',(80.,129.774707886772,8.50935674292328));
#4394=CARTESIAN_POINT('',(160.15,130.15,2.50468293128213));
#4395=CARTESIAN_POINT('',(80.,130.15,2.5046829312822));
#4396=CARTESIAN_POINT('',(159.543022972483,129.543022972483,12.2163153715603));
#4397=CARTESIAN_POINT('Origin',(159.774707886772,90.,8.50935674292328));
#4398=CARTESIAN_POINT('',(160.15,90.,2.50468293128236));
#4399=CARTESIAN_POINT('',(159.543022972483,50.4569770275174,12.2163153715603));
#4400=CARTESIAN_POINT('Origin',(80.,50.2252921132276,8.50935674292328));
#4401=CARTESIAN_POINT('Origin',(87.5250011920928,45.4537032031074,5.85));
#4402=CARTESIAN_POINT('',(87.5250011920928,45.4537032031074,6.7));
#4403=CARTESIAN_POINT('',(72.4750011920928,45.4537032031074,6.7));
#4404=CARTESIAN_POINT('',(89.0250011920928,45.4537032031074,6.7));
#4405=CARTESIAN_POINT('',(72.4750011920928,45.4537032031073,4.95000000000002));
#4406=CARTESIAN_POINT('',(72.4750011920928,45.4537032031073,5.85));
#4407=CARTESIAN_POINT('',(88.1250011920928,45.4537032031074,4.95000000000001));
#4408=CARTESIAN_POINT('',(83.5125011920928,45.4537032031073,4.95000000000002));
#4409=CARTESIAN_POINT('',(87.5250011920928,45.4537032031074,5.55));
#4410=CARTESIAN_POINT('',(87.7000011920928,45.4537032031074,5.375));
#4411=CARTESIAN_POINT('',(87.5250011920928,45.4537032031074,5.85));
#4412=CARTESIAN_POINT('Origin',(12.4510823167948,114.249917683205,14.65));
#4413=CARTESIAN_POINT('',(12.4510823167948,115.749917683205,14.65));
#4414=CARTESIAN_POINT('',(10.9510823167949,114.249917683205,14.65));
#4415=CARTESIAN_POINT('Origin',(10.9510823167949,124.390917683205,14.65));
#4416=CARTESIAN_POINT('',(10.9510823167949,65.7500823167948,14.65));
#4417=CARTESIAN_POINT('Origin',(12.4510823167949,65.7500823167948,14.65));
#4418=CARTESIAN_POINT('',(12.4510823167949,64.2500823167949,14.65));
#4419=CARTESIAN_POINT('Origin',(5.60908231679486,64.2500823167949,14.65));
#4420=CARTESIAN_POINT('',(147.499917683205,64.2500823167949,14.65));
#4421=CARTESIAN_POINT('Origin',(147.499917683205,65.7500823167948,14.65));
#4422=CARTESIAN_POINT('',(148.999917683205,65.7500823167948,14.65));
#4423=CARTESIAN_POINT('Origin',(148.999917683205,55.6090823167948,14.65));
#4424=CARTESIAN_POINT('',(148.999917683205,114.249917683205,14.65));
#4425=CARTESIAN_POINT('Origin',(147.499917683205,114.249917683205,14.65));
#4426=CARTESIAN_POINT('',(147.499917683205,115.749917683205,14.65));
#4427=CARTESIAN_POINT('Origin',(154.390917683205,115.749917683205,14.65));
#4428=CARTESIAN_POINT('Origin',(7.1000003372319,75.0000011874363,15.75));
#4429=CARTESIAN_POINT('',(9.1000003372319,75.0000011874363,15.75));
#4430=CARTESIAN_POINT('Origin',(152.90000726236,105.00000261236,15.75));
#4431=CARTESIAN_POINT('',(154.90000726236,105.00000261236,15.75));
#4432=CARTESIAN_POINT('Origin',(17.7097672368237,122.677998666034,15.75));
#4433=CARTESIAN_POINT('',(19.5847672368237,122.677998666034,15.75));
#4434=CARTESIAN_POINT('Origin',(142.309767236824,122.677998666034,15.75));
#4435=CARTESIAN_POINT('',(144.184767236824,122.677998666034,15.75));
#4436=CARTESIAN_POINT('Origin',(17.7097672368237,57.677998666034,15.75));
#4437=CARTESIAN_POINT('',(19.5847672368237,57.677998666034,15.75));
#4438=CARTESIAN_POINT('Origin',(142.309767236824,57.677998666034,15.75));
#4439=CARTESIAN_POINT('',(144.184767236824,57.677998666034,15.75));
#4440=CARTESIAN_POINT('Origin',(48.4500011920928,44.8537032031074,4.9));
#4441=CARTESIAN_POINT('',(48.4500011920928,44.8537032031074,5.75));
#4442=CARTESIAN_POINT('',(28.0500011920928,44.8537032031074,5.75));
#4443=CARTESIAN_POINT('',(37.7500011920928,44.8537032031074,5.75));
#4444=CARTESIAN_POINT('',(48.4500011920928,44.8537032031074,6.9));
#4445=CARTESIAN_POINT('',(48.4500011920928,44.8537032031074,4.9));
#4446=CARTESIAN_POINT('',(28.0500011920928,44.8537032031074,6.9));
#4447=CARTESIAN_POINT('',(49.9500011920928,44.8537032031074,6.9));
#4448=CARTESIAN_POINT('',(28.0500011920928,44.8537032031074,4.9));
#4449=CARTESIAN_POINT('Origin',(80.,130.15,1.25));
#4450=CARTESIAN_POINT('',(160.15,130.15,1.25));
#4451=CARTESIAN_POINT('Origin',(160.15,90.,1.25));
#4452=CARTESIAN_POINT('Origin',(82.0000011920928,39.2037032031074,0.25));
#4453=CARTESIAN_POINT('',(81.5000011920928,40.6537032031073,0.750000000000001));
#4454=CARTESIAN_POINT('',(81.5000011920928,40.6537032031073,0.750000000000001));
#4455=CARTESIAN_POINT('',(81.5000011920928,35.0037032031074,0.750000000000001));
#4456=CARTESIAN_POINT('',(82.5000011920928,35.0037032031074,-0.25));
#4457=CARTESIAN_POINT('',(81.5000011920928,39.4912032031074,0.750000000000001));
#4458=CARTESIAN_POINT('Origin',(81.0000011920928,40.6537032031073,0.25));
#4459=CARTESIAN_POINT('',(81.0000011920928,41.1537032031074,0.750000000000001));
#4460=CARTESIAN_POINT('Origin',(81.0000011920928,40.6537032031073,0.750000000000001));
#4461=CARTESIAN_POINT('',(81.0000011920928,41.1537032031074,0.750000000000001));
#4462=CARTESIAN_POINT('Origin',(86.3125011920928,41.6537032031074,0.25));
#4463=CARTESIAN_POINT('',(79.0000011920928,41.1537032031074,0.750000000000001));
#4464=CARTESIAN_POINT('',(79.0000011920928,41.1537032031074,0.750000000000001));
#4465=CARTESIAN_POINT('',(79.2500011920928,41.1537032031074,0.750000000000001));
#4466=CARTESIAN_POINT('Origin',(79.0000011920928,40.6537032031073,0.25));
#4467=CARTESIAN_POINT('',(78.5000011920928,40.6537032031073,0.750000000000001));
#4468=CARTESIAN_POINT('Origin',(79.0000011920928,40.6537032031073,0.750000000000001));
#4469=CARTESIAN_POINT('',(78.5000011920928,40.6537032031073,0.750000000000001));
#4470=CARTESIAN_POINT('Origin',(78.0000011920928,35.8787032031074,0.25));
#4471=CARTESIAN_POINT('',(78.5000011920928,35.0037032031074,0.750000000000001));
#4472=CARTESIAN_POINT('',(78.5000011920928,35.0037032031074,0.750000000000001));
#4473=CARTESIAN_POINT('',(78.5000011920928,36.1662032031074,0.750000000000001));
#4474=CARTESIAN_POINT('Origin',(79.0000011920928,35.0037032031074,0.25));
#4475=CARTESIAN_POINT('',(79.0000011920928,34.5037032031074,0.750000000000001));
#4476=CARTESIAN_POINT('Origin',(79.0000011920928,35.0037032031074,0.750000000000001));
#4477=CARTESIAN_POINT('',(79.0000011920928,34.5037032031074,0.750000000000001));
#4478=CARTESIAN_POINT('Origin',(87.8125011920928,34.0037032031074,0.25));
#4479=CARTESIAN_POINT('',(81.0000011920928,34.5037032031074,0.750000000000001));
#4480=CARTESIAN_POINT('',(81.0000011920928,34.5037032031074,0.750000000000001));
#4481=CARTESIAN_POINT('',(80.7500011920928,34.5037032031074,0.750000000000001));
#4482=CARTESIAN_POINT('Origin',(81.0000011920928,35.0037032031074,0.25));
#4483=CARTESIAN_POINT('Origin',(81.0000011920928,35.0037032031074,0.750000000000001));
#4484=CARTESIAN_POINT('Origin',(90.1250011920928,143.92506629765,3.75));
#4485=CARTESIAN_POINT('',(92.5000011920928,143.92506629765,3.75));
#4486=CARTESIAN_POINT('Origin',(90.1250011920928,143.92506629765,3.75));
#4487=CARTESIAN_POINT('Origin',(72.4750011920928,44.8537032031074,5.85));
#4488=CARTESIAN_POINT('',(72.4750011920928,29.0537032031074,6.7));
#4489=CARTESIAN_POINT('',(72.4750011920928,29.0537032031074,5.55));
#4490=CARTESIAN_POINT('',(72.4750011920928,29.0537032031074,5.0875));
#4491=CARTESIAN_POINT('',(72.4750011920928,44.8537032031074,5.55));
#4492=CARTESIAN_POINT('',(72.4750011920928,46.0037032031074,5.55));
#4493=CARTESIAN_POINT('',(72.4750011920928,45.0287032031074,5.375));
#4494=CARTESIAN_POINT('',(72.4750011920928,46.0037032031074,6.7));
#4495=CARTESIAN_POINT('Origin',(71.9750011920928,46.0037032031074,5.05));
#4496=CARTESIAN_POINT('',(71.4750011920928,29.0537032031074,4.55));
#4497=CARTESIAN_POINT('',(79.5687511920928,29.0537032031074,12.64375));
#4498=CARTESIAN_POINT('',(71.4750011920928,45.8537032031074,4.55));
#4499=CARTESIAN_POINT('',(71.4750011920928,47.1537032031074,4.55));
#4500=CARTESIAN_POINT('',(71.4750011920928,45.8537032031074,4.55));
#4501=CARTESIAN_POINT('Origin',(79.5000011920928,45.3537032031074,5.05));
#4502=CARTESIAN_POINT('',(71.4750011920928,46.4537032031073,3.95000000000002));
#4503=CARTESIAN_POINT('',(71.4750011920928,46.6287032031074,3.775));
#4504=CARTESIAN_POINT('',(88.5250011920928,46.4537032031073,3.95000000000002));
#4505=CARTESIAN_POINT('',(79.7500011920928,46.4537032031074,3.95000000000001));
#4506=CARTESIAN_POINT('',(88.5250011920928,45.8537032031074,4.55000000000001));
#4507=CARTESIAN_POINT('',(88.5250011920928,45.6037032031074,4.8));
#4508=CARTESIAN_POINT('',(87.5250011920928,44.8537032031074,5.55));
#4509=CARTESIAN_POINT('Origin',(87.5250011920928,29.4537032031074,5.85));
#4510=CARTESIAN_POINT('',(87.5250011920928,29.0537032031074,5.55));
#4511=CARTESIAN_POINT('',(87.5250011920928,29.0537032031074,6.7));
#4512=CARTESIAN_POINT('',(87.5250011920928,29.0537032031073,5.0875));
#4513=CARTESIAN_POINT('',(87.5250011920928,38.3037032031074,6.7));
#4514=CARTESIAN_POINT('',(87.5250011920928,38.3037032031074,5.55));
#4515=CARTESIAN_POINT('Origin',(88.0250011920928,38.3037032031074,5.05));
#4516=CARTESIAN_POINT('',(88.5250011920928,29.0537032031074,4.55));
#4517=CARTESIAN_POINT('',(91.9687511920928,29.0537032031074,1.10625));
#4518=CARTESIAN_POINT('',(88.5250011920928,47.1537032031074,4.55));
#4519=CARTESIAN_POINT('Origin',(90.5250011920928,47.1537032031074,6.7));
#4520=CARTESIAN_POINT('',(96.8000011920928,29.0537032031074,6.7));
#4521=CARTESIAN_POINT('',(69.4750011920928,29.0537032031074,6.7));
#4522=CARTESIAN_POINT('',(69.4750011920928,47.1537032031074,6.7));
#4523=CARTESIAN_POINT('',(96.8000011920928,29.0537032031074,6.7));
#4524=CARTESIAN_POINT('Origin',(94.0000012293457,133.425066260397,6.25));
#4525=CARTESIAN_POINT('',(96.4494909797331,132.92506629765,6.25));
#4526=CARTESIAN_POINT('',(91.5505114789583,132.92506629765,6.25));
#4527=CARTESIAN_POINT('',(45.5374680618943,132.92506629765,6.25));
#4528=CARTESIAN_POINT('Origin',(94.0000012293457,133.425066260397,6.25));
#4529=CARTESIAN_POINT('Origin',(28.0500011920928,44.8537032031074,4.9));
#4530=CARTESIAN_POINT('',(28.0500011920928,29.0537032031073,5.75));
#4531=CARTESIAN_POINT('',(28.0500011920928,45.9537032031074,5.75));
#4532=CARTESIAN_POINT('',(28.0500011920928,29.0537032031073,6.9));
#4533=CARTESIAN_POINT('',(28.0500011920928,38.5537032031074,6.9));
#4534=CARTESIAN_POINT('',(28.0500011920928,29.0537032031073,5.6125));
#4535=CARTESIAN_POINT('Origin',(27.5500011920928,45.9537032031074,5.25));
#4536=CARTESIAN_POINT('',(27.0500011920928,29.0537032031073,4.75));
#4537=CARTESIAN_POINT('',(29.9937511920928,29.0537032031073,7.69375));
#4538=CARTESIAN_POINT('',(27.0500011920928,45.8537032031073,4.75));
#4539=CARTESIAN_POINT('',(27.0500011920928,47.0537032031074,4.75));
#4540=CARTESIAN_POINT('',(27.0500011920928,45.8537032031073,4.75));
#4541=CARTESIAN_POINT('Origin',(37.7500011920928,45.3537032031074,5.25));
#4542=CARTESIAN_POINT('',(49.4500011920928,45.8537032031073,4.75));
#4543=CARTESIAN_POINT('',(32.6500011920928,45.8537032031073,4.75));
#4544=CARTESIAN_POINT('',(48.4500011920928,44.8537032031074,5.75));
#4545=CARTESIAN_POINT('Origin',(48.4500011920928,30.0537032031074,4.9));
#4546=CARTESIAN_POINT('',(48.4500011920928,29.0537032031074,5.75));
#4547=CARTESIAN_POINT('',(48.4500011920928,38.5537032031074,5.75));
#4548=CARTESIAN_POINT('',(48.4500011920928,29.0537032031074,6.9));
#4549=CARTESIAN_POINT('',(48.4500011920928,29.0537032031074,4.6125));
#4550=CARTESIAN_POINT('',(48.4500011920928,38.5537032031074,6.9));
#4551=CARTESIAN_POINT('Origin',(48.9500011920928,38.5537032031074,5.25));
#4552=CARTESIAN_POINT('',(49.4500011920928,29.0537032031074,4.75));
#4553=CARTESIAN_POINT('',(46.5062511920928,29.0537032031074,7.69375));
#4554=CARTESIAN_POINT('',(49.4500011920928,47.0537032031074,4.75));
#4555=CARTESIAN_POINT('Origin',(51.4500011920928,47.0537032031074,6.9));
#4556=CARTESIAN_POINT('',(51.4500011920928,29.0537032031074,6.9));
#4557=CARTESIAN_POINT('',(44.8500011920928,29.0537032031074,6.9));
#4558=CARTESIAN_POINT('',(51.4500011920928,47.0744324637442,6.89999999999997));
#4559=CARTESIAN_POINT('',(51.4500011920928,47.0744324637442,6.89999999999997));
#4560=CARTESIAN_POINT('',(25.7000011920928,47.0744324637496,6.9));
#4561=CARTESIAN_POINT('',(44.8500011920928,29.0537032031074,6.9));
#4562=CARTESIAN_POINT('Origin',(80.0000011920928,37.2287032031074,0.750000000000001));
#4563=CARTESIAN_POINT('',(78.0000011920928,27.0537032031074,0.750000000000001));
#4564=CARTESIAN_POINT('',(82.0000011920928,27.0537032031074,0.750000000000001));
#4565=CARTESIAN_POINT('',(74.5625011920928,27.0537032031073,0.750000000000001));
#4566=CARTESIAN_POINT('',(82.0000011920928,41.6537032031074,0.750000000000001));
#4567=CARTESIAN_POINT('',(82.0000011920928,27.0537032031074,0.750000000000001));
#4568=CARTESIAN_POINT('',(78.0000011920928,41.6537032031074,0.750000000000001));
#4569=CARTESIAN_POINT('',(78.0000011920928,41.6537032031074,0.750000000000001));
#4570=CARTESIAN_POINT('',(78.0000011920928,41.0537032031074,0.750000000000001));
#4571=CARTESIAN_POINT('Origin',(80.0000011920928,143.92506629765,1.75));
#4572=CARTESIAN_POINT('',(85.5000011920928,143.92506629765,1.75));
#4573=CARTESIAN_POINT('Origin',(90.1250011920928,143.92506629765,1.75));
#4574=CARTESIAN_POINT('',(92.5000011920928,143.92506629765,1.75));
#4575=CARTESIAN_POINT('Origin',(-2.92506510555718,47.0749348944428,-0.25));
#4576=CARTESIAN_POINT('',(-2.9250651055572,132.92506629765,15.75));
#4577=CARTESIAN_POINT('Origin',(69.4750011920928,47.1537032031074,7.85));
#4578=CARTESIAN_POINT('',(69.4750011920928,29.0537032031073,6.0875));
#4579=CARTESIAN_POINT('Origin',(103.075001192093,29.0537032031074,4.325));
#4580=CARTESIAN_POINT('',(71.4750011920928,29.0537032031073,3.0375));
#4581=CARTESIAN_POINT('Origin',(71.4750011920928,47.1537032031074,1.75));
#4582=CARTESIAN_POINT('',(71.4750011920928,46.4537032031074,2.7375));
#4583=CARTESIAN_POINT('Origin',(120.000001192093,46.4537032031074,3.725));
#4584=CARTESIAN_POINT('',(88.5250011920928,46.4537032031074,4.7875));
#4585=CARTESIAN_POINT('Origin',(88.5250011920928,47.1537032031074,5.85));
#4586=CARTESIAN_POINT('',(88.5250011920928,29.0537032031074,5.0875));
#4587=CARTESIAN_POINT('Origin',(103.075001192093,29.0537032031074,4.325));
#4588=CARTESIAN_POINT('Origin',(94.0000012293457,133.425066260397,1.75));
#4589=CARTESIAN_POINT('',(91.5505114789583,132.92506629765,1.75));
#4590=CARTESIAN_POINT('',(96.4494909797331,132.92506629765,1.75));
#4591=CARTESIAN_POINT('Origin',(-2.9250651055572,132.92506629765,-0.25));
#4592=CARTESIAN_POINT('Origin',(25.7000011920928,47.0744324637496,1.74999999999999));
#4593=CARTESIAN_POINT('',(51.4500011920928,47.0744324637442,1.74999999999997));
#4594=CARTESIAN_POINT('Origin',(38.2500011920928,29.0537032031073,4.325));
#4595=CARTESIAN_POINT('',(27.0500011920928,29.0537032031073,3.0375));
#4596=CARTESIAN_POINT('Origin',(27.0500011920928,47.0537032031074,1.75));
#4597=CARTESIAN_POINT('',(27.0500011920928,45.8537032031073,2.5375));
#4598=CARTESIAN_POINT('Origin',(38.2500011920928,45.8537032031073,3.25));
#4599=CARTESIAN_POINT('',(49.4500011920928,45.8537032031073,4.1125));
#4600=CARTESIAN_POINT('Origin',(49.4500011920928,47.0537032031074,4.9));
#4601=CARTESIAN_POINT('',(49.4500011920928,29.0537032031074,4.6125));
#4602=CARTESIAN_POINT('Origin',(38.2500011920928,29.0537032031073,4.325));
#4603=CARTESIAN_POINT('',(51.4500011920928,29.0537032031074,3.0375));
#4604=CARTESIAN_POINT('Origin',(51.4500011920928,47.0537032031074,1.75));
#4605=CARTESIAN_POINT('Origin',(82.0000011920928,41.0537032031074,1.75));
#4606=CARTESIAN_POINT('',(82.0000011920928,27.0537032031073,0.750000000000001));
#4607=CARTESIAN_POINT('',(82.0000011920928,41.6537032031074,1.75));
#4608=CARTESIAN_POINT('Origin',(118.000001192093,41.6537032031074,1.75));
#4609=CARTESIAN_POINT('',(78.0000011920928,41.6537032031074,1.75));
#4610=CARTESIAN_POINT('Origin',(78.0000011920928,33.4037032031074,1.75));
#4611=CARTESIAN_POINT('',(78.0000011920928,27.0537032031073,0.750000000000001));
#4612=CARTESIAN_POINT('Origin',(109.125001192093,27.0537032031073,-0.249999999999999));
#4613=CARTESIAN_POINT('Origin',(94.0000012293457,154.42506629765,6.25));
#4614=UNCERTAINTY_MEASURE_WITH_UNIT(LENGTH_MEASURE(0.01),#4618,
'DISTANCE_ACCURACY_VALUE',
'Maximum model space distance between geometric entities at asserted c
onnectivities');
#4615=UNCERTAINTY_MEASURE_WITH_UNIT(LENGTH_MEASURE(0.01),#4618,
'DISTANCE_ACCURACY_VALUE',
'Maximum model space distance between geometric entities at asserted c
onnectivities');
#4616=(
GEOMETRIC_REPRESENTATION_CONTEXT(3)
GLOBAL_UNCERTAINTY_ASSIGNED_CONTEXT((#4614))
GLOBAL_UNIT_ASSIGNED_CONTEXT((#4618,#4620,#4621))
REPRESENTATION_CONTEXT('','3D')
);
#4617=(
GEOMETRIC_REPRESENTATION_CONTEXT(3)
GLOBAL_UNCERTAINTY_ASSIGNED_CONTEXT((#4615))
GLOBAL_UNIT_ASSIGNED_CONTEXT((#4618,#4620,#4621))
REPRESENTATION_CONTEXT('','3D')
);
#4618=(
LENGTH_UNIT()
NAMED_UNIT(*)
SI_UNIT(.MILLI.,.METRE.)
);
#4619=(
LENGTH_UNIT()
NAMED_UNIT(*)
SI_UNIT($,.METRE.)
);
#4620=(
NAMED_UNIT(*)
PLANE_ANGLE_UNIT()
SI_UNIT($,.RADIAN.)
);
#4621=(
NAMED_UNIT(*)
SI_UNIT($,.STERADIAN.)
SOLID_ANGLE_UNIT()
);
#4622=SHAPE_DEFINITION_REPRESENTATION(#4623,#4624);
#4623=PRODUCT_DEFINITION_SHAPE('',$,#4626);
#4624=SHAPE_REPRESENTATION('',(#2846),#4616);
#4625=PRODUCT_DEFINITION_CONTEXT('part definition',#4630,'design');
#4626=PRODUCT_DEFINITION('Front Cover (all 3 sensors)',
'Front Cover (all 3 sensors)',#4627,#4625);
#4627=PRODUCT_DEFINITION_FORMATION('',$,#4632);
#4628=PRODUCT_RELATED_PRODUCT_CATEGORY('Front Cover (all 3 sensors)',
'Front Cover (all 3 sensors)',(#4632));
#4629=APPLICATION_PROTOCOL_DEFINITION('international standard',
'automotive_design',2009,#4630);
#4630=APPLICATION_CONTEXT(
'Core Data for Automotive Mechanical Design Process');
#4631=PRODUCT_CONTEXT('part definition',#4630,'mechanical');
#4632=PRODUCT('Front Cover (all 3 sensors)',
'Front Cover (all 3 sensors)',$,(#4631));
#4633=PRESENTATION_STYLE_ASSIGNMENT((#4634));
#4634=SURFACE_STYLE_USAGE(.BOTH.,#4635);
#4635=SURFACE_SIDE_STYLE('',(#4636));
#4636=SURFACE_STYLE_FILL_AREA(#4637);
#4637=FILL_AREA_STYLE('ABS (White)',(#4638));
#4638=FILL_AREA_STYLE_COLOUR('ABS (White)',#4639);
#4639=COLOUR_RGB('ABS (White)',0.964705882352941,0.964705882352941,0.952941176470588);
ENDSEC;
END-ISO-10303-21;
