ISO-10303-21;
HEADER;
/* Generated by software containing ST-Developer
 * from STEP Tools, Inc. (www.steptools.com) 
 */

FILE_DESCRIPTION(
/* description */ (''),
/* implementation_level */ '2;1');

FILE_NAME(
/* name */ 'Front Cover (no VEML).step',
/* time_stamp */ '2026-05-12T09:54:53-05:00',
/* author */ (''),
/* organization */ (''),
/* preprocessor_version */ 'ST-DEVELOPER v20.1',
/* originating_system */ 'Autodesk Translation Framework v15.8.0.0',
/* authorisation */ '');

FILE_SCHEMA (('AUTOMOTIVE_DESIGN { 1 0 10303 214 3 1 1 }'));
ENDSEC;

DATA;
#10=MECHANICAL_DESIGN_GEOMETRIC_PRESENTATION_REPRESENTATION('',(#13),#3666);
#11=SHAPE_REPRESENTATION_RELATIONSHIP('SRR','None',#3673,#12);
#12=ADVANCED_BREP_SHAPE_REPRESENTATION('',(#14),#3665);
#13=STYLED_ITEM('',(#3682),#14);
#14=MANIFOLD_SOLID_BREP('Front Cover no VEML',#2240);
#15=CONICAL_SURFACE('',#2297,3.,0.785398163397447);
#16=CONICAL_SURFACE('',#2330,3.,0.785398163397447);
#17=CONICAL_SURFACE('',#2354,7.6,0.785398163397449);
#18=CONICAL_SURFACE('',#2357,7.60000000000001,0.785398163397443);
#19=CYLINDRICAL_SURFACE('',#2284,6.);
#20=CYLINDRICAL_SURFACE('',#2290,6.);
#21=CYLINDRICAL_SURFACE('',#2303,2.5);
#22=CYLINDRICAL_SURFACE('',#2336,2.1);
#23=CYLINDRICAL_SURFACE('',#2339,2.10000000000001);
#24=CYLINDRICAL_SURFACE('',#2344,2.10000000000001);
#25=CYLINDRICAL_SURFACE('',#2346,2.1);
#26=CYLINDRICAL_SURFACE('',#2360,8.);
#27=CYLINDRICAL_SURFACE('',#2362,8.);
#28=CYLINDRICAL_SURFACE('',#2384,1.5);
#29=CYLINDRICAL_SURFACE('',#2386,1.5);
#30=CYLINDRICAL_SURFACE('',#2388,1.5);
#31=CYLINDRICAL_SURFACE('',#2390,1.5);
#32=CYLINDRICAL_SURFACE('',#2392,2.);
#33=CYLINDRICAL_SURFACE('',#2393,2.);
#34=CYLINDRICAL_SURFACE('',#2394,1.875);
#35=CYLINDRICAL_SURFACE('',#2395,1.875);
#36=CYLINDRICAL_SURFACE('',#2396,1.875);
#37=CYLINDRICAL_SURFACE('',#2397,1.875);
#38=CYLINDRICAL_SURFACE('',#2411,5.5);
#39=CYLINDRICAL_SURFACE('',#2412,2.375);
#40=CYLINDRICAL_SURFACE('',#2414,2.5);
#41=B_SPLINE_CURVE_WITH_KNOTS('',3,(#3133,#3134,#3135,#3136),
 .UNSPECIFIED.,.F.,.F.,(4,4),(-0.171745601301582,0.),.UNSPECIFIED.);
#42=B_SPLINE_CURVE_WITH_KNOTS('',3,(#3290,#3291,#3292,#3293),
 .UNSPECIFIED.,.F.,.F.,(4,4),(-0.171745601301589,0.),.UNSPECIFIED.);
#43=B_SPLINE_CURVE_WITH_KNOTS('',3,(#3387,#3388,#3389,#3390),
 .UNSPECIFIED.,.F.,.F.,(4,4),(-0.171745600560113,0.),.UNSPECIFIED.);
#44=B_SPLINE_CURVE_WITH_KNOTS('',3,(#3396,#3397,#3398,#3399),
 .UNSPECIFIED.,.F.,.F.,(4,4),(-0.171745600560178,0.),.UNSPECIFIED.);
#45=FACE_BOUND('',#242,.T.);
#46=FACE_BOUND('',#243,.T.);
#47=FACE_BOUND('',#252,.T.);
#48=FACE_BOUND('',#253,.T.);
#49=FACE_BOUND('',#259,.T.);
#50=FACE_BOUND('',#262,.T.);
#51=FACE_BOUND('',#264,.T.);
#52=FACE_BOUND('',#268,.T.);
#53=FACE_BOUND('',#278,.T.);
#54=FACE_BOUND('',#286,.T.);
#55=FACE_BOUND('',#293,.T.);
#56=FACE_BOUND('',#294,.T.);
#57=FACE_BOUND('',#295,.T.);
#58=FACE_BOUND('',#296,.T.);
#59=FACE_BOUND('',#297,.T.);
#60=FACE_BOUND('',#298,.T.);
#61=FACE_BOUND('',#299,.T.);
#62=FACE_BOUND('',#337,.T.);
#63=FACE_BOUND('',#338,.T.);
#64=FACE_BOUND('',#339,.T.);
#65=FACE_BOUND('',#340,.T.);
#66=FACE_BOUND('',#341,.T.);
#67=FACE_BOUND('',#342,.T.);
#68=FACE_BOUND('',#343,.T.);
#69=CIRCLE('',#2256,7.2);
#70=CIRCLE('',#2257,7.20000000000001);
#71=CIRCLE('',#2258,5.5);
#72=CIRCLE('',#2267,3.5);
#73=CIRCLE('',#2268,3.5);
#74=CIRCLE('',#2269,2.375);
#75=CIRCLE('',#2270,5.5);
#76=CIRCLE('',#2276,2.1);
#77=CIRCLE('',#2279,2.10000000000001);
#78=CIRCLE('',#2281,6.);
#79=CIRCLE('',#2282,2.10000000000001);
#80=CIRCLE('',#2285,6.);
#81=CIRCLE('',#2287,6.);
#82=CIRCLE('',#2288,2.1);
#83=CIRCLE('',#2291,6.);
#84=CIRCLE('',#2298,2.5);
#85=CIRCLE('',#2300,2.1);
#86=CIRCLE('',#2304,2.5);
#87=CIRCLE('',#2309,2.10000000000001);
#88=CIRCLE('',#2316,1.5);
#89=CIRCLE('',#2317,1.5);
#90=CIRCLE('',#2318,1.5);
#91=CIRCLE('',#2319,1.5);
#92=CIRCLE('',#2320,2.);
#93=CIRCLE('',#2321,2.);
#94=CIRCLE('',#2322,1.875);
#95=CIRCLE('',#2323,1.875);
#96=CIRCLE('',#2324,1.875);
#97=CIRCLE('',#2325,1.875);
#98=CIRCLE('',#2331,2.5);
#99=CIRCLE('',#2337,2.1);
#100=CIRCLE('',#2340,2.10000000000001);
#101=CIRCLE('',#2342,8.);
#102=CIRCLE('',#2343,8.);
#103=CIRCLE('',#2355,8.);
#104=CIRCLE('',#2358,8.);
#105=CIRCLE('',#2370,1.5);
#106=CIRCLE('',#2371,1.5);
#107=CIRCLE('',#2372,1.5);
#108=CIRCLE('',#2373,1.5);
#109=CIRCLE('',#2374,2.);
#110=CIRCLE('',#2375,2.);
#111=CIRCLE('',#2376,1.875);
#112=CIRCLE('',#2377,1.875);
#113=CIRCLE('',#2378,1.875);
#114=CIRCLE('',#2379,1.875);
#115=CIRCLE('',#2402,2.375);
#116=CIRCLE('',#2404,2.5);
#117=FACE_OUTER_BOUND('',#240,.T.);
#118=FACE_OUTER_BOUND('',#241,.T.);
#119=FACE_OUTER_BOUND('',#244,.T.);
#120=FACE_OUTER_BOUND('',#245,.T.);
#121=FACE_OUTER_BOUND('',#246,.T.);
#122=FACE_OUTER_BOUND('',#247,.T.);
#123=FACE_OUTER_BOUND('',#248,.T.);
#124=FACE_OUTER_BOUND('',#249,.T.);
#125=FACE_OUTER_BOUND('',#250,.T.);
#126=FACE_OUTER_BOUND('',#251,.T.);
#127=FACE_OUTER_BOUND('',#254,.T.);
#128=FACE_OUTER_BOUND('',#255,.T.);
#129=FACE_OUTER_BOUND('',#256,.T.);
#130=FACE_OUTER_BOUND('',#257,.T.);
#131=FACE_OUTER_BOUND('',#258,.T.);
#132=FACE_OUTER_BOUND('',#260,.T.);
#133=FACE_OUTER_BOUND('',#261,.T.);
#134=FACE_OUTER_BOUND('',#263,.T.);
#135=FACE_OUTER_BOUND('',#265,.T.);
#136=FACE_OUTER_BOUND('',#266,.T.);
#137=FACE_OUTER_BOUND('',#267,.T.);
#138=FACE_OUTER_BOUND('',#269,.T.);
#139=FACE_OUTER_BOUND('',#270,.T.);
#140=FACE_OUTER_BOUND('',#271,.T.);
#141=FACE_OUTER_BOUND('',#272,.T.);
#142=FACE_OUTER_BOUND('',#273,.T.);
#143=FACE_OUTER_BOUND('',#274,.T.);
#144=FACE_OUTER_BOUND('',#275,.T.);
#145=FACE_OUTER_BOUND('',#276,.T.);
#146=FACE_OUTER_BOUND('',#277,.T.);
#147=FACE_OUTER_BOUND('',#279,.T.);
#148=FACE_OUTER_BOUND('',#280,.T.);
#149=FACE_OUTER_BOUND('',#281,.T.);
#150=FACE_OUTER_BOUND('',#282,.T.);
#151=FACE_OUTER_BOUND('',#283,.T.);
#152=FACE_OUTER_BOUND('',#284,.T.);
#153=FACE_OUTER_BOUND('',#285,.T.);
#154=FACE_OUTER_BOUND('',#287,.T.);
#155=FACE_OUTER_BOUND('',#288,.T.);
#156=FACE_OUTER_BOUND('',#289,.T.);
#157=FACE_OUTER_BOUND('',#290,.T.);
#158=FACE_OUTER_BOUND('',#291,.T.);
#159=FACE_OUTER_BOUND('',#292,.T.);
#160=FACE_OUTER_BOUND('',#300,.T.);
#161=FACE_OUTER_BOUND('',#301,.T.);
#162=FACE_OUTER_BOUND('',#302,.T.);
#163=FACE_OUTER_BOUND('',#303,.T.);
#164=FACE_OUTER_BOUND('',#304,.T.);
#165=FACE_OUTER_BOUND('',#305,.T.);
#166=FACE_OUTER_BOUND('',#306,.T.);
#167=FACE_OUTER_BOUND('',#307,.T.);
#168=FACE_OUTER_BOUND('',#308,.T.);
#169=FACE_OUTER_BOUND('',#309,.T.);
#170=FACE_OUTER_BOUND('',#310,.T.);
#171=FACE_OUTER_BOUND('',#311,.T.);
#172=FACE_OUTER_BOUND('',#312,.T.);
#173=FACE_OUTER_BOUND('',#313,.T.);
#174=FACE_OUTER_BOUND('',#314,.T.);
#175=FACE_OUTER_BOUND('',#315,.T.);
#176=FACE_OUTER_BOUND('',#316,.T.);
#177=FACE_OUTER_BOUND('',#317,.T.);
#178=FACE_OUTER_BOUND('',#318,.T.);
#179=FACE_OUTER_BOUND('',#319,.T.);
#180=FACE_OUTER_BOUND('',#320,.T.);
#181=FACE_OUTER_BOUND('',#321,.T.);
#182=FACE_OUTER_BOUND('',#322,.T.);
#183=FACE_OUTER_BOUND('',#323,.T.);
#184=FACE_OUTER_BOUND('',#324,.T.);
#185=FACE_OUTER_BOUND('',#325,.T.);
#186=FACE_OUTER_BOUND('',#326,.T.);
#187=FACE_OUTER_BOUND('',#327,.T.);
#188=FACE_OUTER_BOUND('',#328,.T.);
#189=FACE_OUTER_BOUND('',#329,.T.);
#190=FACE_OUTER_BOUND('',#330,.T.);
#191=FACE_OUTER_BOUND('',#331,.T.);
#192=FACE_OUTER_BOUND('',#332,.T.);
#193=FACE_OUTER_BOUND('',#333,.T.);
#194=FACE_OUTER_BOUND('',#334,.T.);
#195=FACE_OUTER_BOUND('',#335,.T.);
#196=FACE_OUTER_BOUND('',#336,.T.);
#197=FACE_OUTER_BOUND('',#344,.T.);
#198=FACE_OUTER_BOUND('',#345,.T.);
#199=FACE_OUTER_BOUND('',#346,.T.);
#200=FACE_OUTER_BOUND('',#347,.T.);
#201=FACE_OUTER_BOUND('',#348,.T.);
#202=FACE_OUTER_BOUND('',#349,.T.);
#203=FACE_OUTER_BOUND('',#350,.T.);
#204=FACE_OUTER_BOUND('',#351,.T.);
#205=FACE_OUTER_BOUND('',#352,.T.);
#206=FACE_OUTER_BOUND('',#353,.T.);
#207=FACE_OUTER_BOUND('',#354,.T.);
#208=FACE_OUTER_BOUND('',#355,.T.);
#209=FACE_OUTER_BOUND('',#356,.T.);
#210=FACE_OUTER_BOUND('',#357,.T.);
#211=FACE_OUTER_BOUND('',#358,.T.);
#212=FACE_OUTER_BOUND('',#359,.T.);
#213=FACE_OUTER_BOUND('',#360,.T.);
#214=FACE_OUTER_BOUND('',#361,.T.);
#215=FACE_OUTER_BOUND('',#362,.T.);
#216=FACE_OUTER_BOUND('',#363,.T.);
#217=FACE_OUTER_BOUND('',#364,.T.);
#218=FACE_OUTER_BOUND('',#365,.T.);
#219=FACE_OUTER_BOUND('',#366,.T.);
#220=FACE_OUTER_BOUND('',#367,.T.);
#221=FACE_OUTER_BOUND('',#368,.T.);
#222=FACE_OUTER_BOUND('',#369,.T.);
#223=FACE_OUTER_BOUND('',#370,.T.);
#224=FACE_OUTER_BOUND('',#371,.T.);
#225=FACE_OUTER_BOUND('',#372,.T.);
#226=FACE_OUTER_BOUND('',#373,.T.);
#227=FACE_OUTER_BOUND('',#374,.T.);
#228=FACE_OUTER_BOUND('',#375,.T.);
#229=FACE_OUTER_BOUND('',#376,.T.);
#230=FACE_OUTER_BOUND('',#377,.T.);
#231=FACE_OUTER_BOUND('',#378,.T.);
#232=FACE_OUTER_BOUND('',#379,.T.);
#233=FACE_OUTER_BOUND('',#380,.T.);
#234=FACE_OUTER_BOUND('',#381,.T.);
#235=FACE_OUTER_BOUND('',#382,.T.);
#236=FACE_OUTER_BOUND('',#383,.T.);
#237=FACE_OUTER_BOUND('',#384,.T.);
#238=FACE_OUTER_BOUND('',#385,.T.);
#239=FACE_OUTER_BOUND('',#386,.T.);
#240=EDGE_LOOP('',(#1402,#1403,#1404,#1405));
#241=EDGE_LOOP('',(#1406,#1407,#1408,#1409,#1410,#1411));
#242=EDGE_LOOP('',(#1412,#1413,#1414,#1415));
#243=EDGE_LOOP('',(#1416));
#244=EDGE_LOOP('',(#1417,#1418,#1419,#1420,#1421,#1422,#1423,#1424,#1425,
#1426,#1427,#1428,#1429,#1430,#1431,#1432));
#245=EDGE_LOOP('',(#1433,#1434,#1435,#1436,#1437));
#246=EDGE_LOOP('',(#1438,#1439,#1440,#1441));
#247=EDGE_LOOP('',(#1442,#1443,#1444,#1445,#1446));
#248=EDGE_LOOP('',(#1447,#1448,#1449,#1450));
#249=EDGE_LOOP('',(#1451,#1452,#1453,#1454));
#250=EDGE_LOOP('',(#1455,#1456,#1457,#1458));
#251=EDGE_LOOP('',(#1459,#1460,#1461,#1462,#1463,#1464,#1465,#1466,#1467,
#1468,#1469,#1470,#1471,#1472,#1473,#1474));
#252=EDGE_LOOP('',(#1475));
#253=EDGE_LOOP('',(#1476));
#254=EDGE_LOOP('',(#1477,#1478,#1479,#1480));
#255=EDGE_LOOP('',(#1481,#1482,#1483,#1484));
#256=EDGE_LOOP('',(#1485,#1486,#1487,#1488));
#257=EDGE_LOOP('',(#1489,#1490,#1491,#1492,#1493,#1494));
#258=EDGE_LOOP('',(#1495,#1496,#1497,#1498,#1499));
#259=EDGE_LOOP('',(#1500));
#260=EDGE_LOOP('',(#1501,#1502,#1503,#1504));
#261=EDGE_LOOP('',(#1505,#1506,#1507,#1508,#1509));
#262=EDGE_LOOP('',(#1510));
#263=EDGE_LOOP('',(#1511,#1512,#1513,#1514,#1515));
#264=EDGE_LOOP('',(#1516));
#265=EDGE_LOOP('',(#1517,#1518,#1519,#1520,#1521,#1522,#1523,#1524,#1525,
#1526,#1527,#1528));
#266=EDGE_LOOP('',(#1529,#1530,#1531,#1532));
#267=EDGE_LOOP('',(#1533,#1534,#1535,#1536,#1537));
#268=EDGE_LOOP('',(#1538));
#269=EDGE_LOOP('',(#1539,#1540,#1541,#1542,#1543,#1544,#1545,#1546,#1547,
#1548));
#270=EDGE_LOOP('',(#1549,#1550,#1551,#1552));
#271=EDGE_LOOP('',(#1553,#1554,#1555,#1556,#1557));
#272=EDGE_LOOP('',(#1558,#1559,#1560,#1561));
#273=EDGE_LOOP('',(#1562,#1563,#1564,#1565,#1566));
#274=EDGE_LOOP('',(#1567,#1568,#1569,#1570,#1571,#1572));
#275=EDGE_LOOP('',(#1573,#1574,#1575,#1576));
#276=EDGE_LOOP('',(#1577,#1578,#1579,#1580));
#277=EDGE_LOOP('',(#1581,#1582,#1583,#1584));
#278=EDGE_LOOP('',(#1585));
#279=EDGE_LOOP('',(#1586,#1587,#1588,#1589));
#280=EDGE_LOOP('',(#1590,#1591,#1592,#1593));
#281=EDGE_LOOP('',(#1594,#1595,#1596,#1597));
#282=EDGE_LOOP('',(#1598,#1599,#1600,#1601));
#283=EDGE_LOOP('',(#1602,#1603,#1604,#1605));
#284=EDGE_LOOP('',(#1606,#1607,#1608,#1609,#1610,#1611,#1612,#1613,#1614,
#1615));
#285=EDGE_LOOP('',(#1616,#1617,#1618,#1619));
#286=EDGE_LOOP('',(#1620));
#287=EDGE_LOOP('',(#1621,#1622,#1623,#1624));
#288=EDGE_LOOP('',(#1625,#1626,#1627,#1628));
#289=EDGE_LOOP('',(#1629,#1630,#1631,#1632));
#290=EDGE_LOOP('',(#1633,#1634,#1635,#1636));
#291=EDGE_LOOP('',(#1637,#1638,#1639,#1640));
#292=EDGE_LOOP('',(#1641,#1642,#1643,#1644));
#293=EDGE_LOOP('',(#1645,#1646,#1647,#1648,#1649,#1650,#1651,#1652));
#294=EDGE_LOOP('',(#1653));
#295=EDGE_LOOP('',(#1654));
#296=EDGE_LOOP('',(#1655));
#297=EDGE_LOOP('',(#1656));
#298=EDGE_LOOP('',(#1657));
#299=EDGE_LOOP('',(#1658));
#300=EDGE_LOOP('',(#1659,#1660,#1661,#1662,#1663,#1664,#1665,#1666,#1667,
#1668,#1669,#1670));
#301=EDGE_LOOP('',(#1671,#1672,#1673,#1674,#1675));
#302=EDGE_LOOP('',(#1676,#1677,#1678,#1679));
#303=EDGE_LOOP('',(#1680,#1681,#1682,#1683,#1684));
#304=EDGE_LOOP('',(#1685,#1686,#1687,#1688));
#305=EDGE_LOOP('',(#1689,#1690,#1691,#1692));
#306=EDGE_LOOP('',(#1693,#1694,#1695,#1696));
#307=EDGE_LOOP('',(#1697,#1698,#1699,#1700));
#308=EDGE_LOOP('',(#1701,#1702,#1703,#1704));
#309=EDGE_LOOP('',(#1705,#1706,#1707,#1708));
#310=EDGE_LOOP('',(#1709));
#311=EDGE_LOOP('',(#1710,#1711,#1712,#1713));
#312=EDGE_LOOP('',(#1714,#1715,#1716,#1717,#1718,#1719,#1720,#1721,#1722,
#1723,#1724,#1725));
#313=EDGE_LOOP('',(#1726,#1727,#1728,#1729));
#314=EDGE_LOOP('',(#1730));
#315=EDGE_LOOP('',(#1731,#1732,#1733,#1734));
#316=EDGE_LOOP('',(#1735,#1736,#1737,#1738));
#317=EDGE_LOOP('',(#1739,#1740,#1741,#1742));
#318=EDGE_LOOP('',(#1743,#1744,#1745,#1746));
#319=EDGE_LOOP('',(#1747,#1748,#1749,#1750));
#320=EDGE_LOOP('',(#1751,#1752,#1753,#1754));
#321=EDGE_LOOP('',(#1755,#1756,#1757,#1758));
#322=EDGE_LOOP('',(#1759,#1760,#1761,#1762));
#323=EDGE_LOOP('',(#1763,#1764,#1765,#1766));
#324=EDGE_LOOP('',(#1767,#1768,#1769,#1770));
#325=EDGE_LOOP('',(#1771,#1772,#1773,#1774));
#326=EDGE_LOOP('',(#1775,#1776,#1777,#1778));
#327=EDGE_LOOP('',(#1779,#1780,#1781,#1782));
#328=EDGE_LOOP('',(#1783,#1784,#1785,#1786));
#329=EDGE_LOOP('',(#1787,#1788,#1789,#1790));
#330=EDGE_LOOP('',(#1791,#1792,#1793,#1794));
#331=EDGE_LOOP('',(#1795,#1796,#1797,#1798));
#332=EDGE_LOOP('',(#1799,#1800,#1801,#1802));
#333=EDGE_LOOP('',(#1803,#1804,#1805,#1806));
#334=EDGE_LOOP('',(#1807,#1808,#1809,#1810));
#335=EDGE_LOOP('',(#1811,#1812,#1813,#1814));
#336=EDGE_LOOP('',(#1815,#1816,#1817,#1818));
#337=EDGE_LOOP('',(#1819,#1820,#1821,#1822,#1823,#1824,#1825,#1826));
#338=EDGE_LOOP('',(#1827));
#339=EDGE_LOOP('',(#1828));
#340=EDGE_LOOP('',(#1829));
#341=EDGE_LOOP('',(#1830));
#342=EDGE_LOOP('',(#1831));
#343=EDGE_LOOP('',(#1832));
#344=EDGE_LOOP('',(#1833,#1834,#1835,#1836));
#345=EDGE_LOOP('',(#1837,#1838,#1839,#1840));
#346=EDGE_LOOP('',(#1841,#1842,#1843,#1844));
#347=EDGE_LOOP('',(#1845,#1846,#1847,#1848));
#348=EDGE_LOOP('',(#1849,#1850,#1851,#1852));
#349=EDGE_LOOP('',(#1853,#1854,#1855,#1856));
#350=EDGE_LOOP('',(#1857,#1858,#1859,#1860));
#351=EDGE_LOOP('',(#1861,#1862,#1863,#1864));
#352=EDGE_LOOP('',(#1865,#1866,#1867,#1868));
#353=EDGE_LOOP('',(#1869,#1870,#1871,#1872));
#354=EDGE_LOOP('',(#1873,#1874,#1875,#1876));
#355=EDGE_LOOP('',(#1877,#1878,#1879,#1880));
#356=EDGE_LOOP('',(#1881,#1882,#1883,#1884));
#357=EDGE_LOOP('',(#1885,#1886,#1887,#1888));
#358=EDGE_LOOP('',(#1889,#1890,#1891,#1892));
#359=EDGE_LOOP('',(#1893,#1894,#1895,#1896));
#360=EDGE_LOOP('',(#1897,#1898,#1899,#1900));
#361=EDGE_LOOP('',(#1901,#1902,#1903,#1904));
#362=EDGE_LOOP('',(#1905,#1906,#1907,#1908));
#363=EDGE_LOOP('',(#1909,#1910,#1911,#1912));
#364=EDGE_LOOP('',(#1913,#1914,#1915,#1916));
#365=EDGE_LOOP('',(#1917));
#366=EDGE_LOOP('',(#1918,#1919));
#367=EDGE_LOOP('',(#1920,#1921,#1922,#1923));
#368=EDGE_LOOP('',(#1924,#1925,#1926,#1927));
#369=EDGE_LOOP('',(#1928,#1929,#1930,#1931));
#370=EDGE_LOOP('',(#1932,#1933,#1934,#1935));
#371=EDGE_LOOP('',(#1936,#1937,#1938,#1939));
#372=EDGE_LOOP('',(#1940,#1941,#1942,#1943,#1944,#1945,#1946,#1947));
#373=EDGE_LOOP('',(#1948,#1949,#1950,#1951));
#374=EDGE_LOOP('',(#1952,#1953,#1954,#1955));
#375=EDGE_LOOP('',(#1956,#1957,#1958,#1959));
#376=EDGE_LOOP('',(#1960,#1961,#1962,#1963));
#377=EDGE_LOOP('',(#1964,#1965,#1966,#1967,#1968,#1969,#1970,#1971));
#378=EDGE_LOOP('',(#1972,#1973,#1974,#1975,#1976,#1977));
#379=EDGE_LOOP('',(#1978,#1979,#1980,#1981,#1982,#1983,#1984));
#380=EDGE_LOOP('',(#1985,#1986,#1987,#1988));
#381=EDGE_LOOP('',(#1989,#1990,#1991,#1992));
#382=EDGE_LOOP('',(#1993,#1994,#1995,#1996));
#383=EDGE_LOOP('',(#1997,#1998,#1999,#2000,#2001,#2002,#2003));
#384=EDGE_LOOP('',(#2004,#2005,#2006,#2007));
#385=EDGE_LOOP('',(#2008,#2009,#2010,#2011,#2012,#2013,#2014,#2015,#2016,
#2017));
#386=EDGE_LOOP('',(#2018,#2019));
#387=LINE('',#3030,#644);
#388=LINE('',#3032,#645);
#389=LINE('',#3034,#646);
#390=LINE('',#3035,#647);
#391=LINE('',#3039,#648);
#392=LINE('',#3041,#649);
#393=LINE('',#3043,#650);
#394=LINE('',#3047,#651);
#395=LINE('',#3051,#652);
#396=LINE('',#3053,#653);
#397=LINE('',#3055,#654);
#398=LINE('',#3056,#655);
#399=LINE('',#3062,#656);
#400=LINE('',#3064,#657);
#401=LINE('',#3066,#658);
#402=LINE('',#3068,#659);
#403=LINE('',#3070,#660);
#404=LINE('',#3072,#661);
#405=LINE('',#3074,#662);
#406=LINE('',#3076,#663);
#407=LINE('',#3078,#664);
#408=LINE('',#3080,#665);
#409=LINE('',#3082,#666);
#410=LINE('',#3084,#667);
#411=LINE('',#3086,#668);
#412=LINE('',#3088,#669);
#413=LINE('',#3090,#670);
#414=LINE('',#3091,#671);
#415=LINE('',#3094,#672);
#416=LINE('',#3096,#673);
#417=LINE('',#3098,#674);
#418=LINE('',#3099,#675);
#419=LINE('',#3102,#676);
#420=LINE('',#3104,#677);
#421=LINE('',#3105,#678);
#422=LINE('',#3108,#679);
#423=LINE('',#3110,#680);
#424=LINE('',#3112,#681);
#425=LINE('',#3113,#682);
#426=LINE('',#3117,#683);
#427=LINE('',#3119,#684);
#428=LINE('',#3121,#685);
#429=LINE('',#3122,#686);
#430=LINE('',#3125,#687);
#431=LINE('',#3127,#688);
#432=LINE('',#3128,#689);
#433=LINE('',#3131,#690);
#434=LINE('',#3137,#691);
#435=LINE('',#3140,#692);
#436=LINE('',#3142,#693);
#437=LINE('',#3144,#694);
#438=LINE('',#3146,#695);
#439=LINE('',#3150,#696);
#440=LINE('',#3152,#697);
#441=LINE('',#3154,#698);
#442=LINE('',#3156,#699);
#443=LINE('',#3158,#700);
#444=LINE('',#3160,#701);
#445=LINE('',#3162,#702);
#446=LINE('',#3171,#703);
#447=LINE('',#3172,#704);
#448=LINE('',#3173,#705);
#449=LINE('',#3176,#706);
#450=LINE('',#3177,#707);
#451=LINE('',#3180,#708);
#452=LINE('',#3181,#709);
#453=LINE('',#3184,#710);
#454=LINE('',#3185,#711);
#455=LINE('',#3186,#712);
#456=LINE('',#3189,#713);
#457=LINE('',#3191,#714);
#458=LINE('',#3192,#715);
#459=LINE('',#3197,#716);
#460=LINE('',#3198,#717);
#461=LINE('',#3201,#718);
#462=LINE('',#3202,#719);
#463=LINE('',#3208,#720);
#464=LINE('',#3212,#721);
#465=LINE('',#3214,#722);
#466=LINE('',#3215,#723);
#467=LINE('',#3219,#724);
#468=LINE('',#3221,#725);
#469=LINE('',#3223,#726);
#470=LINE('',#3225,#727);
#471=LINE('',#3227,#728);
#472=LINE('',#3228,#729);
#473=LINE('',#3230,#730);
#474=LINE('',#3232,#731);
#475=LINE('',#3234,#732);
#476=LINE('',#3235,#733);
#477=LINE('',#3238,#734);
#478=LINE('',#3242,#735);
#479=LINE('',#3246,#736);
#480=LINE('',#3247,#737);
#481=LINE('',#3251,#738);
#482=LINE('',#3253,#739);
#483=LINE('',#3255,#740);
#484=LINE('',#3256,#741);
#485=LINE('',#3258,#742);
#486=LINE('',#3259,#743);
#487=LINE('',#3264,#744);
#488=LINE('',#3266,#745);
#489=LINE('',#3268,#746);
#490=LINE('',#3269,#747);
#491=LINE('',#3272,#748);
#492=LINE('',#3274,#749);
#493=LINE('',#3275,#750);
#494=LINE('',#3278,#751);
#495=LINE('',#3280,#752);
#496=LINE('',#3282,#753);
#497=LINE('',#3283,#754);
#498=LINE('',#3286,#755);
#499=LINE('',#3287,#756);
#500=LINE('',#3288,#757);
#501=LINE('',#3298,#758);
#502=LINE('',#3299,#759);
#503=LINE('',#3303,#760);
#504=LINE('',#3308,#761);
#505=LINE('',#3310,#762);
#506=LINE('',#3313,#763);
#507=LINE('',#3314,#764);
#508=LINE('',#3316,#765);
#509=LINE('',#3317,#766);
#510=LINE('',#3319,#767);
#511=LINE('',#3325,#768);
#512=LINE('',#3326,#769);
#513=LINE('',#3327,#770);
#514=LINE('',#3330,#771);
#515=LINE('',#3332,#772);
#516=LINE('',#3333,#773);
#517=LINE('',#3336,#774);
#518=LINE('',#3338,#775);
#519=LINE('',#3339,#776);
#520=LINE('',#3341,#777);
#521=LINE('',#3342,#778);
#522=LINE('',#3345,#779);
#523=LINE('',#3346,#780);
#524=LINE('',#3350,#781);
#525=LINE('',#3354,#782);
#526=LINE('',#3358,#783);
#527=LINE('',#3362,#784);
#528=LINE('',#3377,#785);
#529=LINE('',#3378,#786);
#530=LINE('',#3379,#787);
#531=LINE('',#3381,#788);
#532=LINE('',#3384,#789);
#533=LINE('',#3386,#790);
#534=LINE('',#3392,#791);
#535=LINE('',#3401,#792);
#536=LINE('',#3404,#793);
#537=LINE('',#3409,#794);
#538=LINE('',#3414,#795);
#539=LINE('',#3417,#796);
#540=LINE('',#3419,#797);
#541=LINE('',#3423,#798);
#542=LINE('',#3427,#799);
#543=LINE('',#3428,#800);
#544=LINE('',#3430,#801);
#545=LINE('',#3433,#802);
#546=LINE('',#3436,#803);
#547=LINE('',#3438,#804);
#548=LINE('',#3439,#805);
#549=LINE('',#3442,#806);
#550=LINE('',#3443,#807);
#551=LINE('',#3446,#808);
#552=LINE('',#3447,#809);
#553=LINE('',#3449,#810);
#554=LINE('',#3453,#811);
#555=LINE('',#3454,#812);
#556=LINE('',#3455,#813);
#557=LINE('',#3458,#814);
#558=LINE('',#3459,#815);
#559=LINE('',#3462,#816);
#560=LINE('',#3464,#817);
#561=LINE('',#3465,#818);
#562=LINE('',#3469,#819);
#563=LINE('',#3472,#820);
#564=LINE('',#3473,#821);
#565=LINE('',#3477,#822);
#566=LINE('',#3480,#823);
#567=LINE('',#3481,#824);
#568=LINE('',#3483,#825);
#569=LINE('',#3484,#826);
#570=LINE('',#3486,#827);
#571=LINE('',#3488,#828);
#572=LINE('',#3490,#829);
#573=LINE('',#3492,#830);
#574=LINE('',#3496,#831);
#575=LINE('',#3498,#832);
#576=LINE('',#3500,#833);
#577=LINE('',#3501,#834);
#578=LINE('',#3504,#835);
#579=LINE('',#3506,#836);
#580=LINE('',#3507,#837);
#581=LINE('',#3510,#838);
#582=LINE('',#3512,#839);
#583=LINE('',#3513,#840);
#584=LINE('',#3515,#841);
#585=LINE('',#3516,#842);
#586=LINE('',#3520,#843);
#587=LINE('',#3524,#844);
#588=LINE('',#3528,#845);
#589=LINE('',#3532,#846);
#590=LINE('',#3547,#847);
#591=LINE('',#3548,#848);
#592=LINE('',#3551,#849);
#593=LINE('',#3552,#850);
#594=LINE('',#3554,#851);
#595=LINE('',#3555,#852);
#596=LINE('',#3558,#853);
#597=LINE('',#3559,#854);
#598=LINE('',#3561,#855);
#599=LINE('',#3563,#856);
#600=LINE('',#3565,#857);
#601=LINE('',#3567,#858);
#602=LINE('',#3569,#859);
#603=LINE('',#3571,#860);
#604=LINE('',#3574,#861);
#605=LINE('',#3576,#862);
#606=LINE('',#3578,#863);
#607=LINE('',#3580,#864);
#608=LINE('',#3582,#865);
#609=LINE('',#3584,#866);
#610=LINE('',#3588,#867);
#611=LINE('',#3590,#868);
#612=LINE('',#3592,#869);
#613=LINE('',#3593,#870);
#614=LINE('',#3595,#871);
#615=LINE('',#3603,#872);
#616=LINE('',#3607,#873);
#617=LINE('',#3609,#874);
#618=LINE('',#3610,#875);
#619=LINE('',#3613,#876);
#620=LINE('',#3615,#877);
#621=LINE('',#3616,#878);
#622=LINE('',#3619,#879);
#623=LINE('',#3620,#880);
#624=LINE('',#3623,#881);
#625=LINE('',#3625,#882);
#626=LINE('',#3626,#883);
#627=LINE('',#3629,#884);
#628=LINE('',#3630,#885);
#629=LINE('',#3633,#886);
#630=LINE('',#3635,#887);
#631=LINE('',#3636,#888);
#632=LINE('',#3637,#889);
#633=LINE('',#3639,#890);
#634=LINE('',#3641,#891);
#635=LINE('',#3643,#892);
#636=LINE('',#3645,#893);
#637=LINE('',#3646,#894);
#638=LINE('',#3649,#895);
#639=LINE('',#3651,#896);
#640=LINE('',#3653,#897);
#641=LINE('',#3655,#898);
#642=LINE('',#3657,#899);
#643=LINE('',#3659,#900);
#644=VECTOR('',#2429,10.);
#645=VECTOR('',#2430,10.);
#646=VECTOR('',#2431,10.);
#647=VECTOR('',#2432,10.);
#648=VECTOR('',#2435,10.);
#649=VECTOR('',#2436,10.);
#650=VECTOR('',#2437,10.);
#651=VECTOR('',#2440,10.);
#652=VECTOR('',#2443,10.);
#653=VECTOR('',#2444,10.);
#654=VECTOR('',#2445,10.);
#655=VECTOR('',#2446,10.);
#656=VECTOR('',#2451,10.);
#657=VECTOR('',#2452,10.);
#658=VECTOR('',#2453,10.);
#659=VECTOR('',#2454,10.);
#660=VECTOR('',#2455,10.);
#661=VECTOR('',#2456,10.);
#662=VECTOR('',#2457,10.);
#663=VECTOR('',#2458,10.);
#664=VECTOR('',#2459,10.);
#665=VECTOR('',#2460,10.);
#666=VECTOR('',#2461,10.);
#667=VECTOR('',#2462,10.);
#668=VECTOR('',#2463,10.);
#669=VECTOR('',#2464,10.);
#670=VECTOR('',#2465,10.);
#671=VECTOR('',#2466,10.);
#672=VECTOR('',#2469,10.);
#673=VECTOR('',#2470,10.);
#674=VECTOR('',#2471,10.);
#675=VECTOR('',#2472,10.);
#676=VECTOR('',#2475,10.);
#677=VECTOR('',#2476,10.);
#678=VECTOR('',#2477,10.);
#679=VECTOR('',#2480,10.);
#680=VECTOR('',#2481,10.);
#681=VECTOR('',#2482,10.);
#682=VECTOR('',#2483,10.);
#683=VECTOR('',#2486,10.);
#684=VECTOR('',#2487,10.);
#685=VECTOR('',#2488,10.);
#686=VECTOR('',#2489,10.);
#687=VECTOR('',#2492,10.);
#688=VECTOR('',#2493,10.);
#689=VECTOR('',#2494,10.);
#690=VECTOR('',#2497,10.);
#691=VECTOR('',#2498,10.);
#692=VECTOR('',#2501,10.);
#693=VECTOR('',#2502,10.);
#694=VECTOR('',#2503,10.);
#695=VECTOR('',#2504,10.);
#696=VECTOR('',#2507,10.);
#697=VECTOR('',#2508,10.);
#698=VECTOR('',#2509,10.);
#699=VECTOR('',#2510,10.);
#700=VECTOR('',#2511,10.);
#701=VECTOR('',#2512,10.);
#702=VECTOR('',#2513,10.);
#703=VECTOR('',#2522,10.);
#704=VECTOR('',#2523,10.);
#705=VECTOR('',#2524,10.);
#706=VECTOR('',#2527,10.);
#707=VECTOR('',#2528,10.);
#708=VECTOR('',#2531,10.);
#709=VECTOR('',#2532,10.);
#710=VECTOR('',#2535,10.);
#711=VECTOR('',#2536,10.);
#712=VECTOR('',#2537,10.);
#713=VECTOR('',#2540,10.);
#714=VECTOR('',#2541,10.);
#715=VECTOR('',#2542,10.);
#716=VECTOR('',#2547,10.);
#717=VECTOR('',#2548,10.);
#718=VECTOR('',#2551,10.);
#719=VECTOR('',#2552,10.);
#720=VECTOR('',#2557,10.);
#721=VECTOR('',#2560,10.);
#722=VECTOR('',#2561,10.);
#723=VECTOR('',#2562,10.);
#724=VECTOR('',#2567,10.);
#725=VECTOR('',#2568,10.);
#726=VECTOR('',#2569,10.);
#727=VECTOR('',#2570,10.);
#728=VECTOR('',#2571,10.);
#729=VECTOR('',#2572,10.);
#730=VECTOR('',#2573,10.);
#731=VECTOR('',#2574,10.);
#732=VECTOR('',#2575,10.);
#733=VECTOR('',#2576,10.);
#734=VECTOR('',#2579,10.);
#735=VECTOR('',#2584,10.);
#736=VECTOR('',#2587,10.);
#737=VECTOR('',#2588,10.);
#738=VECTOR('',#2593,10.);
#739=VECTOR('',#2594,10.);
#740=VECTOR('',#2595,10.);
#741=VECTOR('',#2596,10.);
#742=VECTOR('',#2597,10.);
#743=VECTOR('',#2598,10.);
#744=VECTOR('',#2605,10.);
#745=VECTOR('',#2606,10.);
#746=VECTOR('',#2607,10.);
#747=VECTOR('',#2608,10.);
#748=VECTOR('',#2611,10.);
#749=VECTOR('',#2612,10.);
#750=VECTOR('',#2613,10.);
#751=VECTOR('',#2616,10.);
#752=VECTOR('',#2617,10.);
#753=VECTOR('',#2618,10.);
#754=VECTOR('',#2619,10.);
#755=VECTOR('',#2622,10.);
#756=VECTOR('',#2623,10.);
#757=VECTOR('',#2624,10.);
#758=VECTOR('',#2633,10.);
#759=VECTOR('',#2634,10.);
#760=VECTOR('',#2639,10.);
#761=VECTOR('',#2648,10.);
#762=VECTOR('',#2651,10.);
#763=VECTOR('',#2654,10.);
#764=VECTOR('',#2655,10.);
#765=VECTOR('',#2656,10.);
#766=VECTOR('',#2657,10.);
#767=VECTOR('',#2660,10.);
#768=VECTOR('',#2665,10.);
#769=VECTOR('',#2666,10.);
#770=VECTOR('',#2667,10.);
#771=VECTOR('',#2670,10.);
#772=VECTOR('',#2671,10.);
#773=VECTOR('',#2672,10.);
#774=VECTOR('',#2675,10.);
#775=VECTOR('',#2676,10.);
#776=VECTOR('',#2677,10.);
#777=VECTOR('',#2680,10.);
#778=VECTOR('',#2681,10.);
#779=VECTOR('',#2684,10.);
#780=VECTOR('',#2685,10.);
#781=VECTOR('',#2688,10.);
#782=VECTOR('',#2691,10.);
#783=VECTOR('',#2694,10.);
#784=VECTOR('',#2697,10.);
#785=VECTOR('',#2714,10.);
#786=VECTOR('',#2715,10.);
#787=VECTOR('',#2716,10.);
#788=VECTOR('',#2719,10.);
#789=VECTOR('',#2722,10.);
#790=VECTOR('',#2723,10.);
#791=VECTOR('',#2726,10.);
#792=VECTOR('',#2733,10.);
#793=VECTOR('',#2738,10.);
#794=VECTOR('',#2745,2.1);
#795=VECTOR('',#2752,2.10000000000001);
#796=VECTOR('',#2755,10.);
#797=VECTOR('',#2756,10.);
#798=VECTOR('',#2759,10.);
#799=VECTOR('',#2762,10.);
#800=VECTOR('',#2763,10.);
#801=VECTOR('',#2766,2.10000000000001);
#802=VECTOR('',#2771,2.1);
#803=VECTOR('',#2774,10.);
#804=VECTOR('',#2775,10.);
#805=VECTOR('',#2776,10.);
#806=VECTOR('',#2779,10.);
#807=VECTOR('',#2780,10.);
#808=VECTOR('',#2783,10.);
#809=VECTOR('',#2784,10.);
#810=VECTOR('',#2787,10.);
#811=VECTOR('',#2790,10.);
#812=VECTOR('',#2791,10.);
#813=VECTOR('',#2792,10.);
#814=VECTOR('',#2795,10.);
#815=VECTOR('',#2796,10.);
#816=VECTOR('',#2799,10.);
#817=VECTOR('',#2800,10.);
#818=VECTOR('',#2801,10.);
#819=VECTOR('',#2806,10.);
#820=VECTOR('',#2809,10.);
#821=VECTOR('',#2810,10.);
#822=VECTOR('',#2815,10.);
#823=VECTOR('',#2818,10.);
#824=VECTOR('',#2819,10.);
#825=VECTOR('',#2822,10.);
#826=VECTOR('',#2823,10.);
#827=VECTOR('',#2826,10.);
#828=VECTOR('',#2829,10.);
#829=VECTOR('',#2832,10.);
#830=VECTOR('',#2835,10.);
#831=VECTOR('',#2838,10.);
#832=VECTOR('',#2839,10.);
#833=VECTOR('',#2840,10.);
#834=VECTOR('',#2841,10.);
#835=VECTOR('',#2844,10.);
#836=VECTOR('',#2845,10.);
#837=VECTOR('',#2846,10.);
#838=VECTOR('',#2849,10.);
#839=VECTOR('',#2850,10.);
#840=VECTOR('',#2851,10.);
#841=VECTOR('',#2854,10.);
#842=VECTOR('',#2855,10.);
#843=VECTOR('',#2858,10.);
#844=VECTOR('',#2861,10.);
#845=VECTOR('',#2864,10.);
#846=VECTOR('',#2867,10.);
#847=VECTOR('',#2884,10.);
#848=VECTOR('',#2885,10.);
#849=VECTOR('',#2888,10.);
#850=VECTOR('',#2889,10.);
#851=VECTOR('',#2892,10.);
#852=VECTOR('',#2893,10.);
#853=VECTOR('',#2898,10.);
#854=VECTOR('',#2899,10.);
#855=VECTOR('',#2902,10.);
#856=VECTOR('',#2905,10.);
#857=VECTOR('',#2908,10.);
#858=VECTOR('',#2911,10.);
#859=VECTOR('',#2914,10.);
#860=VECTOR('',#2917,10.);
#861=VECTOR('',#2922,1.25);
#862=VECTOR('',#2925,1.25);
#863=VECTOR('',#2928,1.875);
#864=VECTOR('',#2931,1.875);
#865=VECTOR('',#2934,1.875);
#866=VECTOR('',#2937,1.875);
#867=VECTOR('',#2940,10.);
#868=VECTOR('',#2941,10.);
#869=VECTOR('',#2942,10.);
#870=VECTOR('',#2943,10.);
#871=VECTOR('',#2946,10.);
#872=VECTOR('',#2955,10.);
#873=VECTOR('',#2960,10.);
#874=VECTOR('',#2961,10.);
#875=VECTOR('',#2962,10.);
#876=VECTOR('',#2965,10.);
#877=VECTOR('',#2966,10.);
#878=VECTOR('',#2967,10.);
#879=VECTOR('',#2970,10.);
#880=VECTOR('',#2971,10.);
#881=VECTOR('',#2974,10.);
#882=VECTOR('',#2975,10.);
#883=VECTOR('',#2976,10.);
#884=VECTOR('',#2979,10.);
#885=VECTOR('',#2980,10.);
#886=VECTOR('',#2983,10.);
#887=VECTOR('',#2984,10.);
#888=VECTOR('',#2985,10.);
#889=VECTOR('',#2986,10.);
#890=VECTOR('',#2989,5.5);
#891=VECTOR('',#2992,1.625);
#892=VECTOR('',#2995,10.);
#893=VECTOR('',#2998,10.);
#894=VECTOR('',#2999,10.);
#895=VECTOR('',#3004,10.);
#896=VECTOR('',#3007,10.);
#897=VECTOR('',#3010,10.);
#898=VECTOR('',#3013,10.);
#899=VECTOR('',#3016,10.);
#900=VECTOR('',#3019,10.);
#901=VERTEX_POINT('',#3028);
#902=VERTEX_POINT('',#3029);
#903=VERTEX_POINT('',#3031);
#904=VERTEX_POINT('',#3033);
#905=VERTEX_POINT('',#3037);
#906=VERTEX_POINT('',#3038);
#907=VERTEX_POINT('',#3040);
#908=VERTEX_POINT('',#3042);
#909=VERTEX_POINT('',#3044);
#910=VERTEX_POINT('',#3046);
#911=VERTEX_POINT('',#3049);
#912=VERTEX_POINT('',#3050);
#913=VERTEX_POINT('',#3052);
#914=VERTEX_POINT('',#3054);
#915=VERTEX_POINT('',#3057);
#916=VERTEX_POINT('',#3060);
#917=VERTEX_POINT('',#3061);
#918=VERTEX_POINT('',#3063);
#919=VERTEX_POINT('',#3065);
#920=VERTEX_POINT('',#3067);
#921=VERTEX_POINT('',#3069);
#922=VERTEX_POINT('',#3071);
#923=VERTEX_POINT('',#3073);
#924=VERTEX_POINT('',#3075);
#925=VERTEX_POINT('',#3077);
#926=VERTEX_POINT('',#3079);
#927=VERTEX_POINT('',#3081);
#928=VERTEX_POINT('',#3083);
#929=VERTEX_POINT('',#3085);
#930=VERTEX_POINT('',#3087);
#931=VERTEX_POINT('',#3089);
#932=VERTEX_POINT('',#3093);
#933=VERTEX_POINT('',#3095);
#934=VERTEX_POINT('',#3097);
#935=VERTEX_POINT('',#3101);
#936=VERTEX_POINT('',#3103);
#937=VERTEX_POINT('',#3107);
#938=VERTEX_POINT('',#3109);
#939=VERTEX_POINT('',#3111);
#940=VERTEX_POINT('',#3115);
#941=VERTEX_POINT('',#3116);
#942=VERTEX_POINT('',#3118);
#943=VERTEX_POINT('',#3120);
#944=VERTEX_POINT('',#3124);
#945=VERTEX_POINT('',#3126);
#946=VERTEX_POINT('',#3130);
#947=VERTEX_POINT('',#3132);
#948=VERTEX_POINT('',#3139);
#949=VERTEX_POINT('',#3141);
#950=VERTEX_POINT('',#3143);
#951=VERTEX_POINT('',#3145);
#952=VERTEX_POINT('',#3147);
#953=VERTEX_POINT('',#3149);
#954=VERTEX_POINT('',#3151);
#955=VERTEX_POINT('',#3153);
#956=VERTEX_POINT('',#3155);
#957=VERTEX_POINT('',#3157);
#958=VERTEX_POINT('',#3159);
#959=VERTEX_POINT('',#3161);
#960=VERTEX_POINT('',#3164);
#961=VERTEX_POINT('',#3166);
#962=VERTEX_POINT('',#3169);
#963=VERTEX_POINT('',#3170);
#964=VERTEX_POINT('',#3175);
#965=VERTEX_POINT('',#3179);
#966=VERTEX_POINT('',#3183);
#967=VERTEX_POINT('',#3188);
#968=VERTEX_POINT('',#3190);
#969=VERTEX_POINT('',#3193);
#970=VERTEX_POINT('',#3196);
#971=VERTEX_POINT('',#3200);
#972=VERTEX_POINT('',#3203);
#973=VERTEX_POINT('',#3206);
#974=VERTEX_POINT('',#3207);
#975=VERTEX_POINT('',#3209);
#976=VERTEX_POINT('',#3211);
#977=VERTEX_POINT('',#3213);
#978=VERTEX_POINT('',#3216);
#979=VERTEX_POINT('',#3220);
#980=VERTEX_POINT('',#3222);
#981=VERTEX_POINT('',#3224);
#982=VERTEX_POINT('',#3226);
#983=VERTEX_POINT('',#3229);
#984=VERTEX_POINT('',#3231);
#985=VERTEX_POINT('',#3233);
#986=VERTEX_POINT('',#3237);
#987=VERTEX_POINT('',#3241);
#988=VERTEX_POINT('',#3243);
#989=VERTEX_POINT('',#3245);
#990=VERTEX_POINT('',#3248);
#991=VERTEX_POINT('',#3252);
#992=VERTEX_POINT('',#3254);
#993=VERTEX_POINT('',#3257);
#994=VERTEX_POINT('',#3263);
#995=VERTEX_POINT('',#3265);
#996=VERTEX_POINT('',#3267);
#997=VERTEX_POINT('',#3271);
#998=VERTEX_POINT('',#3273);
#999=VERTEX_POINT('',#3277);
#1000=VERTEX_POINT('',#3279);
#1001=VERTEX_POINT('',#3281);
#1002=VERTEX_POINT('',#3285);
#1003=VERTEX_POINT('',#3297);
#1004=VERTEX_POINT('',#3300);
#1005=VERTEX_POINT('',#3312);
#1006=VERTEX_POINT('',#3315);
#1007=VERTEX_POINT('',#3320);
#1008=VERTEX_POINT('',#3323);
#1009=VERTEX_POINT('',#3324);
#1010=VERTEX_POINT('',#3329);
#1011=VERTEX_POINT('',#3331);
#1012=VERTEX_POINT('',#3335);
#1013=VERTEX_POINT('',#3337);
#1014=VERTEX_POINT('',#3344);
#1015=VERTEX_POINT('',#3348);
#1016=VERTEX_POINT('',#3349);
#1017=VERTEX_POINT('',#3351);
#1018=VERTEX_POINT('',#3353);
#1019=VERTEX_POINT('',#3355);
#1020=VERTEX_POINT('',#3357);
#1021=VERTEX_POINT('',#3359);
#1022=VERTEX_POINT('',#3361);
#1023=VERTEX_POINT('',#3364);
#1024=VERTEX_POINT('',#3366);
#1025=VERTEX_POINT('',#3368);
#1026=VERTEX_POINT('',#3370);
#1027=VERTEX_POINT('',#3372);
#1028=VERTEX_POINT('',#3374);
#1029=VERTEX_POINT('',#3383);
#1030=VERTEX_POINT('',#3385);
#1031=VERTEX_POINT('',#3394);
#1032=VERTEX_POINT('',#3407);
#1033=VERTEX_POINT('',#3412);
#1034=VERTEX_POINT('',#3416);
#1035=VERTEX_POINT('',#3418);
#1036=VERTEX_POINT('',#3420);
#1037=VERTEX_POINT('',#3422);
#1038=VERTEX_POINT('',#3424);
#1039=VERTEX_POINT('',#3426);
#1040=VERTEX_POINT('',#3435);
#1041=VERTEX_POINT('',#3437);
#1042=VERTEX_POINT('',#3441);
#1043=VERTEX_POINT('',#3445);
#1044=VERTEX_POINT('',#3451);
#1045=VERTEX_POINT('',#3452);
#1046=VERTEX_POINT('',#3457);
#1047=VERTEX_POINT('',#3461);
#1048=VERTEX_POINT('',#3463);
#1049=VERTEX_POINT('',#3467);
#1050=VERTEX_POINT('',#3471);
#1051=VERTEX_POINT('',#3475);
#1052=VERTEX_POINT('',#3479);
#1053=VERTEX_POINT('',#3494);
#1054=VERTEX_POINT('',#3495);
#1055=VERTEX_POINT('',#3497);
#1056=VERTEX_POINT('',#3499);
#1057=VERTEX_POINT('',#3503);
#1058=VERTEX_POINT('',#3505);
#1059=VERTEX_POINT('',#3509);
#1060=VERTEX_POINT('',#3511);
#1061=VERTEX_POINT('',#3518);
#1062=VERTEX_POINT('',#3519);
#1063=VERTEX_POINT('',#3521);
#1064=VERTEX_POINT('',#3523);
#1065=VERTEX_POINT('',#3525);
#1066=VERTEX_POINT('',#3527);
#1067=VERTEX_POINT('',#3529);
#1068=VERTEX_POINT('',#3531);
#1069=VERTEX_POINT('',#3534);
#1070=VERTEX_POINT('',#3536);
#1071=VERTEX_POINT('',#3538);
#1072=VERTEX_POINT('',#3540);
#1073=VERTEX_POINT('',#3542);
#1074=VERTEX_POINT('',#3544);
#1075=VERTEX_POINT('',#3550);
#1076=VERTEX_POINT('',#3586);
#1077=VERTEX_POINT('',#3587);
#1078=VERTEX_POINT('',#3589);
#1079=VERTEX_POINT('',#3591);
#1080=VERTEX_POINT('',#3598);
#1081=VERTEX_POINT('',#3601);
#1082=VERTEX_POINT('',#3602);
#1083=VERTEX_POINT('',#3606);
#1084=VERTEX_POINT('',#3608);
#1085=VERTEX_POINT('',#3612);
#1086=VERTEX_POINT('',#3614);
#1087=VERTEX_POINT('',#3618);
#1088=VERTEX_POINT('',#3622);
#1089=VERTEX_POINT('',#3624);
#1090=VERTEX_POINT('',#3628);
#1091=VERTEX_POINT('',#3632);
#1092=VERTEX_POINT('',#3634);
#1093=EDGE_CURVE('',#901,#902,#387,.T.);
#1094=EDGE_CURVE('',#901,#903,#388,.T.);
#1095=EDGE_CURVE('',#904,#903,#389,.T.);
#1096=EDGE_CURVE('',#902,#904,#390,.T.);
#1097=EDGE_CURVE('',#905,#906,#391,.T.);
#1098=EDGE_CURVE('',#905,#907,#392,.T.);
#1099=EDGE_CURVE('',#908,#907,#393,.T.);
#1100=EDGE_CURVE('',#909,#908,#69,.T.);
#1101=EDGE_CURVE('',#910,#909,#394,.T.);
#1102=EDGE_CURVE('',#906,#910,#70,.T.);
#1103=EDGE_CURVE('',#911,#912,#395,.T.);
#1104=EDGE_CURVE('',#913,#911,#396,.T.);
#1105=EDGE_CURVE('',#914,#913,#397,.T.);
#1106=EDGE_CURVE('',#912,#914,#398,.T.);
#1107=EDGE_CURVE('',#915,#915,#71,.T.);
#1108=EDGE_CURVE('',#916,#917,#399,.T.);
#1109=EDGE_CURVE('',#918,#916,#400,.T.);
#1110=EDGE_CURVE('',#919,#918,#401,.T.);
#1111=EDGE_CURVE('',#919,#920,#402,.T.);
#1112=EDGE_CURVE('',#920,#921,#403,.T.);
#1113=EDGE_CURVE('',#921,#922,#404,.T.);
#1114=EDGE_CURVE('',#923,#922,#405,.T.);
#1115=EDGE_CURVE('',#924,#923,#406,.T.);
#1116=EDGE_CURVE('',#925,#924,#407,.T.);
#1117=EDGE_CURVE('',#926,#925,#408,.T.);
#1118=EDGE_CURVE('',#926,#927,#409,.T.);
#1119=EDGE_CURVE('',#928,#927,#410,.T.);
#1120=EDGE_CURVE('',#928,#929,#411,.T.);
#1121=EDGE_CURVE('',#929,#930,#412,.T.);
#1122=EDGE_CURVE('',#930,#931,#413,.T.);
#1123=EDGE_CURVE('',#917,#931,#414,.T.);
#1124=EDGE_CURVE('',#917,#932,#415,.T.);
#1125=EDGE_CURVE('',#931,#933,#416,.T.);
#1126=EDGE_CURVE('',#933,#934,#417,.T.);
#1127=EDGE_CURVE('',#934,#932,#418,.T.);
#1128=EDGE_CURVE('',#933,#935,#419,.T.);
#1129=EDGE_CURVE('',#935,#936,#420,.T.);
#1130=EDGE_CURVE('',#934,#936,#421,.T.);
#1131=EDGE_CURVE('',#937,#925,#422,.T.);
#1132=EDGE_CURVE('',#938,#937,#423,.F.);
#1133=EDGE_CURVE('',#938,#939,#424,.T.);
#1134=EDGE_CURVE('',#939,#926,#425,.T.);
#1135=EDGE_CURVE('',#940,#941,#426,.T.);
#1136=EDGE_CURVE('',#942,#941,#427,.T.);
#1137=EDGE_CURVE('',#942,#943,#428,.T.);
#1138=EDGE_CURVE('',#943,#940,#429,.T.);
#1139=EDGE_CURVE('',#943,#944,#430,.T.);
#1140=EDGE_CURVE('',#945,#944,#431,.T.);
#1141=EDGE_CURVE('',#945,#940,#432,.T.);
#1142=EDGE_CURVE('',#946,#944,#433,.T.);
#1143=EDGE_CURVE('',#947,#946,#41,.T.);
#1144=EDGE_CURVE('',#947,#945,#434,.T.);
#1145=EDGE_CURVE('',#948,#942,#435,.T.);
#1146=EDGE_CURVE('',#949,#948,#436,.T.);
#1147=EDGE_CURVE('',#950,#949,#437,.T.);
#1148=EDGE_CURVE('',#951,#950,#438,.T.);
#1149=EDGE_CURVE('',#952,#951,#72,.T.);
#1150=EDGE_CURVE('',#953,#952,#439,.T.);
#1151=EDGE_CURVE('',#954,#953,#440,.T.);
#1152=EDGE_CURVE('',#955,#954,#441,.T.);
#1153=EDGE_CURVE('',#956,#955,#442,.T.);
#1154=EDGE_CURVE('',#957,#956,#443,.T.);
#1155=EDGE_CURVE('',#958,#957,#444,.T.);
#1156=EDGE_CURVE('',#959,#958,#445,.T.);
#1157=EDGE_CURVE('',#946,#959,#73,.T.);
#1158=EDGE_CURVE('',#960,#960,#74,.T.);
#1159=EDGE_CURVE('',#961,#961,#75,.T.);
#1160=EDGE_CURVE('',#962,#963,#446,.T.);
#1161=EDGE_CURVE('',#958,#963,#447,.T.);
#1162=EDGE_CURVE('',#957,#962,#448,.T.);
#1163=EDGE_CURVE('',#964,#956,#449,.T.);
#1164=EDGE_CURVE('',#964,#962,#450,.T.);
#1165=EDGE_CURVE('',#955,#965,#451,.T.);
#1166=EDGE_CURVE('',#965,#964,#452,.T.);
#1167=EDGE_CURVE('',#966,#954,#453,.T.);
#1168=EDGE_CURVE('',#932,#966,#454,.T.);
#1169=EDGE_CURVE('',#934,#965,#455,.T.);
#1170=EDGE_CURVE('',#967,#939,#456,.T.);
#1171=EDGE_CURVE('',#967,#968,#457,.T.);
#1172=EDGE_CURVE('',#927,#968,#458,.T.);
#1173=EDGE_CURVE('',#969,#969,#76,.T.);
#1174=EDGE_CURVE('',#941,#970,#459,.T.);
#1175=EDGE_CURVE('',#948,#970,#460,.T.);
#1176=EDGE_CURVE('',#971,#930,#461,.T.);
#1177=EDGE_CURVE('',#971,#935,#462,.T.);
#1178=EDGE_CURVE('',#972,#972,#77,.T.);
#1179=EDGE_CURVE('',#973,#974,#463,.F.);
#1180=EDGE_CURVE('',#975,#973,#78,.T.);
#1181=EDGE_CURVE('',#976,#975,#464,.T.);
#1182=EDGE_CURVE('',#976,#977,#465,.F.);
#1183=EDGE_CURVE('',#977,#974,#466,.F.);
#1184=EDGE_CURVE('',#978,#978,#79,.T.);
#1185=EDGE_CURVE('',#963,#976,#467,.T.);
#1186=EDGE_CURVE('',#979,#975,#468,.T.);
#1187=EDGE_CURVE('',#980,#979,#469,.T.);
#1188=EDGE_CURVE('',#981,#980,#470,.T.);
#1189=EDGE_CURVE('',#981,#982,#471,.T.);
#1190=EDGE_CURVE('',#982,#945,#472,.T.);
#1191=EDGE_CURVE('',#983,#947,#473,.T.);
#1192=EDGE_CURVE('',#984,#983,#474,.T.);
#1193=EDGE_CURVE('',#985,#984,#475,.T.);
#1194=EDGE_CURVE('',#963,#985,#476,.T.);
#1195=EDGE_CURVE('',#973,#986,#477,.T.);
#1196=EDGE_CURVE('',#986,#979,#80,.F.);
#1197=EDGE_CURVE('',#987,#982,#478,.F.);
#1198=EDGE_CURVE('',#988,#981,#81,.T.);
#1199=EDGE_CURVE('',#989,#988,#479,.T.);
#1200=EDGE_CURVE('',#989,#987,#480,.F.);
#1201=EDGE_CURVE('',#990,#990,#82,.T.);
#1202=EDGE_CURVE('',#941,#989,#481,.T.);
#1203=EDGE_CURVE('',#991,#988,#482,.T.);
#1204=EDGE_CURVE('',#992,#991,#483,.T.);
#1205=EDGE_CURVE('',#928,#992,#484,.T.);
#1206=EDGE_CURVE('',#968,#993,#485,.F.);
#1207=EDGE_CURVE('',#993,#970,#486,.T.);
#1208=EDGE_CURVE('',#980,#991,#83,.F.);
#1209=EDGE_CURVE('',#924,#994,#487,.T.);
#1210=EDGE_CURVE('',#923,#995,#488,.T.);
#1211=EDGE_CURVE('',#995,#996,#489,.T.);
#1212=EDGE_CURVE('',#996,#994,#490,.T.);
#1213=EDGE_CURVE('',#997,#995,#491,.T.);
#1214=EDGE_CURVE('',#998,#997,#492,.T.);
#1215=EDGE_CURVE('',#996,#998,#493,.T.);
#1216=EDGE_CURVE('',#999,#916,#494,.T.);
#1217=EDGE_CURVE('',#1000,#999,#495,.F.);
#1218=EDGE_CURVE('',#1000,#1001,#496,.T.);
#1219=EDGE_CURVE('',#1001,#918,#497,.T.);
#1220=EDGE_CURVE('',#1002,#937,#498,.T.);
#1221=EDGE_CURVE('',#949,#1002,#499,.T.);
#1222=EDGE_CURVE('',#970,#938,#500,.T.);
#1223=EDGE_CURVE('',#985,#959,#42,.T.);
#1224=EDGE_CURVE('',#985,#947,#84,.T.);
#1225=EDGE_CURVE('',#993,#1003,#501,.F.);
#1226=EDGE_CURVE('',#1003,#938,#502,.T.);
#1227=EDGE_CURVE('',#1004,#1004,#85,.T.);
#1228=EDGE_CURVE('',#940,#987,#503,.T.);
#1229=EDGE_CURVE('',#983,#984,#86,.T.);
#1230=EDGE_CURVE('',#962,#977,#504,.T.);
#1231=EDGE_CURVE('',#974,#964,#505,.F.);
#1232=EDGE_CURVE('',#965,#1005,#506,.T.);
#1233=EDGE_CURVE('',#1005,#971,#507,.T.);
#1234=EDGE_CURVE('',#1006,#929,#508,.T.);
#1235=EDGE_CURVE('',#986,#1006,#509,.F.);
#1236=EDGE_CURVE('',#936,#1005,#510,.F.);
#1237=EDGE_CURVE('',#1007,#1007,#87,.T.);
#1238=EDGE_CURVE('',#1008,#1009,#511,.T.);
#1239=EDGE_CURVE('',#1009,#904,#512,.T.);
#1240=EDGE_CURVE('',#1008,#903,#513,.T.);
#1241=EDGE_CURVE('',#1009,#1010,#514,.T.);
#1242=EDGE_CURVE('',#1010,#1011,#515,.T.);
#1243=EDGE_CURVE('',#1011,#904,#516,.T.);
#1244=EDGE_CURVE('',#1010,#1012,#517,.T.);
#1245=EDGE_CURVE('',#1012,#1013,#518,.T.);
#1246=EDGE_CURVE('',#1013,#1011,#519,.T.);
#1247=EDGE_CURVE('',#903,#1013,#520,.T.);
#1248=EDGE_CURVE('',#1012,#1008,#521,.T.);
#1249=EDGE_CURVE('',#1014,#901,#522,.T.);
#1250=EDGE_CURVE('',#1014,#1013,#523,.T.);
#1251=EDGE_CURVE('',#1015,#1016,#524,.T.);
#1252=EDGE_CURVE('',#1016,#1017,#88,.T.);
#1253=EDGE_CURVE('',#1017,#1018,#525,.T.);
#1254=EDGE_CURVE('',#1018,#1019,#89,.T.);
#1255=EDGE_CURVE('',#1019,#1020,#526,.T.);
#1256=EDGE_CURVE('',#1020,#1021,#90,.T.);
#1257=EDGE_CURVE('',#1021,#1022,#527,.T.);
#1258=EDGE_CURVE('',#1022,#1015,#91,.T.);
#1259=EDGE_CURVE('',#1023,#1023,#92,.T.);
#1260=EDGE_CURVE('',#1024,#1024,#93,.T.);
#1261=EDGE_CURVE('',#1025,#1025,#94,.T.);
#1262=EDGE_CURVE('',#1026,#1026,#95,.T.);
#1263=EDGE_CURVE('',#1027,#1027,#96,.T.);
#1264=EDGE_CURVE('',#1028,#1028,#97,.T.);
#1265=EDGE_CURVE('',#966,#901,#528,.T.);
#1266=EDGE_CURVE('',#1002,#902,#529,.T.);
#1267=EDGE_CURVE('',#994,#999,#530,.T.);
#1268=EDGE_CURVE('',#953,#1014,#531,.T.);
#1269=EDGE_CURVE('',#950,#1029,#532,.T.);
#1270=EDGE_CURVE('',#1029,#1030,#533,.T.);
#1271=EDGE_CURVE('',#1030,#951,#43,.T.);
#1272=EDGE_CURVE('',#902,#1029,#534,.T.);
#1273=EDGE_CURVE('',#1030,#1031,#98,.T.);
#1274=EDGE_CURVE('',#1031,#952,#44,.T.);
#1275=EDGE_CURVE('',#1031,#1014,#535,.T.);
#1276=EDGE_CURVE('',#1003,#967,#536,.F.);
#1277=EDGE_CURVE('',#1032,#1032,#99,.T.);
#1278=EDGE_CURVE('',#1032,#990,#537,.T.);
#1279=EDGE_CURVE('',#1033,#1033,#100,.T.);
#1280=EDGE_CURVE('',#1033,#978,#538,.T.);
#1281=EDGE_CURVE('',#1006,#1034,#539,.F.);
#1282=EDGE_CURVE('',#1034,#1035,#540,.T.);
#1283=EDGE_CURVE('',#1036,#1035,#101,.F.);
#1284=EDGE_CURVE('',#1036,#1037,#541,.T.);
#1285=EDGE_CURVE('',#1038,#1037,#102,.F.);
#1286=EDGE_CURVE('',#1038,#1039,#542,.T.);
#1287=EDGE_CURVE('',#1039,#992,#543,.F.);
#1288=EDGE_CURVE('',#1007,#972,#544,.T.);
#1289=EDGE_CURVE('',#1004,#969,#545,.T.);
#1290=EDGE_CURVE('',#914,#1040,#546,.T.);
#1291=EDGE_CURVE('',#1040,#1041,#547,.T.);
#1292=EDGE_CURVE('',#1041,#912,#548,.T.);
#1293=EDGE_CURVE('',#913,#1042,#549,.T.);
#1294=EDGE_CURVE('',#1042,#1040,#550,.T.);
#1295=EDGE_CURVE('',#1043,#1042,#551,.T.);
#1296=EDGE_CURVE('',#1043,#911,#552,.T.);
#1297=EDGE_CURVE('',#1041,#1043,#553,.T.);
#1298=EDGE_CURVE('',#1044,#1045,#554,.F.);
#1299=EDGE_CURVE('',#1045,#1043,#555,.T.);
#1300=EDGE_CURVE('',#1044,#1041,#556,.T.);
#1301=EDGE_CURVE('',#1046,#1040,#557,.F.);
#1302=EDGE_CURVE('',#1046,#1044,#558,.T.);
#1303=EDGE_CURVE('',#907,#1047,#559,.T.);
#1304=EDGE_CURVE('',#1047,#1048,#560,.T.);
#1305=EDGE_CURVE('',#1048,#908,#561,.T.);
#1306=EDGE_CURVE('',#1048,#1049,#103,.T.);
#1307=EDGE_CURVE('',#1049,#909,#562,.T.);
#1308=EDGE_CURVE('',#1050,#910,#563,.T.);
#1309=EDGE_CURVE('',#1049,#1050,#564,.T.);
#1310=EDGE_CURVE('',#1050,#1051,#104,.T.);
#1311=EDGE_CURVE('',#1051,#906,#565,.T.);
#1312=EDGE_CURVE('',#1052,#905,#566,.T.);
#1313=EDGE_CURVE('',#1051,#1052,#567,.T.);
#1314=EDGE_CURVE('',#1050,#1036,#568,.T.);
#1315=EDGE_CURVE('',#1035,#1051,#569,.T.);
#1316=EDGE_CURVE('',#1037,#1049,#570,.T.);
#1317=EDGE_CURVE('',#1048,#1038,#571,.T.);
#1318=EDGE_CURVE('',#1047,#1039,#572,.F.);
#1319=EDGE_CURVE('',#1052,#1034,#573,.T.);
#1320=EDGE_CURVE('',#1053,#1054,#574,.F.);
#1321=EDGE_CURVE('',#1054,#1055,#575,.T.);
#1322=EDGE_CURVE('',#1055,#1056,#576,.T.);
#1323=EDGE_CURVE('',#1053,#1056,#577,.T.);
#1324=EDGE_CURVE('',#1054,#1057,#578,.F.);
#1325=EDGE_CURVE('',#1057,#1058,#579,.T.);
#1326=EDGE_CURVE('',#1058,#1055,#580,.T.);
#1327=EDGE_CURVE('',#1057,#1059,#581,.F.);
#1328=EDGE_CURVE('',#1059,#1060,#582,.T.);
#1329=EDGE_CURVE('',#1060,#1058,#583,.T.);
#1330=EDGE_CURVE('',#1059,#1053,#584,.F.);
#1331=EDGE_CURVE('',#1056,#1060,#585,.T.);
#1332=EDGE_CURVE('',#1061,#1062,#586,.T.);
#1333=EDGE_CURVE('',#1063,#1061,#105,.T.);
#1334=EDGE_CURVE('',#1064,#1063,#587,.T.);
#1335=EDGE_CURVE('',#1065,#1064,#106,.T.);
#1336=EDGE_CURVE('',#1066,#1065,#588,.T.);
#1337=EDGE_CURVE('',#1067,#1066,#107,.T.);
#1338=EDGE_CURVE('',#1068,#1067,#589,.T.);
#1339=EDGE_CURVE('',#1062,#1068,#108,.T.);
#1340=EDGE_CURVE('',#1069,#1069,#109,.T.);
#1341=EDGE_CURVE('',#1070,#1070,#110,.T.);
#1342=EDGE_CURVE('',#1071,#1071,#111,.T.);
#1343=EDGE_CURVE('',#1072,#1072,#112,.T.);
#1344=EDGE_CURVE('',#1073,#1073,#113,.T.);
#1345=EDGE_CURVE('',#1074,#1074,#114,.T.);
#1346=EDGE_CURVE('',#1053,#1044,#590,.T.);
#1347=EDGE_CURVE('',#1054,#1046,#591,.F.);
#1348=EDGE_CURVE('',#1075,#1046,#592,.T.);
#1349=EDGE_CURVE('',#1057,#1075,#593,.F.);
#1350=EDGE_CURVE('',#1045,#1075,#594,.F.);
#1351=EDGE_CURVE('',#1059,#1045,#595,.T.);
#1352=EDGE_CURVE('',#1061,#1015,#596,.T.);
#1353=EDGE_CURVE('',#1022,#1063,#597,.T.);
#1354=EDGE_CURVE('',#1064,#1021,#598,.T.);
#1355=EDGE_CURVE('',#1020,#1065,#599,.T.);
#1356=EDGE_CURVE('',#1066,#1019,#600,.T.);
#1357=EDGE_CURVE('',#1018,#1067,#601,.T.);
#1358=EDGE_CURVE('',#1068,#1017,#602,.T.);
#1359=EDGE_CURVE('',#1016,#1062,#603,.T.);
#1360=EDGE_CURVE('',#1023,#1069,#604,.T.);
#1361=EDGE_CURVE('',#1024,#1070,#605,.T.);
#1362=EDGE_CURVE('',#1025,#1071,#606,.T.);
#1363=EDGE_CURVE('',#1026,#1072,#607,.T.);
#1364=EDGE_CURVE('',#1027,#1073,#608,.T.);
#1365=EDGE_CURVE('',#1028,#1074,#609,.T.);
#1366=EDGE_CURVE('',#1076,#1077,#610,.T.);
#1367=EDGE_CURVE('',#1076,#1078,#611,.T.);
#1368=EDGE_CURVE('',#1079,#1078,#612,.T.);
#1369=EDGE_CURVE('',#1077,#1079,#613,.T.);
#1370=EDGE_CURVE('',#1075,#1042,#614,.F.);
#1371=EDGE_CURVE('',#1080,#1080,#115,.T.);
#1372=EDGE_CURVE('',#1081,#1082,#615,.T.);
#1373=EDGE_CURVE('',#1081,#1082,#116,.T.);
#1374=EDGE_CURVE('',#1077,#1083,#616,.T.);
#1375=EDGE_CURVE('',#1084,#1079,#617,.T.);
#1376=EDGE_CURVE('',#1083,#1084,#618,.T.);
#1377=EDGE_CURVE('',#1083,#1085,#619,.T.);
#1378=EDGE_CURVE('',#1086,#1085,#620,.T.);
#1379=EDGE_CURVE('',#1086,#1077,#621,.T.);
#1380=EDGE_CURVE('',#1086,#1087,#622,.F.);
#1381=EDGE_CURVE('',#1076,#1087,#623,.T.);
#1382=EDGE_CURVE('',#1088,#1076,#624,.T.);
#1383=EDGE_CURVE('',#1089,#1088,#625,.T.);
#1384=EDGE_CURVE('',#1078,#1089,#626,.T.);
#1385=EDGE_CURVE('',#1090,#1088,#627,.T.);
#1386=EDGE_CURVE('',#1087,#1090,#628,.F.);
#1387=EDGE_CURVE('',#1091,#1089,#629,.T.);
#1388=EDGE_CURVE('',#1092,#1091,#630,.T.);
#1389=EDGE_CURVE('',#998,#1092,#631,.T.);
#1390=EDGE_CURVE('',#1084,#997,#632,.T.);
#1391=EDGE_CURVE('',#961,#915,#633,.T.);
#1392=EDGE_CURVE('',#1080,#960,#634,.T.);
#1393=EDGE_CURVE('',#1029,#1011,#635,.T.);
#1394=EDGE_CURVE('',#1082,#1030,#636,.T.);
#1395=EDGE_CURVE('',#1031,#1081,#637,.T.);
#1396=EDGE_CURVE('',#1000,#1092,#638,.T.);
#1397=EDGE_CURVE('',#922,#1085,#639,.T.);
#1398=EDGE_CURVE('',#921,#1086,#640,.T.);
#1399=EDGE_CURVE('',#1087,#920,#641,.T.);
#1400=EDGE_CURVE('',#1090,#919,#642,.T.);
#1401=EDGE_CURVE('',#1001,#1091,#643,.T.);
#1402=ORIENTED_EDGE('',*,*,#1093,.F.);
#1403=ORIENTED_EDGE('',*,*,#1094,.T.);
#1404=ORIENTED_EDGE('',*,*,#1095,.F.);
#1405=ORIENTED_EDGE('',*,*,#1096,.F.);
#1406=ORIENTED_EDGE('',*,*,#1097,.F.);
#1407=ORIENTED_EDGE('',*,*,#1098,.T.);
#1408=ORIENTED_EDGE('',*,*,#1099,.F.);
#1409=ORIENTED_EDGE('',*,*,#1100,.F.);
#1410=ORIENTED_EDGE('',*,*,#1101,.F.);
#1411=ORIENTED_EDGE('',*,*,#1102,.F.);
#1412=ORIENTED_EDGE('',*,*,#1103,.F.);
#1413=ORIENTED_EDGE('',*,*,#1104,.F.);
#1414=ORIENTED_EDGE('',*,*,#1105,.F.);
#1415=ORIENTED_EDGE('',*,*,#1106,.F.);
#1416=ORIENTED_EDGE('',*,*,#1107,.T.);
#1417=ORIENTED_EDGE('',*,*,#1108,.F.);
#1418=ORIENTED_EDGE('',*,*,#1109,.F.);
#1419=ORIENTED_EDGE('',*,*,#1110,.F.);
#1420=ORIENTED_EDGE('',*,*,#1111,.T.);
#1421=ORIENTED_EDGE('',*,*,#1112,.T.);
#1422=ORIENTED_EDGE('',*,*,#1113,.T.);
#1423=ORIENTED_EDGE('',*,*,#1114,.F.);
#1424=ORIENTED_EDGE('',*,*,#1115,.F.);
#1425=ORIENTED_EDGE('',*,*,#1116,.F.);
#1426=ORIENTED_EDGE('',*,*,#1117,.F.);
#1427=ORIENTED_EDGE('',*,*,#1118,.T.);
#1428=ORIENTED_EDGE('',*,*,#1119,.F.);
#1429=ORIENTED_EDGE('',*,*,#1120,.T.);
#1430=ORIENTED_EDGE('',*,*,#1121,.T.);
#1431=ORIENTED_EDGE('',*,*,#1122,.T.);
#1432=ORIENTED_EDGE('',*,*,#1123,.F.);
#1433=ORIENTED_EDGE('',*,*,#1124,.F.);
#1434=ORIENTED_EDGE('',*,*,#1123,.T.);
#1435=ORIENTED_EDGE('',*,*,#1125,.T.);
#1436=ORIENTED_EDGE('',*,*,#1126,.T.);
#1437=ORIENTED_EDGE('',*,*,#1127,.T.);
#1438=ORIENTED_EDGE('',*,*,#1126,.F.);
#1439=ORIENTED_EDGE('',*,*,#1128,.T.);
#1440=ORIENTED_EDGE('',*,*,#1129,.T.);
#1441=ORIENTED_EDGE('',*,*,#1130,.F.);
#1442=ORIENTED_EDGE('',*,*,#1131,.F.);
#1443=ORIENTED_EDGE('',*,*,#1132,.F.);
#1444=ORIENTED_EDGE('',*,*,#1133,.T.);
#1445=ORIENTED_EDGE('',*,*,#1134,.T.);
#1446=ORIENTED_EDGE('',*,*,#1117,.T.);
#1447=ORIENTED_EDGE('',*,*,#1135,.T.);
#1448=ORIENTED_EDGE('',*,*,#1136,.F.);
#1449=ORIENTED_EDGE('',*,*,#1137,.T.);
#1450=ORIENTED_EDGE('',*,*,#1138,.T.);
#1451=ORIENTED_EDGE('',*,*,#1139,.T.);
#1452=ORIENTED_EDGE('',*,*,#1140,.F.);
#1453=ORIENTED_EDGE('',*,*,#1141,.T.);
#1454=ORIENTED_EDGE('',*,*,#1138,.F.);
#1455=ORIENTED_EDGE('',*,*,#1140,.T.);
#1456=ORIENTED_EDGE('',*,*,#1142,.F.);
#1457=ORIENTED_EDGE('',*,*,#1143,.F.);
#1458=ORIENTED_EDGE('',*,*,#1144,.T.);
#1459=ORIENTED_EDGE('',*,*,#1139,.F.);
#1460=ORIENTED_EDGE('',*,*,#1137,.F.);
#1461=ORIENTED_EDGE('',*,*,#1145,.F.);
#1462=ORIENTED_EDGE('',*,*,#1146,.F.);
#1463=ORIENTED_EDGE('',*,*,#1147,.F.);
#1464=ORIENTED_EDGE('',*,*,#1148,.F.);
#1465=ORIENTED_EDGE('',*,*,#1149,.F.);
#1466=ORIENTED_EDGE('',*,*,#1150,.F.);
#1467=ORIENTED_EDGE('',*,*,#1151,.F.);
#1468=ORIENTED_EDGE('',*,*,#1152,.F.);
#1469=ORIENTED_EDGE('',*,*,#1153,.F.);
#1470=ORIENTED_EDGE('',*,*,#1154,.F.);
#1471=ORIENTED_EDGE('',*,*,#1155,.F.);
#1472=ORIENTED_EDGE('',*,*,#1156,.F.);
#1473=ORIENTED_EDGE('',*,*,#1157,.F.);
#1474=ORIENTED_EDGE('',*,*,#1142,.T.);
#1475=ORIENTED_EDGE('',*,*,#1158,.T.);
#1476=ORIENTED_EDGE('',*,*,#1159,.T.);
#1477=ORIENTED_EDGE('',*,*,#1160,.T.);
#1478=ORIENTED_EDGE('',*,*,#1161,.F.);
#1479=ORIENTED_EDGE('',*,*,#1155,.T.);
#1480=ORIENTED_EDGE('',*,*,#1162,.T.);
#1481=ORIENTED_EDGE('',*,*,#1154,.T.);
#1482=ORIENTED_EDGE('',*,*,#1163,.F.);
#1483=ORIENTED_EDGE('',*,*,#1164,.T.);
#1484=ORIENTED_EDGE('',*,*,#1162,.F.);
#1485=ORIENTED_EDGE('',*,*,#1163,.T.);
#1486=ORIENTED_EDGE('',*,*,#1153,.T.);
#1487=ORIENTED_EDGE('',*,*,#1165,.T.);
#1488=ORIENTED_EDGE('',*,*,#1166,.T.);
#1489=ORIENTED_EDGE('',*,*,#1165,.F.);
#1490=ORIENTED_EDGE('',*,*,#1152,.T.);
#1491=ORIENTED_EDGE('',*,*,#1167,.F.);
#1492=ORIENTED_EDGE('',*,*,#1168,.F.);
#1493=ORIENTED_EDGE('',*,*,#1127,.F.);
#1494=ORIENTED_EDGE('',*,*,#1169,.T.);
#1495=ORIENTED_EDGE('',*,*,#1170,.F.);
#1496=ORIENTED_EDGE('',*,*,#1171,.T.);
#1497=ORIENTED_EDGE('',*,*,#1172,.F.);
#1498=ORIENTED_EDGE('',*,*,#1118,.F.);
#1499=ORIENTED_EDGE('',*,*,#1134,.F.);
#1500=ORIENTED_EDGE('',*,*,#1173,.F.);
#1501=ORIENTED_EDGE('',*,*,#1136,.T.);
#1502=ORIENTED_EDGE('',*,*,#1174,.T.);
#1503=ORIENTED_EDGE('',*,*,#1175,.F.);
#1504=ORIENTED_EDGE('',*,*,#1145,.T.);
#1505=ORIENTED_EDGE('',*,*,#1122,.F.);
#1506=ORIENTED_EDGE('',*,*,#1176,.F.);
#1507=ORIENTED_EDGE('',*,*,#1177,.T.);
#1508=ORIENTED_EDGE('',*,*,#1128,.F.);
#1509=ORIENTED_EDGE('',*,*,#1125,.F.);
#1510=ORIENTED_EDGE('',*,*,#1178,.F.);
#1511=ORIENTED_EDGE('',*,*,#1179,.F.);
#1512=ORIENTED_EDGE('',*,*,#1180,.F.);
#1513=ORIENTED_EDGE('',*,*,#1181,.F.);
#1514=ORIENTED_EDGE('',*,*,#1182,.T.);
#1515=ORIENTED_EDGE('',*,*,#1183,.T.);
#1516=ORIENTED_EDGE('',*,*,#1184,.T.);
#1517=ORIENTED_EDGE('',*,*,#1185,.T.);
#1518=ORIENTED_EDGE('',*,*,#1181,.T.);
#1519=ORIENTED_EDGE('',*,*,#1186,.F.);
#1520=ORIENTED_EDGE('',*,*,#1187,.F.);
#1521=ORIENTED_EDGE('',*,*,#1188,.F.);
#1522=ORIENTED_EDGE('',*,*,#1189,.T.);
#1523=ORIENTED_EDGE('',*,*,#1190,.T.);
#1524=ORIENTED_EDGE('',*,*,#1144,.F.);
#1525=ORIENTED_EDGE('',*,*,#1191,.F.);
#1526=ORIENTED_EDGE('',*,*,#1192,.F.);
#1527=ORIENTED_EDGE('',*,*,#1193,.F.);
#1528=ORIENTED_EDGE('',*,*,#1194,.F.);
#1529=ORIENTED_EDGE('',*,*,#1180,.T.);
#1530=ORIENTED_EDGE('',*,*,#1195,.T.);
#1531=ORIENTED_EDGE('',*,*,#1196,.T.);
#1532=ORIENTED_EDGE('',*,*,#1186,.T.);
#1533=ORIENTED_EDGE('',*,*,#1197,.T.);
#1534=ORIENTED_EDGE('',*,*,#1189,.F.);
#1535=ORIENTED_EDGE('',*,*,#1198,.F.);
#1536=ORIENTED_EDGE('',*,*,#1199,.F.);
#1537=ORIENTED_EDGE('',*,*,#1200,.T.);
#1538=ORIENTED_EDGE('',*,*,#1201,.T.);
#1539=ORIENTED_EDGE('',*,*,#1202,.T.);
#1540=ORIENTED_EDGE('',*,*,#1199,.T.);
#1541=ORIENTED_EDGE('',*,*,#1203,.F.);
#1542=ORIENTED_EDGE('',*,*,#1204,.F.);
#1543=ORIENTED_EDGE('',*,*,#1205,.F.);
#1544=ORIENTED_EDGE('',*,*,#1119,.T.);
#1545=ORIENTED_EDGE('',*,*,#1172,.T.);
#1546=ORIENTED_EDGE('',*,*,#1206,.T.);
#1547=ORIENTED_EDGE('',*,*,#1207,.T.);
#1548=ORIENTED_EDGE('',*,*,#1174,.F.);
#1549=ORIENTED_EDGE('',*,*,#1198,.T.);
#1550=ORIENTED_EDGE('',*,*,#1188,.T.);
#1551=ORIENTED_EDGE('',*,*,#1208,.T.);
#1552=ORIENTED_EDGE('',*,*,#1203,.T.);
#1553=ORIENTED_EDGE('',*,*,#1209,.F.);
#1554=ORIENTED_EDGE('',*,*,#1115,.T.);
#1555=ORIENTED_EDGE('',*,*,#1210,.T.);
#1556=ORIENTED_EDGE('',*,*,#1211,.T.);
#1557=ORIENTED_EDGE('',*,*,#1212,.T.);
#1558=ORIENTED_EDGE('',*,*,#1211,.F.);
#1559=ORIENTED_EDGE('',*,*,#1213,.F.);
#1560=ORIENTED_EDGE('',*,*,#1214,.F.);
#1561=ORIENTED_EDGE('',*,*,#1215,.F.);
#1562=ORIENTED_EDGE('',*,*,#1216,.F.);
#1563=ORIENTED_EDGE('',*,*,#1217,.F.);
#1564=ORIENTED_EDGE('',*,*,#1218,.T.);
#1565=ORIENTED_EDGE('',*,*,#1219,.T.);
#1566=ORIENTED_EDGE('',*,*,#1109,.T.);
#1567=ORIENTED_EDGE('',*,*,#1220,.F.);
#1568=ORIENTED_EDGE('',*,*,#1221,.F.);
#1569=ORIENTED_EDGE('',*,*,#1146,.T.);
#1570=ORIENTED_EDGE('',*,*,#1175,.T.);
#1571=ORIENTED_EDGE('',*,*,#1222,.T.);
#1572=ORIENTED_EDGE('',*,*,#1132,.T.);
#1573=ORIENTED_EDGE('',*,*,#1161,.T.);
#1574=ORIENTED_EDGE('',*,*,#1194,.T.);
#1575=ORIENTED_EDGE('',*,*,#1223,.T.);
#1576=ORIENTED_EDGE('',*,*,#1156,.T.);
#1577=ORIENTED_EDGE('',*,*,#1224,.T.);
#1578=ORIENTED_EDGE('',*,*,#1143,.T.);
#1579=ORIENTED_EDGE('',*,*,#1157,.T.);
#1580=ORIENTED_EDGE('',*,*,#1223,.F.);
#1581=ORIENTED_EDGE('',*,*,#1222,.F.);
#1582=ORIENTED_EDGE('',*,*,#1207,.F.);
#1583=ORIENTED_EDGE('',*,*,#1225,.T.);
#1584=ORIENTED_EDGE('',*,*,#1226,.T.);
#1585=ORIENTED_EDGE('',*,*,#1227,.T.);
#1586=ORIENTED_EDGE('',*,*,#1135,.F.);
#1587=ORIENTED_EDGE('',*,*,#1228,.T.);
#1588=ORIENTED_EDGE('',*,*,#1200,.F.);
#1589=ORIENTED_EDGE('',*,*,#1202,.F.);
#1590=ORIENTED_EDGE('',*,*,#1141,.F.);
#1591=ORIENTED_EDGE('',*,*,#1190,.F.);
#1592=ORIENTED_EDGE('',*,*,#1197,.F.);
#1593=ORIENTED_EDGE('',*,*,#1228,.F.);
#1594=ORIENTED_EDGE('',*,*,#1224,.F.);
#1595=ORIENTED_EDGE('',*,*,#1193,.T.);
#1596=ORIENTED_EDGE('',*,*,#1229,.F.);
#1597=ORIENTED_EDGE('',*,*,#1191,.T.);
#1598=ORIENTED_EDGE('',*,*,#1160,.F.);
#1599=ORIENTED_EDGE('',*,*,#1230,.T.);
#1600=ORIENTED_EDGE('',*,*,#1182,.F.);
#1601=ORIENTED_EDGE('',*,*,#1185,.F.);
#1602=ORIENTED_EDGE('',*,*,#1164,.F.);
#1603=ORIENTED_EDGE('',*,*,#1231,.F.);
#1604=ORIENTED_EDGE('',*,*,#1183,.F.);
#1605=ORIENTED_EDGE('',*,*,#1230,.F.);
#1606=ORIENTED_EDGE('',*,*,#1231,.T.);
#1607=ORIENTED_EDGE('',*,*,#1166,.F.);
#1608=ORIENTED_EDGE('',*,*,#1232,.T.);
#1609=ORIENTED_EDGE('',*,*,#1233,.T.);
#1610=ORIENTED_EDGE('',*,*,#1176,.T.);
#1611=ORIENTED_EDGE('',*,*,#1121,.F.);
#1612=ORIENTED_EDGE('',*,*,#1234,.F.);
#1613=ORIENTED_EDGE('',*,*,#1235,.F.);
#1614=ORIENTED_EDGE('',*,*,#1195,.F.);
#1615=ORIENTED_EDGE('',*,*,#1179,.T.);
#1616=ORIENTED_EDGE('',*,*,#1169,.F.);
#1617=ORIENTED_EDGE('',*,*,#1130,.T.);
#1618=ORIENTED_EDGE('',*,*,#1236,.T.);
#1619=ORIENTED_EDGE('',*,*,#1232,.F.);
#1620=ORIENTED_EDGE('',*,*,#1237,.T.);
#1621=ORIENTED_EDGE('',*,*,#1238,.T.);
#1622=ORIENTED_EDGE('',*,*,#1239,.T.);
#1623=ORIENTED_EDGE('',*,*,#1095,.T.);
#1624=ORIENTED_EDGE('',*,*,#1240,.F.);
#1625=ORIENTED_EDGE('',*,*,#1241,.T.);
#1626=ORIENTED_EDGE('',*,*,#1242,.T.);
#1627=ORIENTED_EDGE('',*,*,#1243,.T.);
#1628=ORIENTED_EDGE('',*,*,#1239,.F.);
#1629=ORIENTED_EDGE('',*,*,#1244,.T.);
#1630=ORIENTED_EDGE('',*,*,#1245,.T.);
#1631=ORIENTED_EDGE('',*,*,#1246,.T.);
#1632=ORIENTED_EDGE('',*,*,#1242,.F.);
#1633=ORIENTED_EDGE('',*,*,#1247,.T.);
#1634=ORIENTED_EDGE('',*,*,#1245,.F.);
#1635=ORIENTED_EDGE('',*,*,#1248,.T.);
#1636=ORIENTED_EDGE('',*,*,#1240,.T.);
#1637=ORIENTED_EDGE('',*,*,#1247,.F.);
#1638=ORIENTED_EDGE('',*,*,#1094,.F.);
#1639=ORIENTED_EDGE('',*,*,#1249,.F.);
#1640=ORIENTED_EDGE('',*,*,#1250,.T.);
#1641=ORIENTED_EDGE('',*,*,#1238,.F.);
#1642=ORIENTED_EDGE('',*,*,#1248,.F.);
#1643=ORIENTED_EDGE('',*,*,#1244,.F.);
#1644=ORIENTED_EDGE('',*,*,#1241,.F.);
#1645=ORIENTED_EDGE('',*,*,#1251,.T.);
#1646=ORIENTED_EDGE('',*,*,#1252,.T.);
#1647=ORIENTED_EDGE('',*,*,#1253,.T.);
#1648=ORIENTED_EDGE('',*,*,#1254,.T.);
#1649=ORIENTED_EDGE('',*,*,#1255,.T.);
#1650=ORIENTED_EDGE('',*,*,#1256,.T.);
#1651=ORIENTED_EDGE('',*,*,#1257,.T.);
#1652=ORIENTED_EDGE('',*,*,#1258,.T.);
#1653=ORIENTED_EDGE('',*,*,#1259,.T.);
#1654=ORIENTED_EDGE('',*,*,#1260,.T.);
#1655=ORIENTED_EDGE('',*,*,#1261,.T.);
#1656=ORIENTED_EDGE('',*,*,#1262,.T.);
#1657=ORIENTED_EDGE('',*,*,#1263,.T.);
#1658=ORIENTED_EDGE('',*,*,#1264,.T.);
#1659=ORIENTED_EDGE('',*,*,#1108,.T.);
#1660=ORIENTED_EDGE('',*,*,#1124,.T.);
#1661=ORIENTED_EDGE('',*,*,#1168,.T.);
#1662=ORIENTED_EDGE('',*,*,#1265,.T.);
#1663=ORIENTED_EDGE('',*,*,#1093,.T.);
#1664=ORIENTED_EDGE('',*,*,#1266,.F.);
#1665=ORIENTED_EDGE('',*,*,#1220,.T.);
#1666=ORIENTED_EDGE('',*,*,#1131,.T.);
#1667=ORIENTED_EDGE('',*,*,#1116,.T.);
#1668=ORIENTED_EDGE('',*,*,#1209,.T.);
#1669=ORIENTED_EDGE('',*,*,#1267,.T.);
#1670=ORIENTED_EDGE('',*,*,#1216,.T.);
#1671=ORIENTED_EDGE('',*,*,#1167,.T.);
#1672=ORIENTED_EDGE('',*,*,#1151,.T.);
#1673=ORIENTED_EDGE('',*,*,#1268,.T.);
#1674=ORIENTED_EDGE('',*,*,#1249,.T.);
#1675=ORIENTED_EDGE('',*,*,#1265,.F.);
#1676=ORIENTED_EDGE('',*,*,#1148,.T.);
#1677=ORIENTED_EDGE('',*,*,#1269,.T.);
#1678=ORIENTED_EDGE('',*,*,#1270,.T.);
#1679=ORIENTED_EDGE('',*,*,#1271,.T.);
#1680=ORIENTED_EDGE('',*,*,#1221,.T.);
#1681=ORIENTED_EDGE('',*,*,#1266,.T.);
#1682=ORIENTED_EDGE('',*,*,#1272,.T.);
#1683=ORIENTED_EDGE('',*,*,#1269,.F.);
#1684=ORIENTED_EDGE('',*,*,#1147,.T.);
#1685=ORIENTED_EDGE('',*,*,#1149,.T.);
#1686=ORIENTED_EDGE('',*,*,#1271,.F.);
#1687=ORIENTED_EDGE('',*,*,#1273,.T.);
#1688=ORIENTED_EDGE('',*,*,#1274,.T.);
#1689=ORIENTED_EDGE('',*,*,#1150,.T.);
#1690=ORIENTED_EDGE('',*,*,#1274,.F.);
#1691=ORIENTED_EDGE('',*,*,#1275,.T.);
#1692=ORIENTED_EDGE('',*,*,#1268,.F.);
#1693=ORIENTED_EDGE('',*,*,#1129,.F.);
#1694=ORIENTED_EDGE('',*,*,#1177,.F.);
#1695=ORIENTED_EDGE('',*,*,#1233,.F.);
#1696=ORIENTED_EDGE('',*,*,#1236,.F.);
#1697=ORIENTED_EDGE('',*,*,#1225,.F.);
#1698=ORIENTED_EDGE('',*,*,#1206,.F.);
#1699=ORIENTED_EDGE('',*,*,#1171,.F.);
#1700=ORIENTED_EDGE('',*,*,#1276,.F.);
#1701=ORIENTED_EDGE('',*,*,#1133,.F.);
#1702=ORIENTED_EDGE('',*,*,#1226,.F.);
#1703=ORIENTED_EDGE('',*,*,#1276,.T.);
#1704=ORIENTED_EDGE('',*,*,#1170,.T.);
#1705=ORIENTED_EDGE('',*,*,#1277,.F.);
#1706=ORIENTED_EDGE('',*,*,#1278,.T.);
#1707=ORIENTED_EDGE('',*,*,#1201,.F.);
#1708=ORIENTED_EDGE('',*,*,#1278,.F.);
#1709=ORIENTED_EDGE('',*,*,#1277,.T.);
#1710=ORIENTED_EDGE('',*,*,#1279,.F.);
#1711=ORIENTED_EDGE('',*,*,#1280,.T.);
#1712=ORIENTED_EDGE('',*,*,#1184,.F.);
#1713=ORIENTED_EDGE('',*,*,#1280,.F.);
#1714=ORIENTED_EDGE('',*,*,#1235,.T.);
#1715=ORIENTED_EDGE('',*,*,#1281,.T.);
#1716=ORIENTED_EDGE('',*,*,#1282,.T.);
#1717=ORIENTED_EDGE('',*,*,#1283,.F.);
#1718=ORIENTED_EDGE('',*,*,#1284,.T.);
#1719=ORIENTED_EDGE('',*,*,#1285,.F.);
#1720=ORIENTED_EDGE('',*,*,#1286,.T.);
#1721=ORIENTED_EDGE('',*,*,#1287,.T.);
#1722=ORIENTED_EDGE('',*,*,#1204,.T.);
#1723=ORIENTED_EDGE('',*,*,#1208,.F.);
#1724=ORIENTED_EDGE('',*,*,#1187,.T.);
#1725=ORIENTED_EDGE('',*,*,#1196,.F.);
#1726=ORIENTED_EDGE('',*,*,#1237,.F.);
#1727=ORIENTED_EDGE('',*,*,#1288,.T.);
#1728=ORIENTED_EDGE('',*,*,#1178,.T.);
#1729=ORIENTED_EDGE('',*,*,#1288,.F.);
#1730=ORIENTED_EDGE('',*,*,#1279,.T.);
#1731=ORIENTED_EDGE('',*,*,#1227,.F.);
#1732=ORIENTED_EDGE('',*,*,#1289,.T.);
#1733=ORIENTED_EDGE('',*,*,#1173,.T.);
#1734=ORIENTED_EDGE('',*,*,#1289,.F.);
#1735=ORIENTED_EDGE('',*,*,#1106,.T.);
#1736=ORIENTED_EDGE('',*,*,#1290,.T.);
#1737=ORIENTED_EDGE('',*,*,#1291,.T.);
#1738=ORIENTED_EDGE('',*,*,#1292,.T.);
#1739=ORIENTED_EDGE('',*,*,#1105,.T.);
#1740=ORIENTED_EDGE('',*,*,#1293,.T.);
#1741=ORIENTED_EDGE('',*,*,#1294,.T.);
#1742=ORIENTED_EDGE('',*,*,#1290,.F.);
#1743=ORIENTED_EDGE('',*,*,#1295,.T.);
#1744=ORIENTED_EDGE('',*,*,#1293,.F.);
#1745=ORIENTED_EDGE('',*,*,#1104,.T.);
#1746=ORIENTED_EDGE('',*,*,#1296,.F.);
#1747=ORIENTED_EDGE('',*,*,#1297,.T.);
#1748=ORIENTED_EDGE('',*,*,#1296,.T.);
#1749=ORIENTED_EDGE('',*,*,#1103,.T.);
#1750=ORIENTED_EDGE('',*,*,#1292,.F.);
#1751=ORIENTED_EDGE('',*,*,#1298,.T.);
#1752=ORIENTED_EDGE('',*,*,#1299,.T.);
#1753=ORIENTED_EDGE('',*,*,#1297,.F.);
#1754=ORIENTED_EDGE('',*,*,#1300,.F.);
#1755=ORIENTED_EDGE('',*,*,#1291,.F.);
#1756=ORIENTED_EDGE('',*,*,#1301,.F.);
#1757=ORIENTED_EDGE('',*,*,#1302,.T.);
#1758=ORIENTED_EDGE('',*,*,#1300,.T.);
#1759=ORIENTED_EDGE('',*,*,#1303,.T.);
#1760=ORIENTED_EDGE('',*,*,#1304,.T.);
#1761=ORIENTED_EDGE('',*,*,#1305,.T.);
#1762=ORIENTED_EDGE('',*,*,#1099,.T.);
#1763=ORIENTED_EDGE('',*,*,#1305,.F.);
#1764=ORIENTED_EDGE('',*,*,#1306,.T.);
#1765=ORIENTED_EDGE('',*,*,#1307,.T.);
#1766=ORIENTED_EDGE('',*,*,#1100,.T.);
#1767=ORIENTED_EDGE('',*,*,#1308,.T.);
#1768=ORIENTED_EDGE('',*,*,#1101,.T.);
#1769=ORIENTED_EDGE('',*,*,#1307,.F.);
#1770=ORIENTED_EDGE('',*,*,#1309,.T.);
#1771=ORIENTED_EDGE('',*,*,#1308,.F.);
#1772=ORIENTED_EDGE('',*,*,#1310,.T.);
#1773=ORIENTED_EDGE('',*,*,#1311,.T.);
#1774=ORIENTED_EDGE('',*,*,#1102,.T.);
#1775=ORIENTED_EDGE('',*,*,#1312,.T.);
#1776=ORIENTED_EDGE('',*,*,#1097,.T.);
#1777=ORIENTED_EDGE('',*,*,#1311,.F.);
#1778=ORIENTED_EDGE('',*,*,#1313,.T.);
#1779=ORIENTED_EDGE('',*,*,#1310,.F.);
#1780=ORIENTED_EDGE('',*,*,#1314,.T.);
#1781=ORIENTED_EDGE('',*,*,#1283,.T.);
#1782=ORIENTED_EDGE('',*,*,#1315,.T.);
#1783=ORIENTED_EDGE('',*,*,#1309,.F.);
#1784=ORIENTED_EDGE('',*,*,#1316,.F.);
#1785=ORIENTED_EDGE('',*,*,#1284,.F.);
#1786=ORIENTED_EDGE('',*,*,#1314,.F.);
#1787=ORIENTED_EDGE('',*,*,#1306,.F.);
#1788=ORIENTED_EDGE('',*,*,#1317,.T.);
#1789=ORIENTED_EDGE('',*,*,#1285,.T.);
#1790=ORIENTED_EDGE('',*,*,#1316,.T.);
#1791=ORIENTED_EDGE('',*,*,#1304,.F.);
#1792=ORIENTED_EDGE('',*,*,#1318,.T.);
#1793=ORIENTED_EDGE('',*,*,#1286,.F.);
#1794=ORIENTED_EDGE('',*,*,#1317,.F.);
#1795=ORIENTED_EDGE('',*,*,#1313,.F.);
#1796=ORIENTED_EDGE('',*,*,#1315,.F.);
#1797=ORIENTED_EDGE('',*,*,#1282,.F.);
#1798=ORIENTED_EDGE('',*,*,#1319,.F.);
#1799=ORIENTED_EDGE('',*,*,#1320,.T.);
#1800=ORIENTED_EDGE('',*,*,#1321,.T.);
#1801=ORIENTED_EDGE('',*,*,#1322,.T.);
#1802=ORIENTED_EDGE('',*,*,#1323,.F.);
#1803=ORIENTED_EDGE('',*,*,#1324,.T.);
#1804=ORIENTED_EDGE('',*,*,#1325,.T.);
#1805=ORIENTED_EDGE('',*,*,#1326,.T.);
#1806=ORIENTED_EDGE('',*,*,#1321,.F.);
#1807=ORIENTED_EDGE('',*,*,#1327,.T.);
#1808=ORIENTED_EDGE('',*,*,#1328,.T.);
#1809=ORIENTED_EDGE('',*,*,#1329,.T.);
#1810=ORIENTED_EDGE('',*,*,#1325,.F.);
#1811=ORIENTED_EDGE('',*,*,#1330,.T.);
#1812=ORIENTED_EDGE('',*,*,#1323,.T.);
#1813=ORIENTED_EDGE('',*,*,#1331,.T.);
#1814=ORIENTED_EDGE('',*,*,#1328,.F.);
#1815=ORIENTED_EDGE('',*,*,#1331,.F.);
#1816=ORIENTED_EDGE('',*,*,#1322,.F.);
#1817=ORIENTED_EDGE('',*,*,#1326,.F.);
#1818=ORIENTED_EDGE('',*,*,#1329,.F.);
#1819=ORIENTED_EDGE('',*,*,#1332,.F.);
#1820=ORIENTED_EDGE('',*,*,#1333,.F.);
#1821=ORIENTED_EDGE('',*,*,#1334,.F.);
#1822=ORIENTED_EDGE('',*,*,#1335,.F.);
#1823=ORIENTED_EDGE('',*,*,#1336,.F.);
#1824=ORIENTED_EDGE('',*,*,#1337,.F.);
#1825=ORIENTED_EDGE('',*,*,#1338,.F.);
#1826=ORIENTED_EDGE('',*,*,#1339,.F.);
#1827=ORIENTED_EDGE('',*,*,#1340,.F.);
#1828=ORIENTED_EDGE('',*,*,#1341,.F.);
#1829=ORIENTED_EDGE('',*,*,#1342,.F.);
#1830=ORIENTED_EDGE('',*,*,#1343,.F.);
#1831=ORIENTED_EDGE('',*,*,#1344,.F.);
#1832=ORIENTED_EDGE('',*,*,#1345,.F.);
#1833=ORIENTED_EDGE('',*,*,#1320,.F.);
#1834=ORIENTED_EDGE('',*,*,#1346,.T.);
#1835=ORIENTED_EDGE('',*,*,#1302,.F.);
#1836=ORIENTED_EDGE('',*,*,#1347,.F.);
#1837=ORIENTED_EDGE('',*,*,#1324,.F.);
#1838=ORIENTED_EDGE('',*,*,#1347,.T.);
#1839=ORIENTED_EDGE('',*,*,#1348,.F.);
#1840=ORIENTED_EDGE('',*,*,#1349,.F.);
#1841=ORIENTED_EDGE('',*,*,#1350,.F.);
#1842=ORIENTED_EDGE('',*,*,#1351,.F.);
#1843=ORIENTED_EDGE('',*,*,#1327,.F.);
#1844=ORIENTED_EDGE('',*,*,#1349,.T.);
#1845=ORIENTED_EDGE('',*,*,#1330,.F.);
#1846=ORIENTED_EDGE('',*,*,#1351,.T.);
#1847=ORIENTED_EDGE('',*,*,#1298,.F.);
#1848=ORIENTED_EDGE('',*,*,#1346,.F.);
#1849=ORIENTED_EDGE('',*,*,#1333,.T.);
#1850=ORIENTED_EDGE('',*,*,#1352,.T.);
#1851=ORIENTED_EDGE('',*,*,#1258,.F.);
#1852=ORIENTED_EDGE('',*,*,#1353,.T.);
#1853=ORIENTED_EDGE('',*,*,#1334,.T.);
#1854=ORIENTED_EDGE('',*,*,#1353,.F.);
#1855=ORIENTED_EDGE('',*,*,#1257,.F.);
#1856=ORIENTED_EDGE('',*,*,#1354,.F.);
#1857=ORIENTED_EDGE('',*,*,#1335,.T.);
#1858=ORIENTED_EDGE('',*,*,#1354,.T.);
#1859=ORIENTED_EDGE('',*,*,#1256,.F.);
#1860=ORIENTED_EDGE('',*,*,#1355,.T.);
#1861=ORIENTED_EDGE('',*,*,#1336,.T.);
#1862=ORIENTED_EDGE('',*,*,#1355,.F.);
#1863=ORIENTED_EDGE('',*,*,#1255,.F.);
#1864=ORIENTED_EDGE('',*,*,#1356,.F.);
#1865=ORIENTED_EDGE('',*,*,#1337,.T.);
#1866=ORIENTED_EDGE('',*,*,#1356,.T.);
#1867=ORIENTED_EDGE('',*,*,#1254,.F.);
#1868=ORIENTED_EDGE('',*,*,#1357,.T.);
#1869=ORIENTED_EDGE('',*,*,#1338,.T.);
#1870=ORIENTED_EDGE('',*,*,#1357,.F.);
#1871=ORIENTED_EDGE('',*,*,#1253,.F.);
#1872=ORIENTED_EDGE('',*,*,#1358,.F.);
#1873=ORIENTED_EDGE('',*,*,#1339,.T.);
#1874=ORIENTED_EDGE('',*,*,#1358,.T.);
#1875=ORIENTED_EDGE('',*,*,#1252,.F.);
#1876=ORIENTED_EDGE('',*,*,#1359,.T.);
#1877=ORIENTED_EDGE('',*,*,#1332,.T.);
#1878=ORIENTED_EDGE('',*,*,#1359,.F.);
#1879=ORIENTED_EDGE('',*,*,#1251,.F.);
#1880=ORIENTED_EDGE('',*,*,#1352,.F.);
#1881=ORIENTED_EDGE('',*,*,#1259,.F.);
#1882=ORIENTED_EDGE('',*,*,#1360,.T.);
#1883=ORIENTED_EDGE('',*,*,#1340,.T.);
#1884=ORIENTED_EDGE('',*,*,#1360,.F.);
#1885=ORIENTED_EDGE('',*,*,#1260,.F.);
#1886=ORIENTED_EDGE('',*,*,#1361,.T.);
#1887=ORIENTED_EDGE('',*,*,#1341,.T.);
#1888=ORIENTED_EDGE('',*,*,#1361,.F.);
#1889=ORIENTED_EDGE('',*,*,#1261,.F.);
#1890=ORIENTED_EDGE('',*,*,#1362,.T.);
#1891=ORIENTED_EDGE('',*,*,#1342,.T.);
#1892=ORIENTED_EDGE('',*,*,#1362,.F.);
#1893=ORIENTED_EDGE('',*,*,#1262,.F.);
#1894=ORIENTED_EDGE('',*,*,#1363,.T.);
#1895=ORIENTED_EDGE('',*,*,#1343,.T.);
#1896=ORIENTED_EDGE('',*,*,#1363,.F.);
#1897=ORIENTED_EDGE('',*,*,#1263,.F.);
#1898=ORIENTED_EDGE('',*,*,#1364,.T.);
#1899=ORIENTED_EDGE('',*,*,#1344,.T.);
#1900=ORIENTED_EDGE('',*,*,#1364,.F.);
#1901=ORIENTED_EDGE('',*,*,#1264,.F.);
#1902=ORIENTED_EDGE('',*,*,#1365,.T.);
#1903=ORIENTED_EDGE('',*,*,#1345,.T.);
#1904=ORIENTED_EDGE('',*,*,#1365,.F.);
#1905=ORIENTED_EDGE('',*,*,#1366,.F.);
#1906=ORIENTED_EDGE('',*,*,#1367,.T.);
#1907=ORIENTED_EDGE('',*,*,#1368,.F.);
#1908=ORIENTED_EDGE('',*,*,#1369,.F.);
#1909=ORIENTED_EDGE('',*,*,#1294,.F.);
#1910=ORIENTED_EDGE('',*,*,#1370,.F.);
#1911=ORIENTED_EDGE('',*,*,#1348,.T.);
#1912=ORIENTED_EDGE('',*,*,#1301,.T.);
#1913=ORIENTED_EDGE('',*,*,#1295,.F.);
#1914=ORIENTED_EDGE('',*,*,#1299,.F.);
#1915=ORIENTED_EDGE('',*,*,#1350,.T.);
#1916=ORIENTED_EDGE('',*,*,#1370,.T.);
#1917=ORIENTED_EDGE('',*,*,#1371,.T.);
#1918=ORIENTED_EDGE('',*,*,#1372,.F.);
#1919=ORIENTED_EDGE('',*,*,#1373,.T.);
#1920=ORIENTED_EDGE('',*,*,#1374,.F.);
#1921=ORIENTED_EDGE('',*,*,#1369,.T.);
#1922=ORIENTED_EDGE('',*,*,#1375,.F.);
#1923=ORIENTED_EDGE('',*,*,#1376,.F.);
#1924=ORIENTED_EDGE('',*,*,#1377,.T.);
#1925=ORIENTED_EDGE('',*,*,#1378,.F.);
#1926=ORIENTED_EDGE('',*,*,#1379,.T.);
#1927=ORIENTED_EDGE('',*,*,#1374,.T.);
#1928=ORIENTED_EDGE('',*,*,#1366,.T.);
#1929=ORIENTED_EDGE('',*,*,#1379,.F.);
#1930=ORIENTED_EDGE('',*,*,#1380,.T.);
#1931=ORIENTED_EDGE('',*,*,#1381,.F.);
#1932=ORIENTED_EDGE('',*,*,#1382,.F.);
#1933=ORIENTED_EDGE('',*,*,#1383,.F.);
#1934=ORIENTED_EDGE('',*,*,#1384,.F.);
#1935=ORIENTED_EDGE('',*,*,#1367,.F.);
#1936=ORIENTED_EDGE('',*,*,#1385,.T.);
#1937=ORIENTED_EDGE('',*,*,#1382,.T.);
#1938=ORIENTED_EDGE('',*,*,#1381,.T.);
#1939=ORIENTED_EDGE('',*,*,#1386,.T.);
#1940=ORIENTED_EDGE('',*,*,#1375,.T.);
#1941=ORIENTED_EDGE('',*,*,#1368,.T.);
#1942=ORIENTED_EDGE('',*,*,#1384,.T.);
#1943=ORIENTED_EDGE('',*,*,#1387,.F.);
#1944=ORIENTED_EDGE('',*,*,#1388,.F.);
#1945=ORIENTED_EDGE('',*,*,#1389,.F.);
#1946=ORIENTED_EDGE('',*,*,#1214,.T.);
#1947=ORIENTED_EDGE('',*,*,#1390,.F.);
#1948=ORIENTED_EDGE('',*,*,#1159,.F.);
#1949=ORIENTED_EDGE('',*,*,#1391,.T.);
#1950=ORIENTED_EDGE('',*,*,#1107,.F.);
#1951=ORIENTED_EDGE('',*,*,#1391,.F.);
#1952=ORIENTED_EDGE('',*,*,#1371,.F.);
#1953=ORIENTED_EDGE('',*,*,#1392,.T.);
#1954=ORIENTED_EDGE('',*,*,#1158,.F.);
#1955=ORIENTED_EDGE('',*,*,#1392,.F.);
#1956=ORIENTED_EDGE('',*,*,#1243,.F.);
#1957=ORIENTED_EDGE('',*,*,#1393,.F.);
#1958=ORIENTED_EDGE('',*,*,#1272,.F.);
#1959=ORIENTED_EDGE('',*,*,#1096,.T.);
#1960=ORIENTED_EDGE('',*,*,#1273,.F.);
#1961=ORIENTED_EDGE('',*,*,#1394,.F.);
#1962=ORIENTED_EDGE('',*,*,#1373,.F.);
#1963=ORIENTED_EDGE('',*,*,#1395,.F.);
#1964=ORIENTED_EDGE('',*,*,#1246,.F.);
#1965=ORIENTED_EDGE('',*,*,#1250,.F.);
#1966=ORIENTED_EDGE('',*,*,#1275,.F.);
#1967=ORIENTED_EDGE('',*,*,#1395,.T.);
#1968=ORIENTED_EDGE('',*,*,#1372,.T.);
#1969=ORIENTED_EDGE('',*,*,#1394,.T.);
#1970=ORIENTED_EDGE('',*,*,#1270,.F.);
#1971=ORIENTED_EDGE('',*,*,#1393,.T.);
#1972=ORIENTED_EDGE('',*,*,#1267,.F.);
#1973=ORIENTED_EDGE('',*,*,#1212,.F.);
#1974=ORIENTED_EDGE('',*,*,#1215,.T.);
#1975=ORIENTED_EDGE('',*,*,#1389,.T.);
#1976=ORIENTED_EDGE('',*,*,#1396,.F.);
#1977=ORIENTED_EDGE('',*,*,#1217,.T.);
#1978=ORIENTED_EDGE('',*,*,#1377,.F.);
#1979=ORIENTED_EDGE('',*,*,#1376,.T.);
#1980=ORIENTED_EDGE('',*,*,#1390,.T.);
#1981=ORIENTED_EDGE('',*,*,#1213,.T.);
#1982=ORIENTED_EDGE('',*,*,#1210,.F.);
#1983=ORIENTED_EDGE('',*,*,#1114,.T.);
#1984=ORIENTED_EDGE('',*,*,#1397,.T.);
#1985=ORIENTED_EDGE('',*,*,#1398,.T.);
#1986=ORIENTED_EDGE('',*,*,#1378,.T.);
#1987=ORIENTED_EDGE('',*,*,#1397,.F.);
#1988=ORIENTED_EDGE('',*,*,#1113,.F.);
#1989=ORIENTED_EDGE('',*,*,#1112,.F.);
#1990=ORIENTED_EDGE('',*,*,#1399,.F.);
#1991=ORIENTED_EDGE('',*,*,#1380,.F.);
#1992=ORIENTED_EDGE('',*,*,#1398,.F.);
#1993=ORIENTED_EDGE('',*,*,#1399,.T.);
#1994=ORIENTED_EDGE('',*,*,#1111,.F.);
#1995=ORIENTED_EDGE('',*,*,#1400,.F.);
#1996=ORIENTED_EDGE('',*,*,#1386,.F.);
#1997=ORIENTED_EDGE('',*,*,#1385,.F.);
#1998=ORIENTED_EDGE('',*,*,#1400,.T.);
#1999=ORIENTED_EDGE('',*,*,#1110,.T.);
#2000=ORIENTED_EDGE('',*,*,#1219,.F.);
#2001=ORIENTED_EDGE('',*,*,#1401,.T.);
#2002=ORIENTED_EDGE('',*,*,#1387,.T.);
#2003=ORIENTED_EDGE('',*,*,#1383,.T.);
#2004=ORIENTED_EDGE('',*,*,#1218,.F.);
#2005=ORIENTED_EDGE('',*,*,#1396,.T.);
#2006=ORIENTED_EDGE('',*,*,#1388,.T.);
#2007=ORIENTED_EDGE('',*,*,#1401,.F.);
#2008=ORIENTED_EDGE('',*,*,#1120,.F.);
#2009=ORIENTED_EDGE('',*,*,#1205,.T.);
#2010=ORIENTED_EDGE('',*,*,#1287,.F.);
#2011=ORIENTED_EDGE('',*,*,#1318,.F.);
#2012=ORIENTED_EDGE('',*,*,#1303,.F.);
#2013=ORIENTED_EDGE('',*,*,#1098,.F.);
#2014=ORIENTED_EDGE('',*,*,#1312,.F.);
#2015=ORIENTED_EDGE('',*,*,#1319,.T.);
#2016=ORIENTED_EDGE('',*,*,#1281,.F.);
#2017=ORIENTED_EDGE('',*,*,#1234,.T.);
#2018=ORIENTED_EDGE('',*,*,#1192,.T.);
#2019=ORIENTED_EDGE('',*,*,#1229,.T.);
#2020=PLANE('',#2254);
#2021=PLANE('',#2255);
#2022=PLANE('',#2259);
#2023=PLANE('',#2260);
#2024=PLANE('',#2261);
#2025=PLANE('',#2262);
#2026=PLANE('',#2263);
#2027=PLANE('',#2264);
#2028=PLANE('',#2265);
#2029=PLANE('',#2266);
#2030=PLANE('',#2271);
#2031=PLANE('',#2272);
#2032=PLANE('',#2273);
#2033=PLANE('',#2274);
#2034=PLANE('',#2275);
#2035=PLANE('',#2277);
#2036=PLANE('',#2278);
#2037=PLANE('',#2280);
#2038=PLANE('',#2283);
#2039=PLANE('',#2286);
#2040=PLANE('',#2289);
#2041=PLANE('',#2292);
#2042=PLANE('',#2293);
#2043=PLANE('',#2294);
#2044=PLANE('',#2295);
#2045=PLANE('',#2296);
#2046=PLANE('',#2299);
#2047=PLANE('',#2301);
#2048=PLANE('',#2302);
#2049=PLANE('',#2305);
#2050=PLANE('',#2306);
#2051=PLANE('',#2307);
#2052=PLANE('',#2308);
#2053=PLANE('',#2310);
#2054=PLANE('',#2311);
#2055=PLANE('',#2312);
#2056=PLANE('',#2313);
#2057=PLANE('',#2314);
#2058=PLANE('',#2315);
#2059=PLANE('',#2326);
#2060=PLANE('',#2327);
#2061=PLANE('',#2328);
#2062=PLANE('',#2329);
#2063=PLANE('',#2332);
#2064=PLANE('',#2333);
#2065=PLANE('',#2334);
#2066=PLANE('',#2335);
#2067=PLANE('',#2338);
#2068=PLANE('',#2341);
#2069=PLANE('',#2345);
#2070=PLANE('',#2347);
#2071=PLANE('',#2348);
#2072=PLANE('',#2349);
#2073=PLANE('',#2350);
#2074=PLANE('',#2351);
#2075=PLANE('',#2352);
#2076=PLANE('',#2353);
#2077=PLANE('',#2356);
#2078=PLANE('',#2359);
#2079=PLANE('',#2361);
#2080=PLANE('',#2363);
#2081=PLANE('',#2364);
#2082=PLANE('',#2365);
#2083=PLANE('',#2366);
#2084=PLANE('',#2367);
#2085=PLANE('',#2368);
#2086=PLANE('',#2369);
#2087=PLANE('',#2380);
#2088=PLANE('',#2381);
#2089=PLANE('',#2382);
#2090=PLANE('',#2383);
#2091=PLANE('',#2385);
#2092=PLANE('',#2387);
#2093=PLANE('',#2389);
#2094=PLANE('',#2391);
#2095=PLANE('',#2398);
#2096=PLANE('',#2399);
#2097=PLANE('',#2400);
#2098=PLANE('',#2401);
#2099=PLANE('',#2403);
#2100=PLANE('',#2405);
#2101=PLANE('',#2406);
#2102=PLANE('',#2407);
#2103=PLANE('',#2408);
#2104=PLANE('',#2409);
#2105=PLANE('',#2410);
#2106=PLANE('',#2413);
#2107=PLANE('',#2415);
#2108=PLANE('',#2416);
#2109=PLANE('',#2417);
#2110=PLANE('',#2418);
#2111=PLANE('',#2419);
#2112=PLANE('',#2420);
#2113=PLANE('',#2421);
#2114=PLANE('',#2422);
#2115=PLANE('',#2423);
#2116=PLANE('',#2424);
#2117=ADVANCED_FACE('',(#117),#2020,.F.);
#2118=ADVANCED_FACE('',(#118,#45,#46),#2021,.F.);
#2119=ADVANCED_FACE('',(#119),#2022,.T.);
#2120=ADVANCED_FACE('',(#120),#2023,.T.);
#2121=ADVANCED_FACE('',(#121),#2024,.T.);
#2122=ADVANCED_FACE('',(#122),#2025,.T.);
#2123=ADVANCED_FACE('',(#123),#2026,.T.);
#2124=ADVANCED_FACE('',(#124),#2027,.T.);
#2125=ADVANCED_FACE('',(#125),#2028,.T.);
#2126=ADVANCED_FACE('',(#126,#47,#48),#2029,.T.);
#2127=ADVANCED_FACE('',(#127),#2030,.T.);
#2128=ADVANCED_FACE('',(#128),#2031,.T.);
#2129=ADVANCED_FACE('',(#129),#2032,.T.);
#2130=ADVANCED_FACE('',(#130),#2033,.T.);
#2131=ADVANCED_FACE('',(#131,#49),#2034,.T.);
#2132=ADVANCED_FACE('',(#132),#2035,.T.);
#2133=ADVANCED_FACE('',(#133,#50),#2036,.T.);
#2134=ADVANCED_FACE('',(#134,#51),#2037,.T.);
#2135=ADVANCED_FACE('',(#135),#2038,.T.);
#2136=ADVANCED_FACE('',(#136),#19,.F.);
#2137=ADVANCED_FACE('',(#137,#52),#2039,.T.);
#2138=ADVANCED_FACE('',(#138),#2040,.T.);
#2139=ADVANCED_FACE('',(#139),#20,.F.);
#2140=ADVANCED_FACE('',(#140),#2041,.T.);
#2141=ADVANCED_FACE('',(#141),#2042,.F.);
#2142=ADVANCED_FACE('',(#142),#2043,.T.);
#2143=ADVANCED_FACE('',(#143),#2044,.T.);
#2144=ADVANCED_FACE('',(#144),#2045,.T.);
#2145=ADVANCED_FACE('',(#145),#15,.T.);
#2146=ADVANCED_FACE('',(#146,#53),#2046,.F.);
#2147=ADVANCED_FACE('',(#147),#2047,.T.);
#2148=ADVANCED_FACE('',(#148),#2048,.T.);
#2149=ADVANCED_FACE('',(#149),#21,.T.);
#2150=ADVANCED_FACE('',(#150),#2049,.T.);
#2151=ADVANCED_FACE('',(#151),#2050,.T.);
#2152=ADVANCED_FACE('',(#152),#2051,.F.);
#2153=ADVANCED_FACE('',(#153,#54),#2052,.F.);
#2154=ADVANCED_FACE('',(#154),#2053,.T.);
#2155=ADVANCED_FACE('',(#155),#2054,.T.);
#2156=ADVANCED_FACE('',(#156),#2055,.T.);
#2157=ADVANCED_FACE('',(#157),#2056,.T.);
#2158=ADVANCED_FACE('',(#158),#2057,.F.);
#2159=ADVANCED_FACE('',(#159,#55,#56,#57,#58,#59,#60,#61),#2058,.T.);
#2160=ADVANCED_FACE('',(#160),#2059,.T.);
#2161=ADVANCED_FACE('',(#161),#2060,.T.);
#2162=ADVANCED_FACE('',(#162),#2061,.T.);
#2163=ADVANCED_FACE('',(#163),#2062,.T.);
#2164=ADVANCED_FACE('',(#164),#16,.T.);
#2165=ADVANCED_FACE('',(#165),#2063,.T.);
#2166=ADVANCED_FACE('',(#166),#2064,.F.);
#2167=ADVANCED_FACE('',(#167),#2065,.F.);
#2168=ADVANCED_FACE('',(#168),#2066,.T.);
#2169=ADVANCED_FACE('',(#169),#22,.F.);
#2170=ADVANCED_FACE('',(#170),#2067,.T.);
#2171=ADVANCED_FACE('',(#171),#23,.F.);
#2172=ADVANCED_FACE('',(#172),#2068,.T.);
#2173=ADVANCED_FACE('',(#173),#24,.F.);
#2174=ADVANCED_FACE('',(#174),#2069,.T.);
#2175=ADVANCED_FACE('',(#175),#25,.F.);
#2176=ADVANCED_FACE('',(#176),#2070,.T.);
#2177=ADVANCED_FACE('',(#177),#2071,.T.);
#2178=ADVANCED_FACE('',(#178),#2072,.T.);
#2179=ADVANCED_FACE('',(#179),#2073,.T.);
#2180=ADVANCED_FACE('',(#180),#2074,.T.);
#2181=ADVANCED_FACE('',(#181),#2075,.T.);
#2182=ADVANCED_FACE('',(#182),#2076,.T.);
#2183=ADVANCED_FACE('',(#183),#17,.T.);
#2184=ADVANCED_FACE('',(#184),#2077,.T.);
#2185=ADVANCED_FACE('',(#185),#18,.T.);
#2186=ADVANCED_FACE('',(#186),#2078,.T.);
#2187=ADVANCED_FACE('',(#187),#26,.T.);
#2188=ADVANCED_FACE('',(#188),#2079,.T.);
#2189=ADVANCED_FACE('',(#189),#27,.T.);
#2190=ADVANCED_FACE('',(#190),#2080,.T.);
#2191=ADVANCED_FACE('',(#191),#2081,.T.);
#2192=ADVANCED_FACE('',(#192),#2082,.F.);
#2193=ADVANCED_FACE('',(#193),#2083,.F.);
#2194=ADVANCED_FACE('',(#194),#2084,.F.);
#2195=ADVANCED_FACE('',(#195),#2085,.F.);
#2196=ADVANCED_FACE('',(#196,#62,#63,#64,#65,#66,#67,#68),#2086,.F.);
#2197=ADVANCED_FACE('',(#197),#2087,.F.);
#2198=ADVANCED_FACE('',(#198),#2088,.F.);
#2199=ADVANCED_FACE('',(#199),#2089,.F.);
#2200=ADVANCED_FACE('',(#200),#2090,.F.);
#2201=ADVANCED_FACE('',(#201),#28,.F.);
#2202=ADVANCED_FACE('',(#202),#2091,.F.);
#2203=ADVANCED_FACE('',(#203),#29,.F.);
#2204=ADVANCED_FACE('',(#204),#2092,.F.);
#2205=ADVANCED_FACE('',(#205),#30,.F.);
#2206=ADVANCED_FACE('',(#206),#2093,.F.);
#2207=ADVANCED_FACE('',(#207),#31,.F.);
#2208=ADVANCED_FACE('',(#208),#2094,.F.);
#2209=ADVANCED_FACE('',(#209),#32,.F.);
#2210=ADVANCED_FACE('',(#210),#33,.F.);
#2211=ADVANCED_FACE('',(#211),#34,.F.);
#2212=ADVANCED_FACE('',(#212),#35,.F.);
#2213=ADVANCED_FACE('',(#213),#36,.F.);
#2214=ADVANCED_FACE('',(#214),#37,.F.);
#2215=ADVANCED_FACE('',(#215),#2095,.F.);
#2216=ADVANCED_FACE('',(#216),#2096,.T.);
#2217=ADVANCED_FACE('',(#217),#2097,.T.);
#2218=ADVANCED_FACE('',(#218),#2098,.T.);
#2219=ADVANCED_FACE('',(#219),#2099,.T.);
#2220=ADVANCED_FACE('',(#220),#2100,.F.);
#2221=ADVANCED_FACE('',(#221),#2101,.T.);
#2222=ADVANCED_FACE('',(#222),#2102,.T.);
#2223=ADVANCED_FACE('',(#223),#2103,.F.);
#2224=ADVANCED_FACE('',(#224),#2104,.T.);
#2225=ADVANCED_FACE('',(#225),#2105,.T.);
#2226=ADVANCED_FACE('',(#226),#38,.F.);
#2227=ADVANCED_FACE('',(#227),#39,.T.);
#2228=ADVANCED_FACE('',(#228),#2106,.F.);
#2229=ADVANCED_FACE('',(#229),#40,.T.);
#2230=ADVANCED_FACE('',(#230),#2107,.F.);
#2231=ADVANCED_FACE('',(#231),#2108,.T.);
#2232=ADVANCED_FACE('',(#232),#2109,.T.);
#2233=ADVANCED_FACE('',(#233),#2110,.T.);
#2234=ADVANCED_FACE('',(#234),#2111,.T.);
#2235=ADVANCED_FACE('',(#235),#2112,.T.);
#2236=ADVANCED_FACE('',(#236),#2113,.T.);
#2237=ADVANCED_FACE('',(#237),#2114,.T.);
#2238=ADVANCED_FACE('',(#238),#2115,.F.);
#2239=ADVANCED_FACE('',(#239),#2116,.T.);
#2240=CLOSED_SHELL('',(#2117,#2118,#2119,#2120,#2121,#2122,#2123,#2124,
#2125,#2126,#2127,#2128,#2129,#2130,#2131,#2132,#2133,#2134,#2135,#2136,
#2137,#2138,#2139,#2140,#2141,#2142,#2143,#2144,#2145,#2146,#2147,#2148,
#2149,#2150,#2151,#2152,#2153,#2154,#2155,#2156,#2157,#2158,#2159,#2160,
#2161,#2162,#2163,#2164,#2165,#2166,#2167,#2168,#2169,#2170,#2171,#2172,
#2173,#2174,#2175,#2176,#2177,#2178,#2179,#2180,#2181,#2182,#2183,#2184,
#2185,#2186,#2187,#2188,#2189,#2190,#2191,#2192,#2193,#2194,#2195,#2196,
#2197,#2198,#2199,#2200,#2201,#2202,#2203,#2204,#2205,#2206,#2207,#2208,
#2209,#2210,#2211,#2212,#2213,#2214,#2215,#2216,#2217,#2218,#2219,#2220,
#2221,#2222,#2223,#2224,#2225,#2226,#2227,#2228,#2229,#2230,#2231,#2232,
#2233,#2234,#2235,#2236,#2237,#2238,#2239));
#2241=DERIVED_UNIT_ELEMENT(#2243,1.);
#2242=DERIVED_UNIT_ELEMENT(#3668,-3.);
#2243=(
MASS_UNIT()
NAMED_UNIT(*)
SI_UNIT(.KILO.,.GRAM.)
);
#2244=DERIVED_UNIT((#2241,#2242));
#2245=MEASURE_REPRESENTATION_ITEM('density measure',
POSITIVE_RATIO_MEASURE(1060.),#2244);
#2246=PROPERTY_DEFINITION_REPRESENTATION(#2251,#2248);
#2247=PROPERTY_DEFINITION_REPRESENTATION(#2252,#2249);
#2248=REPRESENTATION('material name',(#2250),#3665);
#2249=REPRESENTATION('density',(#2245),#3665);
#2250=DESCRIPTIVE_REPRESENTATION_ITEM('ABS Plastic','ABS Plastic');
#2251=PROPERTY_DEFINITION('material property','material name',#3675);
#2252=PROPERTY_DEFINITION('material property','density of part',#3675);
#2253=AXIS2_PLACEMENT_3D('',#3026,#2425,#2426);
#2254=AXIS2_PLACEMENT_3D('',#3027,#2427,#2428);
#2255=AXIS2_PLACEMENT_3D('',#3036,#2433,#2434);
#2256=AXIS2_PLACEMENT_3D('',#3045,#2438,#2439);
#2257=AXIS2_PLACEMENT_3D('',#3048,#2441,#2442);
#2258=AXIS2_PLACEMENT_3D('',#3058,#2447,#2448);
#2259=AXIS2_PLACEMENT_3D('',#3059,#2449,#2450);
#2260=AXIS2_PLACEMENT_3D('',#3092,#2467,#2468);
#2261=AXIS2_PLACEMENT_3D('',#3100,#2473,#2474);
#2262=AXIS2_PLACEMENT_3D('',#3106,#2478,#2479);
#2263=AXIS2_PLACEMENT_3D('',#3114,#2484,#2485);
#2264=AXIS2_PLACEMENT_3D('',#3123,#2490,#2491);
#2265=AXIS2_PLACEMENT_3D('',#3129,#2495,#2496);
#2266=AXIS2_PLACEMENT_3D('',#3138,#2499,#2500);
#2267=AXIS2_PLACEMENT_3D('',#3148,#2505,#2506);
#2268=AXIS2_PLACEMENT_3D('',#3163,#2514,#2515);
#2269=AXIS2_PLACEMENT_3D('',#3165,#2516,#2517);
#2270=AXIS2_PLACEMENT_3D('',#3167,#2518,#2519);
#2271=AXIS2_PLACEMENT_3D('',#3168,#2520,#2521);
#2272=AXIS2_PLACEMENT_3D('',#3174,#2525,#2526);
#2273=AXIS2_PLACEMENT_3D('',#3178,#2529,#2530);
#2274=AXIS2_PLACEMENT_3D('',#3182,#2533,#2534);
#2275=AXIS2_PLACEMENT_3D('',#3187,#2538,#2539);
#2276=AXIS2_PLACEMENT_3D('',#3194,#2543,#2544);
#2277=AXIS2_PLACEMENT_3D('',#3195,#2545,#2546);
#2278=AXIS2_PLACEMENT_3D('',#3199,#2549,#2550);
#2279=AXIS2_PLACEMENT_3D('',#3204,#2553,#2554);
#2280=AXIS2_PLACEMENT_3D('',#3205,#2555,#2556);
#2281=AXIS2_PLACEMENT_3D('',#3210,#2558,#2559);
#2282=AXIS2_PLACEMENT_3D('',#3217,#2563,#2564);
#2283=AXIS2_PLACEMENT_3D('',#3218,#2565,#2566);
#2284=AXIS2_PLACEMENT_3D('',#3236,#2577,#2578);
#2285=AXIS2_PLACEMENT_3D('',#3239,#2580,#2581);
#2286=AXIS2_PLACEMENT_3D('',#3240,#2582,#2583);
#2287=AXIS2_PLACEMENT_3D('',#3244,#2585,#2586);
#2288=AXIS2_PLACEMENT_3D('',#3249,#2589,#2590);
#2289=AXIS2_PLACEMENT_3D('',#3250,#2591,#2592);
#2290=AXIS2_PLACEMENT_3D('',#3260,#2599,#2600);
#2291=AXIS2_PLACEMENT_3D('',#3261,#2601,#2602);
#2292=AXIS2_PLACEMENT_3D('',#3262,#2603,#2604);
#2293=AXIS2_PLACEMENT_3D('',#3270,#2609,#2610);
#2294=AXIS2_PLACEMENT_3D('',#3276,#2614,#2615);
#2295=AXIS2_PLACEMENT_3D('',#3284,#2620,#2621);
#2296=AXIS2_PLACEMENT_3D('',#3289,#2625,#2626);
#2297=AXIS2_PLACEMENT_3D('',#3294,#2627,#2628);
#2298=AXIS2_PLACEMENT_3D('',#3295,#2629,#2630);
#2299=AXIS2_PLACEMENT_3D('',#3296,#2631,#2632);
#2300=AXIS2_PLACEMENT_3D('',#3301,#2635,#2636);
#2301=AXIS2_PLACEMENT_3D('',#3302,#2637,#2638);
#2302=AXIS2_PLACEMENT_3D('',#3304,#2640,#2641);
#2303=AXIS2_PLACEMENT_3D('',#3305,#2642,#2643);
#2304=AXIS2_PLACEMENT_3D('',#3306,#2644,#2645);
#2305=AXIS2_PLACEMENT_3D('',#3307,#2646,#2647);
#2306=AXIS2_PLACEMENT_3D('',#3309,#2649,#2650);
#2307=AXIS2_PLACEMENT_3D('',#3311,#2652,#2653);
#2308=AXIS2_PLACEMENT_3D('',#3318,#2658,#2659);
#2309=AXIS2_PLACEMENT_3D('',#3321,#2661,#2662);
#2310=AXIS2_PLACEMENT_3D('',#3322,#2663,#2664);
#2311=AXIS2_PLACEMENT_3D('',#3328,#2668,#2669);
#2312=AXIS2_PLACEMENT_3D('',#3334,#2673,#2674);
#2313=AXIS2_PLACEMENT_3D('',#3340,#2678,#2679);
#2314=AXIS2_PLACEMENT_3D('',#3343,#2682,#2683);
#2315=AXIS2_PLACEMENT_3D('',#3347,#2686,#2687);
#2316=AXIS2_PLACEMENT_3D('',#3352,#2689,#2690);
#2317=AXIS2_PLACEMENT_3D('',#3356,#2692,#2693);
#2318=AXIS2_PLACEMENT_3D('',#3360,#2695,#2696);
#2319=AXIS2_PLACEMENT_3D('',#3363,#2698,#2699);
#2320=AXIS2_PLACEMENT_3D('',#3365,#2700,#2701);
#2321=AXIS2_PLACEMENT_3D('',#3367,#2702,#2703);
#2322=AXIS2_PLACEMENT_3D('',#3369,#2704,#2705);
#2323=AXIS2_PLACEMENT_3D('',#3371,#2706,#2707);
#2324=AXIS2_PLACEMENT_3D('',#3373,#2708,#2709);
#2325=AXIS2_PLACEMENT_3D('',#3375,#2710,#2711);
#2326=AXIS2_PLACEMENT_3D('',#3376,#2712,#2713);
#2327=AXIS2_PLACEMENT_3D('',#3380,#2717,#2718);
#2328=AXIS2_PLACEMENT_3D('',#3382,#2720,#2721);
#2329=AXIS2_PLACEMENT_3D('',#3391,#2724,#2725);
#2330=AXIS2_PLACEMENT_3D('',#3393,#2727,#2728);
#2331=AXIS2_PLACEMENT_3D('',#3395,#2729,#2730);
#2332=AXIS2_PLACEMENT_3D('',#3400,#2731,#2732);
#2333=AXIS2_PLACEMENT_3D('',#3402,#2734,#2735);
#2334=AXIS2_PLACEMENT_3D('',#3403,#2736,#2737);
#2335=AXIS2_PLACEMENT_3D('',#3405,#2739,#2740);
#2336=AXIS2_PLACEMENT_3D('',#3406,#2741,#2742);
#2337=AXIS2_PLACEMENT_3D('',#3408,#2743,#2744);
#2338=AXIS2_PLACEMENT_3D('',#3410,#2746,#2747);
#2339=AXIS2_PLACEMENT_3D('',#3411,#2748,#2749);
#2340=AXIS2_PLACEMENT_3D('',#3413,#2750,#2751);
#2341=AXIS2_PLACEMENT_3D('',#3415,#2753,#2754);
#2342=AXIS2_PLACEMENT_3D('',#3421,#2757,#2758);
#2343=AXIS2_PLACEMENT_3D('',#3425,#2760,#2761);
#2344=AXIS2_PLACEMENT_3D('',#3429,#2764,#2765);
#2345=AXIS2_PLACEMENT_3D('',#3431,#2767,#2768);
#2346=AXIS2_PLACEMENT_3D('',#3432,#2769,#2770);
#2347=AXIS2_PLACEMENT_3D('',#3434,#2772,#2773);
#2348=AXIS2_PLACEMENT_3D('',#3440,#2777,#2778);
#2349=AXIS2_PLACEMENT_3D('',#3444,#2781,#2782);
#2350=AXIS2_PLACEMENT_3D('',#3448,#2785,#2786);
#2351=AXIS2_PLACEMENT_3D('',#3450,#2788,#2789);
#2352=AXIS2_PLACEMENT_3D('',#3456,#2793,#2794);
#2353=AXIS2_PLACEMENT_3D('',#3460,#2797,#2798);
#2354=AXIS2_PLACEMENT_3D('',#3466,#2802,#2803);
#2355=AXIS2_PLACEMENT_3D('',#3468,#2804,#2805);
#2356=AXIS2_PLACEMENT_3D('',#3470,#2807,#2808);
#2357=AXIS2_PLACEMENT_3D('',#3474,#2811,#2812);
#2358=AXIS2_PLACEMENT_3D('',#3476,#2813,#2814);
#2359=AXIS2_PLACEMENT_3D('',#3478,#2816,#2817);
#2360=AXIS2_PLACEMENT_3D('',#3482,#2820,#2821);
#2361=AXIS2_PLACEMENT_3D('',#3485,#2824,#2825);
#2362=AXIS2_PLACEMENT_3D('',#3487,#2827,#2828);
#2363=AXIS2_PLACEMENT_3D('',#3489,#2830,#2831);
#2364=AXIS2_PLACEMENT_3D('',#3491,#2833,#2834);
#2365=AXIS2_PLACEMENT_3D('',#3493,#2836,#2837);
#2366=AXIS2_PLACEMENT_3D('',#3502,#2842,#2843);
#2367=AXIS2_PLACEMENT_3D('',#3508,#2847,#2848);
#2368=AXIS2_PLACEMENT_3D('',#3514,#2852,#2853);
#2369=AXIS2_PLACEMENT_3D('',#3517,#2856,#2857);
#2370=AXIS2_PLACEMENT_3D('',#3522,#2859,#2860);
#2371=AXIS2_PLACEMENT_3D('',#3526,#2862,#2863);
#2372=AXIS2_PLACEMENT_3D('',#3530,#2865,#2866);
#2373=AXIS2_PLACEMENT_3D('',#3533,#2868,#2869);
#2374=AXIS2_PLACEMENT_3D('',#3535,#2870,#2871);
#2375=AXIS2_PLACEMENT_3D('',#3537,#2872,#2873);
#2376=AXIS2_PLACEMENT_3D('',#3539,#2874,#2875);
#2377=AXIS2_PLACEMENT_3D('',#3541,#2876,#2877);
#2378=AXIS2_PLACEMENT_3D('',#3543,#2878,#2879);
#2379=AXIS2_PLACEMENT_3D('',#3545,#2880,#2881);
#2380=AXIS2_PLACEMENT_3D('',#3546,#2882,#2883);
#2381=AXIS2_PLACEMENT_3D('',#3549,#2886,#2887);
#2382=AXIS2_PLACEMENT_3D('',#3553,#2890,#2891);
#2383=AXIS2_PLACEMENT_3D('',#3556,#2894,#2895);
#2384=AXIS2_PLACEMENT_3D('',#3557,#2896,#2897);
#2385=AXIS2_PLACEMENT_3D('',#3560,#2900,#2901);
#2386=AXIS2_PLACEMENT_3D('',#3562,#2903,#2904);
#2387=AXIS2_PLACEMENT_3D('',#3564,#2906,#2907);
#2388=AXIS2_PLACEMENT_3D('',#3566,#2909,#2910);
#2389=AXIS2_PLACEMENT_3D('',#3568,#2912,#2913);
#2390=AXIS2_PLACEMENT_3D('',#3570,#2915,#2916);
#2391=AXIS2_PLACEMENT_3D('',#3572,#2918,#2919);
#2392=AXIS2_PLACEMENT_3D('',#3573,#2920,#2921);
#2393=AXIS2_PLACEMENT_3D('',#3575,#2923,#2924);
#2394=AXIS2_PLACEMENT_3D('',#3577,#2926,#2927);
#2395=AXIS2_PLACEMENT_3D('',#3579,#2929,#2930);
#2396=AXIS2_PLACEMENT_3D('',#3581,#2932,#2933);
#2397=AXIS2_PLACEMENT_3D('',#3583,#2935,#2936);
#2398=AXIS2_PLACEMENT_3D('',#3585,#2938,#2939);
#2399=AXIS2_PLACEMENT_3D('',#3594,#2944,#2945);
#2400=AXIS2_PLACEMENT_3D('',#3596,#2947,#2948);
#2401=AXIS2_PLACEMENT_3D('',#3597,#2949,#2950);
#2402=AXIS2_PLACEMENT_3D('',#3599,#2951,#2952);
#2403=AXIS2_PLACEMENT_3D('',#3600,#2953,#2954);
#2404=AXIS2_PLACEMENT_3D('',#3604,#2956,#2957);
#2405=AXIS2_PLACEMENT_3D('',#3605,#2958,#2959);
#2406=AXIS2_PLACEMENT_3D('',#3611,#2963,#2964);
#2407=AXIS2_PLACEMENT_3D('',#3617,#2968,#2969);
#2408=AXIS2_PLACEMENT_3D('',#3621,#2972,#2973);
#2409=AXIS2_PLACEMENT_3D('',#3627,#2977,#2978);
#2410=AXIS2_PLACEMENT_3D('',#3631,#2981,#2982);
#2411=AXIS2_PLACEMENT_3D('',#3638,#2987,#2988);
#2412=AXIS2_PLACEMENT_3D('',#3640,#2990,#2991);
#2413=AXIS2_PLACEMENT_3D('',#3642,#2993,#2994);
#2414=AXIS2_PLACEMENT_3D('',#3644,#2996,#2997);
#2415=AXIS2_PLACEMENT_3D('',#3647,#3000,#3001);
#2416=AXIS2_PLACEMENT_3D('',#3648,#3002,#3003);
#2417=AXIS2_PLACEMENT_3D('',#3650,#3005,#3006);
#2418=AXIS2_PLACEMENT_3D('',#3652,#3008,#3009);
#2419=AXIS2_PLACEMENT_3D('',#3654,#3011,#3012);
#2420=AXIS2_PLACEMENT_3D('',#3656,#3014,#3015);
#2421=AXIS2_PLACEMENT_3D('',#3658,#3017,#3018);
#2422=AXIS2_PLACEMENT_3D('',#3660,#3020,#3021);
#2423=AXIS2_PLACEMENT_3D('',#3661,#3022,#3023);
#2424=AXIS2_PLACEMENT_3D('',#3662,#3024,#3025);
#2425=DIRECTION('axis',(0.,0.,1.));
#2426=DIRECTION('refdir',(1.,0.,0.));
#2427=DIRECTION('center_axis',(5.35530726325928E-17,1.,0.));
#2428=DIRECTION('ref_axis',(-1.,5.35530726325928E-17,0.));
#2429=DIRECTION('',(-1.,5.35530726325928E-17,0.));
#2430=DIRECTION('',(0.,0.,1.));
#2431=DIRECTION('',(1.,-5.35530726325928E-17,0.));
#2432=DIRECTION('',(0.,0.,1.));
#2433=DIRECTION('center_axis',(0.,0.,1.));
#2434=DIRECTION('ref_axis',(-1.,-1.22464679914735E-16,0.));
#2435=DIRECTION('',(5.30765295381582E-16,1.,0.));
#2436=DIRECTION('',(-1.,0.,0.));
#2437=DIRECTION('',(4.97592464420233E-17,-1.,0.));
#2438=DIRECTION('center_axis',(0.,0.,1.));
#2439=DIRECTION('ref_axis',(-0.707106781186547,0.707106781186548,0.));
#2440=DIRECTION('',(-1.,0.,0.));
#2441=DIRECTION('center_axis',(0.,0.,1.));
#2442=DIRECTION('ref_axis',(0.707106781186548,0.707106781186548,0.));
#2443=DIRECTION('',(-1.,0.,0.));
#2444=DIRECTION('',(0.,-1.,0.));
#2445=DIRECTION('',(1.,0.,0.));
#2446=DIRECTION('',(0.,1.,0.));
#2447=DIRECTION('center_axis',(0.,0.,1.));
#2448=DIRECTION('ref_axis',(-1.,0.,0.));
#2449=DIRECTION('center_axis',(0.,0.,1.));
#2450=DIRECTION('ref_axis',(-1.,-1.22464679914735E-16,0.));
#2451=DIRECTION('',(1.,-5.35530726325928E-17,0.));
#2452=DIRECTION('',(-1.22464679914735E-16,1.,0.));
#2453=DIRECTION('',(1.,0.,0.));
#2454=DIRECTION('',(-1.22464679914735E-16,1.,0.));
#2455=DIRECTION('',(-1.,-1.22464679914735E-16,0.));
#2456=DIRECTION('',(1.22464679914735E-16,-1.,0.));
#2457=DIRECTION('',(1.,0.,0.));
#2458=DIRECTION('',(1.22464679914735E-16,-1.,0.));
#2459=DIRECTION('',(1.,-5.35530726325928E-17,0.));
#2460=DIRECTION('',(0.,1.,0.));
#2461=DIRECTION('',(-1.,0.,0.));
#2462=DIRECTION('',(0.,1.,0.));
#2463=DIRECTION('',(1.,0.,0.));
#2464=DIRECTION('',(0.,1.,0.));
#2465=DIRECTION('',(-1.,0.,0.));
#2466=DIRECTION('',(0.,-1.,0.));
#2467=DIRECTION('center_axis',(-0.707106781186548,0.,0.707106781186547));
#2468=DIRECTION('ref_axis',(0.707106781186547,0.,0.707106781186548));
#2469=DIRECTION('',(0.577350269189625,0.577350269189627,0.577350269189626));
#2470=DIRECTION('',(0.707106781186547,0.,0.707106781186548));
#2471=DIRECTION('',(0.,1.,0.));
#2472=DIRECTION('',(-0.577350269189626,0.577350269189625,-0.577350269189627));
#2473=DIRECTION('center_axis',(-1.,0.,0.));
#2474=DIRECTION('ref_axis',(0.,1.,0.));
#2475=DIRECTION('',(0.,0.,1.));
#2476=DIRECTION('',(0.,1.,0.));
#2477=DIRECTION('',(0.,0.,1.));
#2478=DIRECTION('center_axis',(0.707106781186551,0.,0.707106781186544));
#2479=DIRECTION('ref_axis',(0.707106781186544,0.,-0.707106781186551));
#2480=DIRECTION('',(0.577350269189622,-0.577350269189628,-0.577350269189627));
#2481=DIRECTION('',(-0.577350269189623,-0.577350269189626,0.577350269189628));
#2482=DIRECTION('',(0.,-1.,0.));
#2483=DIRECTION('',(0.707106781186544,0.,-0.707106781186551));
#2484=DIRECTION('center_axis',(0.,-0.707106781186542,0.707106781186553));
#2485=DIRECTION('ref_axis',(1.,0.,0.));
#2486=DIRECTION('',(-1.,0.,0.));
#2487=DIRECTION('',(-0.577350269189623,0.577350269189631,0.577350269189623));
#2488=DIRECTION('',(1.,0.,0.));
#2489=DIRECTION('',(-0.577350269189622,0.577350269189632,0.577350269189623));
#2490=DIRECTION('center_axis',(0.707106781186551,0.,0.707106781186544));
#2491=DIRECTION('ref_axis',(0.707106781186544,0.,-0.707106781186551));
#2492=DIRECTION('',(0.,1.,0.));
#2493=DIRECTION('',(0.577350269189623,-0.577350269189626,-0.577350269189628));
#2494=DIRECTION('',(0.,-1.,0.));
#2495=DIRECTION('center_axis',(0.,-0.707106781186549,0.707106781186546));
#2496=DIRECTION('ref_axis',(1.,0.,0.));
#2497=DIRECTION('',(-1.,0.,0.));
#2498=DIRECTION('',(-1.,0.,0.));
#2499=DIRECTION('center_axis',(0.,0.,1.));
#2500=DIRECTION('ref_axis',(-1.,-1.22464679914735E-16,0.));
#2501=DIRECTION('',(0.,1.,0.));
#2502=DIRECTION('',(-1.,0.,0.));
#2503=DIRECTION('',(2.13379753844275E-16,-1.,0.));
#2504=DIRECTION('',(-1.,1.07106145265186E-16,0.));
#2505=DIRECTION('center_axis',(0.,0.,1.));
#2506=DIRECTION('ref_axis',(-1.,0.,0.));
#2507=DIRECTION('',(-1.,1.07106145265186E-16,0.));
#2508=DIRECTION('',(4.13827401394959E-16,1.,0.));
#2509=DIRECTION('',(-1.,0.,0.));
#2510=DIRECTION('',(0.,-1.,0.));
#2511=DIRECTION('',(1.,0.,0.));
#2512=DIRECTION('',(0.,-1.,0.));
#2513=DIRECTION('',(1.,0.,0.));
#2514=DIRECTION('center_axis',(0.,0.,1.));
#2515=DIRECTION('ref_axis',(-1.,0.,0.));
#2516=DIRECTION('center_axis',(0.,0.,-1.));
#2517=DIRECTION('ref_axis',(-1.,0.,0.));
#2518=DIRECTION('center_axis',(0.,0.,-1.));
#2519=DIRECTION('ref_axis',(-1.,0.,0.));
#2520=DIRECTION('center_axis',(-0.707106781186548,0.,0.707106781186547));
#2521=DIRECTION('ref_axis',(0.707106781186547,0.,0.707106781186548));
#2522=DIRECTION('',(0.,1.,0.));
#2523=DIRECTION('',(0.577350269189626,0.577350269189625,0.577350269189627));
#2524=DIRECTION('',(0.577350269189629,0.577350269189629,0.57735026918962));
#2525=DIRECTION('center_axis',(0.,-0.707106781186542,0.707106781186553));
#2526=DIRECTION('ref_axis',(1.,0.,0.));
#2527=DIRECTION('',(-0.577350269189615,-0.577350269189635,-0.577350269189627));
#2528=DIRECTION('',(-1.,0.,0.));
#2529=DIRECTION('center_axis',(-0.707106781186555,0.,0.70710678118654));
#2530=DIRECTION('ref_axis',(0.70710678118654,0.,0.707106781186555));
#2531=DIRECTION('',(0.577350269189618,-0.577350269189629,0.57735026918963));
#2532=DIRECTION('',(0.,1.,0.));
#2533=DIRECTION('center_axis',(0.,0.707106781186549,0.707106781186546));
#2534=DIRECTION('ref_axis',(1.,0.,0.));
#2535=DIRECTION('',(0.577350269189632,0.577350269189622,-0.577350269189624));
#2536=DIRECTION('',(1.,-2.67765363162961E-17,2.67765363162962E-17));
#2537=DIRECTION('',(1.,0.,0.));
#2538=DIRECTION('center_axis',(0.,-1.,0.));
#2539=DIRECTION('ref_axis',(1.,0.,0.));
#2540=DIRECTION('',(0.,0.,-1.));
#2541=DIRECTION('',(-1.,0.,0.));
#2542=DIRECTION('',(0.,0.,1.));
#2543=DIRECTION('center_axis',(0.,-1.,0.));
#2544=DIRECTION('ref_axis',(1.,0.,0.));
#2545=DIRECTION('center_axis',(0.707106781186548,0.,0.707106781186548));
#2546=DIRECTION('ref_axis',(0.707106781186548,0.,-0.707106781186548));
#2547=DIRECTION('',(0.,-1.,0.));
#2548=DIRECTION('',(-0.577350269189626,-0.577350269189624,0.577350269189626));
#2549=DIRECTION('center_axis',(0.,-1.,0.));
#2550=DIRECTION('ref_axis',(1.,0.,0.));
#2551=DIRECTION('',(0.,0.,-1.));
#2552=DIRECTION('',(-1.,0.,0.));
#2553=DIRECTION('center_axis',(0.,-1.,0.));
#2554=DIRECTION('ref_axis',(1.,0.,0.));
#2555=DIRECTION('center_axis',(0.,0.,1.));
#2556=DIRECTION('ref_axis',(-1.,0.,0.));
#2557=DIRECTION('',(0.,1.,0.));
#2558=DIRECTION('center_axis',(0.,0.,-1.));
#2559=DIRECTION('ref_axis',(0.70710678118655,0.707106781186545,0.));
#2560=DIRECTION('',(1.,0.,0.));
#2561=DIRECTION('',(0.,1.,0.));
#2562=DIRECTION('',(-1.,0.,0.));
#2563=DIRECTION('center_axis',(0.,0.,-1.));
#2564=DIRECTION('ref_axis',(-1.,0.,0.));
#2565=DIRECTION('center_axis',(0.,-1.,0.));
#2566=DIRECTION('ref_axis',(1.,0.,0.));
#2567=DIRECTION('',(0.,0.,1.));
#2568=DIRECTION('',(0.,0.,-1.));
#2569=DIRECTION('',(1.,0.,0.));
#2570=DIRECTION('',(0.,0.,1.));
#2571=DIRECTION('',(1.,0.,0.));
#2572=DIRECTION('',(0.,0.,-1.));
#2573=DIRECTION('',(0.,0.,-1.));
#2574=DIRECTION('',(-1.,0.,0.));
#2575=DIRECTION('',(0.,0.,1.));
#2576=DIRECTION('',(-1.,0.,0.));
#2577=DIRECTION('center_axis',(0.,0.,1.));
#2578=DIRECTION('ref_axis',(0.70710678118655,0.707106781186545,0.));
#2579=DIRECTION('',(0.,0.,1.));
#2580=DIRECTION('center_axis',(0.,0.,-1.));
#2581=DIRECTION('ref_axis',(0.70710678118655,0.707106781186545,0.));
#2582=DIRECTION('center_axis',(0.,0.,1.));
#2583=DIRECTION('ref_axis',(-1.,0.,0.));
#2584=DIRECTION('',(0.,-1.,0.));
#2585=DIRECTION('center_axis',(0.,0.,-1.));
#2586=DIRECTION('ref_axis',(-0.707106781186549,0.707106781186546,0.));
#2587=DIRECTION('',(0.,1.,0.));
#2588=DIRECTION('',(-1.,0.,0.));
#2589=DIRECTION('center_axis',(0.,0.,-1.));
#2590=DIRECTION('ref_axis',(-1.,0.,0.));
#2591=DIRECTION('center_axis',(1.,0.,0.));
#2592=DIRECTION('ref_axis',(0.,1.,0.));
#2593=DIRECTION('',(0.,0.,1.));
#2594=DIRECTION('',(0.,0.,-1.));
#2595=DIRECTION('',(0.,1.,0.));
#2596=DIRECTION('',(0.,0.,1.));
#2597=DIRECTION('',(0.,-1.,0.));
#2598=DIRECTION('',(0.,0.,-1.));
#2599=DIRECTION('center_axis',(0.,0.,1.));
#2600=DIRECTION('ref_axis',(-0.707106781186549,0.707106781186546,0.));
#2601=DIRECTION('center_axis',(0.,0.,-1.));
#2602=DIRECTION('ref_axis',(-0.707106781186549,0.707106781186546,0.));
#2603=DIRECTION('center_axis',(-0.707106781186544,-8.65956056235489E-17,
0.707106781186551));
#2604=DIRECTION('ref_axis',(0.707106781186551,0.,0.707106781186544));
#2605=DIRECTION('',(0.577350269189629,0.577350269189624,0.577350269189624));
#2606=DIRECTION('',(0.707106781186551,8.65956056235497E-17,0.707106781186544));
#2607=DIRECTION('',(-1.22464679914735E-16,1.,0.));
#2608=DIRECTION('',(-0.707106781186551,1.47802101741728E-13,-0.707106781186544));
#2609=DIRECTION('center_axis',(1.,1.22464679914735E-16,2.01858731750028E-16));
#2610=DIRECTION('ref_axis',(-2.01858731750028E-16,-2.47205649717617E-32,
1.));
#2611=DIRECTION('',(2.01858731750028E-16,2.47205649717617E-32,-1.));
#2612=DIRECTION('',(1.1892321541805E-29,-1.,0.));
#2613=DIRECTION('',(-4.78677733750613E-32,0.,1.));
#2614=DIRECTION('center_axis',(0.707106781186549,8.65956056235495E-17,0.707106781186546));
#2615=DIRECTION('ref_axis',(0.707106781186546,0.,-0.707106781186549));
#2616=DIRECTION('',(0.577350269189624,-0.577350269189627,-0.577350269189626));
#2617=DIRECTION('',(-0.707106781186546,1.47802101741727E-13,0.707106781186549));
#2618=DIRECTION('',(1.22464679914735E-16,-1.,0.));
#2619=DIRECTION('',(0.707106781186546,8.65956056235492E-17,-0.707106781186549));
#2620=DIRECTION('center_axis',(0.,0.707106781186549,0.707106781186546));
#2621=DIRECTION('ref_axis',(1.,0.,0.));
#2622=DIRECTION('',(1.,-2.67765363162963E-17,2.67765363162964E-17));
#2623=DIRECTION('',(0.577350269189629,-0.577350269189623,0.577350269189626));
#2624=DIRECTION('',(1.,0.,0.));
#2625=DIRECTION('center_axis',(0.,-0.707106781186549,0.707106781186546));
#2626=DIRECTION('ref_axis',(1.,0.,0.));
#2627=DIRECTION('center_axis',(0.,0.,-1.));
#2628=DIRECTION('ref_axis',(5.51276753807285E-15,-1.,0.));
#2629=DIRECTION('center_axis',(0.,0.,-1.));
#2630=DIRECTION('ref_axis',(-1.,0.,0.));
#2631=DIRECTION('center_axis',(0.,-1.,0.));
#2632=DIRECTION('ref_axis',(1.,0.,0.));
#2633=DIRECTION('',(-1.,0.,0.));
#2634=DIRECTION('',(0.,0.,-1.));
#2635=DIRECTION('center_axis',(0.,-1.,0.));
#2636=DIRECTION('ref_axis',(1.,0.,0.));
#2637=DIRECTION('center_axis',(0.,-1.,0.));
#2638=DIRECTION('ref_axis',(-1.,0.,0.));
#2639=DIRECTION('',(0.,0.,1.));
#2640=DIRECTION('center_axis',(1.,0.,0.));
#2641=DIRECTION('ref_axis',(0.,-1.,0.));
#2642=DIRECTION('center_axis',(0.,0.,1.));
#2643=DIRECTION('ref_axis',(-6.12323399573677E-17,-1.,0.));
#2644=DIRECTION('center_axis',(0.,0.,1.));
#2645=DIRECTION('ref_axis',(-1.,0.,0.));
#2646=DIRECTION('center_axis',(-1.,0.,0.));
#2647=DIRECTION('ref_axis',(0.,1.,0.));
#2648=DIRECTION('',(0.,0.,1.));
#2649=DIRECTION('center_axis',(0.,-1.,0.));
#2650=DIRECTION('ref_axis',(-1.,0.,0.));
#2651=DIRECTION('',(0.,0.,1.));
#2652=DIRECTION('center_axis',(1.,0.,0.));
#2653=DIRECTION('ref_axis',(0.,0.,-1.));
#2654=DIRECTION('',(0.,0.,1.));
#2655=DIRECTION('',(0.,-1.,0.));
#2656=DIRECTION('',(0.,0.,-1.));
#2657=DIRECTION('',(0.,1.,0.));
#2658=DIRECTION('center_axis',(0.,-1.,0.));
#2659=DIRECTION('ref_axis',(1.,0.,0.));
#2660=DIRECTION('',(-1.,0.,0.));
#2661=DIRECTION('center_axis',(0.,-1.,0.));
#2662=DIRECTION('ref_axis',(1.,0.,0.));
#2663=DIRECTION('center_axis',(-3.78677408118824E-17,-0.707106781186552,
0.707106781186543));
#2664=DIRECTION('ref_axis',(1.,0.,5.35530726325935E-17));
#2665=DIRECTION('',(-1.,5.35530726325928E-17,0.));
#2666=DIRECTION('',(-0.577350269189625,-0.577350269189622,-0.57735026918963));
#2667=DIRECTION('',(0.57735026918962,-0.577350269189625,-0.577350269189633));
#2668=DIRECTION('center_axis',(-0.707106781186552,-1.50882270911204E-16,
0.707106781186543));
#2669=DIRECTION('ref_axis',(0.707106781186543,0.,0.707106781186552));
#2670=DIRECTION('',(-2.13379753844275E-16,1.,0.));
#2671=DIRECTION('',(-0.577350269189626,0.577350269189619,-0.577350269189632));
#2672=DIRECTION('',(2.13379753844275E-16,-1.,0.));
#2673=DIRECTION('center_axis',(7.5735481623765E-17,0.707106781186555,0.70710678118654));
#2674=DIRECTION('ref_axis',(1.,0.,-1.07106145265188E-16));
#2675=DIRECTION('',(1.,-1.07106145265186E-16,0.));
#2676=DIRECTION('',(0.577350269189625,0.577350269189615,-0.577350269189638));
#2677=DIRECTION('',(-1.,1.07106145265186E-16,0.));
#2678=DIRECTION('center_axis',(0.707106781186555,-2.92620161767186E-16,
0.70710678118654));
#2679=DIRECTION('ref_axis',(0.70710678118654,0.,-0.707106781186555));
#2680=DIRECTION('',(4.13827401394959E-16,1.,0.));
#2681=DIRECTION('',(-4.13827401394959E-16,-1.,0.));
#2682=DIRECTION('center_axis',(-1.,4.13827401394959E-16,0.));
#2683=DIRECTION('ref_axis',(-4.13827401394959E-16,-1.,0.));
#2684=DIRECTION('',(-4.13827401394959E-16,-1.,0.));
#2685=DIRECTION('',(0.,0.,1.));
#2686=DIRECTION('center_axis',(0.,0.,1.));
#2687=DIRECTION('ref_axis',(1.,0.,0.));
#2688=DIRECTION('',(1.,0.,0.));
#2689=DIRECTION('center_axis',(0.,0.,-1.));
#2690=DIRECTION('ref_axis',(0.707106781186543,0.707106781186552,0.));
#2691=DIRECTION('',(0.,-1.,0.));
#2692=DIRECTION('center_axis',(0.,0.,-1.));
#2693=DIRECTION('ref_axis',(0.707106781186543,-0.707106781186552,0.));
#2694=DIRECTION('',(-1.,0.,0.));
#2695=DIRECTION('center_axis',(0.,0.,-1.));
#2696=DIRECTION('ref_axis',(-0.70710678118655,-0.707106781186545,0.));
#2697=DIRECTION('',(-6.45648967469883E-17,1.,0.));
#2698=DIRECTION('center_axis',(0.,0.,-1.));
#2699=DIRECTION('ref_axis',(-0.707106781186545,0.70710678118655,0.));
#2700=DIRECTION('center_axis',(0.,0.,-1.));
#2701=DIRECTION('ref_axis',(-1.,0.,0.));
#2702=DIRECTION('center_axis',(0.,0.,-1.));
#2703=DIRECTION('ref_axis',(-1.,0.,0.));
#2704=DIRECTION('center_axis',(0.,0.,-1.));
#2705=DIRECTION('ref_axis',(-1.,0.,0.));
#2706=DIRECTION('center_axis',(0.,0.,-1.));
#2707=DIRECTION('ref_axis',(-1.,0.,0.));
#2708=DIRECTION('center_axis',(0.,0.,-1.));
#2709=DIRECTION('ref_axis',(-1.,0.,0.));
#2710=DIRECTION('center_axis',(0.,0.,-1.));
#2711=DIRECTION('ref_axis',(-1.,0.,0.));
#2712=DIRECTION('center_axis',(-3.78677408118821E-17,-0.707106781186547,
0.707106781186548));
#2713=DIRECTION('ref_axis',(1.,0.,5.35530726325928E-17));
#2714=DIRECTION('',(-0.577350269189637,0.577350269189627,0.577350269189614));
#2715=DIRECTION('',(0.577350269189626,0.577350269189626,0.577350269189625));
#2716=DIRECTION('',(1.,-2.09023736830398E-13,-2.08970183757766E-13));
#2717=DIRECTION('center_axis',(0.707106781186542,-2.9262016176718E-16,0.707106781186553));
#2718=DIRECTION('ref_axis',(0.707106781186553,0.,-0.707106781186542));
#2719=DIRECTION('',(-0.577350269189626,-0.577350269189637,0.577350269189615));
#2720=DIRECTION('center_axis',(7.57354816237655E-17,0.70710678118656,0.707106781186536));
#2721=DIRECTION('ref_axis',(1.,0.,-1.07106145265189E-16));
#2722=DIRECTION('',(0.577350269189631,-0.577350269189619,0.577350269189628));
#2723=DIRECTION('',(1.,-1.07106145265186E-16,0.));
#2724=DIRECTION('center_axis',(-0.707106781186546,-1.50882270911203E-16,
0.707106781186549));
#2725=DIRECTION('ref_axis',(0.707106781186549,0.,0.707106781186546));
#2726=DIRECTION('',(-2.13379753844275E-16,1.,0.));
#2727=DIRECTION('center_axis',(0.,0.,-1.));
#2728=DIRECTION('ref_axis',(6.04901474817726E-16,1.,0.));
#2729=DIRECTION('center_axis',(0.,0.,-1.));
#2730=DIRECTION('ref_axis',(-1.,0.,0.));
#2731=DIRECTION('center_axis',(7.57354816237635E-17,0.707106781186541,0.707106781186554));
#2732=DIRECTION('ref_axis',(1.,0.,-1.07106145265184E-16));
#2733=DIRECTION('',(1.,-1.07106145265186E-16,0.));
#2734=DIRECTION('center_axis',(0.,0.,-1.));
#2735=DIRECTION('ref_axis',(-1.,0.,0.));
#2736=DIRECTION('center_axis',(0.,0.,-1.));
#2737=DIRECTION('ref_axis',(-1.,0.,0.));
#2738=DIRECTION('',(0.,1.,0.));
#2739=DIRECTION('center_axis',(1.,0.,0.));
#2740=DIRECTION('ref_axis',(0.,-1.,0.));
#2741=DIRECTION('center_axis',(0.,0.,-1.));
#2742=DIRECTION('ref_axis',(-1.,0.,0.));
#2743=DIRECTION('center_axis',(0.,0.,1.));
#2744=DIRECTION('ref_axis',(-1.,0.,0.));
#2745=DIRECTION('',(0.,0.,1.));
#2746=DIRECTION('center_axis',(0.,0.,1.));
#2747=DIRECTION('ref_axis',(-1.,-1.22464679914735E-16,0.));
#2748=DIRECTION('center_axis',(0.,0.,-1.));
#2749=DIRECTION('ref_axis',(-1.,0.,0.));
#2750=DIRECTION('center_axis',(0.,0.,1.));
#2751=DIRECTION('ref_axis',(-1.,0.,0.));
#2752=DIRECTION('',(0.,0.,1.));
#2753=DIRECTION('center_axis',(0.,0.,1.));
#2754=DIRECTION('ref_axis',(1.,0.,0.));
#2755=DIRECTION('',(-1.,0.,0.));
#2756=DIRECTION('',(5.30765295381582E-16,1.,0.));
#2757=DIRECTION('center_axis',(0.,0.,1.));
#2758=DIRECTION('ref_axis',(0.707106781186548,0.707106781186548,0.));
#2759=DIRECTION('',(-1.,0.,0.));
#2760=DIRECTION('center_axis',(0.,0.,1.));
#2761=DIRECTION('ref_axis',(-0.707106781186547,0.707106781186548,0.));
#2762=DIRECTION('',(4.97592464420233E-17,-1.,0.));
#2763=DIRECTION('',(-1.,0.,0.));
#2764=DIRECTION('center_axis',(0.,1.,0.));
#2765=DIRECTION('ref_axis',(1.,0.,0.));
#2766=DIRECTION('',(0.,-1.,0.));
#2767=DIRECTION('center_axis',(0.,0.,1.));
#2768=DIRECTION('ref_axis',(-1.,-1.22464679914735E-16,0.));
#2769=DIRECTION('center_axis',(0.,1.,0.));
#2770=DIRECTION('ref_axis',(1.,0.,0.));
#2771=DIRECTION('',(0.,-1.,0.));
#2772=DIRECTION('center_axis',(0.707106781186544,0.,-0.707106781186551));
#2773=DIRECTION('ref_axis',(-0.707106781186551,0.,-0.707106781186544));
#2774=DIRECTION('',(0.577350269189631,-0.577350269189618,0.577350269189629));
#2775=DIRECTION('',(0.,-1.,0.));
#2776=DIRECTION('',(-0.577350269189631,-0.577350269189618,-0.577350269189629));
#2777=DIRECTION('center_axis',(0.,-0.707106781186554,-0.707106781186541));
#2778=DIRECTION('ref_axis',(-1.,0.,0.));
#2779=DIRECTION('',(-0.577350269189622,-0.577350269189622,0.577350269189633));
#2780=DIRECTION('',(-1.,0.,0.));
#2781=DIRECTION('center_axis',(-0.707106781186554,0.,-0.707106781186541));
#2782=DIRECTION('ref_axis',(-0.707106781186541,0.,0.707106781186554));
#2783=DIRECTION('',(0.,1.,0.));
#2784=DIRECTION('',(0.577350269189622,-0.577350269189622,-0.577350269189633));
#2785=DIRECTION('center_axis',(0.,0.707106781186554,-0.707106781186541));
#2786=DIRECTION('ref_axis',(-1.,0.,0.));
#2787=DIRECTION('',(1.,0.,0.));
#2788=DIRECTION('center_axis',(0.,1.,0.));
#2789=DIRECTION('ref_axis',(0.,0.,-1.));
#2790=DIRECTION('',(-1.,0.,0.));
#2791=DIRECTION('',(0.,0.,-1.));
#2792=DIRECTION('',(0.,0.,-1.));
#2793=DIRECTION('center_axis',(1.,0.,0.));
#2794=DIRECTION('ref_axis',(0.,0.,-1.));
#2795=DIRECTION('',(0.,0.,1.));
#2796=DIRECTION('',(0.,-1.,0.));
#2797=DIRECTION('center_axis',(-0.707106781186548,-3.51851005858873E-17,
-0.707106781186547));
#2798=DIRECTION('ref_axis',(-0.707106781186547,0.,0.707106781186548));
#2799=DIRECTION('',(-0.707106781186547,0.,0.707106781186548));
#2800=DIRECTION('',(-4.97592464420233E-17,1.,0.));
#2801=DIRECTION('',(0.707106781186546,0.,-0.707106781186549));
#2802=DIRECTION('center_axis',(0.,0.,1.));
#2803=DIRECTION('ref_axis',(-0.707106781186547,0.707106781186548,0.));
#2804=DIRECTION('center_axis',(0.,0.,-1.));
#2805=DIRECTION('ref_axis',(-0.707106781186547,0.707106781186548,0.));
#2806=DIRECTION('',(0.,-0.707106781186548,-0.707106781186547));
#2807=DIRECTION('center_axis',(0.,0.707106781186555,-0.70710678118654));
#2808=DIRECTION('ref_axis',(-1.,0.,0.));
#2809=DIRECTION('',(0.,-0.70710678118654,-0.707106781186555));
#2810=DIRECTION('',(1.,0.,0.));
#2811=DIRECTION('center_axis',(0.,0.,1.));
#2812=DIRECTION('ref_axis',(0.707106781186548,0.707106781186548,0.));
#2813=DIRECTION('center_axis',(0.,0.,-1.));
#2814=DIRECTION('ref_axis',(0.707106781186548,0.707106781186548,0.));
#2815=DIRECTION('',(-0.707106781186556,0.,-0.707106781186539));
#2816=DIRECTION('center_axis',(0.707106781186555,-3.75307739582802E-16,
-0.70710678118654));
#2817=DIRECTION('ref_axis',(-0.70710678118654,0.,-0.707106781186555));
#2818=DIRECTION('',(-0.70710678118654,0.,-0.707106781186555));
#2819=DIRECTION('',(-5.30765295381582E-16,-1.,0.));
#2820=DIRECTION('center_axis',(0.,0.,-1.));
#2821=DIRECTION('ref_axis',(0.707106781186548,0.707106781186548,0.));
#2822=DIRECTION('',(0.,0.,1.));
#2823=DIRECTION('',(0.,0.,-1.));
#2824=DIRECTION('center_axis',(0.,1.,0.));
#2825=DIRECTION('ref_axis',(-1.,0.,0.));
#2826=DIRECTION('',(0.,0.,-1.));
#2827=DIRECTION('center_axis',(0.,0.,-1.));
#2828=DIRECTION('ref_axis',(-0.707106781186547,0.707106781186548,0.));
#2829=DIRECTION('',(0.,0.,1.));
#2830=DIRECTION('center_axis',(-1.,-4.97592464420233E-17,0.));
#2831=DIRECTION('ref_axis',(4.97592464420233E-17,-1.,0.));
#2832=DIRECTION('',(0.,0.,-1.));
#2833=DIRECTION('center_axis',(1.,-5.30765295381582E-16,0.));
#2834=DIRECTION('ref_axis',(5.30765295381582E-16,1.,0.));
#2835=DIRECTION('',(0.,0.,1.));
#2836=DIRECTION('center_axis',(-1.,0.,0.));
#2837=DIRECTION('ref_axis',(0.,-1.,0.));
#2838=DIRECTION('',(0.,-1.,0.));
#2839=DIRECTION('',(0.,0.,1.));
#2840=DIRECTION('',(0.,-1.,0.));
#2841=DIRECTION('',(0.,0.,1.));
#2842=DIRECTION('center_axis',(0.,1.,0.));
#2843=DIRECTION('ref_axis',(-1.,0.,0.));
#2844=DIRECTION('',(-1.,0.,0.));
#2845=DIRECTION('',(0.,0.,1.));
#2846=DIRECTION('',(-1.,0.,0.));
#2847=DIRECTION('center_axis',(1.,0.,0.));
#2848=DIRECTION('ref_axis',(0.,1.,0.));
#2849=DIRECTION('',(0.,1.,0.));
#2850=DIRECTION('',(0.,0.,1.));
#2851=DIRECTION('',(0.,1.,0.));
#2852=DIRECTION('center_axis',(0.,-1.,0.));
#2853=DIRECTION('ref_axis',(1.,0.,0.));
#2854=DIRECTION('',(1.,0.,0.));
#2855=DIRECTION('',(1.,0.,0.));
#2856=DIRECTION('center_axis',(0.,0.,1.));
#2857=DIRECTION('ref_axis',(1.,0.,0.));
#2858=DIRECTION('',(1.,0.,0.));
#2859=DIRECTION('center_axis',(0.,0.,-1.));
#2860=DIRECTION('ref_axis',(-0.707106781186545,0.70710678118655,0.));
#2861=DIRECTION('',(-6.45648967469883E-17,1.,0.));
#2862=DIRECTION('center_axis',(0.,0.,-1.));
#2863=DIRECTION('ref_axis',(-0.70710678118655,-0.707106781186545,0.));
#2864=DIRECTION('',(-1.,0.,0.));
#2865=DIRECTION('center_axis',(0.,0.,-1.));
#2866=DIRECTION('ref_axis',(0.707106781186543,-0.707106781186552,0.));
#2867=DIRECTION('',(0.,-1.,0.));
#2868=DIRECTION('center_axis',(0.,0.,-1.));
#2869=DIRECTION('ref_axis',(0.707106781186543,0.707106781186552,0.));
#2870=DIRECTION('center_axis',(0.,0.,-1.));
#2871=DIRECTION('ref_axis',(-1.,0.,0.));
#2872=DIRECTION('center_axis',(0.,0.,-1.));
#2873=DIRECTION('ref_axis',(-1.,0.,0.));
#2874=DIRECTION('center_axis',(0.,0.,-1.));
#2875=DIRECTION('ref_axis',(-1.,0.,0.));
#2876=DIRECTION('center_axis',(0.,0.,-1.));
#2877=DIRECTION('ref_axis',(-1.,0.,0.));
#2878=DIRECTION('center_axis',(0.,0.,-1.));
#2879=DIRECTION('ref_axis',(-1.,0.,0.));
#2880=DIRECTION('center_axis',(0.,0.,-1.));
#2881=DIRECTION('ref_axis',(-1.,0.,0.));
#2882=DIRECTION('center_axis',(-0.998052578482889,0.,0.0623782861551807));
#2883=DIRECTION('ref_axis',(0.0623782861551807,0.,0.998052578482889));
#2884=DIRECTION('',(-0.0622572806364692,-0.062257280636469,-0.996116490183505));
#2885=DIRECTION('',(0.0622572806364692,-0.0622572806364692,0.996116490183505));
#2886=DIRECTION('center_axis',(0.,0.998052578482889,0.0623782861551807));
#2887=DIRECTION('ref_axis',(0.,-0.0623782861551807,0.998052578482889));
#2888=DIRECTION('',(-1.,0.,0.));
#2889=DIRECTION('',(-0.0622572806364684,-0.0622572806364692,0.996116490183505));
#2890=DIRECTION('center_axis',(0.998052578482889,0.,0.0623782861551799));
#2891=DIRECTION('ref_axis',(0.0623782861551799,0.,-0.998052578482889));
#2892=DIRECTION('',(0.,-1.,0.));
#2893=DIRECTION('',(0.0622572806364684,-0.062257280636469,-0.996116490183505));
#2894=DIRECTION('center_axis',(0.,-0.998052578482889,0.0623782861551805));
#2895=DIRECTION('ref_axis',(0.,-0.0623782861551805,-0.998052578482889));
#2896=DIRECTION('center_axis',(0.,0.,1.));
#2897=DIRECTION('ref_axis',(-0.707106781186545,0.70710678118655,0.));
#2898=DIRECTION('',(0.,0.,1.));
#2899=DIRECTION('',(0.,0.,-1.));
#2900=DIRECTION('center_axis',(-1.,-6.45648967469883E-17,0.));
#2901=DIRECTION('ref_axis',(6.45648967469883E-17,-1.,0.));
#2902=DIRECTION('',(0.,0.,1.));
#2903=DIRECTION('center_axis',(0.,0.,1.));
#2904=DIRECTION('ref_axis',(-0.70710678118655,-0.707106781186545,0.));
#2905=DIRECTION('',(0.,0.,-1.));
#2906=DIRECTION('center_axis',(0.,-1.,0.));
#2907=DIRECTION('ref_axis',(1.,0.,0.));
#2908=DIRECTION('',(0.,0.,1.));
#2909=DIRECTION('center_axis',(0.,0.,1.));
#2910=DIRECTION('ref_axis',(0.707106781186543,-0.707106781186552,0.));
#2911=DIRECTION('',(0.,0.,-1.));
#2912=DIRECTION('center_axis',(1.,0.,0.));
#2913=DIRECTION('ref_axis',(0.,1.,0.));
#2914=DIRECTION('',(0.,0.,1.));
#2915=DIRECTION('center_axis',(0.,0.,1.));
#2916=DIRECTION('ref_axis',(0.707106781186543,0.707106781186552,0.));
#2917=DIRECTION('',(0.,0.,-1.));
#2918=DIRECTION('center_axis',(0.,1.,0.));
#2919=DIRECTION('ref_axis',(-1.,0.,0.));
#2920=DIRECTION('center_axis',(0.,0.,-1.));
#2921=DIRECTION('ref_axis',(-1.,0.,0.));
#2922=DIRECTION('',(0.,0.,-1.));
#2923=DIRECTION('center_axis',(0.,0.,-1.));
#2924=DIRECTION('ref_axis',(-1.,0.,0.));
#2925=DIRECTION('',(0.,0.,-1.));
#2926=DIRECTION('center_axis',(0.,0.,-1.));
#2927=DIRECTION('ref_axis',(-1.,0.,0.));
#2928=DIRECTION('',(0.,0.,-1.));
#2929=DIRECTION('center_axis',(0.,0.,-1.));
#2930=DIRECTION('ref_axis',(-1.,0.,0.));
#2931=DIRECTION('',(0.,0.,-1.));
#2932=DIRECTION('center_axis',(0.,0.,-1.));
#2933=DIRECTION('ref_axis',(-1.,0.,0.));
#2934=DIRECTION('',(0.,0.,-1.));
#2935=DIRECTION('center_axis',(0.,0.,-1.));
#2936=DIRECTION('ref_axis',(-1.,0.,0.));
#2937=DIRECTION('',(0.,0.,-1.));
#2938=DIRECTION('center_axis',(-2.31310074485829E-16,1.,0.));
#2939=DIRECTION('ref_axis',(-1.,-2.31310074485829E-16,0.));
#2940=DIRECTION('',(-1.,-2.31310074485829E-16,0.));
#2941=DIRECTION('',(0.,0.,1.));
#2942=DIRECTION('',(1.,2.31310074485829E-16,0.));
#2943=DIRECTION('',(0.,0.,1.));
#2944=DIRECTION('center_axis',(0.,-1.,0.));
#2945=DIRECTION('ref_axis',(0.,0.,1.));
#2946=DIRECTION('',(0.,0.,1.));
#2947=DIRECTION('center_axis',(-1.,0.,0.));
#2948=DIRECTION('ref_axis',(0.,0.,1.));
#2949=DIRECTION('center_axis',(0.,0.,1.));
#2950=DIRECTION('ref_axis',(-1.,0.,0.));
#2951=DIRECTION('center_axis',(0.,0.,1.));
#2952=DIRECTION('ref_axis',(-1.,0.,0.));
#2953=DIRECTION('center_axis',(0.,0.,1.));
#2954=DIRECTION('ref_axis',(-1.,0.,0.));
#2955=DIRECTION('',(-1.,1.07106145265186E-16,0.));
#2956=DIRECTION('center_axis',(0.,0.,1.));
#2957=DIRECTION('ref_axis',(-1.,0.,0.));
#2958=DIRECTION('center_axis',(-1.,-1.03710912606878E-16,0.));
#2959=DIRECTION('ref_axis',(1.03710912606878E-16,-1.,0.));
#2960=DIRECTION('',(1.03710912606878E-16,-1.,0.));
#2961=DIRECTION('',(-1.22464679914735E-16,1.,0.));
#2962=DIRECTION('',(0.,0.,1.));
#2963=DIRECTION('center_axis',(0.707106781186547,7.33346895873688E-17,-0.707106781186548));
#2964=DIRECTION('ref_axis',(0.707106781186548,8.65956056235493E-17,0.707106781186547));
#2965=DIRECTION('',(-0.707106781186548,-8.65956056235493E-17,-0.707106781186547));
#2966=DIRECTION('',(1.22464679914735E-16,-1.,0.));
#2967=DIRECTION('',(0.577350269189626,-0.577350269189626,0.577350269189626));
#2968=DIRECTION('center_axis',(1.63560922225695E-16,-0.707106781186548,
-0.707106781186548));
#2969=DIRECTION('ref_axis',(1.,1.22464679914735E-16,1.08845394571094E-16));
#2970=DIRECTION('',(-1.,-1.22464679914735E-16,0.));
#2971=DIRECTION('',(0.577350269189626,0.577350269189626,-0.577350269189626));
#2972=DIRECTION('center_axis',(1.,1.22464679914735E-16,0.));
#2973=DIRECTION('ref_axis',(-1.22464679914735E-16,1.,0.));
#2974=DIRECTION('',(-1.22464679914735E-16,1.,0.));
#2975=DIRECTION('',(0.,0.,-1.));
#2976=DIRECTION('',(1.22464679914735E-16,-1.,0.));
#2977=DIRECTION('center_axis',(-0.707106781186547,-8.65956056235493E-17,
-0.707106781186548));
#2978=DIRECTION('ref_axis',(0.707106781186548,8.65956056235494E-17,-0.707106781186547));
#2979=DIRECTION('',(-0.707106781186548,-8.65956056235494E-17,0.707106781186547));
#2980=DIRECTION('',(-1.22464679914735E-16,1.,0.));
#2981=DIRECTION('center_axis',(0.,0.,1.));
#2982=DIRECTION('ref_axis',(-1.,-1.22464679914735E-16,0.));
#2983=DIRECTION('',(-1.,-1.22464679914735E-16,0.));
#2984=DIRECTION('',(1.1892321541805E-29,-1.,0.));
#2985=DIRECTION('',(1.,-2.09023736830398E-13,-8.62309145339927E-16));
#2986=DIRECTION('',(-1.,-1.22464679914735E-16,0.));
#2987=DIRECTION('center_axis',(0.,0.,-1.));
#2988=DIRECTION('ref_axis',(-1.,0.,0.));
#2989=DIRECTION('',(0.,0.,-1.));
#2990=DIRECTION('center_axis',(0.,0.,1.));
#2991=DIRECTION('ref_axis',(-1.,0.,0.));
#2992=DIRECTION('',(0.,0.,-1.));
#2993=DIRECTION('center_axis',(1.,2.13379753844275E-16,0.));
#2994=DIRECTION('ref_axis',(-2.13379753844275E-16,1.,0.));
#2995=DIRECTION('',(0.,0.,1.));
#2996=DIRECTION('center_axis',(0.,0.,1.));
#2997=DIRECTION('ref_axis',(1.83697019872103E-16,1.,0.));
#2998=DIRECTION('',(0.,0.,-1.));
#2999=DIRECTION('',(0.,0.,1.));
#3000=DIRECTION('center_axis',(-1.07106145265186E-16,-1.,0.));
#3001=DIRECTION('ref_axis',(1.,-1.07106145265186E-16,0.));
#3002=DIRECTION('center_axis',(2.09023736830398E-13,1.,1.0005500864606E-44));
#3003=DIRECTION('ref_axis',(-4.78677733750613E-32,0.,1.));
#3004=DIRECTION('',(-4.78677733750613E-32,0.,1.));
#3005=DIRECTION('center_axis',(1.22464679914735E-16,-1.,0.));
#3006=DIRECTION('ref_axis',(0.,0.,1.));
#3007=DIRECTION('',(3.36431219583381E-16,4.12009416196028E-32,1.));
#3008=DIRECTION('center_axis',(1.,1.22464679914735E-16,-3.36431219583381E-16));
#3009=DIRECTION('ref_axis',(3.36431219583381E-16,4.12009416196028E-32,1.));
#3010=DIRECTION('',(3.36431219583381E-16,4.12009416196028E-32,1.));
#3011=DIRECTION('center_axis',(1.22464679914735E-16,-1.,0.));
#3012=DIRECTION('ref_axis',(0.,0.,1.));
#3013=DIRECTION('',(0.,0.,-1.));
#3014=DIRECTION('center_axis',(-1.,-1.22464679914735E-16,0.));
#3015=DIRECTION('ref_axis',(0.,0.,-1.));
#3016=DIRECTION('',(0.,0.,-1.));
#3017=DIRECTION('center_axis',(1.22464679914735E-16,-1.,0.));
#3018=DIRECTION('ref_axis',(0.,0.,1.));
#3019=DIRECTION('',(0.,0.,1.));
#3020=DIRECTION('center_axis',(1.,1.22464679914735E-16,0.));
#3021=DIRECTION('ref_axis',(0.,0.,1.));
#3022=DIRECTION('center_axis',(0.,1.,0.));
#3023=DIRECTION('ref_axis',(0.,0.,1.));
#3024=DIRECTION('center_axis',(0.,0.,1.));
#3025=DIRECTION('ref_axis',(-1.,0.,0.));
#3026=CARTESIAN_POINT('',(0.,0.,0.));
#3027=CARTESIAN_POINT('Origin',(387.925067489743,47.0749348944428,-0.25));
#3028=CARTESIAN_POINT('',(387.925067489743,47.0749348944428,2.74999999999998));
#3029=CARTESIAN_POINT('',(222.074934894443,47.0749348944428,2.74999999999999));
#3030=CARTESIAN_POINT('',(373.525034340918,47.0749348944428,2.74999999999998));
#3031=CARTESIAN_POINT('',(387.925067489743,47.0749348944428,15.25));
#3032=CARTESIAN_POINT('',(387.925067489743,47.0749348944428,-0.25));
#3033=CARTESIAN_POINT('',(222.074934894443,47.0749348944428,15.25));
#3034=CARTESIAN_POINT('',(346.462534340918,47.0749348944428,15.25));
#3035=CARTESIAN_POINT('',(222.074934894443,47.0749348944428,15.75));
#3036=CARTESIAN_POINT('Origin',(359.125001192093,36.6537032031074,-0.25));
#3037=CARTESIAN_POINT('',(395.125067489743,27.0537032031073,-0.25));
#3038=CARTESIAN_POINT('',(395.125067489743,148.92506629765,-0.25));
#3039=CARTESIAN_POINT('',(395.125067489743,31.8537032031073,-0.25));
#3040=CARTESIAN_POINT('',(214.874934894443,27.0537032031073,-0.25));
#3041=CARTESIAN_POINT('',(346.625001192093,27.0537032031073,-0.25));
#3042=CARTESIAN_POINT('',(214.874934894443,148.92506629765,-0.25));
#3043=CARTESIAN_POINT('',(214.874934894443,98.7893847503787,-0.25));
#3044=CARTESIAN_POINT('',(222.074934894443,156.12506629765,-0.25));
#3045=CARTESIAN_POINT('Origin',(222.074934894443,148.92506629765,-0.25));
#3046=CARTESIAN_POINT('',(387.925067489743,156.12506629765,-0.25));
#3047=CARTESIAN_POINT('',(379.525034340918,156.12506629765,-0.25));
#3048=CARTESIAN_POINT('Origin',(387.925067489743,148.92506629765,-0.25));
#3049=CARTESIAN_POINT('',(385.35,49.65,-0.25));
#3050=CARTESIAN_POINT('',(224.65,49.65,-0.25));
#3051=CARTESIAN_POINT('',(332.062500596046,49.65,-0.25));
#3052=CARTESIAN_POINT('',(385.35,130.35,-0.25));
#3053=CARTESIAN_POINT('',(385.35,63.3268516015537,-0.25));
#3054=CARTESIAN_POINT('',(224.65,130.35,-0.25));
#3055=CARTESIAN_POINT('',(332.062500596046,130.35,-0.25));
#3056=CARTESIAN_POINT('',(224.65,63.3268516015537,-0.25));
#3057=CARTESIAN_POINT('',(310.500001192093,143.92506629765,-0.25));
#3058=CARTESIAN_POINT('Origin',(305.000001192093,143.92506629765,-0.25));
#3059=CARTESIAN_POINT('Origin',(359.125001192093,36.6537032031074,1.75));
#3060=CARTESIAN_POINT('',(318.875001192093,46.0749348944428,1.75));
#3061=CARTESIAN_POINT('',(380.425067489743,46.0749348944428,1.75));
#3062=CARTESIAN_POINT('',(373.525034340918,46.0749348944428,1.75));
#3063=CARTESIAN_POINT('',(318.875001192093,29.0537032031073,1.75));
#3064=CARTESIAN_POINT('',(318.875001192093,41.8537032031073,1.75));
#3065=CARTESIAN_POINT('',(315.875001192093,29.0537032031074,1.75));
#3066=CARTESIAN_POINT('',(332.649968043268,29.0537032031073,1.75));
#3067=CARTESIAN_POINT('',(315.875001192093,45.8537032031073,1.75));
#3068=CARTESIAN_POINT('',(315.875001192093,42.1537032031074,1.75));
#3069=CARTESIAN_POINT('',(293.475001192093,45.8537032031073,1.75));
#3070=CARTESIAN_POINT('',(300.200001192093,45.8537032031073,1.75));
#3071=CARTESIAN_POINT('',(293.475001192093,29.0537032031073,1.75));
#3072=CARTESIAN_POINT('',(293.475001192093,42.1537032031074,1.75));
#3073=CARTESIAN_POINT('',(291.125001192093,29.0537032031073,1.75));
#3074=CARTESIAN_POINT('',(332.649968043268,29.0537032031073,1.75));
#3075=CARTESIAN_POINT('',(291.125001192093,46.0749348944428,1.75));
#3076=CARTESIAN_POINT('',(291.125001192093,36.9537032031074,1.75));
#3077=CARTESIAN_POINT('',(229.574934894443,46.0749348944428,1.75));
#3078=CARTESIAN_POINT('',(373.525034340918,46.0749348944428,1.75));
#3079=CARTESIAN_POINT('',(229.574934894443,29.0537032031073,1.75));
#3080=CARTESIAN_POINT('',(229.574934894443,95.7893847503787,1.75));
#3081=CARTESIAN_POINT('',(216.074934894443,29.0537032031073,1.75));
#3082=CARTESIAN_POINT('',(230.574934894443,29.0537032031073,1.75));
#3083=CARTESIAN_POINT('',(216.074934894443,27.0537032031073,1.75));
#3084=CARTESIAN_POINT('',(216.074934894443,27.0537032031073,1.75));
#3085=CARTESIAN_POINT('',(393.925067489743,27.0537032031073,1.75));
#3086=CARTESIAN_POINT('',(346.625001192093,27.0537032031073,1.75));
#3087=CARTESIAN_POINT('',(393.925067489743,29.0537032031073,1.75));
#3088=CARTESIAN_POINT('',(393.925067489743,27.0537032031073,1.75));
#3089=CARTESIAN_POINT('',(380.425067489743,29.0537032031073,1.75));
#3090=CARTESIAN_POINT('',(393.925067489743,29.0537032031073,1.75));
#3091=CARTESIAN_POINT('',(380.425067489743,88.5393847503787,1.75));
#3092=CARTESIAN_POINT('Origin',(380.925067489743,88.5393847503787,2.25));
#3093=CARTESIAN_POINT('',(381.424951644075,47.0748190487751,2.74988415433228));
#3094=CARTESIAN_POINT('',(386.685803607595,52.3356710122946,8.01073611785183));
#3095=CARTESIAN_POINT('',(381.425067489743,29.0537032031073,2.75));
#3096=CARTESIAN_POINT('',(343.212534340918,29.0537032031074,-35.462533148825));
#3097=CARTESIAN_POINT('',(381.425067489743,47.0747032031073,2.75));
#3098=CARTESIAN_POINT('',(381.425067489743,88.5393847503787,2.75));
#3099=CARTESIAN_POINT('',(359.147603990785,69.352166702065,-19.5274634989578));
#3100=CARTESIAN_POINT('Origin',(381.425067489743,140.42506629765,14.25));
#3101=CARTESIAN_POINT('',(381.425067489743,29.0537032031073,13.25));
#3102=CARTESIAN_POINT('',(381.425067489743,29.0537032031073,11.625));
#3103=CARTESIAN_POINT('',(381.425067489743,47.0747032031073,13.25));
#3104=CARTESIAN_POINT('',(381.425067489743,89.2446347503787,13.25));
#3105=CARTESIAN_POINT('',(381.425067489743,47.0747032031073,11.625));
#3106=CARTESIAN_POINT('Origin',(229.074934894443,95.7893847503787,2.25));
#3107=CARTESIAN_POINT('',(228.575050740111,47.0748190487751,2.74988415433228));
#3108=CARTESIAN_POINT('',(244.947543159532,30.7023266293531,-13.6226082650897));
#3109=CARTESIAN_POINT('',(228.574934894443,47.0747032031073,2.75));
#3110=CARTESIAN_POINT('',(247.469054010459,65.9688223191234,-16.1441191160161));
#3111=CARTESIAN_POINT('',(228.574934894443,29.0537032031073,2.75));
#3112=CARTESIAN_POINT('',(228.574934894443,95.7893847503787,2.75));
#3113=CARTESIAN_POINT('',(225.949934894443,29.0537032031073,5.37500000000002));
#3114=CARTESIAN_POINT('Origin',(376.525034340918,141.92506629765,2.25));
#3115=CARTESIAN_POINT('',(228.574934894443,142.42506629765,2.75));
#3116=CARTESIAN_POINT('',(216.074934894443,142.42506629765,2.75));
#3117=CARTESIAN_POINT('',(376.525034340918,142.42506629765,2.75));
#3118=CARTESIAN_POINT('',(217.074934894443,141.42506629765,1.75));
#3119=CARTESIAN_POINT('',(261.578511984612,96.92148920748,-42.7535770901695));
#3120=CARTESIAN_POINT('',(229.574934894443,141.42506629765,1.75));
#3121=CARTESIAN_POINT('',(376.525034340918,141.42506629765,1.75));
#3122=CARTESIAN_POINT('',(229.574934894443,141.42506629765,1.75));
#3123=CARTESIAN_POINT('Origin',(229.074934894443,95.7893847503787,2.25));
#3124=CARTESIAN_POINT('',(229.574934894443,153.92506629765,1.75000000000001));
#3125=CARTESIAN_POINT('',(229.574934894443,95.7893847503787,1.75));
#3126=CARTESIAN_POINT('',(228.574934894443,154.92506629765,2.75));
#3127=CARTESIAN_POINT('',(248.268387343792,135.231613848301,-16.9434524493494));
#3128=CARTESIAN_POINT('',(228.574934894443,95.7893847503787,2.75));
#3129=CARTESIAN_POINT('Origin',(285.599968043268,154.42506629765,2.25));
#3130=CARTESIAN_POINT('',(315.535899614208,153.92506629765,1.75));
#3131=CARTESIAN_POINT('',(322.36248461768,153.92506629765,1.75000000000001));
#3132=CARTESIAN_POINT('',(316.550511486563,154.92506629765,2.75));
#3133=CARTESIAN_POINT('Ctrl Pts',(316.550511486563,154.92506629765,2.75000000000001));
#3134=CARTESIAN_POINT('Ctrl Pts',(316.175349908288,154.618748151694,2.44368185404347));
#3135=CARTESIAN_POINT('Ctrl Pts',(315.834870331161,154.270287945475,2.09522164782504));
#3136=CARTESIAN_POINT('Ctrl Pts',(315.535899614208,153.92506629765,1.75));
#3137=CARTESIAN_POINT('',(285.599968043268,154.92506629765,2.75));
#3138=CARTESIAN_POINT('Origin',(359.125001192093,36.6537032031074,1.75));
#3139=CARTESIAN_POINT('',(217.074934894443,48.0747032031073,1.75));
#3140=CARTESIAN_POINT('',(217.074934894443,31.8537032031074,1.75));
#3141=CARTESIAN_POINT('',(221.074934894443,48.0747032031073,1.75));
#3142=CARTESIAN_POINT('',(291.224968043268,48.0747032031073,1.75));
#3143=CARTESIAN_POINT('',(221.074934894443,133.92506629765,1.75));
#3144=CARTESIAN_POINT('',(221.074934894443,41.8643190487751,1.75));
#3145=CARTESIAN_POINT('',(315.535899619585,133.92506629765,1.75));
#3146=CARTESIAN_POINT('',(290.599968043268,133.92506629765,1.75));
#3147=CARTESIAN_POINT('',(322.464102839106,133.92506629765,1.75));
#3148=CARTESIAN_POINT('Origin',(319.000001229346,133.425066260397,1.75));
#3149=CARTESIAN_POINT('',(388.925067489743,133.92506629765,1.75));
#3150=CARTESIAN_POINT('',(290.599968043268,133.92506629765,1.75));
#3151=CARTESIAN_POINT('',(388.925067489743,48.0747032031073,1.75));
#3152=CARTESIAN_POINT('',(388.925067489743,84.7893847503787,1.75));
#3153=CARTESIAN_POINT('',(392.925067489743,48.0747032031073,1.75));
#3154=CARTESIAN_POINT('',(372.900034340918,48.0747032031073,1.75));
#3155=CARTESIAN_POINT('',(392.925067489743,141.42506629765,1.75));
#3156=CARTESIAN_POINT('',(392.925067489743,31.8537032031074,1.75));
#3157=CARTESIAN_POINT('',(380.425067489743,141.42506629765,1.75));
#3158=CARTESIAN_POINT('',(376.525034340918,141.42506629765,1.75));
#3159=CARTESIAN_POINT('',(380.425067489743,153.92506629765,1.75));
#3160=CARTESIAN_POINT('',(380.425067489743,88.5393847503787,1.75));
#3161=CARTESIAN_POINT('',(322.464102844483,153.92506629765,1.75));
#3162=CARTESIAN_POINT('',(285.599968043268,153.92506629765,1.75));
#3163=CARTESIAN_POINT('Origin',(319.000001229346,154.42506629765,1.75));
#3164=CARTESIAN_POINT('',(317.500001192093,143.92506629765,1.75));
#3165=CARTESIAN_POINT('Origin',(315.125001192093,143.92506629765,1.75));
#3166=CARTESIAN_POINT('',(310.500001192093,143.92506629765,1.75));
#3167=CARTESIAN_POINT('Origin',(305.000001192093,143.92506629765,1.75));
#3168=CARTESIAN_POINT('Origin',(380.925067489743,88.5393847503787,2.25));
#3169=CARTESIAN_POINT('',(381.425067489743,142.42506629765,2.75));
#3170=CARTESIAN_POINT('',(381.425067489743,154.92506629765,2.75));
#3171=CARTESIAN_POINT('',(381.425067489743,88.5393847503787,2.75));
#3172=CARTESIAN_POINT('',(354.056603990785,127.556602798692,-24.6184634989578));
#3173=CARTESIAN_POINT('',(380.425067489743,141.42506629765,1.75));
#3174=CARTESIAN_POINT('Origin',(376.525034340918,141.92506629765,2.25));
#3175=CARTESIAN_POINT('',(393.925067489743,142.42506629765,2.75));
#3176=CARTESIAN_POINT('',(372.263168115848,120.763166923755,-18.9118993738949));
#3177=CARTESIAN_POINT('',(376.525034340918,142.42506629765,2.75));
#3178=CARTESIAN_POINT('Origin',(393.425067489743,31.8537032031074,2.25));
#3179=CARTESIAN_POINT('',(393.925067489743,47.0747032031073,2.75));
#3180=CARTESIAN_POINT('',(392.925067489743,48.0747032031073,1.75));
#3181=CARTESIAN_POINT('',(393.925067489743,31.8537032031074,2.75));
#3182=CARTESIAN_POINT('Origin',(291.224968043268,47.5747032031073,2.25));
#3183=CARTESIAN_POINT('',(387.925183335411,47.0748190487751,2.74988415433228));
#3184=CARTESIAN_POINT('',(392.040008889484,51.1896446028483,-1.36494139974098));
#3185=CARTESIAN_POINT('',(373.212534340918,47.0748190487751,2.74988415433227));
#3186=CARTESIAN_POINT('',(372.900034340918,47.0747032031073,2.75));
#3187=CARTESIAN_POINT('Origin',(223.324934894443,29.0537032031073,9.));
#3188=CARTESIAN_POINT('',(228.574934894443,29.0537032031073,13.25));
#3189=CARTESIAN_POINT('',(228.574934894443,29.0537032031073,11.625));
#3190=CARTESIAN_POINT('',(216.074934894443,29.0537032031073,13.25));
#3191=CARTESIAN_POINT('',(223.324934894443,29.0537032031073,13.25));
#3192=CARTESIAN_POINT('',(216.074934894443,29.0537032031073,1.75));
#3193=CARTESIAN_POINT('',(221.224934894443,29.0537032031073,8.8));
#3194=CARTESIAN_POINT('Origin',(223.324934894443,29.0537032031073,8.8));
#3195=CARTESIAN_POINT('Origin',(216.574934894443,31.8537032031074,2.25));
#3196=CARTESIAN_POINT('',(216.074934894443,47.0747032031073,2.75));
#3197=CARTESIAN_POINT('',(216.074934894443,31.8537032031074,2.75));
#3198=CARTESIAN_POINT('',(217.074934894443,48.0747032031073,1.75));
#3199=CARTESIAN_POINT('Origin',(223.324934894443,29.0537032031073,9.));
#3200=CARTESIAN_POINT('',(393.925067489743,29.0537032031073,13.25));
#3201=CARTESIAN_POINT('',(393.925067489743,29.0537032031073,16.25));
#3202=CARTESIAN_POINT('',(305.000001192093,29.0537032031073,13.25));
#3203=CARTESIAN_POINT('',(384.575067489743,29.0537032031073,8.8));
#3204=CARTESIAN_POINT('Origin',(386.675067489743,29.0537032031073,8.8));
#3205=CARTESIAN_POINT('Origin',(386.675067489743,147.67506629765,15.85));
#3206=CARTESIAN_POINT('',(393.925067489743,148.92506629765,15.85));
#3207=CARTESIAN_POINT('',(393.925067489743,142.42506629765,15.85));
#3208=CARTESIAN_POINT('',(393.925067489743,87.3643847503787,15.85));
#3209=CARTESIAN_POINT('',(387.925067489743,154.92506629765,15.85));
#3210=CARTESIAN_POINT('Origin',(387.925067489743,148.92506629765,15.85));
#3211=CARTESIAN_POINT('',(381.425067489743,154.92506629765,15.85));
#3212=CARTESIAN_POINT('',(299.375001192093,154.92506629765,15.85));
#3213=CARTESIAN_POINT('',(381.425067489743,142.42506629765,15.85));
#3214=CARTESIAN_POINT('',(381.425067489743,144.05006629765,15.85));
#3215=CARTESIAN_POINT('',(390.300067489743,142.42506629765,15.85));
#3216=CARTESIAN_POINT('',(388.775067489743,147.67506629765,15.85));
#3217=CARTESIAN_POINT('Origin',(386.675067489743,147.67506629765,15.85));
#3218=CARTESIAN_POINT('Origin',(212.074934894443,154.92506629765,-0.25));
#3219=CARTESIAN_POINT('',(381.425067489743,154.92506629765,7.));
#3220=CARTESIAN_POINT('',(387.925067489743,154.92506629765,16.05));
#3221=CARTESIAN_POINT('',(387.925067489743,154.92506629765,-0.25));
#3222=CARTESIAN_POINT('',(222.074934894443,154.92506629765,16.05));
#3223=CARTESIAN_POINT('',(258.537468043268,154.92506629765,16.05));
#3224=CARTESIAN_POINT('',(222.074934894443,154.92506629765,15.85));
#3225=CARTESIAN_POINT('',(222.074934894443,154.92506629765,-0.25));
#3226=CARTESIAN_POINT('',(228.574934894443,154.92506629765,15.85));
#3227=CARTESIAN_POINT('',(217.699934894443,154.92506629765,15.85));
#3228=CARTESIAN_POINT('',(228.574934894443,154.92506629765,7.));
#3229=CARTESIAN_POINT('',(316.550511486563,154.92506629765,6.25));
#3230=CARTESIAN_POINT('',(316.550511486563,154.92506629765,1.75));
#3231=CARTESIAN_POINT('',(321.449490972129,154.92506629765,6.25));
#3232=CARTESIAN_POINT('',(265.537468061894,154.92506629765,6.25));
#3233=CARTESIAN_POINT('',(321.449490972129,154.92506629765,2.75));
#3234=CARTESIAN_POINT('',(321.449490972129,154.92506629765,1.75));
#3235=CARTESIAN_POINT('',(285.599968043268,154.92506629765,2.75));
#3236=CARTESIAN_POINT('Origin',(387.925067489743,148.92506629765,-0.25));
#3237=CARTESIAN_POINT('',(393.925067489743,148.92506629765,16.05));
#3238=CARTESIAN_POINT('',(393.925067489743,148.92506629765,-0.25));
#3239=CARTESIAN_POINT('Origin',(387.925067489743,148.92506629765,16.05));
#3240=CARTESIAN_POINT('Origin',(223.324934894443,147.67506629765,15.85));
#3241=CARTESIAN_POINT('',(228.574934894443,142.42506629765,15.85));
#3242=CARTESIAN_POINT('',(228.574934894443,151.30006629765,15.85));
#3243=CARTESIAN_POINT('',(216.074934894443,148.92506629765,15.85));
#3244=CARTESIAN_POINT('Origin',(222.074934894443,148.92506629765,15.85));
#3245=CARTESIAN_POINT('',(216.074934894443,142.42506629765,15.85));
#3246=CARTESIAN_POINT('',(216.074934894443,87.3643847503787,15.85));
#3247=CARTESIAN_POINT('',(308.625001192093,142.42506629765,15.85));
#3248=CARTESIAN_POINT('',(225.424934894443,147.67506629765,15.85));
#3249=CARTESIAN_POINT('Origin',(223.324934894443,147.67506629765,15.85));
#3250=CARTESIAN_POINT('Origin',(216.074934894443,27.0537032031074,-0.25));
#3251=CARTESIAN_POINT('',(216.074934894443,142.42506629765,7.));
#3252=CARTESIAN_POINT('',(216.074934894443,148.92506629765,16.05));
#3253=CARTESIAN_POINT('',(216.074934894443,148.92506629765,-0.25));
#3254=CARTESIAN_POINT('',(216.074934894443,27.0537032031073,16.05));
#3255=CARTESIAN_POINT('',(216.074934894443,60.521543976743,16.05));
#3256=CARTESIAN_POINT('',(216.074934894443,27.0537032031073,0.750000000000001));
#3257=CARTESIAN_POINT('',(216.074934894443,47.0747032031073,13.25));
#3258=CARTESIAN_POINT('',(216.074934894443,32.5589532031074,13.25));
#3259=CARTESIAN_POINT('',(216.074934894443,47.0747032031073,4.375));
#3260=CARTESIAN_POINT('Origin',(222.074934894443,148.92506629765,-0.25));
#3261=CARTESIAN_POINT('Origin',(222.074934894443,148.92506629765,16.05));
#3262=CARTESIAN_POINT('Origin',(291.625001192093,36.9537032031074,2.25));
#3263=CARTESIAN_POINT('',(292.1244987614,47.0744324637496,2.74949756930683));
#3264=CARTESIAN_POINT('',(310.575634768341,65.5255684706911,21.2006335762483));
#3265=CARTESIAN_POINT('',(292.125001192093,29.0537032031073,2.75));
#3266=CARTESIAN_POINT('',(295.406251192093,29.0537032031073,6.03125));
#3267=CARTESIAN_POINT('',(292.125001192093,47.0744324637496,2.75));
#3268=CARTESIAN_POINT('',(292.125001192093,36.9537032031074,2.75));
#3269=CARTESIAN_POINT('',(291.625001192093,47.0744324637497,2.25000000000053));
#3270=CARTESIAN_POINT('Origin',(292.125001192093,37.2537032031074,3.8));
#3271=CARTESIAN_POINT('',(292.125001192093,29.0537032031073,6.9));
#3272=CARTESIAN_POINT('',(292.125001192093,29.0537032031073,4.0625));
#3273=CARTESIAN_POINT('',(292.125001192093,47.0744324637496,6.9));
#3274=CARTESIAN_POINT('',(292.125001192093,47.0744324637496,6.9));
#3275=CARTESIAN_POINT('',(292.125001192093,47.0744324637496,1.74999999999999));
#3276=CARTESIAN_POINT('Origin',(318.375001192093,41.8537032031073,2.25));
#3277=CARTESIAN_POINT('',(317.875503622791,47.0744324637442,2.74949756930144));
#3278=CARTESIAN_POINT('',(335.257711998786,29.6922240877494,-14.6327108066934));
#3279=CARTESIAN_POINT('',(317.875001192093,47.0744324637442,2.75));
#3280=CARTESIAN_POINT('',(311.937501192093,47.0744324637455,8.68749999999973));
#3281=CARTESIAN_POINT('',(317.875001192093,29.0537032031074,2.75));
#3282=CARTESIAN_POINT('',(317.875001192093,41.8537032031073,2.75));
#3283=CARTESIAN_POINT('',(314.431251192093,29.0537032031073,6.19375000000001));
#3284=CARTESIAN_POINT('Origin',(291.224968043268,47.5747032031073,2.25));
#3285=CARTESIAN_POINT('',(222.074819048775,47.0748190487751,2.74988415433228));
#3286=CARTESIAN_POINT('',(332.375001192093,47.0748190487751,2.74988415433228));
#3287=CARTESIAN_POINT('',(234.135004444969,35.0146336525811,14.8100695505263));
#3288=CARTESIAN_POINT('',(291.224968043268,47.0747032031073,2.75));
#3289=CARTESIAN_POINT('Origin',(285.599968043268,154.42506629765,2.25));
#3290=CARTESIAN_POINT('Ctrl Pts',(321.449490972129,154.92506629765,2.75000000000003));
#3291=CARTESIAN_POINT('Ctrl Pts',(321.824652550403,154.618748151694,2.44368185404349));
#3292=CARTESIAN_POINT('Ctrl Pts',(322.165132127531,154.270287945475,2.09522164782505));
#3293=CARTESIAN_POINT('Ctrl Pts',(322.464102844483,153.92506629765,1.75));
#3294=CARTESIAN_POINT('Origin',(319.000001229346,154.42506629765,2.25));
#3295=CARTESIAN_POINT('Origin',(319.000001229346,154.42506629765,2.75));
#3296=CARTESIAN_POINT('Origin',(223.324934894443,47.0747032031073,9.));
#3297=CARTESIAN_POINT('',(228.574934894443,47.0747032031073,13.25));
#3298=CARTESIAN_POINT('',(223.324934894443,47.0747032031073,13.25));
#3299=CARTESIAN_POINT('',(228.574934894443,47.0747032031073,11.625));
#3300=CARTESIAN_POINT('',(221.224934894443,47.0747032031073,8.8));
#3301=CARTESIAN_POINT('Origin',(223.324934894443,47.0747032031073,8.8));
#3302=CARTESIAN_POINT('Origin',(393.925067489743,142.42506629765,14.25));
#3303=CARTESIAN_POINT('',(228.574934894443,142.42506629765,14.25));
#3304=CARTESIAN_POINT('Origin',(228.574934894443,154.92506629765,14.25));
#3305=CARTESIAN_POINT('Origin',(319.000001229346,154.42506629765,1.75));
#3306=CARTESIAN_POINT('Origin',(319.000001229346,154.42506629765,6.25));
#3307=CARTESIAN_POINT('Origin',(381.425067489743,140.42506629765,14.25));
#3308=CARTESIAN_POINT('',(381.425067489743,142.42506629765,14.25));
#3309=CARTESIAN_POINT('Origin',(393.925067489743,142.42506629765,14.25));
#3310=CARTESIAN_POINT('',(393.925067489743,142.42506629765,15.25));
#3311=CARTESIAN_POINT('Origin',(393.925067489743,27.0537032031073,16.25));
#3312=CARTESIAN_POINT('',(393.925067489743,47.0747032031073,13.25));
#3313=CARTESIAN_POINT('',(393.925067489743,47.0747032031073,4.375));
#3314=CARTESIAN_POINT('',(393.925067489743,32.5589532031074,13.25));
#3315=CARTESIAN_POINT('',(393.925067489743,27.0537032031073,16.05));
#3316=CARTESIAN_POINT('',(393.925067489743,27.0537032031073,8.));
#3317=CARTESIAN_POINT('',(393.925067489743,60.521543976743,16.05));
#3318=CARTESIAN_POINT('Origin',(386.675067489743,47.0747032031073,9.));
#3319=CARTESIAN_POINT('',(386.675067489743,47.0747032031073,13.25));
#3320=CARTESIAN_POINT('',(384.575067489743,47.0747032031073,8.8));
#3321=CARTESIAN_POINT('Origin',(386.675067489743,47.0747032031073,8.8));
#3322=CARTESIAN_POINT('Origin',(346.462534340918,47.5749348944428,15.75));
#3323=CARTESIAN_POINT('',(386.925067489743,48.0749348944428,16.25));
#3324=CARTESIAN_POINT('',(223.074934894443,48.0749348944428,16.25));
#3325=CARTESIAN_POINT('',(346.462534340918,48.0749348944428,16.25));
#3326=CARTESIAN_POINT('',(223.074934894443,48.0749348944428,16.25));
#3327=CARTESIAN_POINT('',(386.925067489743,48.0749348944428,16.25));
#3328=CARTESIAN_POINT('Origin',(222.574934894443,68.5374677452446,15.75));
#3329=CARTESIAN_POINT('',(223.074934894443,131.92506629765,16.25));
#3330=CARTESIAN_POINT('',(223.074934894443,68.5374677452446,16.25));
#3331=CARTESIAN_POINT('',(222.074934894443,132.92506629765,15.25));
#3332=CARTESIAN_POINT('',(223.074934894443,131.92506629765,16.25));
#3333=CARTESIAN_POINT('',(222.074934894443,68.5374677452446,15.25));
#3334=CARTESIAN_POINT('Origin',(263.537468043268,132.42506629765,15.75));
#3335=CARTESIAN_POINT('',(386.925067489743,131.92506629765,16.25));
#3336=CARTESIAN_POINT('',(263.537468043268,131.92506629765,16.25));
#3337=CARTESIAN_POINT('',(387.925067489743,132.92506629765,15.25));
#3338=CARTESIAN_POINT('',(386.925067489743,131.92506629765,16.25));
#3339=CARTESIAN_POINT('',(263.537468043268,132.92506629765,15.25));
#3340=CARTESIAN_POINT('Origin',(387.425067489743,111.462533446848,15.75));
#3341=CARTESIAN_POINT('',(387.925067489743,111.462533446848,15.25));
#3342=CARTESIAN_POINT('',(386.925067489743,111.462533446848,16.25));
#3343=CARTESIAN_POINT('Origin',(387.925067489743,132.92506629765,-0.25));
#3344=CARTESIAN_POINT('',(387.925067489743,132.92506629765,2.75));
#3345=CARTESIAN_POINT('',(387.925067489743,84.7893847503787,2.75));
#3346=CARTESIAN_POINT('',(387.925067489743,132.92506629765,15.75));
#3347=CARTESIAN_POINT('Origin',(305.000001192093,90.0000005960464,16.25));
#3348=CARTESIAN_POINT('',(237.451082316795,115.749917683205,16.25));
#3349=CARTESIAN_POINT('',(372.499917683205,115.749917683205,16.25));
#3350=CARTESIAN_POINT('',(342.195459437649,115.749917683205,16.25));
#3351=CARTESIAN_POINT('',(373.999917683205,114.249917683205,16.25));
#3352=CARTESIAN_POINT('Origin',(372.499917683205,114.249917683205,16.25));
#3353=CARTESIAN_POINT('',(373.999917683205,65.7500823167948,16.25));
#3354=CARTESIAN_POINT('',(373.999917683205,72.8045414564207,16.25));
#3355=CARTESIAN_POINT('',(372.499917683205,64.2500823167949,16.25));
#3356=CARTESIAN_POINT('Origin',(372.499917683205,65.7500823167948,16.25));
#3357=CARTESIAN_POINT('',(237.451082316795,64.2500823167949,16.25));
#3358=CARTESIAN_POINT('',(267.804541754444,64.2500823167949,16.25));
#3359=CARTESIAN_POINT('',(235.951082316795,65.7500823167948,16.25));
#3360=CARTESIAN_POINT('Origin',(237.451082316795,65.7500823167948,16.25));
#3361=CARTESIAN_POINT('',(235.951082316795,114.249917683205,16.25));
#3362=CARTESIAN_POINT('',(235.951082316795,107.195459139626,16.25));
#3363=CARTESIAN_POINT('Origin',(237.451082316795,114.249917683205,16.25));
#3364=CARTESIAN_POINT('',(234.100000337232,75.0000011874363,16.25));
#3365=CARTESIAN_POINT('Origin',(232.100000337232,75.0000011874363,16.25));
#3366=CARTESIAN_POINT('',(379.90000726236,105.00000261236,16.25));
#3367=CARTESIAN_POINT('Origin',(377.90000726236,105.00000261236,16.25));
#3368=CARTESIAN_POINT('',(244.584767236824,122.677998666034,16.25));
#3369=CARTESIAN_POINT('Origin',(242.709767236824,122.677998666034,16.25));
#3370=CARTESIAN_POINT('',(369.184767236824,122.677998666034,16.25));
#3371=CARTESIAN_POINT('Origin',(367.309767236824,122.677998666034,16.25));
#3372=CARTESIAN_POINT('',(244.584767236824,57.677998666034,16.25));
#3373=CARTESIAN_POINT('Origin',(242.709767236824,57.677998666034,16.25));
#3374=CARTESIAN_POINT('',(369.184767236824,57.677998666034,16.25));
#3375=CARTESIAN_POINT('Origin',(367.309767236824,57.677998666034,16.25));
#3376=CARTESIAN_POINT('Origin',(373.525034340918,46.5749348944428,2.25));
#3377=CARTESIAN_POINT('',(388.925067489743,46.0749348944428,1.75));
#3378=CARTESIAN_POINT('',(221.074934894443,46.0749348944428,1.75));
#3379=CARTESIAN_POINT('',(312.112517766506,47.0744324637368,2.74949756929399));
#3380=CARTESIAN_POINT('Origin',(388.425067489743,84.7893847503787,2.25));
#3381=CARTESIAN_POINT('',(388.925067489743,133.92506629765,1.75));
#3382=CARTESIAN_POINT('Origin',(290.599968043268,133.42506629765,2.25000000000001));
#3383=CARTESIAN_POINT('',(222.074934894443,132.92506629765,2.75000000000001));
#3384=CARTESIAN_POINT('',(221.074934894443,133.92506629765,1.75));
#3385=CARTESIAN_POINT('',(316.550511478958,132.92506629765,2.75));
#3386=CARTESIAN_POINT('',(290.599968043268,132.92506629765,2.75000000000001));
#3387=CARTESIAN_POINT('Ctrl Pts',(316.550511478958,132.92506629765,2.75));
#3388=CARTESIAN_POINT('Ctrl Pts',(316.175349905636,133.231384444318,2.44368185333201));
#3389=CARTESIAN_POINT('Ctrl Pts',(315.834870332885,133.579844650292,2.09522164735763));
#3390=CARTESIAN_POINT('Ctrl Pts',(315.535899619585,133.92506629765,1.74999999999999));
#3391=CARTESIAN_POINT('Origin',(221.574934894443,41.8643190487751,2.25));
#3392=CARTESIAN_POINT('',(222.074934894443,41.8643190487751,2.75));
#3393=CARTESIAN_POINT('Origin',(319.000001229346,133.425066260397,2.25));
#3394=CARTESIAN_POINT('',(321.449490979733,132.92506629765,2.75));
#3395=CARTESIAN_POINT('Origin',(319.000001229346,133.425066260397,2.75));
#3396=CARTESIAN_POINT('Ctrl Pts',(321.449490979733,132.92506629765,2.75));
#3397=CARTESIAN_POINT('Ctrl Pts',(321.824652553056,133.231384444318,2.44368185333205));
#3398=CARTESIAN_POINT('Ctrl Pts',(322.165132125807,133.579844650292,2.09522164735775));
#3399=CARTESIAN_POINT('Ctrl Pts',(322.464102839106,133.92506629765,1.74999999999999));
#3400=CARTESIAN_POINT('Origin',(290.599968043268,133.42506629765,2.25));
#3401=CARTESIAN_POINT('',(290.599968043268,132.92506629765,2.75));
#3402=CARTESIAN_POINT('Origin',(386.675067489743,38.0642032031073,13.25));
#3403=CARTESIAN_POINT('Origin',(223.324934894443,38.0642032031073,13.25));
#3404=CARTESIAN_POINT('',(228.574934894443,96.4946347503787,13.25));
#3405=CARTESIAN_POINT('Origin',(228.574934894443,154.92506629765,14.25));
#3406=CARTESIAN_POINT('Origin',(223.324934894443,147.67506629765,14.25));
#3407=CARTESIAN_POINT('',(225.424934894443,147.67506629765,1.75));
#3408=CARTESIAN_POINT('Origin',(223.324934894443,147.67506629765,1.75));
#3409=CARTESIAN_POINT('',(225.424934894443,147.67506629765,14.25));
#3410=CARTESIAN_POINT('Origin',(359.125001192093,36.6537032031074,1.75));
#3411=CARTESIAN_POINT('Origin',(386.675067489743,147.67506629765,14.25));
#3412=CARTESIAN_POINT('',(388.775067489743,147.67506629765,1.75));
#3413=CARTESIAN_POINT('Origin',(386.675067489743,147.67506629765,1.75));
#3414=CARTESIAN_POINT('',(388.775067489743,147.67506629765,14.25));
#3415=CARTESIAN_POINT('Origin',(305.000001192093,93.9893847503787,16.05));
#3416=CARTESIAN_POINT('',(395.925067489743,27.0537032031073,16.05));
#3417=CARTESIAN_POINT('',(319.562501192093,27.0537032031073,16.05));
#3418=CARTESIAN_POINT('',(395.925067489743,148.92506629765,16.05));
#3419=CARTESIAN_POINT('',(395.925067489743,60.521543976743,16.05));
#3420=CARTESIAN_POINT('',(387.925067489743,156.92506629765,16.05));
#3421=CARTESIAN_POINT('Origin',(387.925067489743,148.92506629765,16.05));
#3422=CARTESIAN_POINT('',(222.074934894443,156.92506629765,16.05));
#3423=CARTESIAN_POINT('',(352.462534340918,156.92506629765,16.05));
#3424=CARTESIAN_POINT('',(214.074934894443,148.92506629765,16.05));
#3425=CARTESIAN_POINT('Origin',(222.074934894443,148.92506629765,16.05));
#3426=CARTESIAN_POINT('',(214.074934894443,27.0537032031073,16.05));
#3427=CARTESIAN_POINT('',(214.074934894443,127.457225524014,16.05));
#3428=CARTESIAN_POINT('',(319.562501192093,27.0537032031073,16.05));
#3429=CARTESIAN_POINT('Origin',(386.675067489743,27.0537032031073,8.8));
#3430=CARTESIAN_POINT('',(384.575067489743,27.0537032031073,8.8));
#3431=CARTESIAN_POINT('Origin',(359.125001192093,36.6537032031074,1.75));
#3432=CARTESIAN_POINT('Origin',(223.324934894443,27.0537032031073,8.8));
#3433=CARTESIAN_POINT('',(221.224934894443,27.0537032031073,8.8));
#3434=CARTESIAN_POINT('Origin',(224.75,63.3268516015537,-0.15));
#3435=CARTESIAN_POINT('',(224.85,130.15,-0.05));
#3436=CARTESIAN_POINT('',(224.65,130.35,-0.25));
#3437=CARTESIAN_POINT('',(224.85,49.85,-0.05));
#3438=CARTESIAN_POINT('',(224.85,63.3268516015537,-0.05));
#3439=CARTESIAN_POINT('',(224.85,49.85,-0.05));
#3440=CARTESIAN_POINT('Origin',(332.062500596046,130.25,-0.15));
#3441=CARTESIAN_POINT('',(385.15,130.15,-0.05));
#3442=CARTESIAN_POINT('',(385.35,130.35,-0.25));
#3443=CARTESIAN_POINT('',(332.062500596046,130.15,-0.05));
#3444=CARTESIAN_POINT('Origin',(385.25,63.3268516015537,-0.15));
#3445=CARTESIAN_POINT('',(385.15,49.85,-0.05));
#3446=CARTESIAN_POINT('',(385.15,63.3268516015537,-0.05));
#3447=CARTESIAN_POINT('',(385.15,49.85,-0.05));
#3448=CARTESIAN_POINT('Origin',(332.062500596046,49.75,-0.15));
#3449=CARTESIAN_POINT('',(332.062500596046,49.85,-0.05));
#3450=CARTESIAN_POINT('Origin',(305.,49.85,1.25));
#3451=CARTESIAN_POINT('',(224.85,49.85,2.50468293128221));
#3452=CARTESIAN_POINT('',(385.15,49.85,2.5046829312821));
#3453=CARTESIAN_POINT('',(305.,49.85,2.50468293128221));
#3454=CARTESIAN_POINT('',(385.15,49.85,1.25));
#3455=CARTESIAN_POINT('',(224.85,49.85,1.25));
#3456=CARTESIAN_POINT('Origin',(224.85,90.,1.25));
#3457=CARTESIAN_POINT('',(224.85,130.15,2.50468293128224));
#3458=CARTESIAN_POINT('',(224.85,130.15,1.25));
#3459=CARTESIAN_POINT('',(224.85,90.,2.50468293128221));
#3460=CARTESIAN_POINT('Origin',(214.474934894443,98.7893847503787,0.150000000000001));
#3461=CARTESIAN_POINT('',(214.074934894443,27.0537032031073,0.550000000000001));
#3462=CARTESIAN_POINT('',(244.487451468855,27.0537032031073,-29.8625165744125));
#3463=CARTESIAN_POINT('',(214.074934894443,148.92506629765,0.550000000000001));
#3464=CARTESIAN_POINT('',(214.074934894443,98.7893847503787,0.550000000000001));
#3465=CARTESIAN_POINT('',(214.074934894443,148.92506629765,0.550000000000001));
#3466=CARTESIAN_POINT('Origin',(222.074934894443,148.92506629765,0.150000000000001));
#3467=CARTESIAN_POINT('',(222.074934894443,156.92506629765,0.550000000000001));
#3468=CARTESIAN_POINT('Origin',(222.074934894443,148.92506629765,0.550000000000001));
#3469=CARTESIAN_POINT('',(222.074934894443,156.92506629765,0.550000000000001));
#3470=CARTESIAN_POINT('Origin',(379.525034340918,156.52506629765,0.150000000000001));
#3471=CARTESIAN_POINT('',(387.925067489743,156.92506629765,0.550000000000001));
#3472=CARTESIAN_POINT('',(387.925067489743,156.92506629765,0.550000000000001));
#3473=CARTESIAN_POINT('',(379.525034340918,156.92506629765,0.550000000000001));
#3474=CARTESIAN_POINT('Origin',(387.925067489743,148.92506629765,0.150000000000001));
#3475=CARTESIAN_POINT('',(395.925067489743,148.92506629765,0.550000000000001));
#3476=CARTESIAN_POINT('Origin',(387.925067489743,148.92506629765,0.550000000000001));
#3477=CARTESIAN_POINT('',(395.925067489743,148.92506629765,0.550000000000001));
#3478=CARTESIAN_POINT('Origin',(395.525067489743,31.8537032031073,0.150000000000001));
#3479=CARTESIAN_POINT('',(395.925067489743,27.0537032031073,0.550000000000001));
#3480=CARTESIAN_POINT('',(380.075050915331,27.0537032031073,-15.3000165744125));
#3481=CARTESIAN_POINT('',(395.925067489743,31.8537032031073,0.550000000000001));
#3482=CARTESIAN_POINT('Origin',(387.925067489743,148.92506629765,-0.25));
#3483=CARTESIAN_POINT('',(387.925067489743,156.92506629765,-0.25));
#3484=CARTESIAN_POINT('',(395.925067489743,148.92506629765,-0.25));
#3485=CARTESIAN_POINT('Origin',(399.925067489743,156.92506629765,-0.25));
#3486=CARTESIAN_POINT('',(222.074934894443,156.92506629765,-0.25));
#3487=CARTESIAN_POINT('Origin',(222.074934894443,148.92506629765,-0.25));
#3488=CARTESIAN_POINT('',(214.074934894443,148.92506629765,-0.25));
#3489=CARTESIAN_POINT('Origin',(214.074934894443,160.92506629765,-0.25));
#3490=CARTESIAN_POINT('',(214.074934894443,27.0537032031073,-0.25));
#3491=CARTESIAN_POINT('Origin',(395.925067489743,27.0537032031073,-0.25));
#3492=CARTESIAN_POINT('',(395.925067489743,27.0537032031073,-0.25));
#3493=CARTESIAN_POINT('Origin',(225.615332316795,129.384667683205,14.75));
#3494=CARTESIAN_POINT('',(225.615332316795,50.6153323167948,14.75));
#3495=CARTESIAN_POINT('',(225.615332316795,129.384667683205,14.75));
#3496=CARTESIAN_POINT('',(225.615332316795,106.399999918416,14.75));
#3497=CARTESIAN_POINT('',(225.615332316795,129.384667683205,15.25));
#3498=CARTESIAN_POINT('',(225.615332316795,129.384667683205,14.75));
#3499=CARTESIAN_POINT('',(225.615332316795,50.6153323167948,15.25));
#3500=CARTESIAN_POINT('',(225.615332316795,106.399999918416,15.25));
#3501=CARTESIAN_POINT('',(225.615332316795,50.6153323167948,14.75));
#3502=CARTESIAN_POINT('Origin',(384.384667683205,129.384667683205,14.75));
#3503=CARTESIAN_POINT('',(384.384667683205,129.384667683205,14.75));
#3504=CARTESIAN_POINT('',(341.399998292327,129.384667683205,14.75));
#3505=CARTESIAN_POINT('',(384.384667683205,129.384667683205,15.25));
#3506=CARTESIAN_POINT('',(384.384667683205,129.384667683205,14.75));
#3507=CARTESIAN_POINT('',(341.399998292327,129.384667683205,15.25));
#3508=CARTESIAN_POINT('Origin',(384.384667683205,50.6153323167948,14.75));
#3509=CARTESIAN_POINT('',(384.384667683205,50.6153323167948,14.75));
#3510=CARTESIAN_POINT('',(384.384667683205,106.399999918416,14.75));
#3511=CARTESIAN_POINT('',(384.384667683205,50.6153323167948,15.25));
#3512=CARTESIAN_POINT('',(384.384667683205,50.6153323167948,14.75));
#3513=CARTESIAN_POINT('',(384.384667683205,106.399999918416,15.25));
#3514=CARTESIAN_POINT('Origin',(225.615332316795,50.6153323167948,14.75));
#3515=CARTESIAN_POINT('',(341.399998292327,50.6153323167948,14.75));
#3516=CARTESIAN_POINT('',(341.399998292327,50.6153323167948,15.25));
#3517=CARTESIAN_POINT('Origin',(377.799996584654,122.799999836832,15.25));
#3518=CARTESIAN_POINT('',(237.451082316795,115.749917683205,15.25));
#3519=CARTESIAN_POINT('',(372.499917683205,115.749917683205,15.25));
#3520=CARTESIAN_POINT('',(378.595457133929,115.749917683205,15.25));
#3521=CARTESIAN_POINT('',(235.951082316795,114.249917683205,15.25));
#3522=CARTESIAN_POINT('Origin',(237.451082316795,114.249917683205,15.25));
#3523=CARTESIAN_POINT('',(235.951082316795,65.7500823167948,15.25));
#3524=CARTESIAN_POINT('',(235.951082316795,123.595458760019,15.25));
#3525=CARTESIAN_POINT('',(237.451082316795,64.2500823167949,15.25));
#3526=CARTESIAN_POINT('Origin',(237.451082316795,65.7500823167948,15.25));
#3527=CARTESIAN_POINT('',(372.499917683205,64.2500823167949,15.25));
#3528=CARTESIAN_POINT('',(304.204539450724,64.2500823167949,15.25));
#3529=CARTESIAN_POINT('',(373.999917683205,65.7500823167948,15.25));
#3530=CARTESIAN_POINT('Origin',(372.499917683205,65.7500823167948,15.25));
#3531=CARTESIAN_POINT('',(373.999917683205,114.249917683205,15.25));
#3532=CARTESIAN_POINT('',(373.999917683205,89.2045410768136,15.25));
#3533=CARTESIAN_POINT('Origin',(372.499917683205,114.249917683205,15.25));
#3534=CARTESIAN_POINT('',(234.100000337232,75.0000011874363,15.25));
#3535=CARTESIAN_POINT('Origin',(232.100000337232,75.0000011874363,15.25));
#3536=CARTESIAN_POINT('',(379.90000726236,105.00000261236,15.25));
#3537=CARTESIAN_POINT('Origin',(377.90000726236,105.00000261236,15.25));
#3538=CARTESIAN_POINT('',(244.584767236824,122.677998666034,15.25));
#3539=CARTESIAN_POINT('Origin',(242.709767236824,122.677998666034,15.25));
#3540=CARTESIAN_POINT('',(369.184767236824,122.677998666034,15.25));
#3541=CARTESIAN_POINT('Origin',(367.309767236824,122.677998666034,15.25));
#3542=CARTESIAN_POINT('',(244.584767236824,57.677998666034,15.25));
#3543=CARTESIAN_POINT('Origin',(242.709767236824,57.677998666034,15.25));
#3544=CARTESIAN_POINT('',(369.184767236824,57.677998666034,15.25));
#3545=CARTESIAN_POINT('Origin',(367.309767236824,57.677998666034,15.25));
#3546=CARTESIAN_POINT('Origin',(225.225292113228,90.,8.50935674292328));
#3547=CARTESIAN_POINT('',(225.456977027517,50.4569770275174,12.2163153715603));
#3548=CARTESIAN_POINT('',(225.456977027517,129.543022972483,12.2163153715603));
#3549=CARTESIAN_POINT('Origin',(305.,129.774707886772,8.50935674292328));
#3550=CARTESIAN_POINT('',(385.15,130.15,2.50468293128213));
#3551=CARTESIAN_POINT('',(305.,130.15,2.5046829312822));
#3552=CARTESIAN_POINT('',(384.543022972483,129.543022972483,12.2163153715603));
#3553=CARTESIAN_POINT('Origin',(384.774707886772,90.,8.50935674292328));
#3554=CARTESIAN_POINT('',(385.15,90.,2.50468293128236));
#3555=CARTESIAN_POINT('',(384.543022972483,50.4569770275174,12.2163153715603));
#3556=CARTESIAN_POINT('Origin',(305.,50.2252921132276,8.50935674292328));
#3557=CARTESIAN_POINT('Origin',(237.451082316795,114.249917683205,14.65));
#3558=CARTESIAN_POINT('',(237.451082316795,115.749917683205,14.65));
#3559=CARTESIAN_POINT('',(235.951082316795,114.249917683205,14.65));
#3560=CARTESIAN_POINT('Origin',(235.951082316795,124.390917683205,14.65));
#3561=CARTESIAN_POINT('',(235.951082316795,65.7500823167948,14.65));
#3562=CARTESIAN_POINT('Origin',(237.451082316795,65.7500823167948,14.65));
#3563=CARTESIAN_POINT('',(237.451082316795,64.2500823167949,14.65));
#3564=CARTESIAN_POINT('Origin',(230.609082316795,64.2500823167949,14.65));
#3565=CARTESIAN_POINT('',(372.499917683205,64.2500823167949,14.65));
#3566=CARTESIAN_POINT('Origin',(372.499917683205,65.7500823167948,14.65));
#3567=CARTESIAN_POINT('',(373.999917683205,65.7500823167948,14.65));
#3568=CARTESIAN_POINT('Origin',(373.999917683205,55.6090823167948,14.65));
#3569=CARTESIAN_POINT('',(373.999917683205,114.249917683205,14.65));
#3570=CARTESIAN_POINT('Origin',(372.499917683205,114.249917683205,14.65));
#3571=CARTESIAN_POINT('',(372.499917683205,115.749917683205,14.65));
#3572=CARTESIAN_POINT('Origin',(379.390917683205,115.749917683205,14.65));
#3573=CARTESIAN_POINT('Origin',(232.100000337232,75.0000011874363,15.75));
#3574=CARTESIAN_POINT('',(234.100000337232,75.0000011874363,15.75));
#3575=CARTESIAN_POINT('Origin',(377.90000726236,105.00000261236,15.75));
#3576=CARTESIAN_POINT('',(379.90000726236,105.00000261236,15.75));
#3577=CARTESIAN_POINT('Origin',(242.709767236824,122.677998666034,15.75));
#3578=CARTESIAN_POINT('',(244.584767236824,122.677998666034,15.75));
#3579=CARTESIAN_POINT('Origin',(367.309767236824,122.677998666034,15.75));
#3580=CARTESIAN_POINT('',(369.184767236824,122.677998666034,15.75));
#3581=CARTESIAN_POINT('Origin',(242.709767236824,57.677998666034,15.75));
#3582=CARTESIAN_POINT('',(244.584767236824,57.677998666034,15.75));
#3583=CARTESIAN_POINT('Origin',(367.309767236824,57.677998666034,15.75));
#3584=CARTESIAN_POINT('',(369.184767236824,57.677998666034,15.75));
#3585=CARTESIAN_POINT('Origin',(314.875001192093,44.8537032031074,4.9));
#3586=CARTESIAN_POINT('',(314.875001192093,44.8537032031074,5.75));
#3587=CARTESIAN_POINT('',(294.475001192093,44.8537032031074,5.75));
#3588=CARTESIAN_POINT('',(304.175001192093,44.8537032031074,5.75));
#3589=CARTESIAN_POINT('',(314.875001192093,44.8537032031074,6.9));
#3590=CARTESIAN_POINT('',(314.875001192093,44.8537032031074,4.9));
#3591=CARTESIAN_POINT('',(294.475001192093,44.8537032031074,6.9));
#3592=CARTESIAN_POINT('',(316.375001192093,44.8537032031074,6.9));
#3593=CARTESIAN_POINT('',(294.475001192093,44.8537032031074,4.9));
#3594=CARTESIAN_POINT('Origin',(305.,130.15,1.25));
#3595=CARTESIAN_POINT('',(385.15,130.15,1.25));
#3596=CARTESIAN_POINT('Origin',(385.15,90.,1.25));
#3597=CARTESIAN_POINT('Origin',(315.125001192093,143.92506629765,3.75));
#3598=CARTESIAN_POINT('',(317.500001192093,143.92506629765,3.75));
#3599=CARTESIAN_POINT('Origin',(315.125001192093,143.92506629765,3.75));
#3600=CARTESIAN_POINT('Origin',(319.000001229346,133.425066260397,6.25));
#3601=CARTESIAN_POINT('',(321.449490979733,132.92506629765,6.25));
#3602=CARTESIAN_POINT('',(316.550511478958,132.92506629765,6.25));
#3603=CARTESIAN_POINT('',(270.537468061894,132.92506629765,6.25));
#3604=CARTESIAN_POINT('Origin',(319.000001229346,133.425066260397,6.25));
#3605=CARTESIAN_POINT('Origin',(294.475001192093,44.8537032031074,4.9));
#3606=CARTESIAN_POINT('',(294.475001192093,29.0537032031073,5.75));
#3607=CARTESIAN_POINT('',(294.475001192093,45.9537032031074,5.75));
#3608=CARTESIAN_POINT('',(294.475001192093,29.0537032031073,6.9));
#3609=CARTESIAN_POINT('',(294.475001192093,38.5537032031074,6.9));
#3610=CARTESIAN_POINT('',(294.475001192093,29.0537032031073,5.6125));
#3611=CARTESIAN_POINT('Origin',(293.975001192093,45.9537032031074,5.25));
#3612=CARTESIAN_POINT('',(293.475001192093,29.0537032031073,4.75));
#3613=CARTESIAN_POINT('',(296.418751192093,29.0537032031073,7.69375));
#3614=CARTESIAN_POINT('',(293.475001192093,45.8537032031073,4.75));
#3615=CARTESIAN_POINT('',(293.475001192093,47.0537032031074,4.75));
#3616=CARTESIAN_POINT('',(293.475001192093,45.8537032031073,4.75));
#3617=CARTESIAN_POINT('Origin',(304.175001192093,45.3537032031074,5.25));
#3618=CARTESIAN_POINT('',(315.875001192093,45.8537032031073,4.75));
#3619=CARTESIAN_POINT('',(299.075001192093,45.8537032031073,4.75));
#3620=CARTESIAN_POINT('',(314.875001192093,44.8537032031074,5.75));
#3621=CARTESIAN_POINT('Origin',(314.875001192093,30.0537032031074,4.9));
#3622=CARTESIAN_POINT('',(314.875001192093,29.0537032031074,5.75));
#3623=CARTESIAN_POINT('',(314.875001192093,38.5537032031074,5.75));
#3624=CARTESIAN_POINT('',(314.875001192093,29.0537032031074,6.9));
#3625=CARTESIAN_POINT('',(314.875001192093,29.0537032031074,4.6125));
#3626=CARTESIAN_POINT('',(314.875001192093,38.5537032031074,6.9));
#3627=CARTESIAN_POINT('Origin',(315.375001192093,38.5537032031074,5.25));
#3628=CARTESIAN_POINT('',(315.875001192093,29.0537032031074,4.75));
#3629=CARTESIAN_POINT('',(312.931251192093,29.0537032031074,7.69375));
#3630=CARTESIAN_POINT('',(315.875001192093,47.0537032031074,4.75));
#3631=CARTESIAN_POINT('Origin',(317.875001192093,47.0537032031074,6.9));
#3632=CARTESIAN_POINT('',(317.875001192093,29.0537032031074,6.9));
#3633=CARTESIAN_POINT('',(311.275001192093,29.0537032031074,6.9));
#3634=CARTESIAN_POINT('',(317.875001192093,47.0744324637442,6.89999999999997));
#3635=CARTESIAN_POINT('',(317.875001192093,47.0744324637442,6.89999999999997));
#3636=CARTESIAN_POINT('',(292.125001192093,47.0744324637496,6.9));
#3637=CARTESIAN_POINT('',(311.275001192093,29.0537032031074,6.9));
#3638=CARTESIAN_POINT('Origin',(305.000001192093,143.92506629765,1.75));
#3639=CARTESIAN_POINT('',(310.500001192093,143.92506629765,1.75));
#3640=CARTESIAN_POINT('Origin',(315.125001192093,143.92506629765,1.75));
#3641=CARTESIAN_POINT('',(317.500001192093,143.92506629765,1.75));
#3642=CARTESIAN_POINT('Origin',(222.074934894443,47.0749348944428,-0.25));
#3643=CARTESIAN_POINT('',(222.074934894443,132.92506629765,15.75));
#3644=CARTESIAN_POINT('Origin',(319.000001229346,133.425066260397,1.75));
#3645=CARTESIAN_POINT('',(316.550511478958,132.92506629765,1.75));
#3646=CARTESIAN_POINT('',(321.449490979733,132.92506629765,1.75));
#3647=CARTESIAN_POINT('Origin',(222.074934894443,132.92506629765,-0.25));
#3648=CARTESIAN_POINT('Origin',(250.700001192093,47.0744324637496,1.74999999999999));
#3649=CARTESIAN_POINT('',(317.875001192093,47.0744324637442,1.74999999999997));
#3650=CARTESIAN_POINT('Origin',(304.675001192093,29.0537032031073,4.325));
#3651=CARTESIAN_POINT('',(293.475001192093,29.0537032031073,3.0375));
#3652=CARTESIAN_POINT('Origin',(293.475001192093,47.0537032031074,1.75));
#3653=CARTESIAN_POINT('',(293.475001192093,45.8537032031073,2.5375));
#3654=CARTESIAN_POINT('Origin',(304.675001192093,45.8537032031073,3.25));
#3655=CARTESIAN_POINT('',(315.875001192093,45.8537032031073,4.1125));
#3656=CARTESIAN_POINT('Origin',(315.875001192093,47.0537032031074,4.9));
#3657=CARTESIAN_POINT('',(315.875001192093,29.0537032031074,4.6125));
#3658=CARTESIAN_POINT('Origin',(304.675001192093,29.0537032031073,4.325));
#3659=CARTESIAN_POINT('',(317.875001192093,29.0537032031074,3.0375));
#3660=CARTESIAN_POINT('Origin',(317.875001192093,47.0537032031074,1.75));
#3661=CARTESIAN_POINT('Origin',(334.125001192093,27.0537032031073,-0.249999999999999));
#3662=CARTESIAN_POINT('Origin',(319.000001229346,154.42506629765,6.25));
#3663=UNCERTAINTY_MEASURE_WITH_UNIT(LENGTH_MEASURE(0.01),#3667,
'DISTANCE_ACCURACY_VALUE',
'Maximum model space distance between geometric entities at asserted c
onnectivities');
#3664=UNCERTAINTY_MEASURE_WITH_UNIT(LENGTH_MEASURE(0.01),#3667,
'DISTANCE_ACCURACY_VALUE',
'Maximum model space distance between geometric entities at asserted c
onnectivities');
#3665=(
GEOMETRIC_REPRESENTATION_CONTEXT(3)
GLOBAL_UNCERTAINTY_ASSIGNED_CONTEXT((#3663))
GLOBAL_UNIT_ASSIGNED_CONTEXT((#3667,#3669,#3670))
REPRESENTATION_CONTEXT('','3D')
);
#3666=(
GEOMETRIC_REPRESENTATION_CONTEXT(3)
GLOBAL_UNCERTAINTY_ASSIGNED_CONTEXT((#3664))
GLOBAL_UNIT_ASSIGNED_CONTEXT((#3667,#3669,#3670))
REPRESENTATION_CONTEXT('','3D')
);
#3667=(
LENGTH_UNIT()
NAMED_UNIT(*)
SI_UNIT(.MILLI.,.METRE.)
);
#3668=(
LENGTH_UNIT()
NAMED_UNIT(*)
SI_UNIT($,.METRE.)
);
#3669=(
NAMED_UNIT(*)
PLANE_ANGLE_UNIT()
SI_UNIT($,.RADIAN.)
);
#3670=(
NAMED_UNIT(*)
SI_UNIT($,.STERADIAN.)
SOLID_ANGLE_UNIT()
);
#3671=SHAPE_DEFINITION_REPRESENTATION(#3672,#3673);
#3672=PRODUCT_DEFINITION_SHAPE('',$,#3675);
#3673=SHAPE_REPRESENTATION('',(#2253),#3665);
#3674=PRODUCT_DEFINITION_CONTEXT('part definition',#3679,'design');
#3675=PRODUCT_DEFINITION('Front Cover (no VEML)',
'Front Cover (no VEML)',#3676,#3674);
#3676=PRODUCT_DEFINITION_FORMATION('',$,#3681);
#3677=PRODUCT_RELATED_PRODUCT_CATEGORY('Front Cover (no VEML)',
'Front Cover (no VEML)',(#3681));
#3678=APPLICATION_PROTOCOL_DEFINITION('international standard',
'automotive_design',2009,#3679);
#3679=APPLICATION_CONTEXT(
'Core Data for Automotive Mechanical Design Process');
#3680=PRODUCT_CONTEXT('part definition',#3679,'mechanical');
#3681=PRODUCT('Front Cover (no VEML)','Front Cover (no VEML)',$,(#3680));
#3682=PRESENTATION_STYLE_ASSIGNMENT((#3683));
#3683=SURFACE_STYLE_USAGE(.BOTH.,#3684);
#3684=SURFACE_SIDE_STYLE('',(#3685));
#3685=SURFACE_STYLE_FILL_AREA(#3686);
#3686=FILL_AREA_STYLE('ABS (White)',(#3687));
#3687=FILL_AREA_STYLE_COLOUR('ABS (White)',#3688);
#3688=COLOUR_RGB('ABS (White)',0.964705882352941,0.964705882352941,0.952941176470588);
ENDSEC;
END-ISO-10303-21;
