ISO-10303-21;
HEADER;
/* Generated by software containing ST-Developer
 * from STEP Tools, Inc. (www.steptools.com) 
 */

FILE_DESCRIPTION(
/* description */ (''),
/* implementation_level */ '2;1');

FILE_NAME(
/* name */ 'Whole Assembly (pi4).step',
/* time_stamp */ '2026-05-12T09:59:52-05:00',
/* author */ (''),
/* organization */ (''),
/* preprocessor_version */ 'ST-DEVELOPER v20.1',
/* originating_system */ 'Autodesk Translation Framework v15.8.0.0',
/* authorisation */ '');

FILE_SCHEMA (('AUTOMOTIVE_DESIGN { 1 0 10303 214 3 1 1 }'));
ENDSEC;

DATA;
#10=MECHANICAL_DESIGN_GEOMETRIC_PRESENTATION_REPRESENTATION('',(#32,#33,
#34),#12035);
#11=SHAPE_REPRESENTATION_RELATIONSHIP('SRR','None',#12042,#12);
#12=ADVANCED_BREP_SHAPE_REPRESENTATION('',(#35,#36,#37),#12034);
#13=ELLIPSE('',#7381,8.27238075278377,5.50000000000001);
#14=ELLIPSE('',#7383,6.86893611260341,3.00000000000001);
#15=ELLIPSE('',#7384,6.86893611260341,3.00000000000001);
#16=ELLIPSE('',#7386,8.27238075278377,5.50000000000001);
#17=ELLIPSE('',#7387,8.27238075278376,5.5);
#18=ELLIPSE('',#7389,6.86893611260341,3.);
#19=ELLIPSE('',#7391,8.27238075278376,5.5);
#20=ELLIPSE('',#7410,9.02441536667319,6.);
#21=ELLIPSE('',#7415,9.02441536667319,6.);
#22=B_SPLINE_SURFACE_WITH_KNOTS('',3,3,((#11022,#11023,#11024,#11025,#11026,
#11027,#11028,#11029,#11030,#11031,#11032,#11033),(#11034,#11035,#11036,
#11037,#11038,#11039,#11040,#11041,#11042,#11043,#11044,#11045),(#11046,
#11047,#11048,#11049,#11050,#11051,#11052,#11053,#11054,#11055,#11056,#11057),
(#11058,#11059,#11060,#11061,#11062,#11063,#11064,#11065,#11066,#11067,
#11068,#11069),(#11070,#11071,#11072,#11073,#11074,#11075,#11076,#11077,
#11078,#11079,#11080,#11081),(#11082,#11083,#11084,#11085,#11086,#11087,
#11088,#11089,#11090,#11091,#11092,#11093),(#11094,#11095,#11096,#11097,
#11098,#11099,#11100,#11101,#11102,#11103,#11104,#11105)),.UNSPECIFIED.,
 .F.,.F.,.F.,(4,1,1,1,4),(4,1,1,1,1,1,1,1,1,4),(0.,0.285714285714286,0.571428571428571,
0.714285714285714,1.),(-0.229276203213962,0.285030233931427,0.799336671076816,
1.31364310822221,1.82794954536759,2.34225598251298,2.59940920108568,2.85656241965837,
3.11371563823107,3.37086885680376),.UNSPECIFIED.);
#23=B_SPLINE_SURFACE_WITH_KNOTS('',3,3,((#11162,#11163,#11164,#11165,#11166,
#11167,#11168,#11169,#11170,#11171,#11172,#11173,#11174,#11175,#11176),
(#11177,#11178,#11179,#11180,#11181,#11182,#11183,#11184,#11185,#11186,
#11187,#11188,#11189,#11190,#11191),(#11192,#11193,#11194,#11195,#11196,
#11197,#11198,#11199,#11200,#11201,#11202,#11203,#11204,#11205,#11206),
(#11207,#11208,#11209,#11210,#11211,#11212,#11213,#11214,#11215,#11216,
#11217,#11218,#11219,#11220,#11221),(#11222,#11223,#11224,#11225,#11226,
#11227,#11228,#11229,#11230,#11231,#11232,#11233,#11234,#11235,#11236),
(#11237,#11238,#11239,#11240,#11241,#11242,#11243,#11244,#11245,#11246,
#11247,#11248,#11249,#11250,#11251),(#11252,#11253,#11254,#11255,#11256,
#11257,#11258,#11259,#11260,#11261,#11262,#11263,#11264,#11265,#11266)),
 .UNSPECIFIED.,.F.,.F.,.F.,(4,1,1,1,4),(4,1,1,1,1,1,1,1,1,1,1,1,4),(0.,
0.285714285714286,0.571428571428571,0.714285714285714,1.),(2.91234120637826,
3.16949088837915,3.42664057038004,3.68379025238092,3.94093993438181,4.00522735488203,
4.06951477538226,4.1980896163827,4.45523929838359,4.96953866238537,5.48383802638714,
5.99813739038892,6.51243675439069),.UNSPECIFIED.);
#24=B_SPLINE_SURFACE_WITH_KNOTS('',3,3,((#11324,#11325,#11326,#11327,#11328,
#11329,#11330,#11331,#11332,#11333,#11334,#11335,#11336,#11337,#11338,#11339,
#11340),(#11341,#11342,#11343,#11344,#11345,#11346,#11347,#11348,#11349,
#11350,#11351,#11352,#11353,#11354,#11355,#11356,#11357),(#11358,#11359,
#11360,#11361,#11362,#11363,#11364,#11365,#11366,#11367,#11368,#11369,#11370,
#11371,#11372,#11373,#11374),(#11375,#11376,#11377,#11378,#11379,#11380,
#11381,#11382,#11383,#11384,#11385,#11386,#11387,#11388,#11389,#11390,#11391),
(#11392,#11393,#11394,#11395,#11396,#11397,#11398,#11399,#11400,#11401,
#11402,#11403,#11404,#11405,#11406,#11407,#11408),(#11409,#11410,#11411,
#11412,#11413,#11414,#11415,#11416,#11417,#11418,#11419,#11420,#11421,#11422,
#11423,#11424,#11425),(#11426,#11427,#11428,#11429,#11430,#11431,#11432,
#11433,#11434,#11435,#11436,#11437,#11438,#11439,#11440,#11441,#11442)),
 .UNSPECIFIED.,.F.,.F.,.F.,(4,1,1,1,4),(4,1,1,1,1,1,1,1,1,1,1,1,1,1,4),
(0.,0.285714285714286,0.571428571428571,0.857142857142857,1.),(5.26640147766015E-15,
0.142798386284275,0.285596772568545,0.428395158852815,0.571193545137085,
0.713991931421354,0.856790317705624,0.928189510847759,0.999588703989894,
1.07098789713203,1.14238709027416,1.4279838628427,1.71358063541124,1.85637902169551,
1.99917740797978),.UNSPECIFIED.);
#25=B_SPLINE_SURFACE_WITH_KNOTS('',3,3,((#11490,#11491,#11492,#11493,#11494,
#11495,#11496,#11497,#11498,#11499,#11500,#11501,#11502,#11503,#11504,#11505,
#11506,#11507),(#11508,#11509,#11510,#11511,#11512,#11513,#11514,#11515,
#11516,#11517,#11518,#11519,#11520,#11521,#11522,#11523,#11524,#11525),
(#11526,#11527,#11528,#11529,#11530,#11531,#11532,#11533,#11534,#11535,
#11536,#11537,#11538,#11539,#11540,#11541,#11542,#11543),(#11544,#11545,
#11546,#11547,#11548,#11549,#11550,#11551,#11552,#11553,#11554,#11555,#11556,
#11557,#11558,#11559,#11560,#11561),(#11562,#11563,#11564,#11565,#11566,
#11567,#11568,#11569,#11570,#11571,#11572,#11573,#11574,#11575,#11576,#11577,
#11578,#11579),(#11580,#11581,#11582,#11583,#11584,#11585,#11586,#11587,
#11588,#11589,#11590,#11591,#11592,#11593,#11594,#11595,#11596,#11597),
(#11598,#11599,#11600,#11601,#11602,#11603,#11604,#11605,#11606,#11607,
#11608,#11609,#11610,#11611,#11612,#11613,#11614,#11615)),.UNSPECIFIED.,
 .F.,.F.,.F.,(4,1,1,1,4),(4,1,1,1,1,1,1,1,1,1,1,1,1,1,1,4),(0.,0.285714285714286,
0.571428571428571,0.857142857142857,1.),(0.,0.142794676474133,0.285589352948265,
0.571178705896531,0.856768058844796,1.14235741179306,1.21375475003013,1.28515208826719,
1.32085075738573,1.33870009194499,1.35654942650426,1.39224809562279,1.42794676474133,
1.57074144121546,1.71353611768959,1.99912547063786),.UNSPECIFIED.);
#26=SPHERICAL_SURFACE('',#7374,7.99999999999999);
#27=SPHERICAL_SURFACE('',#7378,8.00000000000001);
#28=SPHERICAL_SURFACE('',#7419,8.00000000000001);
#29=SPHERICAL_SURFACE('',#7421,7.99999999999999);
#30=SPHERICAL_SURFACE('',#7426,6.);
#31=SPHERICAL_SURFACE('',#7429,6.);
#32=STYLED_ITEM('',(#12051),#35);
#33=STYLED_ITEM('',(#12051),#36);
#34=STYLED_ITEM('',(#12051),#37);
#35=MANIFOLD_SOLID_BREP('Front Cover (2)',#6927);
#36=MANIFOLD_SOLID_BREP('Back Cover (pi4 cutouts)',#6928);
#37=MANIFOLD_SOLID_BREP('Bottom Cover (pi4) (1)',#6929);
#38=CONICAL_SURFACE('',#6982,3.,0.785398163397447);
#39=CONICAL_SURFACE('',#7018,3.,0.785398163397447);
#40=CONICAL_SURFACE('',#7051,7.6,0.785398163397449);
#41=CONICAL_SURFACE('',#7054,7.60000000000001,0.785398163397443);
#42=CONICAL_SURFACE('',#7100,1.,0.785398163397449);
#43=CONICAL_SURFACE('',#7103,1.,0.785398163397449);
#44=CONICAL_SURFACE('',#7106,1.,0.785398163397449);
#45=CONICAL_SURFACE('',#7109,1.,0.785398163397449);
#46=CONICAL_SURFACE('',#7189,2.39999999999999,0.785398163397438);
#47=CONICAL_SURFACE('',#7193,2.4,0.785398163397448);
#48=CONICAL_SURFACE('',#7217,1.8,0.785398163397445);
#49=CONICAL_SURFACE('',#7220,1.8,0.785398163397441);
#50=CONICAL_SURFACE('',#7226,1.8,0.785398163397445);
#51=CONICAL_SURFACE('',#7229,1.8,0.785398163397441);
#52=CONICAL_SURFACE('',#7235,1.8,0.785398163397445);
#53=CONICAL_SURFACE('',#7238,1.8,0.785398163397441);
#54=CONICAL_SURFACE('',#7244,1.8,0.785398163397445);
#55=CONICAL_SURFACE('',#7247,1.8,0.785398163397441);
#56=CONICAL_SURFACE('',#7253,1.8,0.785398163397445);
#57=CONICAL_SURFACE('',#7256,1.8,0.785398163397441);
#58=CONICAL_SURFACE('',#7262,1.8,0.785398163397441);
#59=CONICAL_SURFACE('',#7265,1.8,0.785398163397441);
#60=CONICAL_SURFACE('',#7285,1.8,0.785398163397445);
#61=CONICAL_SURFACE('',#7287,1.8,0.785398163397441);
#62=CONICAL_SURFACE('',#7291,1.8,0.785398163397445);
#63=CONICAL_SURFACE('',#7293,1.8,0.785398163397441);
#64=CONICAL_SURFACE('',#7297,1.8,0.785398163397445);
#65=CONICAL_SURFACE('',#7299,1.8,0.785398163397441);
#66=CONICAL_SURFACE('',#7303,1.8,0.785398163397445);
#67=CONICAL_SURFACE('',#7305,1.8,0.785398163397441);
#68=CONICAL_SURFACE('',#7309,1.8,0.785398163397445);
#69=CONICAL_SURFACE('',#7311,1.8,0.785398163397441);
#70=CONICAL_SURFACE('',#7315,1.8,0.785398163397441);
#71=CONICAL_SURFACE('',#7317,1.8,0.785398163397441);
#72=CONICAL_SURFACE('',#7338,2.4,0.785398163397441);
#73=CONICAL_SURFACE('',#7341,2.40000000000001,0.785398163397437);
#74=CONICAL_SURFACE('',#7442,1.85000000000002,0.785398163397457);
#75=CONICAL_SURFACE('',#7451,1.85000000000002,0.785398163397457);
#76=CONICAL_SURFACE('',#7455,2.75,0.785398163397457);
#77=CONICAL_SURFACE('',#7462,2.75,0.785398163397457);
#78=CONICAL_SURFACE('',#7469,1.85000000000002,0.785398163397457);
#79=CONICAL_SURFACE('',#7473,1.85000000000002,0.785398163397457);
#80=CONICAL_SURFACE('',#7477,3.25000000000001,0.785398163397457);
#81=CONICAL_SURFACE('',#7479,3.25000000000001,0.785398163397457);
#82=CONICAL_SURFACE('',#7482,3.25000000000001,0.785398163397448);
#83=CONICAL_SURFACE('',#7486,3.25000000000001,0.785398163397451);
#84=CONICAL_SURFACE('',#7493,2.75000000000001,0.785398163397451);
#85=CONICAL_SURFACE('',#7496,2.75000000000001,0.785398163397448);
#86=CONICAL_SURFACE('',#7517,2.40000000000001,0.785398163397449);
#87=CONICAL_SURFACE('',#7520,2.4,0.785398163397449);
#88=CONICAL_SURFACE('',#7523,2.40000000000001,0.78539816339745);
#89=CONICAL_SURFACE('',#7526,2.4,0.785398163397444);
#90=CONICAL_SURFACE('',#7534,2.40000000000001,0.78539816339745);
#91=CONICAL_SURFACE('',#7537,2.4,0.785398163397449);
#92=CYLINDRICAL_SURFACE('',#6969,6.);
#93=CYLINDRICAL_SURFACE('',#6975,6.);
#94=CYLINDRICAL_SURFACE('',#6988,2.5);
#95=CYLINDRICAL_SURFACE('',#7025,2.1);
#96=CYLINDRICAL_SURFACE('',#7028,2.10000000000001);
#97=CYLINDRICAL_SURFACE('',#7033,2.10000000000001);
#98=CYLINDRICAL_SURFACE('',#7035,2.1);
#99=CYLINDRICAL_SURFACE('',#7057,8.);
#100=CYLINDRICAL_SURFACE('',#7059,8.);
#101=CYLINDRICAL_SURFACE('',#7082,1.5);
#102=CYLINDRICAL_SURFACE('',#7084,1.5);
#103=CYLINDRICAL_SURFACE('',#7086,1.5);
#104=CYLINDRICAL_SURFACE('',#7088,1.5);
#105=CYLINDRICAL_SURFACE('',#7090,2.);
#106=CYLINDRICAL_SURFACE('',#7091,2.);
#107=CYLINDRICAL_SURFACE('',#7092,1.875);
#108=CYLINDRICAL_SURFACE('',#7093,1.875);
#109=CYLINDRICAL_SURFACE('',#7094,1.875);
#110=CYLINDRICAL_SURFACE('',#7095,1.875);
#111=CYLINDRICAL_SURFACE('',#7128,5.5);
#112=CYLINDRICAL_SURFACE('',#7129,2.375);
#113=CYLINDRICAL_SURFACE('',#7137,2.5);
#114=CYLINDRICAL_SURFACE('',#7151,0.2);
#115=CYLINDRICAL_SURFACE('',#7155,0.2);
#116=CYLINDRICAL_SURFACE('',#7159,0.6);
#117=CYLINDRICAL_SURFACE('',#7163,0.6);
#118=CYLINDRICAL_SURFACE('',#7167,0.3);
#119=CYLINDRICAL_SURFACE('',#7171,0.3);
#120=CYLINDRICAL_SURFACE('',#7191,2.09999999999999);
#121=CYLINDRICAL_SURFACE('',#7195,2.1);
#122=CYLINDRICAL_SURFACE('',#7224,1.5);
#123=CYLINDRICAL_SURFACE('',#7233,1.5);
#124=CYLINDRICAL_SURFACE('',#7242,1.5);
#125=CYLINDRICAL_SURFACE('',#7251,1.5);
#126=CYLINDRICAL_SURFACE('',#7260,1.5);
#127=CYLINDRICAL_SURFACE('',#7269,1.5);
#128=CYLINDRICAL_SURFACE('',#7321,1.5);
#129=CYLINDRICAL_SURFACE('',#7322,1.5);
#130=CYLINDRICAL_SURFACE('',#7323,1.5);
#131=CYLINDRICAL_SURFACE('',#7324,1.5);
#132=CYLINDRICAL_SURFACE('',#7325,1.5);
#133=CYLINDRICAL_SURFACE('',#7326,1.5);
#134=CYLINDRICAL_SURFACE('',#7340,2.10000000000001);
#135=CYLINDRICAL_SURFACE('',#7343,2.10000000000001);
#136=CYLINDRICAL_SURFACE('',#7345,8.);
#137=CYLINDRICAL_SURFACE('',#7352,8.);
#138=CYLINDRICAL_SURFACE('',#7354,8.);
#139=CYLINDRICAL_SURFACE('',#7360,8.);
#140=CYLINDRICAL_SURFACE('',#7363,6.);
#141=CYLINDRICAL_SURFACE('',#7367,6.);
#142=CYLINDRICAL_SURFACE('',#7369,6.);
#143=CYLINDRICAL_SURFACE('',#7392,8.);
#144=CYLINDRICAL_SURFACE('',#7393,8.);
#145=CYLINDRICAL_SURFACE('',#7396,3.00000000000001);
#146=CYLINDRICAL_SURFACE('',#7400,8.);
#147=CYLINDRICAL_SURFACE('',#7402,3.);
#148=CYLINDRICAL_SURFACE('',#7408,1.6);
#149=CYLINDRICAL_SURFACE('',#7413,1.60000000000001);
#150=CYLINDRICAL_SURFACE('',#7416,6.);
#151=CYLINDRICAL_SURFACE('',#7418,5.50000000000001);
#152=CYLINDRICAL_SURFACE('',#7423,8.);
#153=CYLINDRICAL_SURFACE('',#7431,6.);
#154=CYLINDRICAL_SURFACE('',#7432,6.);
#155=CYLINDRICAL_SURFACE('',#7449,1.60000000000002);
#156=CYLINDRICAL_SURFACE('',#7453,1.60000000000002);
#157=CYLINDRICAL_SURFACE('',#7460,3.00000000000001);
#158=CYLINDRICAL_SURFACE('',#7467,3.00000000000001);
#159=CYLINDRICAL_SURFACE('',#7471,1.60000000000002);
#160=CYLINDRICAL_SURFACE('',#7475,1.60000000000002);
#161=CYLINDRICAL_SURFACE('',#7489,3.00000000000001);
#162=CYLINDRICAL_SURFACE('',#7497,3.00000000000001);
#163=CYLINDRICAL_SURFACE('',#7519,1.65000000000001);
#164=CYLINDRICAL_SURFACE('',#7522,1.65);
#165=CYLINDRICAL_SURFACE('',#7525,1.65000000000001);
#166=CYLINDRICAL_SURFACE('',#7528,1.65000000000001);
#167=CYLINDRICAL_SURFACE('',#7529,7.80000000000001);
#168=CYLINDRICAL_SURFACE('',#7530,7.80000000000001);
#169=CYLINDRICAL_SURFACE('',#7536,1.65000000000001);
#170=CYLINDRICAL_SURFACE('',#7539,1.65);
#171=FACE_BOUND('',#879,.T.);
#172=FACE_BOUND('',#880,.T.);
#173=FACE_BOUND('',#886,.T.);
#174=FACE_BOUND('',#889,.T.);
#175=FACE_BOUND('',#891,.T.);
#176=FACE_BOUND('',#895,.T.);
#177=FACE_BOUND('',#905,.T.);
#178=FACE_BOUND('',#913,.T.);
#179=FACE_BOUND('',#921,.T.);
#180=FACE_BOUND('',#922,.T.);
#181=FACE_BOUND('',#923,.T.);
#182=FACE_BOUND('',#924,.T.);
#183=FACE_BOUND('',#925,.T.);
#184=FACE_BOUND('',#926,.T.);
#185=FACE_BOUND('',#927,.T.);
#186=FACE_BOUND('',#948,.T.);
#187=FACE_BOUND('',#949,.T.);
#188=FACE_BOUND('',#950,.T.);
#189=FACE_BOUND('',#972,.T.);
#190=FACE_BOUND('',#973,.T.);
#191=FACE_BOUND('',#974,.T.);
#192=FACE_BOUND('',#975,.T.);
#193=FACE_BOUND('',#976,.T.);
#194=FACE_BOUND('',#977,.T.);
#195=FACE_BOUND('',#978,.T.);
#196=FACE_BOUND('',#1024,.T.);
#197=FACE_BOUND('',#1069,.T.);
#198=FACE_BOUND('',#1073,.T.);
#199=FACE_BOUND('',#1082,.T.);
#200=FACE_BOUND('',#1085,.T.);
#201=FACE_BOUND('',#1087,.T.);
#202=FACE_BOUND('',#1088,.T.);
#203=FACE_BOUND('',#1089,.T.);
#204=FACE_BOUND('',#1090,.T.);
#205=FACE_BOUND('',#1091,.T.);
#206=FACE_BOUND('',#1092,.T.);
#207=FACE_BOUND('',#1093,.T.);
#208=FACE_BOUND('',#1094,.T.);
#209=FACE_BOUND('',#1095,.T.);
#210=FACE_BOUND('',#1096,.T.);
#211=FACE_BOUND('',#1134,.T.);
#212=FACE_BOUND('',#1135,.T.);
#213=FACE_BOUND('',#1136,.T.);
#214=FACE_BOUND('',#1137,.T.);
#215=FACE_BOUND('',#1138,.T.);
#216=FACE_BOUND('',#1139,.T.);
#217=FACE_BOUND('',#1140,.T.);
#218=FACE_BOUND('',#1141,.T.);
#219=FACE_BOUND('',#1142,.T.);
#220=FACE_BOUND('',#1143,.T.);
#221=FACE_BOUND('',#1182,.T.);
#222=FACE_BOUND('',#1183,.T.);
#223=FACE_BOUND('',#1185,.T.);
#224=FACE_BOUND('',#1194,.T.);
#225=FACE_BOUND('',#1195,.T.);
#226=FACE_BOUND('',#1199,.T.);
#227=FACE_BOUND('',#1205,.T.);
#228=FACE_BOUND('',#1226,.T.);
#229=FACE_BOUND('',#1228,.T.);
#230=FACE_BOUND('',#1233,.T.);
#231=FACE_BOUND('',#1258,.T.);
#232=FACE_BOUND('',#1259,.T.);
#233=FACE_BOUND('',#1265,.T.);
#234=FACE_BOUND('',#1269,.T.);
#235=FACE_BOUND('',#1290,.T.);
#236=FACE_BOUND('',#1291,.T.);
#237=FACE_BOUND('',#1292,.T.);
#238=FACE_BOUND('',#1293,.T.);
#239=FACE_BOUND('',#1294,.T.);
#240=FACE_BOUND('',#1295,.T.);
#241=FACE_BOUND('',#1296,.T.);
#242=FACE_BOUND('',#1297,.T.);
#243=FACE_BOUND('',#1298,.T.);
#244=FACE_BOUND('',#1300,.T.);
#245=FACE_BOUND('',#1301,.T.);
#246=FACE_BOUND('',#1302,.T.);
#247=FACE_BOUND('',#1303,.T.);
#248=FACE_BOUND('',#1304,.T.);
#249=FACE_BOUND('',#1305,.T.);
#250=FACE_BOUND('',#1306,.T.);
#251=FACE_BOUND('',#1307,.T.);
#252=FACE_BOUND('',#1308,.T.);
#253=FACE_BOUND('',#1309,.T.);
#254=CIRCLE('',#6952,3.5);
#255=CIRCLE('',#6953,3.5);
#256=CIRCLE('',#6954,2.375);
#257=CIRCLE('',#6955,5.5);
#258=CIRCLE('',#6961,2.1);
#259=CIRCLE('',#6964,2.10000000000001);
#260=CIRCLE('',#6966,6.);
#261=CIRCLE('',#6967,2.10000000000001);
#262=CIRCLE('',#6970,6.);
#263=CIRCLE('',#6972,6.);
#264=CIRCLE('',#6973,2.1);
#265=CIRCLE('',#6976,6.);
#266=CIRCLE('',#6983,2.5);
#267=CIRCLE('',#6985,2.1);
#268=CIRCLE('',#6989,2.5);
#269=CIRCLE('',#6994,2.10000000000001);
#270=CIRCLE('',#7002,1.5);
#271=CIRCLE('',#7003,1.5);
#272=CIRCLE('',#7004,1.5);
#273=CIRCLE('',#7005,1.5);
#274=CIRCLE('',#7006,2.);
#275=CIRCLE('',#7007,2.);
#276=CIRCLE('',#7008,1.875);
#277=CIRCLE('',#7009,1.875);
#278=CIRCLE('',#7010,1.875);
#279=CIRCLE('',#7011,1.875);
#280=CIRCLE('',#7019,2.5);
#281=CIRCLE('',#7026,2.1);
#282=CIRCLE('',#7029,2.10000000000001);
#283=CIRCLE('',#7031,8.);
#284=CIRCLE('',#7032,8.);
#285=CIRCLE('',#7037,7.2);
#286=CIRCLE('',#7038,7.20000000000001);
#287=CIRCLE('',#7039,5.5);
#288=CIRCLE('',#7040,1.5);
#289=CIRCLE('',#7041,1.5);
#290=CIRCLE('',#7042,1.5);
#291=CIRCLE('',#7043,1.5);
#292=CIRCLE('',#7052,8.);
#293=CIRCLE('',#7055,8.);
#294=CIRCLE('',#7067,1.5);
#295=CIRCLE('',#7068,1.5);
#296=CIRCLE('',#7069,1.5);
#297=CIRCLE('',#7070,1.5);
#298=CIRCLE('',#7071,2.);
#299=CIRCLE('',#7072,2.);
#300=CIRCLE('',#7073,1.875);
#301=CIRCLE('',#7074,1.875);
#302=CIRCLE('',#7075,1.875);
#303=CIRCLE('',#7076,1.875);
#304=CIRCLE('',#7101,0.5);
#305=CIRCLE('',#7104,0.5);
#306=CIRCLE('',#7107,0.5);
#307=CIRCLE('',#7110,0.5);
#308=CIRCLE('',#7112,2.375);
#309=CIRCLE('',#7120,2.5);
#310=CIRCLE('',#7152,0.2);
#311=CIRCLE('',#7153,0.2);
#312=CIRCLE('',#7156,0.2);
#313=CIRCLE('',#7157,0.2);
#314=CIRCLE('',#7160,0.6);
#315=CIRCLE('',#7161,0.6);
#316=CIRCLE('',#7164,0.6);
#317=CIRCLE('',#7165,0.6);
#318=CIRCLE('',#7168,0.3);
#319=CIRCLE('',#7169,0.3);
#320=CIRCLE('',#7172,0.3);
#321=CIRCLE('',#7173,0.3);
#322=CIRCLE('',#7184,2.7);
#323=CIRCLE('',#7188,2.69999999999998);
#324=CIRCLE('',#7190,2.09999999999999);
#325=CIRCLE('',#7192,2.09999999999999);
#326=CIRCLE('',#7194,2.1);
#327=CIRCLE('',#7196,2.1);
#328=CIRCLE('',#7204,2.1);
#329=CIRCLE('',#7205,2.1);
#330=CIRCLE('',#7206,2.1);
#331=CIRCLE('',#7207,2.1);
#332=CIRCLE('',#7208,2.1);
#333=CIRCLE('',#7209,2.1);
#334=CIRCLE('',#7210,5.50000000000001);
#335=CIRCLE('',#7211,2.1);
#336=CIRCLE('',#7212,2.1);
#337=CIRCLE('',#7213,2.1);
#338=CIRCLE('',#7214,2.1);
#339=CIRCLE('',#7215,2.1);
#340=CIRCLE('',#7216,2.1);
#341=CIRCLE('',#7218,1.5);
#342=CIRCLE('',#7221,1.5);
#343=CIRCLE('',#7225,1.5);
#344=CIRCLE('',#7227,1.5);
#345=CIRCLE('',#7230,1.5);
#346=CIRCLE('',#7234,1.5);
#347=CIRCLE('',#7236,1.5);
#348=CIRCLE('',#7239,1.5);
#349=CIRCLE('',#7243,1.5);
#350=CIRCLE('',#7245,1.5);
#351=CIRCLE('',#7248,1.5);
#352=CIRCLE('',#7252,1.5);
#353=CIRCLE('',#7254,1.5);
#354=CIRCLE('',#7257,1.5);
#355=CIRCLE('',#7261,1.5);
#356=CIRCLE('',#7263,1.5);
#357=CIRCLE('',#7266,1.5);
#358=CIRCLE('',#7270,1.5);
#359=CIRCLE('',#7272,2.1);
#360=CIRCLE('',#7273,2.1);
#361=CIRCLE('',#7274,2.1);
#362=CIRCLE('',#7275,2.1);
#363=CIRCLE('',#7276,2.1);
#364=CIRCLE('',#7277,2.1);
#365=CIRCLE('',#7278,5.50000000000001);
#366=CIRCLE('',#7279,2.1);
#367=CIRCLE('',#7280,2.1);
#368=CIRCLE('',#7281,2.1);
#369=CIRCLE('',#7282,2.1);
#370=CIRCLE('',#7283,2.1);
#371=CIRCLE('',#7284,2.1);
#372=CIRCLE('',#7288,1.5);
#373=CIRCLE('',#7294,1.5);
#374=CIRCLE('',#7300,1.5);
#375=CIRCLE('',#7306,1.5);
#376=CIRCLE('',#7312,1.5);
#377=CIRCLE('',#7318,1.5);
#378=CIRCLE('',#7329,8.);
#379=CIRCLE('',#7330,8.);
#380=CIRCLE('',#7331,2.70000000000001);
#381=CIRCLE('',#7332,2.7);
#382=CIRCLE('',#7334,6.);
#383=CIRCLE('',#7335,2.10000000000001);
#384=CIRCLE('',#7339,2.10000000000001);
#385=CIRCLE('',#7342,2.10000000000001);
#386=CIRCLE('',#7344,2.10000000000001);
#387=CIRCLE('',#7346,8.00000000000001);
#388=CIRCLE('',#7347,8.);
#389=CIRCLE('',#7349,8.);
#390=CIRCLE('',#7350,1.6);
#391=CIRCLE('',#7351,1.60000000000001);
#392=CIRCLE('',#7353,8.);
#393=CIRCLE('',#7355,8.00000000000001);
#394=CIRCLE('',#7356,8.);
#395=CIRCLE('',#7358,6.);
#396=CIRCLE('',#7361,8.00000000000001);
#397=CIRCLE('',#7362,8.);
#398=CIRCLE('',#7364,6.);
#399=CIRCLE('',#7368,6.);
#400=CIRCLE('',#7370,6.);
#401=CIRCLE('',#7371,6.);
#402=CIRCLE('',#7375,7.99999999999999);
#403=CIRCLE('',#7376,8.00000000000001);
#404=CIRCLE('',#7379,7.99999999999999);
#405=CIRCLE('',#7380,8.00000000000001);
#406=CIRCLE('',#7382,2.49999999999999);
#407=CIRCLE('',#7385,2.5);
#408=CIRCLE('',#7388,2.50000000000001);
#409=CIRCLE('',#7390,2.49999999999999);
#410=CIRCLE('',#7394,7.99999999999999);
#411=CIRCLE('',#7397,3.00000000000001);
#412=CIRCLE('',#7401,8.);
#413=CIRCLE('',#7403,3.);
#414=CIRCLE('',#7405,1.60000000000001);
#415=CIRCLE('',#7407,1.6);
#416=CIRCLE('',#7417,6.00000000000001);
#417=CIRCLE('',#7420,8.00000000000001);
#418=CIRCLE('',#7422,7.99999999999999);
#419=CIRCLE('',#7427,6.);
#420=CIRCLE('',#7428,6.);
#421=CIRCLE('',#7430,5.99999999999999);
#422=CIRCLE('',#7443,2.10000000000002);
#423=CIRCLE('',#7444,1.60000000000002);
#424=CIRCLE('',#7446,2.50000000000001);
#425=CIRCLE('',#7447,2.50000000000001);
#426=CIRCLE('',#7448,2.10000000000002);
#427=CIRCLE('',#7450,1.60000000000002);
#428=CIRCLE('',#7452,1.60000000000002);
#429=CIRCLE('',#7454,1.60000000000002);
#430=CIRCLE('',#7456,2.5);
#431=CIRCLE('',#7457,3.00000000000001);
#432=CIRCLE('',#7459,2.10000000000002);
#433=CIRCLE('',#7461,3.00000000000001);
#434=CIRCLE('',#7463,2.5);
#435=CIRCLE('',#7464,3.00000000000001);
#436=CIRCLE('',#7466,2.10000000000002);
#437=CIRCLE('',#7468,3.00000000000001);
#438=CIRCLE('',#7470,1.60000000000002);
#439=CIRCLE('',#7472,1.60000000000002);
#440=CIRCLE('',#7474,1.60000000000002);
#441=CIRCLE('',#7476,1.60000000000002);
#442=CIRCLE('',#7478,3.50000000000001);
#443=CIRCLE('',#7480,3.50000000000001);
#444=CIRCLE('',#7483,3.50000000000001);
#445=CIRCLE('',#7484,3.00000000000001);
#446=CIRCLE('',#7487,3.50000000000001);
#447=CIRCLE('',#7488,3.00000000000001);
#448=CIRCLE('',#7490,3.00000000000001);
#449=CIRCLE('',#7494,3.00000000000001);
#450=CIRCLE('',#7500,7.80000000000001);
#451=CIRCLE('',#7501,7.80000000000001);
#452=CIRCLE('',#7502,1.65000000000001);
#453=CIRCLE('',#7503,1.65);
#454=CIRCLE('',#7504,1.65000000000001);
#455=CIRCLE('',#7505,1.65000000000001);
#456=CIRCLE('',#7506,1.65000000000001);
#457=CIRCLE('',#7507,1.65);
#458=CIRCLE('',#7509,7.80000000000001);
#459=CIRCLE('',#7510,7.80000000000001);
#460=CIRCLE('',#7511,3.15);
#461=CIRCLE('',#7512,3.15000000000001);
#462=CIRCLE('',#7513,3.15);
#463=CIRCLE('',#7514,3.14999999999999);
#464=CIRCLE('',#7515,3.15000000000001);
#465=CIRCLE('',#7516,3.15000000000001);
#466=CIRCLE('',#7518,1.65000000000001);
#467=CIRCLE('',#7521,1.65);
#468=CIRCLE('',#7524,1.65000000000001);
#469=CIRCLE('',#7527,1.65000000000001);
#470=CIRCLE('',#7535,1.65000000000001);
#471=CIRCLE('',#7538,1.65);
#472=B_SPLINE_CURVE_WITH_KNOTS('',3,(#9603,#9604,#9605,#9606),
 .UNSPECIFIED.,.F.,.F.,(4,4),(-0.171745601301582,0.),.UNSPECIFIED.);
#473=B_SPLINE_CURVE_WITH_KNOTS('',3,(#9754,#9755,#9756,#9757),
 .UNSPECIFIED.,.F.,.F.,(4,4),(-0.171745601301589,0.),.UNSPECIFIED.);
#474=B_SPLINE_CURVE_WITH_KNOTS('',3,(#9868,#9869,#9870,#9871),
 .UNSPECIFIED.,.F.,.F.,(4,4),(-0.171745600560113,0.),.UNSPECIFIED.);
#475=B_SPLINE_CURVE_WITH_KNOTS('',3,(#9881,#9882,#9883,#9884),
 .UNSPECIFIED.,.F.,.F.,(4,4),(-0.171745600560178,0.),.UNSPECIFIED.);
#476=B_SPLINE_CURVE_WITH_KNOTS('',3,(#11108,#11109,#11110,#11111,#11112,
#11113,#11114),.UNSPECIFIED.,.F.,.F.,(4,3,4),(0.228798598583978,0.244094738298268,
0.24723049410684),.UNSPECIFIED.);
#477=B_SPLINE_CURVE_WITH_KNOTS('',3,(#11128,#11129,#11130,#11131,#11132,
#11133),.UNSPECIFIED.,.F.,.F.,(4,2,4),(-0.00313449078684584,1.30104260698261E-18,
0.0152793558933031),.UNSPECIFIED.);
#478=B_SPLINE_CURVE_WITH_KNOTS('',3,(#11134,#11135,#11136,#11137,#11138,
#11139,#11140,#11141,#11142,#11143,#11144,#11145,#11146,#11147,#11148,#11149,
#11150,#11151,#11152,#11153,#11154,#11155,#11156,#11157,#11158,#11159,#11160,
#11161),.UNSPECIFIED.,.F.,.F.,(4,3,3,3,3,3,3,3,3,4),(0.0152793558933031,
0.0444405398317481,0.0503780581129057,0.0828031925393749,0.117422581323081,
0.137072018299219,0.14371046170005,0.176100753032017,0.206719833005218,
0.228798598583978),.UNSPECIFIED.);
#479=B_SPLINE_CURVE_WITH_KNOTS('',3,(#11269,#11270,#11271,#11272,#11273,
#11274,#11275),.UNSPECIFIED.,.F.,.F.,(4,3,4),(0.229062520860478,0.244254753759156,
0.247489612487155),.UNSPECIFIED.);
#480=B_SPLINE_CURVE_WITH_KNOTS('',3,(#11287,#11288,#11289,#11290,#11291,
#11292,#11293),.UNSPECIFIED.,.F.,.F.,(4,3,4),(-0.0032352010251783,0.,0.0151950610088026),
 .UNSPECIFIED.);
#481=B_SPLINE_CURVE_WITH_KNOTS('',3,(#11294,#11295,#11296,#11297,#11298,
#11299,#11300,#11301,#11302,#11303,#11304,#11305,#11306,#11307,#11308,#11309,
#11310,#11311,#11312,#11313,#11314,#11315,#11316,#11317,#11318),
 .UNSPECIFIED.,.F.,.F.,(4,3,3,3,3,3,3,3,4),(0.0151950610088026,0.0456675267394364,
0.0783683556107887,0.107121853448224,0.124515733455187,0.157876994491764,
0.189603949278646,0.219120056803593,0.229062520860478),.UNSPECIFIED.);
#482=B_SPLINE_CURVE_WITH_KNOTS('',3,(#11443,#11444,#11445,#11446,#11447,
#11448,#11449,#11450,#11451,#11452,#11453,#11454,#11455,#11456,#11457,#11458,
#11459),.UNSPECIFIED.,.F.,.F.,(4,1,1,1,1,1,1,1,1,1,1,1,1,1,4),(-1.99917740797978,
-1.85637902169551,-1.71358063541124,-1.4279838628427,-1.14238709027416,
-1.07098789713203,-0.999588703989894,-0.928189510847759,-0.856790317705624,
-0.713991931421354,-0.571193545137085,-0.428395158852815,-0.285596772568545,
-0.142798386284275,-5.26640147766015E-15),.UNSPECIFIED.);
#483=B_SPLINE_CURVE_WITH_KNOTS('',3,(#11460,#11461,#11462,#11463,#11464,
#11465,#11466,#11467,#11468,#11469,#11470,#11471,#11472,#11473,#11474,#11475,
#11476),.UNSPECIFIED.,.F.,.F.,(4,1,1,1,1,1,1,1,1,1,1,1,1,1,4),(5.26640147766015E-15,
0.142798386284275,0.285596772568545,0.428395158852815,0.571193545137085,
0.713991931421354,0.856790317705624,0.928189510847759,0.999588703989894,
1.07098789713203,1.14238709027416,1.4279838628427,1.71358063541124,1.85637902169551,
1.99917740797978),.UNSPECIFIED.);
#484=B_SPLINE_CURVE_WITH_KNOTS('',3,(#11616,#11617,#11618,#11619,#11620,
#11621,#11622,#11623,#11624,#11625,#11626,#11627,#11628,#11629,#11630,#11631,
#11632,#11633),.UNSPECIFIED.,.F.,.F.,(4,1,1,1,1,1,1,1,1,1,1,1,1,1,1,4),
(-1.99912547063786,-1.71353611768959,-1.57074144121546,-1.42794676474133,
-1.39224809562279,-1.35654942650426,-1.33870009194499,-1.32085075738573,
-1.28515208826719,-1.21375475003013,-1.14235741179306,-0.856768058844796,
-0.571178705896531,-0.285589352948265,-0.142794676474133,0.),
 .UNSPECIFIED.);
#485=B_SPLINE_CURVE_WITH_KNOTS('',3,(#11635,#11636,#11637,#11638,#11639,
#11640,#11641,#11642,#11643),.UNSPECIFIED.,.F.,.F.,(4,1,1,1,1,1,4),(0.,
0.142794676474133,0.285589352948265,0.571178705896531,0.856768058844796,
1.14235741179306,1.18417380058564),.UNSPECIFIED.);
#486=B_SPLINE_CURVE_WITH_KNOTS('',3,(#11644,#11645,#11646,#11647,#11648,
#11649,#11650,#11651,#11652,#11653,#11654,#11655,#11656),.UNSPECIFIED.,
 .F.,.F.,(4,1,1,1,1,1,1,1,1,1,4),(1.1841475500206,1.21375475003013,1.28515208826719,
1.32085075738573,1.33870009194499,1.35654942650426,1.39224809562279,1.42794676474133,
1.57074144121546,1.71353611768959,1.99912547063786),.UNSPECIFIED.);
#487=FACE_OUTER_BOUND('',#870,.T.);
#488=FACE_OUTER_BOUND('',#871,.T.);
#489=FACE_OUTER_BOUND('',#872,.T.);
#490=FACE_OUTER_BOUND('',#873,.T.);
#491=FACE_OUTER_BOUND('',#874,.T.);
#492=FACE_OUTER_BOUND('',#875,.T.);
#493=FACE_OUTER_BOUND('',#876,.T.);
#494=FACE_OUTER_BOUND('',#877,.T.);
#495=FACE_OUTER_BOUND('',#878,.T.);
#496=FACE_OUTER_BOUND('',#881,.T.);
#497=FACE_OUTER_BOUND('',#882,.T.);
#498=FACE_OUTER_BOUND('',#883,.T.);
#499=FACE_OUTER_BOUND('',#884,.T.);
#500=FACE_OUTER_BOUND('',#885,.T.);
#501=FACE_OUTER_BOUND('',#887,.T.);
#502=FACE_OUTER_BOUND('',#888,.T.);
#503=FACE_OUTER_BOUND('',#890,.T.);
#504=FACE_OUTER_BOUND('',#892,.T.);
#505=FACE_OUTER_BOUND('',#893,.T.);
#506=FACE_OUTER_BOUND('',#894,.T.);
#507=FACE_OUTER_BOUND('',#896,.T.);
#508=FACE_OUTER_BOUND('',#897,.T.);
#509=FACE_OUTER_BOUND('',#898,.T.);
#510=FACE_OUTER_BOUND('',#899,.T.);
#511=FACE_OUTER_BOUND('',#900,.T.);
#512=FACE_OUTER_BOUND('',#901,.T.);
#513=FACE_OUTER_BOUND('',#902,.T.);
#514=FACE_OUTER_BOUND('',#903,.T.);
#515=FACE_OUTER_BOUND('',#904,.T.);
#516=FACE_OUTER_BOUND('',#906,.T.);
#517=FACE_OUTER_BOUND('',#907,.T.);
#518=FACE_OUTER_BOUND('',#908,.T.);
#519=FACE_OUTER_BOUND('',#909,.T.);
#520=FACE_OUTER_BOUND('',#910,.T.);
#521=FACE_OUTER_BOUND('',#911,.T.);
#522=FACE_OUTER_BOUND('',#912,.T.);
#523=FACE_OUTER_BOUND('',#914,.T.);
#524=FACE_OUTER_BOUND('',#915,.T.);
#525=FACE_OUTER_BOUND('',#916,.T.);
#526=FACE_OUTER_BOUND('',#917,.T.);
#527=FACE_OUTER_BOUND('',#918,.T.);
#528=FACE_OUTER_BOUND('',#919,.T.);
#529=FACE_OUTER_BOUND('',#920,.T.);
#530=FACE_OUTER_BOUND('',#928,.T.);
#531=FACE_OUTER_BOUND('',#929,.T.);
#532=FACE_OUTER_BOUND('',#930,.T.);
#533=FACE_OUTER_BOUND('',#931,.T.);
#534=FACE_OUTER_BOUND('',#932,.T.);
#535=FACE_OUTER_BOUND('',#933,.T.);
#536=FACE_OUTER_BOUND('',#934,.T.);
#537=FACE_OUTER_BOUND('',#935,.T.);
#538=FACE_OUTER_BOUND('',#936,.T.);
#539=FACE_OUTER_BOUND('',#937,.T.);
#540=FACE_OUTER_BOUND('',#938,.T.);
#541=FACE_OUTER_BOUND('',#939,.T.);
#542=FACE_OUTER_BOUND('',#940,.T.);
#543=FACE_OUTER_BOUND('',#941,.T.);
#544=FACE_OUTER_BOUND('',#942,.T.);
#545=FACE_OUTER_BOUND('',#943,.T.);
#546=FACE_OUTER_BOUND('',#944,.T.);
#547=FACE_OUTER_BOUND('',#945,.T.);
#548=FACE_OUTER_BOUND('',#946,.T.);
#549=FACE_OUTER_BOUND('',#947,.T.);
#550=FACE_OUTER_BOUND('',#951,.T.);
#551=FACE_OUTER_BOUND('',#952,.T.);
#552=FACE_OUTER_BOUND('',#953,.T.);
#553=FACE_OUTER_BOUND('',#954,.T.);
#554=FACE_OUTER_BOUND('',#955,.T.);
#555=FACE_OUTER_BOUND('',#956,.T.);
#556=FACE_OUTER_BOUND('',#957,.T.);
#557=FACE_OUTER_BOUND('',#958,.T.);
#558=FACE_OUTER_BOUND('',#959,.T.);
#559=FACE_OUTER_BOUND('',#960,.T.);
#560=FACE_OUTER_BOUND('',#961,.T.);
#561=FACE_OUTER_BOUND('',#962,.T.);
#562=FACE_OUTER_BOUND('',#963,.T.);
#563=FACE_OUTER_BOUND('',#964,.T.);
#564=FACE_OUTER_BOUND('',#965,.T.);
#565=FACE_OUTER_BOUND('',#966,.T.);
#566=FACE_OUTER_BOUND('',#967,.T.);
#567=FACE_OUTER_BOUND('',#968,.T.);
#568=FACE_OUTER_BOUND('',#969,.T.);
#569=FACE_OUTER_BOUND('',#970,.T.);
#570=FACE_OUTER_BOUND('',#971,.T.);
#571=FACE_OUTER_BOUND('',#979,.T.);
#572=FACE_OUTER_BOUND('',#980,.T.);
#573=FACE_OUTER_BOUND('',#981,.T.);
#574=FACE_OUTER_BOUND('',#982,.T.);
#575=FACE_OUTER_BOUND('',#983,.T.);
#576=FACE_OUTER_BOUND('',#984,.T.);
#577=FACE_OUTER_BOUND('',#985,.T.);
#578=FACE_OUTER_BOUND('',#986,.T.);
#579=FACE_OUTER_BOUND('',#987,.T.);
#580=FACE_OUTER_BOUND('',#988,.T.);
#581=FACE_OUTER_BOUND('',#989,.T.);
#582=FACE_OUTER_BOUND('',#990,.T.);
#583=FACE_OUTER_BOUND('',#991,.T.);
#584=FACE_OUTER_BOUND('',#992,.T.);
#585=FACE_OUTER_BOUND('',#993,.T.);
#586=FACE_OUTER_BOUND('',#994,.T.);
#587=FACE_OUTER_BOUND('',#995,.T.);
#588=FACE_OUTER_BOUND('',#996,.T.);
#589=FACE_OUTER_BOUND('',#997,.T.);
#590=FACE_OUTER_BOUND('',#998,.T.);
#591=FACE_OUTER_BOUND('',#999,.T.);
#592=FACE_OUTER_BOUND('',#1000,.T.);
#593=FACE_OUTER_BOUND('',#1001,.T.);
#594=FACE_OUTER_BOUND('',#1002,.T.);
#595=FACE_OUTER_BOUND('',#1003,.T.);
#596=FACE_OUTER_BOUND('',#1004,.T.);
#597=FACE_OUTER_BOUND('',#1005,.T.);
#598=FACE_OUTER_BOUND('',#1006,.T.);
#599=FACE_OUTER_BOUND('',#1007,.T.);
#600=FACE_OUTER_BOUND('',#1008,.T.);
#601=FACE_OUTER_BOUND('',#1009,.T.);
#602=FACE_OUTER_BOUND('',#1010,.T.);
#603=FACE_OUTER_BOUND('',#1011,.T.);
#604=FACE_OUTER_BOUND('',#1012,.T.);
#605=FACE_OUTER_BOUND('',#1013,.T.);
#606=FACE_OUTER_BOUND('',#1014,.T.);
#607=FACE_OUTER_BOUND('',#1015,.T.);
#608=FACE_OUTER_BOUND('',#1016,.T.);
#609=FACE_OUTER_BOUND('',#1017,.T.);
#610=FACE_OUTER_BOUND('',#1018,.T.);
#611=FACE_OUTER_BOUND('',#1019,.T.);
#612=FACE_OUTER_BOUND('',#1020,.T.);
#613=FACE_OUTER_BOUND('',#1021,.T.);
#614=FACE_OUTER_BOUND('',#1022,.T.);
#615=FACE_OUTER_BOUND('',#1023,.T.);
#616=FACE_OUTER_BOUND('',#1025,.T.);
#617=FACE_OUTER_BOUND('',#1026,.T.);
#618=FACE_OUTER_BOUND('',#1027,.T.);
#619=FACE_OUTER_BOUND('',#1028,.T.);
#620=FACE_OUTER_BOUND('',#1029,.T.);
#621=FACE_OUTER_BOUND('',#1030,.T.);
#622=FACE_OUTER_BOUND('',#1031,.T.);
#623=FACE_OUTER_BOUND('',#1032,.T.);
#624=FACE_OUTER_BOUND('',#1033,.T.);
#625=FACE_OUTER_BOUND('',#1034,.T.);
#626=FACE_OUTER_BOUND('',#1035,.T.);
#627=FACE_OUTER_BOUND('',#1036,.T.);
#628=FACE_OUTER_BOUND('',#1037,.T.);
#629=FACE_OUTER_BOUND('',#1038,.T.);
#630=FACE_OUTER_BOUND('',#1039,.T.);
#631=FACE_OUTER_BOUND('',#1040,.T.);
#632=FACE_OUTER_BOUND('',#1041,.T.);
#633=FACE_OUTER_BOUND('',#1042,.T.);
#634=FACE_OUTER_BOUND('',#1043,.T.);
#635=FACE_OUTER_BOUND('',#1044,.T.);
#636=FACE_OUTER_BOUND('',#1045,.T.);
#637=FACE_OUTER_BOUND('',#1046,.T.);
#638=FACE_OUTER_BOUND('',#1047,.T.);
#639=FACE_OUTER_BOUND('',#1048,.T.);
#640=FACE_OUTER_BOUND('',#1049,.T.);
#641=FACE_OUTER_BOUND('',#1050,.T.);
#642=FACE_OUTER_BOUND('',#1051,.T.);
#643=FACE_OUTER_BOUND('',#1052,.T.);
#644=FACE_OUTER_BOUND('',#1053,.T.);
#645=FACE_OUTER_BOUND('',#1054,.T.);
#646=FACE_OUTER_BOUND('',#1055,.T.);
#647=FACE_OUTER_BOUND('',#1056,.T.);
#648=FACE_OUTER_BOUND('',#1057,.T.);
#649=FACE_OUTER_BOUND('',#1058,.T.);
#650=FACE_OUTER_BOUND('',#1059,.T.);
#651=FACE_OUTER_BOUND('',#1060,.T.);
#652=FACE_OUTER_BOUND('',#1061,.T.);
#653=FACE_OUTER_BOUND('',#1062,.T.);
#654=FACE_OUTER_BOUND('',#1063,.T.);
#655=FACE_OUTER_BOUND('',#1064,.T.);
#656=FACE_OUTER_BOUND('',#1065,.T.);
#657=FACE_OUTER_BOUND('',#1066,.T.);
#658=FACE_OUTER_BOUND('',#1067,.T.);
#659=FACE_OUTER_BOUND('',#1068,.T.);
#660=FACE_OUTER_BOUND('',#1070,.T.);
#661=FACE_OUTER_BOUND('',#1071,.T.);
#662=FACE_OUTER_BOUND('',#1072,.T.);
#663=FACE_OUTER_BOUND('',#1074,.T.);
#664=FACE_OUTER_BOUND('',#1075,.T.);
#665=FACE_OUTER_BOUND('',#1076,.T.);
#666=FACE_OUTER_BOUND('',#1077,.T.);
#667=FACE_OUTER_BOUND('',#1078,.T.);
#668=FACE_OUTER_BOUND('',#1079,.T.);
#669=FACE_OUTER_BOUND('',#1080,.T.);
#670=FACE_OUTER_BOUND('',#1081,.T.);
#671=FACE_OUTER_BOUND('',#1083,.T.);
#672=FACE_OUTER_BOUND('',#1084,.T.);
#673=FACE_OUTER_BOUND('',#1086,.T.);
#674=FACE_OUTER_BOUND('',#1097,.T.);
#675=FACE_OUTER_BOUND('',#1098,.T.);
#676=FACE_OUTER_BOUND('',#1099,.T.);
#677=FACE_OUTER_BOUND('',#1100,.T.);
#678=FACE_OUTER_BOUND('',#1101,.T.);
#679=FACE_OUTER_BOUND('',#1102,.T.);
#680=FACE_OUTER_BOUND('',#1103,.T.);
#681=FACE_OUTER_BOUND('',#1104,.T.);
#682=FACE_OUTER_BOUND('',#1105,.T.);
#683=FACE_OUTER_BOUND('',#1106,.T.);
#684=FACE_OUTER_BOUND('',#1107,.T.);
#685=FACE_OUTER_BOUND('',#1108,.T.);
#686=FACE_OUTER_BOUND('',#1109,.T.);
#687=FACE_OUTER_BOUND('',#1110,.T.);
#688=FACE_OUTER_BOUND('',#1111,.T.);
#689=FACE_OUTER_BOUND('',#1112,.T.);
#690=FACE_OUTER_BOUND('',#1113,.T.);
#691=FACE_OUTER_BOUND('',#1114,.T.);
#692=FACE_OUTER_BOUND('',#1115,.T.);
#693=FACE_OUTER_BOUND('',#1116,.T.);
#694=FACE_OUTER_BOUND('',#1117,.T.);
#695=FACE_OUTER_BOUND('',#1118,.T.);
#696=FACE_OUTER_BOUND('',#1119,.T.);
#697=FACE_OUTER_BOUND('',#1120,.T.);
#698=FACE_OUTER_BOUND('',#1121,.T.);
#699=FACE_OUTER_BOUND('',#1122,.T.);
#700=FACE_OUTER_BOUND('',#1123,.T.);
#701=FACE_OUTER_BOUND('',#1124,.T.);
#702=FACE_OUTER_BOUND('',#1125,.T.);
#703=FACE_OUTER_BOUND('',#1126,.T.);
#704=FACE_OUTER_BOUND('',#1127,.T.);
#705=FACE_OUTER_BOUND('',#1128,.T.);
#706=FACE_OUTER_BOUND('',#1129,.T.);
#707=FACE_OUTER_BOUND('',#1130,.T.);
#708=FACE_OUTER_BOUND('',#1131,.T.);
#709=FACE_OUTER_BOUND('',#1132,.T.);
#710=FACE_OUTER_BOUND('',#1133,.T.);
#711=FACE_OUTER_BOUND('',#1144,.T.);
#712=FACE_OUTER_BOUND('',#1145,.T.);
#713=FACE_OUTER_BOUND('',#1146,.T.);
#714=FACE_OUTER_BOUND('',#1147,.T.);
#715=FACE_OUTER_BOUND('',#1148,.T.);
#716=FACE_OUTER_BOUND('',#1149,.T.);
#717=FACE_OUTER_BOUND('',#1150,.T.);
#718=FACE_OUTER_BOUND('',#1151,.T.);
#719=FACE_OUTER_BOUND('',#1152,.T.);
#720=FACE_OUTER_BOUND('',#1153,.T.);
#721=FACE_OUTER_BOUND('',#1154,.T.);
#722=FACE_OUTER_BOUND('',#1155,.T.);
#723=FACE_OUTER_BOUND('',#1156,.T.);
#724=FACE_OUTER_BOUND('',#1157,.T.);
#725=FACE_OUTER_BOUND('',#1158,.T.);
#726=FACE_OUTER_BOUND('',#1159,.T.);
#727=FACE_OUTER_BOUND('',#1160,.T.);
#728=FACE_OUTER_BOUND('',#1161,.T.);
#729=FACE_OUTER_BOUND('',#1162,.T.);
#730=FACE_OUTER_BOUND('',#1163,.T.);
#731=FACE_OUTER_BOUND('',#1164,.T.);
#732=FACE_OUTER_BOUND('',#1165,.T.);
#733=FACE_OUTER_BOUND('',#1166,.T.);
#734=FACE_OUTER_BOUND('',#1167,.T.);
#735=FACE_OUTER_BOUND('',#1168,.T.);
#736=FACE_OUTER_BOUND('',#1169,.T.);
#737=FACE_OUTER_BOUND('',#1170,.T.);
#738=FACE_OUTER_BOUND('',#1171,.T.);
#739=FACE_OUTER_BOUND('',#1172,.T.);
#740=FACE_OUTER_BOUND('',#1173,.T.);
#741=FACE_OUTER_BOUND('',#1174,.T.);
#742=FACE_OUTER_BOUND('',#1175,.T.);
#743=FACE_OUTER_BOUND('',#1176,.T.);
#744=FACE_OUTER_BOUND('',#1177,.T.);
#745=FACE_OUTER_BOUND('',#1178,.T.);
#746=FACE_OUTER_BOUND('',#1179,.T.);
#747=FACE_OUTER_BOUND('',#1180,.T.);
#748=FACE_OUTER_BOUND('',#1181,.T.);
#749=FACE_OUTER_BOUND('',#1184,.T.);
#750=FACE_OUTER_BOUND('',#1186,.T.);
#751=FACE_OUTER_BOUND('',#1187,.T.);
#752=FACE_OUTER_BOUND('',#1188,.T.);
#753=FACE_OUTER_BOUND('',#1189,.T.);
#754=FACE_OUTER_BOUND('',#1190,.T.);
#755=FACE_OUTER_BOUND('',#1191,.T.);
#756=FACE_OUTER_BOUND('',#1192,.T.);
#757=FACE_OUTER_BOUND('',#1193,.T.);
#758=FACE_OUTER_BOUND('',#1196,.T.);
#759=FACE_OUTER_BOUND('',#1197,.T.);
#760=FACE_OUTER_BOUND('',#1198,.T.);
#761=FACE_OUTER_BOUND('',#1200,.T.);
#762=FACE_OUTER_BOUND('',#1201,.T.);
#763=FACE_OUTER_BOUND('',#1202,.T.);
#764=FACE_OUTER_BOUND('',#1203,.T.);
#765=FACE_OUTER_BOUND('',#1204,.T.);
#766=FACE_OUTER_BOUND('',#1206,.T.);
#767=FACE_OUTER_BOUND('',#1207,.T.);
#768=FACE_OUTER_BOUND('',#1208,.T.);
#769=FACE_OUTER_BOUND('',#1209,.T.);
#770=FACE_OUTER_BOUND('',#1210,.T.);
#771=FACE_OUTER_BOUND('',#1211,.T.);
#772=FACE_OUTER_BOUND('',#1212,.T.);
#773=FACE_OUTER_BOUND('',#1213,.T.);
#774=FACE_OUTER_BOUND('',#1214,.T.);
#775=FACE_OUTER_BOUND('',#1215,.T.);
#776=FACE_OUTER_BOUND('',#1216,.T.);
#777=FACE_OUTER_BOUND('',#1217,.T.);
#778=FACE_OUTER_BOUND('',#1218,.T.);
#779=FACE_OUTER_BOUND('',#1219,.T.);
#780=FACE_OUTER_BOUND('',#1220,.T.);
#781=FACE_OUTER_BOUND('',#1221,.T.);
#782=FACE_OUTER_BOUND('',#1222,.T.);
#783=FACE_OUTER_BOUND('',#1223,.T.);
#784=FACE_OUTER_BOUND('',#1224,.T.);
#785=FACE_OUTER_BOUND('',#1225,.T.);
#786=FACE_OUTER_BOUND('',#1227,.T.);
#787=FACE_OUTER_BOUND('',#1229,.T.);
#788=FACE_OUTER_BOUND('',#1230,.T.);
#789=FACE_OUTER_BOUND('',#1231,.T.);
#790=FACE_OUTER_BOUND('',#1232,.T.);
#791=FACE_OUTER_BOUND('',#1234,.T.);
#792=FACE_OUTER_BOUND('',#1235,.T.);
#793=FACE_OUTER_BOUND('',#1236,.T.);
#794=FACE_OUTER_BOUND('',#1237,.T.);
#795=FACE_OUTER_BOUND('',#1238,.T.);
#796=FACE_OUTER_BOUND('',#1239,.T.);
#797=FACE_OUTER_BOUND('',#1240,.T.);
#798=FACE_OUTER_BOUND('',#1241,.T.);
#799=FACE_OUTER_BOUND('',#1242,.T.);
#800=FACE_OUTER_BOUND('',#1243,.T.);
#801=FACE_OUTER_BOUND('',#1244,.T.);
#802=FACE_OUTER_BOUND('',#1245,.T.);
#803=FACE_OUTER_BOUND('',#1246,.T.);
#804=FACE_OUTER_BOUND('',#1247,.T.);
#805=FACE_OUTER_BOUND('',#1248,.T.);
#806=FACE_OUTER_BOUND('',#1249,.T.);
#807=FACE_OUTER_BOUND('',#1250,.T.);
#808=FACE_OUTER_BOUND('',#1251,.T.);
#809=FACE_OUTER_BOUND('',#1252,.T.);
#810=FACE_OUTER_BOUND('',#1253,.T.);
#811=FACE_OUTER_BOUND('',#1254,.T.);
#812=FACE_OUTER_BOUND('',#1255,.T.);
#813=FACE_OUTER_BOUND('',#1256,.T.);
#814=FACE_OUTER_BOUND('',#1257,.T.);
#815=FACE_OUTER_BOUND('',#1260,.T.);
#816=FACE_OUTER_BOUND('',#1261,.T.);
#817=FACE_OUTER_BOUND('',#1262,.T.);
#818=FACE_OUTER_BOUND('',#1263,.T.);
#819=FACE_OUTER_BOUND('',#1264,.T.);
#820=FACE_OUTER_BOUND('',#1266,.T.);
#821=FACE_OUTER_BOUND('',#1267,.T.);
#822=FACE_OUTER_BOUND('',#1268,.T.);
#823=FACE_OUTER_BOUND('',#1270,.T.);
#824=FACE_OUTER_BOUND('',#1271,.T.);
#825=FACE_OUTER_BOUND('',#1272,.T.);
#826=FACE_OUTER_BOUND('',#1273,.T.);
#827=FACE_OUTER_BOUND('',#1274,.T.);
#828=FACE_OUTER_BOUND('',#1275,.T.);
#829=FACE_OUTER_BOUND('',#1276,.T.);
#830=FACE_OUTER_BOUND('',#1277,.T.);
#831=FACE_OUTER_BOUND('',#1278,.T.);
#832=FACE_OUTER_BOUND('',#1279,.T.);
#833=FACE_OUTER_BOUND('',#1280,.T.);
#834=FACE_OUTER_BOUND('',#1281,.T.);
#835=FACE_OUTER_BOUND('',#1282,.T.);
#836=FACE_OUTER_BOUND('',#1283,.T.);
#837=FACE_OUTER_BOUND('',#1284,.T.);
#838=FACE_OUTER_BOUND('',#1285,.T.);
#839=FACE_OUTER_BOUND('',#1286,.T.);
#840=FACE_OUTER_BOUND('',#1287,.T.);
#841=FACE_OUTER_BOUND('',#1288,.T.);
#842=FACE_OUTER_BOUND('',#1289,.T.);
#843=FACE_OUTER_BOUND('',#1299,.T.);
#844=FACE_OUTER_BOUND('',#1310,.T.);
#845=FACE_OUTER_BOUND('',#1311,.T.);
#846=FACE_OUTER_BOUND('',#1312,.T.);
#847=FACE_OUTER_BOUND('',#1313,.T.);
#848=FACE_OUTER_BOUND('',#1314,.T.);
#849=FACE_OUTER_BOUND('',#1315,.T.);
#850=FACE_OUTER_BOUND('',#1316,.T.);
#851=FACE_OUTER_BOUND('',#1317,.T.);
#852=FACE_OUTER_BOUND('',#1318,.T.);
#853=FACE_OUTER_BOUND('',#1319,.T.);
#854=FACE_OUTER_BOUND('',#1320,.T.);
#855=FACE_OUTER_BOUND('',#1321,.T.);
#856=FACE_OUTER_BOUND('',#1322,.T.);
#857=FACE_OUTER_BOUND('',#1323,.T.);
#858=FACE_OUTER_BOUND('',#1324,.T.);
#859=FACE_OUTER_BOUND('',#1325,.T.);
#860=FACE_OUTER_BOUND('',#1326,.T.);
#861=FACE_OUTER_BOUND('',#1327,.T.);
#862=FACE_OUTER_BOUND('',#1328,.T.);
#863=FACE_OUTER_BOUND('',#1329,.T.);
#864=FACE_OUTER_BOUND('',#1330,.T.);
#865=FACE_OUTER_BOUND('',#1331,.T.);
#866=FACE_OUTER_BOUND('',#1332,.T.);
#867=FACE_OUTER_BOUND('',#1333,.T.);
#868=FACE_OUTER_BOUND('',#1334,.T.);
#869=FACE_OUTER_BOUND('',#1335,.T.);
#870=EDGE_LOOP('',(#4364,#4365,#4366,#4367,#4368));
#871=EDGE_LOOP('',(#4369,#4370,#4371,#4372));
#872=EDGE_LOOP('',(#4373,#4374,#4375,#4376,#4377));
#873=EDGE_LOOP('',(#4378,#4379,#4380,#4381,#4382,#4383,#4384,#4385,#4386,
#4387));
#874=EDGE_LOOP('',(#4388,#4389,#4390,#4391,#4392,#4393,#4394,#4395,#4396,
#4397,#4398,#4399,#4400,#4401,#4402,#4403,#4404,#4405,#4406,#4407,#4408,
#4409,#4410,#4411,#4412,#4413,#4414,#4415));
#875=EDGE_LOOP('',(#4416,#4417,#4418,#4419));
#876=EDGE_LOOP('',(#4420,#4421,#4422,#4423));
#877=EDGE_LOOP('',(#4424,#4425,#4426,#4427));
#878=EDGE_LOOP('',(#4428,#4429,#4430,#4431,#4432,#4433,#4434,#4435,#4436,
#4437,#4438,#4439,#4440,#4441,#4442,#4443));
#879=EDGE_LOOP('',(#4444));
#880=EDGE_LOOP('',(#4445));
#881=EDGE_LOOP('',(#4446,#4447,#4448,#4449));
#882=EDGE_LOOP('',(#4450,#4451,#4452,#4453));
#883=EDGE_LOOP('',(#4454,#4455,#4456,#4457));
#884=EDGE_LOOP('',(#4458,#4459,#4460,#4461,#4462,#4463));
#885=EDGE_LOOP('',(#4464,#4465,#4466,#4467,#4468));
#886=EDGE_LOOP('',(#4469));
#887=EDGE_LOOP('',(#4470,#4471,#4472,#4473));
#888=EDGE_LOOP('',(#4474,#4475,#4476,#4477,#4478));
#889=EDGE_LOOP('',(#4479));
#890=EDGE_LOOP('',(#4480,#4481,#4482,#4483,#4484));
#891=EDGE_LOOP('',(#4485));
#892=EDGE_LOOP('',(#4486,#4487,#4488,#4489,#4490,#4491,#4492,#4493,#4494,
#4495,#4496,#4497));
#893=EDGE_LOOP('',(#4498,#4499,#4500,#4501));
#894=EDGE_LOOP('',(#4502,#4503,#4504,#4505,#4506));
#895=EDGE_LOOP('',(#4507));
#896=EDGE_LOOP('',(#4508,#4509,#4510,#4511,#4512,#4513,#4514,#4515,#4516,
#4517));
#897=EDGE_LOOP('',(#4518,#4519,#4520,#4521));
#898=EDGE_LOOP('',(#4522,#4523,#4524,#4525,#4526));
#899=EDGE_LOOP('',(#4527,#4528,#4529,#4530));
#900=EDGE_LOOP('',(#4531,#4532,#4533,#4534,#4535));
#901=EDGE_LOOP('',(#4536,#4537,#4538,#4539,#4540,#4541));
#902=EDGE_LOOP('',(#4542,#4543,#4544,#4545));
#903=EDGE_LOOP('',(#4546,#4547,#4548,#4549));
#904=EDGE_LOOP('',(#4550,#4551,#4552,#4553));
#905=EDGE_LOOP('',(#4554));
#906=EDGE_LOOP('',(#4555,#4556,#4557,#4558));
#907=EDGE_LOOP('',(#4559,#4560,#4561,#4562));
#908=EDGE_LOOP('',(#4563,#4564,#4565,#4566));
#909=EDGE_LOOP('',(#4567,#4568,#4569,#4570));
#910=EDGE_LOOP('',(#4571,#4572,#4573,#4574));
#911=EDGE_LOOP('',(#4575,#4576,#4577,#4578,#4579,#4580,#4581,#4582,#4583,
#4584));
#912=EDGE_LOOP('',(#4585,#4586,#4587,#4588));
#913=EDGE_LOOP('',(#4589));
#914=EDGE_LOOP('',(#4590,#4591,#4592,#4593));
#915=EDGE_LOOP('',(#4594,#4595,#4596,#4597));
#916=EDGE_LOOP('',(#4598,#4599,#4600,#4601));
#917=EDGE_LOOP('',(#4602,#4603,#4604,#4605));
#918=EDGE_LOOP('',(#4606,#4607,#4608,#4609));
#919=EDGE_LOOP('',(#4610,#4611,#4612,#4613,#4614,#4615,#4616,#4617));
#920=EDGE_LOOP('',(#4618,#4619,#4620,#4621));
#921=EDGE_LOOP('',(#4622,#4623,#4624,#4625,#4626,#4627,#4628,#4629));
#922=EDGE_LOOP('',(#4630));
#923=EDGE_LOOP('',(#4631));
#924=EDGE_LOOP('',(#4632));
#925=EDGE_LOOP('',(#4633));
#926=EDGE_LOOP('',(#4634));
#927=EDGE_LOOP('',(#4635));
#928=EDGE_LOOP('',(#4636,#4637,#4638,#4639));
#929=EDGE_LOOP('',(#4640,#4641,#4642,#4643,#4644,#4645));
#930=EDGE_LOOP('',(#4646,#4647,#4648,#4649,#4650));
#931=EDGE_LOOP('',(#4651,#4652,#4653,#4654));
#932=EDGE_LOOP('',(#4655,#4656,#4657,#4658,#4659));
#933=EDGE_LOOP('',(#4660,#4661,#4662,#4663));
#934=EDGE_LOOP('',(#4664,#4665,#4666,#4667));
#935=EDGE_LOOP('',(#4668,#4669,#4670,#4671));
#936=EDGE_LOOP('',(#4672,#4673,#4674,#4675));
#937=EDGE_LOOP('',(#4676,#4677,#4678,#4679));
#938=EDGE_LOOP('',(#4680,#4681,#4682,#4683));
#939=EDGE_LOOP('',(#4684,#4685,#4686,#4687));
#940=EDGE_LOOP('',(#4688,#4689,#4690,#4691));
#941=EDGE_LOOP('',(#4692));
#942=EDGE_LOOP('',(#4693,#4694,#4695,#4696));
#943=EDGE_LOOP('',(#4697,#4698,#4699,#4700,#4701,#4702,#4703,#4704,#4705,
#4706,#4707,#4708));
#944=EDGE_LOOP('',(#4709,#4710,#4711,#4712));
#945=EDGE_LOOP('',(#4713));
#946=EDGE_LOOP('',(#4714,#4715,#4716,#4717));
#947=EDGE_LOOP('',(#4718,#4719,#4720,#4721,#4722,#4723));
#948=EDGE_LOOP('',(#4724));
#949=EDGE_LOOP('',(#4725,#4726,#4727,#4728));
#950=EDGE_LOOP('',(#4729,#4730,#4731,#4732,#4733,#4734,#4735,#4736));
#951=EDGE_LOOP('',(#4737,#4738,#4739,#4740));
#952=EDGE_LOOP('',(#4741,#4742,#4743,#4744));
#953=EDGE_LOOP('',(#4745,#4746,#4747,#4748));
#954=EDGE_LOOP('',(#4749,#4750,#4751,#4752));
#955=EDGE_LOOP('',(#4753,#4754,#4755,#4756));
#956=EDGE_LOOP('',(#4757,#4758,#4759,#4760));
#957=EDGE_LOOP('',(#4761,#4762,#4763,#4764));
#958=EDGE_LOOP('',(#4765,#4766,#4767,#4768));
#959=EDGE_LOOP('',(#4769,#4770,#4771,#4772));
#960=EDGE_LOOP('',(#4773,#4774,#4775,#4776));
#961=EDGE_LOOP('',(#4777,#4778,#4779,#4780));
#962=EDGE_LOOP('',(#4781,#4782,#4783,#4784));
#963=EDGE_LOOP('',(#4785,#4786,#4787,#4788));
#964=EDGE_LOOP('',(#4789,#4790,#4791,#4792));
#965=EDGE_LOOP('',(#4793,#4794,#4795,#4796));
#966=EDGE_LOOP('',(#4797,#4798,#4799,#4800));
#967=EDGE_LOOP('',(#4801,#4802,#4803,#4804));
#968=EDGE_LOOP('',(#4805,#4806,#4807,#4808));
#969=EDGE_LOOP('',(#4809,#4810,#4811,#4812));
#970=EDGE_LOOP('',(#4813,#4814,#4815,#4816));
#971=EDGE_LOOP('',(#4817,#4818,#4819,#4820));
#972=EDGE_LOOP('',(#4821,#4822,#4823,#4824,#4825,#4826,#4827,#4828));
#973=EDGE_LOOP('',(#4829));
#974=EDGE_LOOP('',(#4830));
#975=EDGE_LOOP('',(#4831));
#976=EDGE_LOOP('',(#4832));
#977=EDGE_LOOP('',(#4833));
#978=EDGE_LOOP('',(#4834));
#979=EDGE_LOOP('',(#4835,#4836,#4837,#4838));
#980=EDGE_LOOP('',(#4839,#4840,#4841,#4842));
#981=EDGE_LOOP('',(#4843,#4844,#4845,#4846));
#982=EDGE_LOOP('',(#4847,#4848,#4849,#4850));
#983=EDGE_LOOP('',(#4851,#4852,#4853,#4854,#4855));
#984=EDGE_LOOP('',(#4856,#4857,#4858,#4859));
#985=EDGE_LOOP('',(#4860,#4861,#4862,#4863));
#986=EDGE_LOOP('',(#4864,#4865,#4866,#4867));
#987=EDGE_LOOP('',(#4868,#4869,#4870,#4871));
#988=EDGE_LOOP('',(#4872,#4873,#4874,#4875));
#989=EDGE_LOOP('',(#4876,#4877,#4878,#4879));
#990=EDGE_LOOP('',(#4880,#4881,#4882,#4883));
#991=EDGE_LOOP('',(#4884,#4885,#4886,#4887));
#992=EDGE_LOOP('',(#4888,#4889,#4890,#4891));
#993=EDGE_LOOP('',(#4892,#4893,#4894,#4895));
#994=EDGE_LOOP('',(#4896,#4897,#4898,#4899));
#995=EDGE_LOOP('',(#4900,#4901,#4902,#4903));
#996=EDGE_LOOP('',(#4904,#4905,#4906,#4907));
#997=EDGE_LOOP('',(#4908,#4909,#4910,#4911));
#998=EDGE_LOOP('',(#4912,#4913,#4914,#4915));
#999=EDGE_LOOP('',(#4916,#4917,#4918,#4919));
#1000=EDGE_LOOP('',(#4920,#4921,#4922,#4923));
#1001=EDGE_LOOP('',(#4924,#4925,#4926,#4927));
#1002=EDGE_LOOP('',(#4928,#4929,#4930,#4931));
#1003=EDGE_LOOP('',(#4932,#4933,#4934,#4935));
#1004=EDGE_LOOP('',(#4936,#4937,#4938,#4939));
#1005=EDGE_LOOP('',(#4940,#4941,#4942,#4943));
#1006=EDGE_LOOP('',(#4944,#4945,#4946,#4947));
#1007=EDGE_LOOP('',(#4948,#4949,#4950,#4951));
#1008=EDGE_LOOP('',(#4952,#4953,#4954,#4955));
#1009=EDGE_LOOP('',(#4956));
#1010=EDGE_LOOP('',(#4957,#4958,#4959,#4960,#4961));
#1011=EDGE_LOOP('',(#4962,#4963,#4964,#4965));
#1012=EDGE_LOOP('',(#4966,#4967,#4968,#4969,#4970,#4971,#4972));
#1013=EDGE_LOOP('',(#4973,#4974,#4975,#4976));
#1014=EDGE_LOOP('',(#4977,#4978,#4979,#4980,#4981));
#1015=EDGE_LOOP('',(#4982,#4983,#4984,#4985,#4986,#4987,#4988,#4989));
#1016=EDGE_LOOP('',(#4990,#4991));
#1017=EDGE_LOOP('',(#4992,#4993,#4994,#4995));
#1018=EDGE_LOOP('',(#4996,#4997,#4998,#4999));
#1019=EDGE_LOOP('',(#5000,#5001,#5002,#5003));
#1020=EDGE_LOOP('',(#5004,#5005,#5006,#5007));
#1021=EDGE_LOOP('',(#5008,#5009,#5010,#5011));
#1022=EDGE_LOOP('',(#5012,#5013,#5014,#5015,#5016,#5017,#5018,#5019));
#1023=EDGE_LOOP('',(#5020,#5021,#5022,#5023));
#1024=EDGE_LOOP('',(#5024,#5025,#5026,#5027,#5028,#5029,#5030,#5031));
#1025=EDGE_LOOP('',(#5032,#5033,#5034,#5035));
#1026=EDGE_LOOP('',(#5036,#5037,#5038,#5039));
#1027=EDGE_LOOP('',(#5040,#5041,#5042,#5043));
#1028=EDGE_LOOP('',(#5044,#5045,#5046,#5047));
#1029=EDGE_LOOP('',(#5048,#5049,#5050,#5051,#5052,#5053,#5054));
#1030=EDGE_LOOP('',(#5055,#5056,#5057,#5058,#5059));
#1031=EDGE_LOOP('',(#5060,#5061,#5062,#5063));
#1032=EDGE_LOOP('',(#5064,#5065,#5066,#5067,#5068));
#1033=EDGE_LOOP('',(#5069,#5070,#5071,#5072,#5073,#5074,#5075));
#1034=EDGE_LOOP('',(#5076,#5077,#5078,#5079));
#1035=EDGE_LOOP('',(#5080,#5081,#5082,#5083,#5084,#5085,#5086,#5087));
#1036=EDGE_LOOP('',(#5088,#5089,#5090,#5091,#5092,#5093));
#1037=EDGE_LOOP('',(#5094,#5095,#5096,#5097,#5098,#5099,#5100));
#1038=EDGE_LOOP('',(#5101,#5102,#5103,#5104));
#1039=EDGE_LOOP('',(#5105,#5106,#5107,#5108));
#1040=EDGE_LOOP('',(#5109,#5110,#5111,#5112));
#1041=EDGE_LOOP('',(#5113,#5114,#5115,#5116,#5117,#5118,#5119));
#1042=EDGE_LOOP('',(#5120,#5121,#5122,#5123));
#1043=EDGE_LOOP('',(#5124,#5125,#5126,#5127));
#1044=EDGE_LOOP('',(#5128,#5129,#5130,#5131));
#1045=EDGE_LOOP('',(#5132,#5133,#5134,#5135));
#1046=EDGE_LOOP('',(#5136,#5137,#5138,#5139,#5140,#5141,#5142,#5143,#5144,
#5145,#5146,#5147,#5148,#5149));
#1047=EDGE_LOOP('',(#5150,#5151));
#1048=EDGE_LOOP('',(#5152,#5153,#5154,#5155));
#1049=EDGE_LOOP('',(#5156,#5157,#5158,#5159));
#1050=EDGE_LOOP('',(#5160,#5161,#5162,#5163));
#1051=EDGE_LOOP('',(#5164,#5165,#5166,#5167));
#1052=EDGE_LOOP('',(#5168,#5169,#5170,#5171));
#1053=EDGE_LOOP('',(#5172,#5173,#5174,#5175));
#1054=EDGE_LOOP('',(#5176,#5177,#5178,#5179));
#1055=EDGE_LOOP('',(#5180,#5181,#5182,#5183));
#1056=EDGE_LOOP('',(#5184,#5185,#5186,#5187));
#1057=EDGE_LOOP('',(#5188,#5189,#5190,#5191));
#1058=EDGE_LOOP('',(#5192,#5193,#5194,#5195));
#1059=EDGE_LOOP('',(#5196,#5197,#5198,#5199));
#1060=EDGE_LOOP('',(#5200,#5201,#5202,#5203));
#1061=EDGE_LOOP('',(#5204,#5205,#5206,#5207));
#1062=EDGE_LOOP('',(#5208,#5209,#5210,#5211));
#1063=EDGE_LOOP('',(#5212,#5213,#5214,#5215));
#1064=EDGE_LOOP('',(#5216,#5217,#5218,#5219));
#1065=EDGE_LOOP('',(#5220,#5221,#5222,#5223));
#1066=EDGE_LOOP('',(#5224,#5225,#5226,#5227));
#1067=EDGE_LOOP('',(#5228,#5229,#5230,#5231));
#1068=EDGE_LOOP('',(#5232,#5233,#5234,#5235,#5236));
#1069=EDGE_LOOP('',(#5237));
#1070=EDGE_LOOP('',(#5238,#5239,#5240,#5241));
#1071=EDGE_LOOP('',(#5242,#5243,#5244,#5245));
#1072=EDGE_LOOP('',(#5246,#5247,#5248,#5249,#5250));
#1073=EDGE_LOOP('',(#5251));
#1074=EDGE_LOOP('',(#5252,#5253,#5254,#5255));
#1075=EDGE_LOOP('',(#5256,#5257,#5258,#5259));
#1076=EDGE_LOOP('',(#5260,#5261,#5262,#5263));
#1077=EDGE_LOOP('',(#5264,#5265,#5266,#5267));
#1078=EDGE_LOOP('',(#5268,#5269,#5270,#5271));
#1079=EDGE_LOOP('',(#5272,#5273,#5274,#5275));
#1080=EDGE_LOOP('',(#5276,#5277,#5278,#5279));
#1081=EDGE_LOOP('',(#5280,#5281,#5282,#5283,#5284));
#1082=EDGE_LOOP('',(#5285));
#1083=EDGE_LOOP('',(#5286,#5287,#5288,#5289));
#1084=EDGE_LOOP('',(#5290,#5291,#5292,#5293,#5294));
#1085=EDGE_LOOP('',(#5295));
#1086=EDGE_LOOP('',(#5296,#5297,#5298,#5299));
#1087=EDGE_LOOP('',(#5300,#5301,#5302,#5303,#5304,#5305));
#1088=EDGE_LOOP('',(#5306,#5307,#5308,#5309,#5310,#5311));
#1089=EDGE_LOOP('',(#5312,#5313,#5314,#5315,#5316,#5317));
#1090=EDGE_LOOP('',(#5318,#5319,#5320,#5321));
#1091=EDGE_LOOP('',(#5322,#5323,#5324,#5325));
#1092=EDGE_LOOP('',(#5326,#5327,#5328,#5329));
#1093=EDGE_LOOP('',(#5330));
#1094=EDGE_LOOP('',(#5331,#5332,#5333,#5334));
#1095=EDGE_LOOP('',(#5335,#5336,#5337,#5338));
#1096=EDGE_LOOP('',(#5339,#5340,#5341,#5342));
#1097=EDGE_LOOP('',(#5343,#5344,#5345,#5346));
#1098=EDGE_LOOP('',(#5347,#5348,#5349,#5350));
#1099=EDGE_LOOP('',(#5351,#5352,#5353,#5354));
#1100=EDGE_LOOP('',(#5355,#5356,#5357,#5358));
#1101=EDGE_LOOP('',(#5359,#5360,#5361,#5362));
#1102=EDGE_LOOP('',(#5363,#5364,#5365,#5366));
#1103=EDGE_LOOP('',(#5367,#5368,#5369,#5370));
#1104=EDGE_LOOP('',(#5371,#5372,#5373,#5374));
#1105=EDGE_LOOP('',(#5375,#5376,#5377,#5378));
#1106=EDGE_LOOP('',(#5379,#5380,#5381,#5382));
#1107=EDGE_LOOP('',(#5383,#5384,#5385,#5386));
#1108=EDGE_LOOP('',(#5387,#5388,#5389,#5390));
#1109=EDGE_LOOP('',(#5391,#5392,#5393,#5394));
#1110=EDGE_LOOP('',(#5395,#5396,#5397,#5398));
#1111=EDGE_LOOP('',(#5399,#5400,#5401,#5402));
#1112=EDGE_LOOP('',(#5403,#5404,#5405,#5406));
#1113=EDGE_LOOP('',(#5407,#5408,#5409,#5410));
#1114=EDGE_LOOP('',(#5411,#5412,#5413,#5414));
#1115=EDGE_LOOP('',(#5415,#5416,#5417,#5418));
#1116=EDGE_LOOP('',(#5419,#5420,#5421,#5422));
#1117=EDGE_LOOP('',(#5423,#5424,#5425,#5426));
#1118=EDGE_LOOP('',(#5427,#5428,#5429,#5430));
#1119=EDGE_LOOP('',(#5431,#5432,#5433,#5434));
#1120=EDGE_LOOP('',(#5435,#5436,#5437,#5438));
#1121=EDGE_LOOP('',(#5439,#5440,#5441,#5442));
#1122=EDGE_LOOP('',(#5443,#5444,#5445,#5446));
#1123=EDGE_LOOP('',(#5447,#5448,#5449,#5450));
#1124=EDGE_LOOP('',(#5451,#5452,#5453,#5454));
#1125=EDGE_LOOP('',(#5455,#5456,#5457,#5458));
#1126=EDGE_LOOP('',(#5459,#5460,#5461,#5462));
#1127=EDGE_LOOP('',(#5463,#5464,#5465,#5466));
#1128=EDGE_LOOP('',(#5467,#5468,#5469,#5470));
#1129=EDGE_LOOP('',(#5471,#5472,#5473,#5474));
#1130=EDGE_LOOP('',(#5475,#5476,#5477,#5478));
#1131=EDGE_LOOP('',(#5479,#5480,#5481,#5482));
#1132=EDGE_LOOP('',(#5483,#5484,#5485,#5486));
#1133=EDGE_LOOP('',(#5487,#5488,#5489,#5490,#5491,#5492,#5493,#5494));
#1134=EDGE_LOOP('',(#5495,#5496,#5497,#5498,#5499,#5500));
#1135=EDGE_LOOP('',(#5501,#5502,#5503,#5504));
#1136=EDGE_LOOP('',(#5505,#5506,#5507,#5508));
#1137=EDGE_LOOP('',(#5509,#5510,#5511,#5512));
#1138=EDGE_LOOP('',(#5513));
#1139=EDGE_LOOP('',(#5514,#5515,#5516,#5517));
#1140=EDGE_LOOP('',(#5518,#5519,#5520,#5521));
#1141=EDGE_LOOP('',(#5522,#5523,#5524,#5525));
#1142=EDGE_LOOP('',(#5526,#5527,#5528,#5529,#5530,#5531));
#1143=EDGE_LOOP('',(#5532,#5533,#5534,#5535,#5536,#5537));
#1144=EDGE_LOOP('',(#5538,#5539,#5540,#5541));
#1145=EDGE_LOOP('',(#5542,#5543,#5544,#5545));
#1146=EDGE_LOOP('',(#5546,#5547,#5548,#5549));
#1147=EDGE_LOOP('',(#5550,#5551,#5552,#5553));
#1148=EDGE_LOOP('',(#5554,#5555,#5556,#5557));
#1149=EDGE_LOOP('',(#5558,#5559,#5560,#5561));
#1150=EDGE_LOOP('',(#5562,#5563,#5564,#5565));
#1151=EDGE_LOOP('',(#5566,#5567,#5568,#5569));
#1152=EDGE_LOOP('',(#5570,#5571,#5572,#5573));
#1153=EDGE_LOOP('',(#5574,#5575,#5576,#5577));
#1154=EDGE_LOOP('',(#5578,#5579,#5580,#5581));
#1155=EDGE_LOOP('',(#5582,#5583,#5584,#5585));
#1156=EDGE_LOOP('',(#5586,#5587,#5588,#5589));
#1157=EDGE_LOOP('',(#5590,#5591,#5592,#5593));
#1158=EDGE_LOOP('',(#5594,#5595,#5596,#5597));
#1159=EDGE_LOOP('',(#5598,#5599,#5600,#5601));
#1160=EDGE_LOOP('',(#5602,#5603,#5604,#5605));
#1161=EDGE_LOOP('',(#5606,#5607,#5608,#5609));
#1162=EDGE_LOOP('',(#5610,#5611,#5612,#5613));
#1163=EDGE_LOOP('',(#5614,#5615,#5616,#5617));
#1164=EDGE_LOOP('',(#5618,#5619,#5620,#5621));
#1165=EDGE_LOOP('',(#5622,#5623,#5624,#5625));
#1166=EDGE_LOOP('',(#5626,#5627,#5628,#5629));
#1167=EDGE_LOOP('',(#5630,#5631,#5632,#5633));
#1168=EDGE_LOOP('',(#5634,#5635,#5636,#5637));
#1169=EDGE_LOOP('',(#5638,#5639,#5640,#5641));
#1170=EDGE_LOOP('',(#5642,#5643,#5644,#5645));
#1171=EDGE_LOOP('',(#5646,#5647,#5648,#5649));
#1172=EDGE_LOOP('',(#5650,#5651,#5652,#5653));
#1173=EDGE_LOOP('',(#5654,#5655,#5656,#5657));
#1174=EDGE_LOOP('',(#5658,#5659,#5660,#5661));
#1175=EDGE_LOOP('',(#5662,#5663,#5664,#5665));
#1176=EDGE_LOOP('',(#5666,#5667,#5668,#5669));
#1177=EDGE_LOOP('',(#5670,#5671,#5672,#5673));
#1178=EDGE_LOOP('',(#5674,#5675,#5676,#5677));
#1179=EDGE_LOOP('',(#5678,#5679,#5680,#5681));
#1180=EDGE_LOOP('',(#5682,#5683,#5684,#5685));
#1181=EDGE_LOOP('',(#5686,#5687,#5688,#5689,#5690,#5691,#5692,#5693,#5694,
#5695,#5696,#5697));
#1182=EDGE_LOOP('',(#5698));
#1183=EDGE_LOOP('',(#5699));
#1184=EDGE_LOOP('',(#5700,#5701,#5702,#5703,#5704));
#1185=EDGE_LOOP('',(#5705));
#1186=EDGE_LOOP('',(#5706,#5707,#5708,#5709));
#1187=EDGE_LOOP('',(#5710,#5711,#5712,#5713));
#1188=EDGE_LOOP('',(#5714,#5715,#5716,#5717));
#1189=EDGE_LOOP('',(#5718,#5719,#5720,#5721));
#1190=EDGE_LOOP('',(#5722,#5723,#5724,#5725));
#1191=EDGE_LOOP('',(#5726,#5727,#5728,#5729));
#1192=EDGE_LOOP('',(#5730,#5731,#5732,#5733));
#1193=EDGE_LOOP('',(#5734,#5735,#5736,#5737,#5738,#5739,#5740,#5741,#5742,
#5743,#5744,#5745,#5746,#5747));
#1194=EDGE_LOOP('',(#5748));
#1195=EDGE_LOOP('',(#5749));
#1196=EDGE_LOOP('',(#5750,#5751,#5752,#5753));
#1197=EDGE_LOOP('',(#5754,#5755,#5756,#5757,#5758,#5759));
#1198=EDGE_LOOP('',(#5760,#5761,#5762,#5763,#5764));
#1199=EDGE_LOOP('',(#5765));
#1200=EDGE_LOOP('',(#5766,#5767,#5768,#5769));
#1201=EDGE_LOOP('',(#5770,#5771,#5772,#5773,#5774,#5775));
#1202=EDGE_LOOP('',(#5776,#5777,#5778,#5779));
#1203=EDGE_LOOP('',(#5780,#5781,#5782,#5783,#5784));
#1204=EDGE_LOOP('',(#5785,#5786,#5787,#5788,#5789,#5790,#5791,#5792,#5793));
#1205=EDGE_LOOP('',(#5794,#5795,#5796,#5797));
#1206=EDGE_LOOP('',(#5798,#5799,#5800,#5801));
#1207=EDGE_LOOP('',(#5802,#5803,#5804,#5805));
#1208=EDGE_LOOP('',(#5806,#5807,#5808,#5809,#5810));
#1209=EDGE_LOOP('',(#5811,#5812,#5813,#5814));
#1210=EDGE_LOOP('',(#5815,#5816,#5817));
#1211=EDGE_LOOP('',(#5818,#5819,#5820,#5821,#5822));
#1212=EDGE_LOOP('',(#5823,#5824,#5825));
#1213=EDGE_LOOP('',(#5826,#5827,#5828,#5829,#5830,#5831,#5832,#5833,#5834));
#1214=EDGE_LOOP('',(#5835,#5836,#5837,#5838,#5839,#5840,#5841,#5842));
#1215=EDGE_LOOP('',(#5843,#5844,#5845,#5846,#5847,#5848,#5849,#5850,#5851,
#5852,#5853,#5854));
#1216=EDGE_LOOP('',(#5855,#5856,#5857,#5858));
#1217=EDGE_LOOP('',(#5859,#5860,#5861,#5862,#5863,#5864));
#1218=EDGE_LOOP('',(#5865,#5866,#5867,#5868,#5869,#5870));
#1219=EDGE_LOOP('',(#5871,#5872,#5873,#5874,#5875,#5876));
#1220=EDGE_LOOP('',(#5877,#5878,#5879,#5880,#5881));
#1221=EDGE_LOOP('',(#5882,#5883,#5884));
#1222=EDGE_LOOP('',(#5885,#5886,#5887));
#1223=EDGE_LOOP('',(#5888,#5889,#5890,#5891,#5892,#5893));
#1224=EDGE_LOOP('',(#5894,#5895,#5896,#5897,#5898,#5899));
#1225=EDGE_LOOP('',(#5900));
#1226=EDGE_LOOP('',(#5901));
#1227=EDGE_LOOP('',(#5902));
#1228=EDGE_LOOP('',(#5903));
#1229=EDGE_LOOP('',(#5904,#5905,#5906,#5907));
#1230=EDGE_LOOP('',(#5908,#5909,#5910,#5911,#5912));
#1231=EDGE_LOOP('',(#5913,#5914,#5915,#5916,#5917,#5918,#5919,#5920));
#1232=EDGE_LOOP('',(#5921,#5922,#5923,#5924,#5925,#5926,#5927,#5928,#5929,
#5930,#5931));
#1233=EDGE_LOOP('',(#5932,#5933,#5934,#5935));
#1234=EDGE_LOOP('',(#5936,#5937,#5938,#5939));
#1235=EDGE_LOOP('',(#5940,#5941,#5942,#5943,#5944));
#1236=EDGE_LOOP('',(#5945,#5946,#5947,#5948));
#1237=EDGE_LOOP('',(#5949,#5950,#5951,#5952));
#1238=EDGE_LOOP('',(#5953,#5954,#5955));
#1239=EDGE_LOOP('',(#5956,#5957,#5958));
#1240=EDGE_LOOP('',(#5959,#5960,#5961,#5962));
#1241=EDGE_LOOP('',(#5963,#5964,#5965,#5966));
#1242=EDGE_LOOP('',(#5967,#5968,#5969,#5970));
#1243=EDGE_LOOP('',(#5971,#5972,#5973));
#1244=EDGE_LOOP('',(#5974,#5975,#5976));
#1245=EDGE_LOOP('',(#5977,#5978,#5979,#5980));
#1246=EDGE_LOOP('',(#5981,#5982,#5983,#5984));
#1247=EDGE_LOOP('',(#5985,#5986,#5987,#5988,#5989));
#1248=EDGE_LOOP('',(#5990,#5991,#5992,#5993));
#1249=EDGE_LOOP('',(#5994,#5995,#5996,#5997));
#1250=EDGE_LOOP('',(#5998,#5999,#6000,#6001));
#1251=EDGE_LOOP('',(#6002,#6003,#6004,#6005));
#1252=EDGE_LOOP('',(#6006,#6007,#6008,#6009));
#1253=EDGE_LOOP('',(#6010,#6011,#6012,#6013));
#1254=EDGE_LOOP('',(#6014,#6015,#6016,#6017));
#1255=EDGE_LOOP('',(#6018,#6019,#6020,#6021,#6022,#6023,#6024,#6025,#6026,
#6027,#6028,#6029,#6030,#6031,#6032,#6033));
#1256=EDGE_LOOP('',(#6034,#6035,#6036,#6037));
#1257=EDGE_LOOP('',(#6038,#6039,#6040,#6041));
#1258=EDGE_LOOP('',(#6042));
#1259=EDGE_LOOP('',(#6043));
#1260=EDGE_LOOP('',(#6044,#6045,#6046,#6047));
#1261=EDGE_LOOP('',(#6048,#6049,#6050,#6051));
#1262=EDGE_LOOP('',(#6052,#6053,#6054,#6055));
#1263=EDGE_LOOP('',(#6056,#6057,#6058,#6059));
#1264=EDGE_LOOP('',(#6060));
#1265=EDGE_LOOP('',(#6061));
#1266=EDGE_LOOP('',(#6062,#6063,#6064,#6065));
#1267=EDGE_LOOP('',(#6066,#6067,#6068,#6069));
#1268=EDGE_LOOP('',(#6070));
#1269=EDGE_LOOP('',(#6071));
#1270=EDGE_LOOP('',(#6072,#6073,#6074,#6075));
#1271=EDGE_LOOP('',(#6076,#6077,#6078,#6079));
#1272=EDGE_LOOP('',(#6080,#6081,#6082,#6083));
#1273=EDGE_LOOP('',(#6084,#6085,#6086,#6087));
#1274=EDGE_LOOP('',(#6088,#6089,#6090,#6091));
#1275=EDGE_LOOP('',(#6092,#6093,#6094,#6095));
#1276=EDGE_LOOP('',(#6096,#6097,#6098,#6099));
#1277=EDGE_LOOP('',(#6100,#6101,#6102,#6103));
#1278=EDGE_LOOP('',(#6104,#6105,#6106,#6107));
#1279=EDGE_LOOP('',(#6108,#6109,#6110,#6111));
#1280=EDGE_LOOP('',(#6112,#6113,#6114,#6115));
#1281=EDGE_LOOP('',(#6116,#6117,#6118,#6119));
#1282=EDGE_LOOP('',(#6120,#6121,#6122,#6123));
#1283=EDGE_LOOP('',(#6124,#6125,#6126,#6127));
#1284=EDGE_LOOP('',(#6128,#6129,#6130,#6131));
#1285=EDGE_LOOP('',(#6132,#6133,#6134,#6135));
#1286=EDGE_LOOP('',(#6136,#6137,#6138,#6139));
#1287=EDGE_LOOP('',(#6140,#6141,#6142,#6143));
#1288=EDGE_LOOP('',(#6144,#6145,#6146,#6147));
#1289=EDGE_LOOP('',(#6148,#6149,#6150,#6151,#6152,#6153,#6154,#6155,#6156,
#6157,#6158,#6159,#6160,#6161,#6162,#6163,#6164,#6165));
#1290=EDGE_LOOP('',(#6166));
#1291=EDGE_LOOP('',(#6167,#6168,#6169,#6170));
#1292=EDGE_LOOP('',(#6171));
#1293=EDGE_LOOP('',(#6172));
#1294=EDGE_LOOP('',(#6173));
#1295=EDGE_LOOP('',(#6174));
#1296=EDGE_LOOP('',(#6175));
#1297=EDGE_LOOP('',(#6176));
#1298=EDGE_LOOP('',(#6177));
#1299=EDGE_LOOP('',(#6178,#6179,#6180,#6181,#6182,#6183));
#1300=EDGE_LOOP('',(#6184));
#1301=EDGE_LOOP('',(#6185));
#1302=EDGE_LOOP('',(#6186));
#1303=EDGE_LOOP('',(#6187));
#1304=EDGE_LOOP('',(#6188));
#1305=EDGE_LOOP('',(#6189));
#1306=EDGE_LOOP('',(#6190));
#1307=EDGE_LOOP('',(#6191));
#1308=EDGE_LOOP('',(#6192));
#1309=EDGE_LOOP('',(#6193));
#1310=EDGE_LOOP('',(#6194,#6195,#6196,#6197));
#1311=EDGE_LOOP('',(#6198,#6199,#6200,#6201));
#1312=EDGE_LOOP('',(#6202,#6203,#6204,#6205));
#1313=EDGE_LOOP('',(#6206,#6207,#6208,#6209));
#1314=EDGE_LOOP('',(#6210,#6211,#6212,#6213));
#1315=EDGE_LOOP('',(#6214,#6215,#6216,#6217));
#1316=EDGE_LOOP('',(#6218,#6219,#6220,#6221));
#1317=EDGE_LOOP('',(#6222,#6223,#6224,#6225));
#1318=EDGE_LOOP('',(#6226,#6227,#6228,#6229));
#1319=EDGE_LOOP('',(#6230,#6231,#6232,#6233));
#1320=EDGE_LOOP('',(#6234,#6235,#6236,#6237));
#1321=EDGE_LOOP('',(#6238,#6239,#6240,#6241));
#1322=EDGE_LOOP('',(#6242,#6243,#6244,#6245));
#1323=EDGE_LOOP('',(#6246,#6247,#6248,#6249));
#1324=EDGE_LOOP('',(#6250,#6251,#6252,#6253));
#1325=EDGE_LOOP('',(#6254,#6255,#6256,#6257));
#1326=EDGE_LOOP('',(#6258,#6259,#6260,#6261));
#1327=EDGE_LOOP('',(#6262,#6263,#6264,#6265,#6266));
#1328=EDGE_LOOP('',(#6267,#6268,#6269,#6270,#6271));
#1329=EDGE_LOOP('',(#6272,#6273,#6274,#6275));
#1330=EDGE_LOOP('',(#6276,#6277,#6278,#6279));
#1331=EDGE_LOOP('',(#6280,#6281,#6282,#6283,#6284));
#1332=EDGE_LOOP('',(#6285,#6286,#6287,#6288,#6289));
#1333=EDGE_LOOP('',(#6290,#6291,#6292,#6293,#6294));
#1334=EDGE_LOOP('',(#6295,#6296,#6297,#6298,#6299));
#1335=EDGE_LOOP('',(#6300,#6301,#6302,#6303));
#1336=LINE('',#9495,#2064);
#1337=LINE('',#9497,#2065);
#1338=LINE('',#9499,#2066);
#1339=LINE('',#9501,#2067);
#1340=LINE('',#9502,#2068);
#1341=LINE('',#9505,#2069);
#1342=LINE('',#9507,#2070);
#1343=LINE('',#9508,#2071);
#1344=LINE('',#9512,#2072);
#1345=LINE('',#9514,#2073);
#1346=LINE('',#9516,#2074);
#1347=LINE('',#9518,#2075);
#1348=LINE('',#9519,#2076);
#1349=LINE('',#9522,#2077);
#1350=LINE('',#9524,#2078);
#1351=LINE('',#9526,#2079);
#1352=LINE('',#9528,#2080);
#1353=LINE('',#9530,#2081);
#1354=LINE('',#9532,#2082);
#1355=LINE('',#9534,#2083);
#1356=LINE('',#9536,#2084);
#1357=LINE('',#9537,#2085);
#1358=LINE('',#9540,#2086);
#1359=LINE('',#9542,#2087);
#1360=LINE('',#9544,#2088);
#1361=LINE('',#9546,#2089);
#1362=LINE('',#9548,#2090);
#1363=LINE('',#9550,#2091);
#1364=LINE('',#9552,#2092);
#1365=LINE('',#9553,#2093);
#1366=LINE('',#9555,#2094);
#1367=LINE('',#9557,#2095);
#1368=LINE('',#9559,#2096);
#1369=LINE('',#9561,#2097);
#1370=LINE('',#9563,#2098);
#1371=LINE('',#9565,#2099);
#1372=LINE('',#9566,#2100);
#1373=LINE('',#9568,#2101);
#1374=LINE('',#9570,#2102);
#1375=LINE('',#9572,#2103);
#1376=LINE('',#9574,#2104);
#1377=LINE('',#9576,#2105);
#1378=LINE('',#9578,#2106);
#1379=LINE('',#9580,#2107);
#1380=LINE('',#9582,#2108);
#1381=LINE('',#9583,#2109);
#1382=LINE('',#9587,#2110);
#1383=LINE('',#9589,#2111);
#1384=LINE('',#9591,#2112);
#1385=LINE('',#9592,#2113);
#1386=LINE('',#9595,#2114);
#1387=LINE('',#9597,#2115);
#1388=LINE('',#9598,#2116);
#1389=LINE('',#9601,#2117);
#1390=LINE('',#9607,#2118);
#1391=LINE('',#9610,#2119);
#1392=LINE('',#9612,#2120);
#1393=LINE('',#9614,#2121);
#1394=LINE('',#9616,#2122);
#1395=LINE('',#9620,#2123);
#1396=LINE('',#9622,#2124);
#1397=LINE('',#9624,#2125);
#1398=LINE('',#9626,#2126);
#1399=LINE('',#9628,#2127);
#1400=LINE('',#9630,#2128);
#1401=LINE('',#9632,#2129);
#1402=LINE('',#9641,#2130);
#1403=LINE('',#9642,#2131);
#1404=LINE('',#9643,#2132);
#1405=LINE('',#9646,#2133);
#1406=LINE('',#9647,#2134);
#1407=LINE('',#9650,#2135);
#1408=LINE('',#9651,#2136);
#1409=LINE('',#9654,#2137);
#1410=LINE('',#9655,#2138);
#1411=LINE('',#9656,#2139);
#1412=LINE('',#9659,#2140);
#1413=LINE('',#9661,#2141);
#1414=LINE('',#9662,#2142);
#1415=LINE('',#9667,#2143);
#1416=LINE('',#9668,#2144);
#1417=LINE('',#9671,#2145);
#1418=LINE('',#9672,#2146);
#1419=LINE('',#9678,#2147);
#1420=LINE('',#9682,#2148);
#1421=LINE('',#9684,#2149);
#1422=LINE('',#9685,#2150);
#1423=LINE('',#9689,#2151);
#1424=LINE('',#9691,#2152);
#1425=LINE('',#9693,#2153);
#1426=LINE('',#9695,#2154);
#1427=LINE('',#9697,#2155);
#1428=LINE('',#9698,#2156);
#1429=LINE('',#9700,#2157);
#1430=LINE('',#9702,#2158);
#1431=LINE('',#9704,#2159);
#1432=LINE('',#9705,#2160);
#1433=LINE('',#9708,#2161);
#1434=LINE('',#9712,#2162);
#1435=LINE('',#9716,#2163);
#1436=LINE('',#9717,#2164);
#1437=LINE('',#9721,#2165);
#1438=LINE('',#9723,#2166);
#1439=LINE('',#9725,#2167);
#1440=LINE('',#9726,#2168);
#1441=LINE('',#9728,#2169);
#1442=LINE('',#9729,#2170);
#1443=LINE('',#9734,#2171);
#1444=LINE('',#9736,#2172);
#1445=LINE('',#9737,#2173);
#1446=LINE('',#9740,#2174);
#1447=LINE('',#9742,#2175);
#1448=LINE('',#9743,#2176);
#1449=LINE('',#9746,#2177);
#1450=LINE('',#9748,#2178);
#1451=LINE('',#9749,#2179);
#1452=LINE('',#9751,#2180);
#1453=LINE('',#9752,#2181);
#1454=LINE('',#9762,#2182);
#1455=LINE('',#9763,#2183);
#1456=LINE('',#9767,#2184);
#1457=LINE('',#9772,#2185);
#1458=LINE('',#9774,#2186);
#1459=LINE('',#9777,#2187);
#1460=LINE('',#9778,#2188);
#1461=LINE('',#9780,#2189);
#1462=LINE('',#9781,#2190);
#1463=LINE('',#9783,#2191);
#1464=LINE('',#9789,#2192);
#1465=LINE('',#9791,#2193);
#1466=LINE('',#9793,#2194);
#1467=LINE('',#9794,#2195);
#1468=LINE('',#9797,#2196);
#1469=LINE('',#9799,#2197);
#1470=LINE('',#9800,#2198);
#1471=LINE('',#9803,#2199);
#1472=LINE('',#9805,#2200);
#1473=LINE('',#9806,#2201);
#1474=LINE('',#9808,#2202);
#1475=LINE('',#9809,#2203);
#1476=LINE('',#9812,#2204);
#1477=LINE('',#9814,#2205);
#1478=LINE('',#9815,#2206);
#1479=LINE('',#9817,#2207);
#1480=LINE('',#9819,#2208);
#1481=LINE('',#9821,#2209);
#1482=LINE('',#9823,#2210);
#1483=LINE('',#9824,#2211);
#1484=LINE('',#9828,#2212);
#1485=LINE('',#9832,#2213);
#1486=LINE('',#9836,#2214);
#1487=LINE('',#9840,#2215);
#1488=LINE('',#9856,#2216);
#1489=LINE('',#9857,#2217);
#1490=LINE('',#9858,#2218);
#1491=LINE('',#9860,#2219);
#1492=LINE('',#9862,#2220);
#1493=LINE('',#9865,#2221);
#1494=LINE('',#9867,#2222);
#1495=LINE('',#9873,#2223);
#1496=LINE('',#9876,#2224);
#1497=LINE('',#9877,#2225);
#1498=LINE('',#9886,#2226);
#1499=LINE('',#9889,#2227);
#1500=LINE('',#9890,#2228);
#1501=LINE('',#9893,#2229);
#1502=LINE('',#9898,#2230);
#1503=LINE('',#9903,#2231);
#1504=LINE('',#9906,#2232);
#1505=LINE('',#9908,#2233);
#1506=LINE('',#9912,#2234);
#1507=LINE('',#9916,#2235);
#1508=LINE('',#9917,#2236);
#1509=LINE('',#9919,#2237);
#1510=LINE('',#9922,#2238);
#1511=LINE('',#9926,#2239);
#1512=LINE('',#9928,#2240);
#1513=LINE('',#9930,#2241);
#1514=LINE('',#9934,#2242);
#1515=LINE('',#9940,#2243);
#1516=LINE('',#9942,#2244);
#1517=LINE('',#9944,#2245);
#1518=LINE('',#9945,#2246);
#1519=LINE('',#9948,#2247);
#1520=LINE('',#9952,#2248);
#1521=LINE('',#9956,#2249);
#1522=LINE('',#9960,#2250);
#1523=LINE('',#9964,#2251);
#1524=LINE('',#9966,#2252);
#1525=LINE('',#9967,#2253);
#1526=LINE('',#9970,#2254);
#1527=LINE('',#9971,#2255);
#1528=LINE('',#9974,#2256);
#1529=LINE('',#9975,#2257);
#1530=LINE('',#9977,#2258);
#1531=LINE('',#9980,#2259);
#1532=LINE('',#9982,#2260);
#1533=LINE('',#9983,#2261);
#1534=LINE('',#9986,#2262);
#1535=LINE('',#9987,#2263);
#1536=LINE('',#9990,#2264);
#1537=LINE('',#9992,#2265);
#1538=LINE('',#9993,#2266);
#1539=LINE('',#9997,#2267);
#1540=LINE('',#10000,#2268);
#1541=LINE('',#10001,#2269);
#1542=LINE('',#10005,#2270);
#1543=LINE('',#10008,#2271);
#1544=LINE('',#10009,#2272);
#1545=LINE('',#10011,#2273);
#1546=LINE('',#10012,#2274);
#1547=LINE('',#10014,#2275);
#1548=LINE('',#10016,#2276);
#1549=LINE('',#10018,#2277);
#1550=LINE('',#10020,#2278);
#1551=LINE('',#10024,#2279);
#1552=LINE('',#10026,#2280);
#1553=LINE('',#10028,#2281);
#1554=LINE('',#10029,#2282);
#1555=LINE('',#10032,#2283);
#1556=LINE('',#10034,#2284);
#1557=LINE('',#10035,#2285);
#1558=LINE('',#10038,#2286);
#1559=LINE('',#10040,#2287);
#1560=LINE('',#10041,#2288);
#1561=LINE('',#10043,#2289);
#1562=LINE('',#10044,#2290);
#1563=LINE('',#10048,#2291);
#1564=LINE('',#10052,#2292);
#1565=LINE('',#10056,#2293);
#1566=LINE('',#10060,#2294);
#1567=LINE('',#10075,#2295);
#1568=LINE('',#10076,#2296);
#1569=LINE('',#10079,#2297);
#1570=LINE('',#10080,#2298);
#1571=LINE('',#10082,#2299);
#1572=LINE('',#10083,#2300);
#1573=LINE('',#10088,#2301);
#1574=LINE('',#10090,#2302);
#1575=LINE('',#10092,#2303);
#1576=LINE('',#10094,#2304);
#1577=LINE('',#10095,#2305);
#1578=LINE('',#10097,#2306);
#1579=LINE('',#10098,#2307);
#1580=LINE('',#10100,#2308);
#1581=LINE('',#10102,#2309);
#1582=LINE('',#10104,#2310);
#1583=LINE('',#10106,#2311);
#1584=LINE('',#10108,#2312);
#1585=LINE('',#10110,#2313);
#1586=LINE('',#10113,#2314);
#1587=LINE('',#10115,#2315);
#1588=LINE('',#10117,#2316);
#1589=LINE('',#10119,#2317);
#1590=LINE('',#10121,#2318);
#1591=LINE('',#10123,#2319);
#1592=LINE('',#10127,#2320);
#1593=LINE('',#10129,#2321);
#1594=LINE('',#10131,#2322);
#1595=LINE('',#10132,#2323);
#1596=LINE('',#10134,#2324);
#1597=LINE('',#10138,#2325);
#1598=LINE('',#10140,#2326);
#1599=LINE('',#10141,#2327);
#1600=LINE('',#10145,#2328);
#1601=LINE('',#10148,#2329);
#1602=LINE('',#10149,#2330);
#1603=LINE('',#10153,#2331);
#1604=LINE('',#10156,#2332);
#1605=LINE('',#10157,#2333);
#1606=LINE('',#10161,#2334);
#1607=LINE('',#10164,#2335);
#1608=LINE('',#10165,#2336);
#1609=LINE('',#10174,#2337);
#1610=LINE('',#10176,#2338);
#1611=LINE('',#10177,#2339);
#1612=LINE('',#10178,#2340);
#1613=LINE('',#10181,#2341);
#1614=LINE('',#10183,#2342);
#1615=LINE('',#10184,#2343);
#1616=LINE('',#10187,#2344);
#1617=LINE('',#10189,#2345);
#1618=LINE('',#10191,#2346);
#1619=LINE('',#10192,#2347);
#1620=LINE('',#10196,#2348);
#1621=LINE('',#10197,#2349);
#1622=LINE('',#10198,#2350);
#1623=LINE('',#10201,#2351);
#1624=LINE('',#10202,#2352);
#1625=LINE('',#10204,#2353);
#1626=LINE('',#10206,#2354);
#1627=LINE('',#10207,#2355);
#1628=LINE('',#10211,#2356);
#1629=LINE('',#10215,#2357);
#1630=LINE('',#10217,#2358);
#1631=LINE('',#10218,#2359);
#1632=LINE('',#10221,#2360);
#1633=LINE('',#10223,#2361);
#1634=LINE('',#10224,#2362);
#1635=LINE('',#10227,#2363);
#1636=LINE('',#10228,#2364);
#1637=LINE('',#10231,#2365);
#1638=LINE('',#10233,#2366);
#1639=LINE('',#10234,#2367);
#1640=LINE('',#10237,#2368);
#1641=LINE('',#10238,#2369);
#1642=LINE('',#10241,#2370);
#1643=LINE('',#10243,#2371);
#1644=LINE('',#10244,#2372);
#1645=LINE('',#10245,#2373);
#1646=LINE('',#10249,#2374);
#1647=LINE('',#10251,#2375);
#1648=LINE('',#10253,#2376);
#1649=LINE('',#10254,#2377);
#1650=LINE('',#10256,#2378);
#1651=LINE('',#10258,#2379);
#1652=LINE('',#10260,#2380);
#1653=LINE('',#10262,#2381);
#1654=LINE('',#10264,#2382);
#1655=LINE('',#10266,#2383);
#1656=LINE('',#10268,#2384);
#1657=LINE('',#10270,#2385);
#1658=LINE('',#10273,#2386);
#1659=LINE('',#10274,#2387);
#1660=LINE('',#10277,#2388);
#1661=LINE('',#10279,#2389);
#1662=LINE('',#10281,#2390);
#1663=LINE('',#10283,#2391);
#1664=LINE('',#10285,#2392);
#1665=LINE('',#10287,#2393);
#1666=LINE('',#10290,#2394);
#1667=LINE('',#10291,#2395);
#1668=LINE('',#10293,#2396);
#1669=LINE('',#10295,#2397);
#1670=LINE('',#10303,#2398);
#1671=LINE('',#10306,#2399);
#1672=LINE('',#10309,#2400);
#1673=LINE('',#10311,#2401);
#1674=LINE('',#10312,#2402);
#1675=LINE('',#10317,#2403);
#1676=LINE('',#10321,#2404);
#1677=LINE('',#10323,#2405);
#1678=LINE('',#10324,#2406);
#1679=LINE('',#10330,#2407);
#1680=LINE('',#10333,#2408);
#1681=LINE('',#10336,#2409);
#1682=LINE('',#10338,#2410);
#1683=LINE('',#10339,#2411);
#1684=LINE('',#10344,#2412);
#1685=LINE('',#10348,#2413);
#1686=LINE('',#10350,#2414);
#1687=LINE('',#10351,#2415);
#1688=LINE('',#10357,#2416);
#1689=LINE('',#10360,#2417);
#1690=LINE('',#10363,#2418);
#1691=LINE('',#10365,#2419);
#1692=LINE('',#10366,#2420);
#1693=LINE('',#10372,#2421);
#1694=LINE('',#10375,#2422);
#1695=LINE('',#10377,#2423);
#1696=LINE('',#10378,#2424);
#1697=LINE('',#10381,#2425);
#1698=LINE('',#10383,#2426);
#1699=LINE('',#10384,#2427);
#1700=LINE('',#10387,#2428);
#1701=LINE('',#10389,#2429);
#1702=LINE('',#10390,#2430);
#1703=LINE('',#10393,#2431);
#1704=LINE('',#10395,#2432);
#1705=LINE('',#10396,#2433);
#1706=LINE('',#10398,#2434);
#1707=LINE('',#10399,#2435);
#1708=LINE('',#10401,#2436);
#1709=LINE('',#10402,#2437);
#1710=LINE('',#10404,#2438);
#1711=LINE('',#10405,#2439);
#1712=LINE('',#10409,#2440);
#1713=LINE('',#10411,#2441);
#1714=LINE('',#10413,#2442);
#1715=LINE('',#10414,#2443);
#1716=LINE('',#10417,#2444);
#1717=LINE('',#10419,#2445);
#1718=LINE('',#10420,#2446);
#1719=LINE('',#10423,#2447);
#1720=LINE('',#10425,#2448);
#1721=LINE('',#10426,#2449);
#1722=LINE('',#10432,#2450);
#1723=LINE('',#10434,#2451);
#1724=LINE('',#10436,#2452);
#1725=LINE('',#10437,#2453);
#1726=LINE('',#10440,#2454);
#1727=LINE('',#10442,#2455);
#1728=LINE('',#10443,#2456);
#1729=LINE('',#10446,#2457);
#1730=LINE('',#10448,#2458);
#1731=LINE('',#10449,#2459);
#1732=LINE('',#10454,#2460);
#1733=LINE('',#10459,#2461);
#1734=LINE('',#10462,#2462);
#1735=LINE('',#10467,#2463);
#1736=LINE('',#10470,#2464);
#1737=LINE('',#10471,#2465);
#1738=LINE('',#10474,#2466);
#1739=LINE('',#10475,#2467);
#1740=LINE('',#10478,#2468);
#1741=LINE('',#10479,#2469);
#1742=LINE('',#10481,#2470);
#1743=LINE('',#10484,#2471);
#1744=LINE('',#10485,#2472);
#1745=LINE('',#10487,#2473);
#1746=LINE('',#10491,#2474);
#1747=LINE('',#10493,#2475);
#1748=LINE('',#10495,#2476);
#1749=LINE('',#10496,#2477);
#1750=LINE('',#10501,#2478);
#1751=LINE('',#10504,#2479);
#1752=LINE('',#10509,#2480);
#1753=LINE('',#10512,#2481);
#1754=LINE('',#10517,#2482);
#1755=LINE('',#10520,#2483);
#1756=LINE('',#10527,#2484);
#1757=LINE('',#10530,#2485);
#1758=LINE('',#10535,#2486);
#1759=LINE('',#10538,#2487);
#1760=LINE('',#10543,#2488);
#1761=LINE('',#10546,#2489);
#1762=LINE('',#10549,#2490);
#1763=LINE('',#10551,#2491);
#1764=LINE('',#10555,#2492);
#1765=LINE('',#10556,#2493);
#1766=LINE('',#10559,#2494);
#1767=LINE('',#10562,#2495);
#1768=LINE('',#10565,#2496);
#1769=LINE('',#10567,#2497);
#1770=LINE('',#10568,#2498);
#1771=LINE('',#10571,#2499);
#1772=LINE('',#10575,#2500);
#1773=LINE('',#10577,#2501);
#1774=LINE('',#10581,#2502);
#1775=LINE('',#10582,#2503);
#1776=LINE('',#10585,#2504);
#1777=LINE('',#10588,#2505);
#1778=LINE('',#10591,#2506);
#1779=LINE('',#10593,#2507);
#1780=LINE('',#10594,#2508);
#1781=LINE('',#10597,#2509);
#1782=LINE('',#10601,#2510);
#1783=LINE('',#10603,#2511);
#1784=LINE('',#10607,#2512);
#1785=LINE('',#10608,#2513);
#1786=LINE('',#10611,#2514);
#1787=LINE('',#10614,#2515);
#1788=LINE('',#10617,#2516);
#1789=LINE('',#10619,#2517);
#1790=LINE('',#10620,#2518);
#1791=LINE('',#10623,#2519);
#1792=LINE('',#10627,#2520);
#1793=LINE('',#10629,#2521);
#1794=LINE('',#10633,#2522);
#1795=LINE('',#10634,#2523);
#1796=LINE('',#10637,#2524);
#1797=LINE('',#10640,#2525);
#1798=LINE('',#10643,#2526);
#1799=LINE('',#10645,#2527);
#1800=LINE('',#10646,#2528);
#1801=LINE('',#10649,#2529);
#1802=LINE('',#10653,#2530);
#1803=LINE('',#10655,#2531);
#1804=LINE('',#10659,#2532);
#1805=LINE('',#10660,#2533);
#1806=LINE('',#10663,#2534);
#1807=LINE('',#10666,#2535);
#1808=LINE('',#10669,#2536);
#1809=LINE('',#10671,#2537);
#1810=LINE('',#10672,#2538);
#1811=LINE('',#10675,#2539);
#1812=LINE('',#10679,#2540);
#1813=LINE('',#10681,#2541);
#1814=LINE('',#10685,#2542);
#1815=LINE('',#10686,#2543);
#1816=LINE('',#10689,#2544);
#1817=LINE('',#10692,#2545);
#1818=LINE('',#10695,#2546);
#1819=LINE('',#10697,#2547);
#1820=LINE('',#10698,#2548);
#1821=LINE('',#10701,#2549);
#1822=LINE('',#10706,#2550);
#1823=LINE('',#10708,#2551);
#1824=LINE('',#10710,#2552);
#1825=LINE('',#10712,#2553);
#1826=LINE('',#10714,#2554);
#1827=LINE('',#10716,#2555);
#1828=LINE('',#10718,#2556);
#1829=LINE('',#10719,#2557);
#1830=LINE('',#10724,#2558);
#1831=LINE('',#10727,#2559);
#1832=LINE('',#10732,#2560);
#1833=LINE('',#10735,#2561);
#1834=LINE('',#10740,#2562);
#1835=LINE('',#10743,#2563);
#1836=LINE('',#10750,#2564);
#1837=LINE('',#10753,#2565);
#1838=LINE('',#10758,#2566);
#1839=LINE('',#10761,#2567);
#1840=LINE('',#10766,#2568);
#1841=LINE('',#10769,#2569);
#1842=LINE('',#10771,#2570);
#1843=LINE('',#10772,#2571);
#1844=LINE('',#10775,#2572);
#1845=LINE('',#10776,#2573);
#1846=LINE('',#10778,#2574);
#1847=LINE('',#10782,#2575);
#1848=LINE('',#10784,#2576);
#1849=LINE('',#10785,#2577);
#1850=LINE('',#10788,#2578);
#1851=LINE('',#10789,#2579);
#1852=LINE('',#10791,#2580);
#1853=LINE('',#10795,#2581);
#1854=LINE('',#10797,#2582);
#1855=LINE('',#10798,#2583);
#1856=LINE('',#10801,#2584);
#1857=LINE('',#10802,#2585);
#1858=LINE('',#10804,#2586);
#1859=LINE('',#10808,#2587);
#1860=LINE('',#10810,#2588);
#1861=LINE('',#10811,#2589);
#1862=LINE('',#10814,#2590);
#1863=LINE('',#10815,#2591);
#1864=LINE('',#10817,#2592);
#1865=LINE('',#10821,#2593);
#1866=LINE('',#10823,#2594);
#1867=LINE('',#10824,#2595);
#1868=LINE('',#10827,#2596);
#1869=LINE('',#10828,#2597);
#1870=LINE('',#10830,#2598);
#1871=LINE('',#10834,#2599);
#1872=LINE('',#10836,#2600);
#1873=LINE('',#10837,#2601);
#1874=LINE('',#10840,#2602);
#1875=LINE('',#10841,#2603);
#1876=LINE('',#10843,#2604);
#1877=LINE('',#10847,#2605);
#1878=LINE('',#10856,#2606);
#1879=LINE('',#10858,#2607);
#1880=LINE('',#10859,#2608);
#1881=LINE('',#10862,#2609);
#1882=LINE('',#10864,#2610);
#1883=LINE('',#10866,#2611);
#1884=LINE('',#10871,#2612);
#1885=LINE('',#10873,#2613);
#1886=LINE('',#10875,#2614);
#1887=LINE('',#10876,#2615);
#1888=LINE('',#10885,#2616);
#1889=LINE('',#10886,#2617);
#1890=LINE('',#10890,#2618);
#1891=LINE('',#10894,#2619);
#1892=LINE('',#10895,#2620);
#1893=LINE('',#10896,#2621);
#1894=LINE('',#10899,#2622);
#1895=LINE('',#10902,#2623);
#1896=LINE('',#10905,#2624);
#1897=LINE('',#10910,#2625);
#1898=LINE('',#10916,#2626);
#1899=LINE('',#10919,#2627);
#1900=LINE('',#10922,#2628);
#1901=LINE('',#10924,#2629);
#1902=LINE('',#10926,#2630);
#1903=LINE('',#10928,#2631);
#1904=LINE('',#10930,#2632);
#1905=LINE('',#10932,#2633);
#1906=LINE('',#10934,#2634);
#1907=LINE('',#10936,#2635);
#1908=LINE('',#10938,#2636);
#1909=LINE('',#10940,#2637);
#1910=LINE('',#10942,#2638);
#1911=LINE('',#10945,#2639);
#1912=LINE('',#10954,#2640);
#1913=LINE('',#10955,#2641);
#1914=LINE('',#10959,#2642);
#1915=LINE('',#10962,#2643);
#1916=LINE('',#10966,#2644);
#1917=LINE('',#10968,#2645);
#1918=LINE('',#10974,#2646);
#1919=LINE('',#10977,#2647);
#1920=LINE('',#10980,#2648);
#1921=LINE('',#10983,#2649);
#1922=LINE('',#10984,#2650);
#1923=LINE('',#10987,#2651);
#1924=LINE('',#10989,#2652);
#1925=LINE('',#10990,#2653);
#1926=LINE('',#10991,#2654);
#1927=LINE('',#10999,#2655);
#1928=LINE('',#11002,#2656);
#1929=LINE('',#11004,#2657);
#1930=LINE('',#11006,#2658);
#1931=LINE('',#11007,#2659);
#1932=LINE('',#11009,#2660);
#1933=LINE('',#11016,#2661);
#1934=LINE('',#11017,#2662);
#1935=LINE('',#11320,#2663);
#1936=LINE('',#11321,#2664);
#1937=LINE('',#11322,#2665);
#1938=LINE('',#11323,#2666);
#1939=LINE('',#11479,#2667);
#1940=LINE('',#11481,#2668);
#1941=LINE('',#11484,#2669);
#1942=LINE('',#11485,#2670);
#1943=LINE('',#11489,#2671);
#1944=LINE('',#11658,#2672);
#1945=LINE('',#11661,#2673);
#1946=LINE('',#11666,#2674);
#1947=LINE('',#11674,#2675);
#1948=LINE('',#11677,#2676);
#1949=LINE('',#11680,#2677);
#1950=LINE('',#11683,#2678);
#1951=LINE('',#11685,#2679);
#1952=LINE('',#11687,#2680);
#1953=LINE('',#11688,#2681);
#1954=LINE('',#11690,#2682);
#1955=LINE('',#11691,#2683);
#1956=LINE('',#11693,#2684);
#1957=LINE('',#11699,#2685);
#1958=LINE('',#11715,#2686);
#1959=LINE('',#11720,#2687);
#1960=LINE('',#11722,#2688);
#1961=LINE('',#11724,#2689);
#1962=LINE('',#11725,#2690);
#1963=LINE('',#11728,#2691);
#1964=LINE('',#11730,#2692);
#1965=LINE('',#11731,#2693);
#1966=LINE('',#11735,#2694);
#1967=LINE('',#11737,#2695);
#1968=LINE('',#11739,#2696);
#1969=LINE('',#11740,#2697);
#1970=LINE('',#11743,#2698);
#1971=LINE('',#11745,#2699);
#1972=LINE('',#11746,#2700);
#1973=LINE('',#11750,#2701);
#1974=LINE('',#11752,#2702);
#1975=LINE('',#11754,#2703);
#1976=LINE('',#11755,#2704);
#1977=LINE('',#11758,#2705);
#1978=LINE('',#11760,#2706);
#1979=LINE('',#11761,#2707);
#1980=LINE('',#11765,#2708);
#1981=LINE('',#11767,#2709);
#1982=LINE('',#11769,#2710);
#1983=LINE('',#11771,#2711);
#1984=LINE('',#11773,#2712);
#1985=LINE('',#11775,#2713);
#1986=LINE('',#11777,#2714);
#1987=LINE('',#11779,#2715);
#1988=LINE('',#11781,#2716);
#1989=LINE('',#11783,#2717);
#1990=LINE('',#11785,#2718);
#1991=LINE('',#11787,#2719);
#1992=LINE('',#11789,#2720);
#1993=LINE('',#11791,#2721);
#1994=LINE('',#11793,#2722);
#1995=LINE('',#11794,#2723);
#1996=LINE('',#11799,#2724);
#1997=LINE('',#11804,#2725);
#1998=LINE('',#11808,#2726);
#1999=LINE('',#11814,#2727);
#2000=LINE('',#11818,#2728);
#2001=LINE('',#11822,#2729);
#2002=LINE('',#11828,#2730);
#2003=LINE('',#11835,#2731);
#2004=LINE('',#11841,#2732);
#2005=LINE('',#11848,#2733);
#2006=LINE('',#11852,#2734);
#2007=LINE('',#11856,#2735);
#2008=LINE('',#11860,#2736);
#2009=LINE('',#11864,#2737);
#2010=LINE('',#11869,#2738);
#2011=LINE('',#11873,#2739);
#2012=LINE('',#11877,#2740);
#2013=LINE('',#11879,#2741);
#2014=LINE('',#11881,#2742);
#2015=LINE('',#11882,#2743);
#2016=LINE('',#11886,#2744);
#2017=LINE('',#11892,#2745);
#2018=LINE('',#11893,#2746);
#2019=LINE('',#11894,#2747);
#2020=LINE('',#11900,#2748);
#2021=LINE('',#11903,#2749);
#2022=LINE('',#11906,#2750);
#2023=LINE('',#11907,#2751);
#2024=LINE('',#11909,#2752);
#2025=LINE('',#11910,#2753);
#2026=LINE('',#11913,#2754);
#2027=LINE('',#11916,#2755);
#2028=LINE('',#11917,#2756);
#2029=LINE('',#11920,#2757);
#2030=LINE('',#11923,#2758);
#2031=LINE('',#11924,#2759);
#2032=LINE('',#11925,#2760);
#2033=LINE('',#11926,#2761);
#2034=LINE('',#11927,#2762);
#2035=LINE('',#11931,#2763);
#2036=LINE('',#11933,#2764);
#2037=LINE('',#11935,#2765);
#2038=LINE('',#11937,#2766);
#2039=LINE('',#11956,#2767);
#2040=LINE('',#11958,#2768);
#2041=LINE('',#11959,#2769);
#2042=LINE('',#11974,#2770);
#2043=LINE('',#11977,#2771);
#2044=LINE('',#11980,#2772);
#2045=LINE('',#11983,#2773);
#2046=LINE('',#11986,#2774);
#2047=LINE('',#11989,#2775);
#2048=LINE('',#11992,#2776);
#2049=LINE('',#11995,#2777);
#2050=LINE('',#11997,#2778);
#2051=LINE('',#11999,#2779);
#2052=LINE('',#12001,#2780);
#2053=LINE('',#12003,#2781);
#2054=LINE('',#12007,#2782);
#2055=LINE('',#12010,#2783);
#2056=LINE('',#12013,#2784);
#2057=LINE('',#12016,#2785);
#2058=LINE('',#12018,#2786);
#2059=LINE('',#12020,#2787);
#2060=LINE('',#12023,#2788);
#2061=LINE('',#12024,#2789);
#2062=LINE('',#12028,#2790);
#2063=LINE('',#12030,#2791);
#2064=VECTOR('',#7553,10.);
#2065=VECTOR('',#7554,10.);
#2066=VECTOR('',#7555,10.);
#2067=VECTOR('',#7556,10.);
#2068=VECTOR('',#7557,10.);
#2069=VECTOR('',#7560,10.);
#2070=VECTOR('',#7561,10.);
#2071=VECTOR('',#7562,10.);
#2072=VECTOR('',#7565,10.);
#2073=VECTOR('',#7566,10.);
#2074=VECTOR('',#7567,10.);
#2075=VECTOR('',#7568,10.);
#2076=VECTOR('',#7569,10.);
#2077=VECTOR('',#7572,10.);
#2078=VECTOR('',#7573,10.);
#2079=VECTOR('',#7574,10.);
#2080=VECTOR('',#7575,10.);
#2081=VECTOR('',#7576,10.);
#2082=VECTOR('',#7577,10.);
#2083=VECTOR('',#7578,10.);
#2084=VECTOR('',#7579,10.);
#2085=VECTOR('',#7580,10.);
#2086=VECTOR('',#7583,10.);
#2087=VECTOR('',#7584,10.);
#2088=VECTOR('',#7585,10.);
#2089=VECTOR('',#7586,10.);
#2090=VECTOR('',#7587,10.);
#2091=VECTOR('',#7588,10.);
#2092=VECTOR('',#7589,10.);
#2093=VECTOR('',#7590,10.);
#2094=VECTOR('',#7591,10.);
#2095=VECTOR('',#7592,10.);
#2096=VECTOR('',#7593,10.);
#2097=VECTOR('',#7594,10.);
#2098=VECTOR('',#7595,10.);
#2099=VECTOR('',#7596,10.);
#2100=VECTOR('',#7597,10.);
#2101=VECTOR('',#7598,10.);
#2102=VECTOR('',#7599,10.);
#2103=VECTOR('',#7600,10.);
#2104=VECTOR('',#7601,10.);
#2105=VECTOR('',#7602,10.);
#2106=VECTOR('',#7603,10.);
#2107=VECTOR('',#7604,10.);
#2108=VECTOR('',#7605,10.);
#2109=VECTOR('',#7606,10.);
#2110=VECTOR('',#7609,10.);
#2111=VECTOR('',#7610,10.);
#2112=VECTOR('',#7611,10.);
#2113=VECTOR('',#7612,10.);
#2114=VECTOR('',#7615,10.);
#2115=VECTOR('',#7616,10.);
#2116=VECTOR('',#7617,10.);
#2117=VECTOR('',#7620,10.);
#2118=VECTOR('',#7621,10.);
#2119=VECTOR('',#7624,10.);
#2120=VECTOR('',#7625,10.);
#2121=VECTOR('',#7626,10.);
#2122=VECTOR('',#7627,10.);
#2123=VECTOR('',#7630,10.);
#2124=VECTOR('',#7631,10.);
#2125=VECTOR('',#7632,10.);
#2126=VECTOR('',#7633,10.);
#2127=VECTOR('',#7634,10.);
#2128=VECTOR('',#7635,10.);
#2129=VECTOR('',#7636,10.);
#2130=VECTOR('',#7645,10.);
#2131=VECTOR('',#7646,10.);
#2132=VECTOR('',#7647,10.);
#2133=VECTOR('',#7650,10.);
#2134=VECTOR('',#7651,10.);
#2135=VECTOR('',#7654,10.);
#2136=VECTOR('',#7655,10.);
#2137=VECTOR('',#7658,10.);
#2138=VECTOR('',#7659,10.);
#2139=VECTOR('',#7660,10.);
#2140=VECTOR('',#7663,10.);
#2141=VECTOR('',#7664,10.);
#2142=VECTOR('',#7665,10.);
#2143=VECTOR('',#7670,10.);
#2144=VECTOR('',#7671,10.);
#2145=VECTOR('',#7674,10.);
#2146=VECTOR('',#7675,10.);
#2147=VECTOR('',#7680,10.);
#2148=VECTOR('',#7683,10.);
#2149=VECTOR('',#7684,10.);
#2150=VECTOR('',#7685,10.);
#2151=VECTOR('',#7690,10.);
#2152=VECTOR('',#7691,10.);
#2153=VECTOR('',#7692,10.);
#2154=VECTOR('',#7693,10.);
#2155=VECTOR('',#7694,10.);
#2156=VECTOR('',#7695,10.);
#2157=VECTOR('',#7696,10.);
#2158=VECTOR('',#7697,10.);
#2159=VECTOR('',#7698,10.);
#2160=VECTOR('',#7699,10.);
#2161=VECTOR('',#7702,10.);
#2162=VECTOR('',#7707,10.);
#2163=VECTOR('',#7710,10.);
#2164=VECTOR('',#7711,10.);
#2165=VECTOR('',#7716,10.);
#2166=VECTOR('',#7717,10.);
#2167=VECTOR('',#7718,10.);
#2168=VECTOR('',#7719,10.);
#2169=VECTOR('',#7720,10.);
#2170=VECTOR('',#7721,10.);
#2171=VECTOR('',#7728,10.);
#2172=VECTOR('',#7729,10.);
#2173=VECTOR('',#7730,10.);
#2174=VECTOR('',#7733,10.);
#2175=VECTOR('',#7734,10.);
#2176=VECTOR('',#7735,10.);
#2177=VECTOR('',#7738,10.);
#2178=VECTOR('',#7739,10.);
#2179=VECTOR('',#7740,10.);
#2180=VECTOR('',#7743,10.);
#2181=VECTOR('',#7744,10.);
#2182=VECTOR('',#7753,10.);
#2183=VECTOR('',#7754,10.);
#2184=VECTOR('',#7759,10.);
#2185=VECTOR('',#7768,10.);
#2186=VECTOR('',#7771,10.);
#2187=VECTOR('',#7774,10.);
#2188=VECTOR('',#7775,10.);
#2189=VECTOR('',#7776,10.);
#2190=VECTOR('',#7777,10.);
#2191=VECTOR('',#7780,10.);
#2192=VECTOR('',#7785,10.);
#2193=VECTOR('',#7786,10.);
#2194=VECTOR('',#7787,10.);
#2195=VECTOR('',#7788,10.);
#2196=VECTOR('',#7791,10.);
#2197=VECTOR('',#7792,10.);
#2198=VECTOR('',#7793,10.);
#2199=VECTOR('',#7796,10.);
#2200=VECTOR('',#7797,10.);
#2201=VECTOR('',#7798,10.);
#2202=VECTOR('',#7801,10.);
#2203=VECTOR('',#7802,10.);
#2204=VECTOR('',#7805,10.);
#2205=VECTOR('',#7806,10.);
#2206=VECTOR('',#7807,10.);
#2207=VECTOR('',#7810,10.);
#2208=VECTOR('',#7811,10.);
#2209=VECTOR('',#7812,10.);
#2210=VECTOR('',#7813,10.);
#2211=VECTOR('',#7814,10.);
#2212=VECTOR('',#7817,10.);
#2213=VECTOR('',#7820,10.);
#2214=VECTOR('',#7823,10.);
#2215=VECTOR('',#7826,10.);
#2216=VECTOR('',#7843,10.);
#2217=VECTOR('',#7844,10.);
#2218=VECTOR('',#7845,10.);
#2219=VECTOR('',#7848,10.);
#2220=VECTOR('',#7851,10.);
#2221=VECTOR('',#7854,10.);
#2222=VECTOR('',#7855,10.);
#2223=VECTOR('',#7858,10.);
#2224=VECTOR('',#7861,10.);
#2225=VECTOR('',#7862,10.);
#2226=VECTOR('',#7869,10.);
#2227=VECTOR('',#7872,10.);
#2228=VECTOR('',#7873,10.);
#2229=VECTOR('',#7878,10.);
#2230=VECTOR('',#7885,2.1);
#2231=VECTOR('',#7892,2.10000000000001);
#2232=VECTOR('',#7895,10.);
#2233=VECTOR('',#7896,10.);
#2234=VECTOR('',#7899,10.);
#2235=VECTOR('',#7902,10.);
#2236=VECTOR('',#7903,10.);
#2237=VECTOR('',#7906,2.10000000000001);
#2238=VECTOR('',#7911,2.1);
#2239=VECTOR('',#7914,10.);
#2240=VECTOR('',#7915,10.);
#2241=VECTOR('',#7916,10.);
#2242=VECTOR('',#7919,10.);
#2243=VECTOR('',#7924,10.);
#2244=VECTOR('',#7925,10.);
#2245=VECTOR('',#7926,10.);
#2246=VECTOR('',#7927,10.);
#2247=VECTOR('',#7928,10.);
#2248=VECTOR('',#7931,10.);
#2249=VECTOR('',#7934,10.);
#2250=VECTOR('',#7937,10.);
#2251=VECTOR('',#7942,10.);
#2252=VECTOR('',#7943,10.);
#2253=VECTOR('',#7944,10.);
#2254=VECTOR('',#7947,10.);
#2255=VECTOR('',#7948,10.);
#2256=VECTOR('',#7951,10.);
#2257=VECTOR('',#7952,10.);
#2258=VECTOR('',#7955,10.);
#2259=VECTOR('',#7958,10.);
#2260=VECTOR('',#7959,10.);
#2261=VECTOR('',#7960,10.);
#2262=VECTOR('',#7963,10.);
#2263=VECTOR('',#7964,10.);
#2264=VECTOR('',#7967,10.);
#2265=VECTOR('',#7968,10.);
#2266=VECTOR('',#7969,10.);
#2267=VECTOR('',#7974,10.);
#2268=VECTOR('',#7977,10.);
#2269=VECTOR('',#7978,10.);
#2270=VECTOR('',#7983,10.);
#2271=VECTOR('',#7986,10.);
#2272=VECTOR('',#7987,10.);
#2273=VECTOR('',#7990,10.);
#2274=VECTOR('',#7991,10.);
#2275=VECTOR('',#7994,10.);
#2276=VECTOR('',#7997,10.);
#2277=VECTOR('',#8000,10.);
#2278=VECTOR('',#8003,10.);
#2279=VECTOR('',#8006,10.);
#2280=VECTOR('',#8007,10.);
#2281=VECTOR('',#8008,10.);
#2282=VECTOR('',#8009,10.);
#2283=VECTOR('',#8012,10.);
#2284=VECTOR('',#8013,10.);
#2285=VECTOR('',#8014,10.);
#2286=VECTOR('',#8017,10.);
#2287=VECTOR('',#8018,10.);
#2288=VECTOR('',#8019,10.);
#2289=VECTOR('',#8022,10.);
#2290=VECTOR('',#8023,10.);
#2291=VECTOR('',#8026,10.);
#2292=VECTOR('',#8029,10.);
#2293=VECTOR('',#8032,10.);
#2294=VECTOR('',#8035,10.);
#2295=VECTOR('',#8052,10.);
#2296=VECTOR('',#8053,10.);
#2297=VECTOR('',#8056,10.);
#2298=VECTOR('',#8057,10.);
#2299=VECTOR('',#8060,10.);
#2300=VECTOR('',#8061,10.);
#2301=VECTOR('',#8066,10.);
#2302=VECTOR('',#8067,10.);
#2303=VECTOR('',#8068,10.);
#2304=VECTOR('',#8069,10.);
#2305=VECTOR('',#8070,10.);
#2306=VECTOR('',#8073,10.);
#2307=VECTOR('',#8074,10.);
#2308=VECTOR('',#8077,10.);
#2309=VECTOR('',#8080,10.);
#2310=VECTOR('',#8083,10.);
#2311=VECTOR('',#8086,10.);
#2312=VECTOR('',#8089,10.);
#2313=VECTOR('',#8092,10.);
#2314=VECTOR('',#8097,1.25);
#2315=VECTOR('',#8100,1.25);
#2316=VECTOR('',#8103,1.875);
#2317=VECTOR('',#8106,1.875);
#2318=VECTOR('',#8109,1.875);
#2319=VECTOR('',#8112,1.875);
#2320=VECTOR('',#8115,10.);
#2321=VECTOR('',#8116,10.);
#2322=VECTOR('',#8117,10.);
#2323=VECTOR('',#8118,10.);
#2324=VECTOR('',#8121,10.);
#2325=VECTOR('',#8126,10.);
#2326=VECTOR('',#8127,10.);
#2327=VECTOR('',#8128,10.);
#2328=VECTOR('',#8133,10.);
#2329=VECTOR('',#8136,10.);
#2330=VECTOR('',#8137,10.);
#2331=VECTOR('',#8142,10.);
#2332=VECTOR('',#8145,10.);
#2333=VECTOR('',#8146,10.);
#2334=VECTOR('',#8151,10.);
#2335=VECTOR('',#8154,10.);
#2336=VECTOR('',#8155,10.);
#2337=VECTOR('',#8166,10.);
#2338=VECTOR('',#8167,10.);
#2339=VECTOR('',#8168,10.);
#2340=VECTOR('',#8169,10.);
#2341=VECTOR('',#8172,10.);
#2342=VECTOR('',#8173,10.);
#2343=VECTOR('',#8174,10.);
#2344=VECTOR('',#8177,10.);
#2345=VECTOR('',#8178,10.);
#2346=VECTOR('',#8179,10.);
#2347=VECTOR('',#8180,10.);
#2348=VECTOR('',#8183,10.);
#2349=VECTOR('',#8184,10.);
#2350=VECTOR('',#8185,10.);
#2351=VECTOR('',#8188,10.);
#2352=VECTOR('',#8189,10.);
#2353=VECTOR('',#8192,10.);
#2354=VECTOR('',#8193,10.);
#2355=VECTOR('',#8194,10.);
#2356=VECTOR('',#8197,10.);
#2357=VECTOR('',#8202,10.);
#2358=VECTOR('',#8203,10.);
#2359=VECTOR('',#8204,10.);
#2360=VECTOR('',#8207,10.);
#2361=VECTOR('',#8208,10.);
#2362=VECTOR('',#8209,10.);
#2363=VECTOR('',#8212,10.);
#2364=VECTOR('',#8213,10.);
#2365=VECTOR('',#8216,10.);
#2366=VECTOR('',#8217,10.);
#2367=VECTOR('',#8218,10.);
#2368=VECTOR('',#8221,10.);
#2369=VECTOR('',#8222,10.);
#2370=VECTOR('',#8225,10.);
#2371=VECTOR('',#8226,10.);
#2372=VECTOR('',#8227,10.);
#2373=VECTOR('',#8228,10.);
#2374=VECTOR('',#8231,10.);
#2375=VECTOR('',#8232,10.);
#2376=VECTOR('',#8233,10.);
#2377=VECTOR('',#8234,10.);
#2378=VECTOR('',#8237,5.5);
#2379=VECTOR('',#8240,1.625);
#2380=VECTOR('',#8243,10.);
#2381=VECTOR('',#8246,10.);
#2382=VECTOR('',#8249,10.);
#2383=VECTOR('',#8252,10.);
#2384=VECTOR('',#8255,10.);
#2385=VECTOR('',#8258,10.);
#2386=VECTOR('',#8263,10.);
#2387=VECTOR('',#8264,10.);
#2388=VECTOR('',#8269,10.);
#2389=VECTOR('',#8272,10.);
#2390=VECTOR('',#8275,10.);
#2391=VECTOR('',#8278,10.);
#2392=VECTOR('',#8281,10.);
#2393=VECTOR('',#8284,10.);
#2394=VECTOR('',#8289,10.);
#2395=VECTOR('',#8290,10.);
#2396=VECTOR('',#8293,10.);
#2397=VECTOR('',#8296,10.);
#2398=VECTOR('',#8305,10.);
#2399=VECTOR('',#8308,10.);
#2400=VECTOR('',#8311,10.);
#2401=VECTOR('',#8312,10.);
#2402=VECTOR('',#8313,10.);
#2403=VECTOR('',#8318,10.);
#2404=VECTOR('',#8323,10.);
#2405=VECTOR('',#8324,10.);
#2406=VECTOR('',#8325,10.);
#2407=VECTOR('',#8330,10.);
#2408=VECTOR('',#8333,10.);
#2409=VECTOR('',#8336,10.);
#2410=VECTOR('',#8337,10.);
#2411=VECTOR('',#8338,10.);
#2412=VECTOR('',#8343,10.);
#2413=VECTOR('',#8348,10.);
#2414=VECTOR('',#8349,10.);
#2415=VECTOR('',#8350,10.);
#2416=VECTOR('',#8355,10.);
#2417=VECTOR('',#8358,10.);
#2418=VECTOR('',#8361,10.);
#2419=VECTOR('',#8362,10.);
#2420=VECTOR('',#8363,10.);
#2421=VECTOR('',#8368,10.);
#2422=VECTOR('',#8371,10.);
#2423=VECTOR('',#8374,10.);
#2424=VECTOR('',#8375,10.);
#2425=VECTOR('',#8378,10.);
#2426=VECTOR('',#8379,10.);
#2427=VECTOR('',#8380,10.);
#2428=VECTOR('',#8383,10.);
#2429=VECTOR('',#8384,10.);
#2430=VECTOR('',#8385,10.);
#2431=VECTOR('',#8388,10.);
#2432=VECTOR('',#8389,10.);
#2433=VECTOR('',#8390,10.);
#2434=VECTOR('',#8393,10.);
#2435=VECTOR('',#8394,10.);
#2436=VECTOR('',#8397,10.);
#2437=VECTOR('',#8398,10.);
#2438=VECTOR('',#8401,10.);
#2439=VECTOR('',#8402,10.);
#2440=VECTOR('',#8405,10.);
#2441=VECTOR('',#8406,10.);
#2442=VECTOR('',#8407,10.);
#2443=VECTOR('',#8408,10.);
#2444=VECTOR('',#8411,10.);
#2445=VECTOR('',#8412,10.);
#2446=VECTOR('',#8413,10.);
#2447=VECTOR('',#8416,10.);
#2448=VECTOR('',#8417,10.);
#2449=VECTOR('',#8418,10.);
#2450=VECTOR('',#8423,10.);
#2451=VECTOR('',#8424,10.);
#2452=VECTOR('',#8425,10.);
#2453=VECTOR('',#8426,10.);
#2454=VECTOR('',#8429,10.);
#2455=VECTOR('',#8430,10.);
#2456=VECTOR('',#8431,10.);
#2457=VECTOR('',#8434,10.);
#2458=VECTOR('',#8435,10.);
#2459=VECTOR('',#8436,10.);
#2460=VECTOR('',#8441,2.39999999999999);
#2461=VECTOR('',#8448,1.64999999999999);
#2462=VECTOR('',#8451,2.4);
#2463=VECTOR('',#8458,1.65);
#2464=VECTOR('',#8461,10.);
#2465=VECTOR('',#8462,10.);
#2466=VECTOR('',#8465,10.);
#2467=VECTOR('',#8466,10.);
#2468=VECTOR('',#8469,10.);
#2469=VECTOR('',#8470,10.);
#2470=VECTOR('',#8473,10.);
#2471=VECTOR('',#8476,10.);
#2472=VECTOR('',#8477,10.);
#2473=VECTOR('',#8480,10.);
#2474=VECTOR('',#8483,10.);
#2475=VECTOR('',#8484,10.);
#2476=VECTOR('',#8485,10.);
#2477=VECTOR('',#8486,10.);
#2478=VECTOR('',#8489,10.);
#2479=VECTOR('',#8492,10.);
#2480=VECTOR('',#8495,10.);
#2481=VECTOR('',#8498,10.);
#2482=VECTOR('',#8501,10.);
#2483=VECTOR('',#8504,10.);
#2484=VECTOR('',#8509,10.);
#2485=VECTOR('',#8512,10.);
#2486=VECTOR('',#8515,10.);
#2487=VECTOR('',#8518,10.);
#2488=VECTOR('',#8521,10.);
#2489=VECTOR('',#8524,10.);
#2490=VECTOR('',#8527,10.);
#2491=VECTOR('',#8528,10.);
#2492=VECTOR('',#8533,10.);
#2493=VECTOR('',#8534,10.);
#2494=VECTOR('',#8537,10.);
#2495=VECTOR('',#8542,10.);
#2496=VECTOR('',#8545,10.);
#2497=VECTOR('',#8546,10.);
#2498=VECTOR('',#8547,10.);
#2499=VECTOR('',#8550,10.);
#2500=VECTOR('',#8555,10.);
#2501=VECTOR('',#8556,10.);
#2502=VECTOR('',#8561,10.);
#2503=VECTOR('',#8562,10.);
#2504=VECTOR('',#8565,10.);
#2505=VECTOR('',#8570,10.);
#2506=VECTOR('',#8573,10.);
#2507=VECTOR('',#8574,10.);
#2508=VECTOR('',#8575,10.);
#2509=VECTOR('',#8578,10.);
#2510=VECTOR('',#8583,10.);
#2511=VECTOR('',#8584,10.);
#2512=VECTOR('',#8589,10.);
#2513=VECTOR('',#8590,10.);
#2514=VECTOR('',#8593,10.);
#2515=VECTOR('',#8598,10.);
#2516=VECTOR('',#8601,10.);
#2517=VECTOR('',#8602,10.);
#2518=VECTOR('',#8603,10.);
#2519=VECTOR('',#8606,10.);
#2520=VECTOR('',#8611,10.);
#2521=VECTOR('',#8612,10.);
#2522=VECTOR('',#8617,10.);
#2523=VECTOR('',#8618,10.);
#2524=VECTOR('',#8621,10.);
#2525=VECTOR('',#8626,10.);
#2526=VECTOR('',#8629,10.);
#2527=VECTOR('',#8630,10.);
#2528=VECTOR('',#8631,10.);
#2529=VECTOR('',#8634,10.);
#2530=VECTOR('',#8639,10.);
#2531=VECTOR('',#8640,10.);
#2532=VECTOR('',#8645,10.);
#2533=VECTOR('',#8646,10.);
#2534=VECTOR('',#8649,10.);
#2535=VECTOR('',#8654,10.);
#2536=VECTOR('',#8657,10.);
#2537=VECTOR('',#8658,10.);
#2538=VECTOR('',#8659,10.);
#2539=VECTOR('',#8662,10.);
#2540=VECTOR('',#8667,10.);
#2541=VECTOR('',#8668,10.);
#2542=VECTOR('',#8673,10.);
#2543=VECTOR('',#8674,10.);
#2544=VECTOR('',#8677,10.);
#2545=VECTOR('',#8682,10.);
#2546=VECTOR('',#8685,10.);
#2547=VECTOR('',#8686,10.);
#2548=VECTOR('',#8687,2.5);
#2549=VECTOR('',#8690,10.);
#2550=VECTOR('',#8695,10.);
#2551=VECTOR('',#8696,10.);
#2552=VECTOR('',#8697,10.);
#2553=VECTOR('',#8698,10.);
#2554=VECTOR('',#8699,10.);
#2555=VECTOR('',#8700,10.);
#2556=VECTOR('',#8701,10.);
#2557=VECTOR('',#8702,10.);
#2558=VECTOR('',#8705,10.);
#2559=VECTOR('',#8708,10.);
#2560=VECTOR('',#8711,10.);
#2561=VECTOR('',#8714,10.);
#2562=VECTOR('',#8717,10.);
#2563=VECTOR('',#8720,10.);
#2564=VECTOR('',#8725,10.);
#2565=VECTOR('',#8728,10.);
#2566=VECTOR('',#8731,10.);
#2567=VECTOR('',#8734,10.);
#2568=VECTOR('',#8737,10.);
#2569=VECTOR('',#8740,10.);
#2570=VECTOR('',#8743,10.);
#2571=VECTOR('',#8744,10.);
#2572=VECTOR('',#8747,10.);
#2573=VECTOR('',#8748,10.);
#2574=VECTOR('',#8751,10.);
#2575=VECTOR('',#8758,10.);
#2576=VECTOR('',#8761,10.);
#2577=VECTOR('',#8762,10.);
#2578=VECTOR('',#8765,10.);
#2579=VECTOR('',#8766,10.);
#2580=VECTOR('',#8769,10.);
#2581=VECTOR('',#8776,2.5);
#2582=VECTOR('',#8779,10.);
#2583=VECTOR('',#8780,10.);
#2584=VECTOR('',#8783,10.);
#2585=VECTOR('',#8784,10.);
#2586=VECTOR('',#8787,10.);
#2587=VECTOR('',#8794,10.);
#2588=VECTOR('',#8797,10.);
#2589=VECTOR('',#8798,10.);
#2590=VECTOR('',#8801,10.);
#2591=VECTOR('',#8802,10.);
#2592=VECTOR('',#8805,10.);
#2593=VECTOR('',#8812,10.);
#2594=VECTOR('',#8815,10.);
#2595=VECTOR('',#8816,10.);
#2596=VECTOR('',#8819,10.);
#2597=VECTOR('',#8820,10.);
#2598=VECTOR('',#8823,10.);
#2599=VECTOR('',#8830,10.);
#2600=VECTOR('',#8833,10.);
#2601=VECTOR('',#8834,10.);
#2602=VECTOR('',#8837,10.);
#2603=VECTOR('',#8838,10.);
#2604=VECTOR('',#8841,10.);
#2605=VECTOR('',#8848,2.5);
#2606=VECTOR('',#8863,10.);
#2607=VECTOR('',#8864,10.);
#2608=VECTOR('',#8865,10.);
#2609=VECTOR('',#8868,10.);
#2610=VECTOR('',#8869,10.);
#2611=VECTOR('',#8870,10.);
#2612=VECTOR('',#8875,10.);
#2613=VECTOR('',#8876,10.);
#2614=VECTOR('',#8877,10.);
#2615=VECTOR('',#8878,10.);
#2616=VECTOR('',#8887,10.);
#2617=VECTOR('',#8888,10.);
#2618=VECTOR('',#8893,10.);
#2619=VECTOR('',#8896,10.);
#2620=VECTOR('',#8897,10.);
#2621=VECTOR('',#8898,10.);
#2622=VECTOR('',#8901,2.4);
#2623=VECTOR('',#8906,2.10000000000001);
#2624=VECTOR('',#8909,2.40000000000001);
#2625=VECTOR('',#8916,2.10000000000001);
#2626=VECTOR('',#8921,10.);
#2627=VECTOR('',#8924,10.);
#2628=VECTOR('',#8927,10.);
#2629=VECTOR('',#8928,10.);
#2630=VECTOR('',#8929,10.);
#2631=VECTOR('',#8930,10.);
#2632=VECTOR('',#8931,10.);
#2633=VECTOR('',#8932,10.);
#2634=VECTOR('',#8933,10.);
#2635=VECTOR('',#8934,10.);
#2636=VECTOR('',#8935,10.);
#2637=VECTOR('',#8936,10.);
#2638=VECTOR('',#8937,10.);
#2639=VECTOR('',#8940,10.);
#2640=VECTOR('',#8949,10.);
#2641=VECTOR('',#8950,10.);
#2642=VECTOR('',#8953,10.);
#2643=VECTOR('',#8956,10.);
#2644=VECTOR('',#8961,10.);
#2645=VECTOR('',#8964,10.);
#2646=VECTOR('',#8971,10.);
#2647=VECTOR('',#8974,10.);
#2648=VECTOR('',#8977,10.);
#2649=VECTOR('',#8982,10.);
#2650=VECTOR('',#8983,10.);
#2651=VECTOR('',#8986,10.);
#2652=VECTOR('',#8987,10.);
#2653=VECTOR('',#8988,10.);
#2654=VECTOR('',#8989,10.);
#2655=VECTOR('',#8998,10.);
#2656=VECTOR('',#9001,10.);
#2657=VECTOR('',#9004,10.);
#2658=VECTOR('',#9005,10.);
#2659=VECTOR('',#9006,10.);
#2660=VECTOR('',#9009,10.);
#2661=VECTOR('',#9018,10.);
#2662=VECTOR('',#9019,10.);
#2663=VECTOR('',#9050,10.);
#2664=VECTOR('',#9051,10.);
#2665=VECTOR('',#9052,10.);
#2666=VECTOR('',#9053,10.);
#2667=VECTOR('',#9056,10.);
#2668=VECTOR('',#9059,10.);
#2669=VECTOR('',#9062,10.);
#2670=VECTOR('',#9063,10.);
#2671=VECTOR('',#9068,3.00000000000001);
#2672=VECTOR('',#9071,10.);
#2673=VECTOR('',#9076,10.);
#2674=VECTOR('',#9083,3.);
#2675=VECTOR('',#9094,2.1);
#2676=VECTOR('',#9097,10.);
#2677=VECTOR('',#9100,10.);
#2678=VECTOR('',#9103,10.);
#2679=VECTOR('',#9104,10.);
#2680=VECTOR('',#9105,10.);
#2681=VECTOR('',#9106,10.);
#2682=VECTOR('',#9109,10.);
#2683=VECTOR('',#9110,10.);
#2684=VECTOR('',#9113,2.10000000000001);
#2685=VECTOR('',#9124,5.50000000000001);
#2686=VECTOR('',#9155,10.);
#2687=VECTOR('',#9160,10.);
#2688=VECTOR('',#9161,10.);
#2689=VECTOR('',#9162,10.);
#2690=VECTOR('',#9163,10.);
#2691=VECTOR('',#9166,10.);
#2692=VECTOR('',#9167,10.);
#2693=VECTOR('',#9168,10.);
#2694=VECTOR('',#9171,10.);
#2695=VECTOR('',#9172,10.);
#2696=VECTOR('',#9173,10.);
#2697=VECTOR('',#9174,10.);
#2698=VECTOR('',#9177,10.);
#2699=VECTOR('',#9178,10.);
#2700=VECTOR('',#9179,10.);
#2701=VECTOR('',#9182,10.);
#2702=VECTOR('',#9183,10.);
#2703=VECTOR('',#9184,10.);
#2704=VECTOR('',#9185,10.);
#2705=VECTOR('',#9188,10.);
#2706=VECTOR('',#9189,10.);
#2707=VECTOR('',#9190,10.);
#2708=VECTOR('',#9193,10.);
#2709=VECTOR('',#9194,10.);
#2710=VECTOR('',#9195,10.);
#2711=VECTOR('',#9196,10.);
#2712=VECTOR('',#9197,10.);
#2713=VECTOR('',#9198,10.);
#2714=VECTOR('',#9199,10.);
#2715=VECTOR('',#9200,10.);
#2716=VECTOR('',#9201,10.);
#2717=VECTOR('',#9202,10.);
#2718=VECTOR('',#9203,10.);
#2719=VECTOR('',#9204,10.);
#2720=VECTOR('',#9205,10.);
#2721=VECTOR('',#9206,10.);
#2722=VECTOR('',#9207,10.);
#2723=VECTOR('',#9208,10.);
#2724=VECTOR('',#9213,1.85000000000002);
#2725=VECTOR('',#9218,10.);
#2726=VECTOR('',#9221,10.);
#2727=VECTOR('',#9228,1.35000000000002);
#2728=VECTOR('',#9233,1.85000000000002);
#2729=VECTOR('',#9238,1.35000000000002);
#2730=VECTOR('',#9245,2.75);
#2731=VECTOR('',#9254,3.00000000000001);
#2732=VECTOR('',#9261,2.75);
#2733=VECTOR('',#9270,3.00000000000001);
#2734=VECTOR('',#9275,1.85000000000002);
#2735=VECTOR('',#9280,1.35000000000002);
#2736=VECTOR('',#9285,1.85000000000002);
#2737=VECTOR('',#9290,1.35000000000002);
#2738=VECTOR('',#9297,3.25000000000001);
#2739=VECTOR('',#9302,3.25000000000001);
#2740=VECTOR('',#9305,10.);
#2741=VECTOR('',#9306,10.);
#2742=VECTOR('',#9307,10.);
#2743=VECTOR('',#9308,10.);
#2744=VECTOR('',#9311,10.);
#2745=VECTOR('',#9318,10.);
#2746=VECTOR('',#9319,10.);
#2747=VECTOR('',#9320,10.);
#2748=VECTOR('',#9329,10.);
#2749=VECTOR('',#9332,10.);
#2750=VECTOR('',#9335,10.);
#2751=VECTOR('',#9336,10.);
#2752=VECTOR('',#9339,10.);
#2753=VECTOR('',#9340,10.);
#2754=VECTOR('',#9343,10.);
#2755=VECTOR('',#9348,10.);
#2756=VECTOR('',#9349,10.);
#2757=VECTOR('',#9354,10.);
#2758=VECTOR('',#9359,10.);
#2759=VECTOR('',#9360,10.);
#2760=VECTOR('',#9361,10.);
#2761=VECTOR('',#9362,10.);
#2762=VECTOR('',#9363,10.);
#2763=VECTOR('',#9366,10.);
#2764=VECTOR('',#9367,10.);
#2765=VECTOR('',#9368,10.);
#2766=VECTOR('',#9371,10.);
#2767=VECTOR('',#9390,10.);
#2768=VECTOR('',#9391,10.);
#2769=VECTOR('',#9392,10.);
#2770=VECTOR('',#9407,2.40000000000001);
#2771=VECTOR('',#9412,2.10000000000001);
#2772=VECTOR('',#9415,2.4);
#2773=VECTOR('',#9420,2.1);
#2774=VECTOR('',#9423,2.40000000000001);
#2775=VECTOR('',#9428,2.10000000000001);
#2776=VECTOR('',#9431,2.4);
#2777=VECTOR('',#9436,2.10000000000001);
#2778=VECTOR('',#9439,10.);
#2779=VECTOR('',#9442,10.);
#2780=VECTOR('',#9445,10.);
#2781=VECTOR('',#9448,10.);
#2782=VECTOR('',#9453,2.40000000000001);
#2783=VECTOR('',#9458,2.10000000000001);
#2784=VECTOR('',#9461,2.4);
#2785=VECTOR('',#9466,2.1);
#2786=VECTOR('',#9469,10.);
#2787=VECTOR('',#9472,10.);
#2788=VECTOR('',#9477,10.);
#2789=VECTOR('',#9478,10.);
#2790=VECTOR('',#9485,10.);
#2791=VECTOR('',#9488,10.);
#2792=VERTEX_POINT('',#9493);
#2793=VERTEX_POINT('',#9494);
#2794=VERTEX_POINT('',#9496);
#2795=VERTEX_POINT('',#9498);
#2796=VERTEX_POINT('',#9500);
#2797=VERTEX_POINT('',#9504);
#2798=VERTEX_POINT('',#9506);
#2799=VERTEX_POINT('',#9510);
#2800=VERTEX_POINT('',#9511);
#2801=VERTEX_POINT('',#9513);
#2802=VERTEX_POINT('',#9515);
#2803=VERTEX_POINT('',#9517);
#2804=VERTEX_POINT('',#9521);
#2805=VERTEX_POINT('',#9523);
#2806=VERTEX_POINT('',#9525);
#2807=VERTEX_POINT('',#9527);
#2808=VERTEX_POINT('',#9529);
#2809=VERTEX_POINT('',#9531);
#2810=VERTEX_POINT('',#9533);
#2811=VERTEX_POINT('',#9535);
#2812=VERTEX_POINT('',#9539);
#2813=VERTEX_POINT('',#9541);
#2814=VERTEX_POINT('',#9543);
#2815=VERTEX_POINT('',#9545);
#2816=VERTEX_POINT('',#9547);
#2817=VERTEX_POINT('',#9549);
#2818=VERTEX_POINT('',#9551);
#2819=VERTEX_POINT('',#9554);
#2820=VERTEX_POINT('',#9556);
#2821=VERTEX_POINT('',#9558);
#2822=VERTEX_POINT('',#9560);
#2823=VERTEX_POINT('',#9562);
#2824=VERTEX_POINT('',#9564);
#2825=VERTEX_POINT('',#9567);
#2826=VERTEX_POINT('',#9569);
#2827=VERTEX_POINT('',#9571);
#2828=VERTEX_POINT('',#9573);
#2829=VERTEX_POINT('',#9575);
#2830=VERTEX_POINT('',#9577);
#2831=VERTEX_POINT('',#9579);
#2832=VERTEX_POINT('',#9581);
#2833=VERTEX_POINT('',#9585);
#2834=VERTEX_POINT('',#9586);
#2835=VERTEX_POINT('',#9588);
#2836=VERTEX_POINT('',#9590);
#2837=VERTEX_POINT('',#9594);
#2838=VERTEX_POINT('',#9596);
#2839=VERTEX_POINT('',#9600);
#2840=VERTEX_POINT('',#9602);
#2841=VERTEX_POINT('',#9609);
#2842=VERTEX_POINT('',#9611);
#2843=VERTEX_POINT('',#9613);
#2844=VERTEX_POINT('',#9615);
#2845=VERTEX_POINT('',#9617);
#2846=VERTEX_POINT('',#9619);
#2847=VERTEX_POINT('',#9621);
#2848=VERTEX_POINT('',#9623);
#2849=VERTEX_POINT('',#9625);
#2850=VERTEX_POINT('',#9627);
#2851=VERTEX_POINT('',#9629);
#2852=VERTEX_POINT('',#9631);
#2853=VERTEX_POINT('',#9634);
#2854=VERTEX_POINT('',#9636);
#2855=VERTEX_POINT('',#9639);
#2856=VERTEX_POINT('',#9640);
#2857=VERTEX_POINT('',#9645);
#2858=VERTEX_POINT('',#9649);
#2859=VERTEX_POINT('',#9653);
#2860=VERTEX_POINT('',#9658);
#2861=VERTEX_POINT('',#9660);
#2862=VERTEX_POINT('',#9663);
#2863=VERTEX_POINT('',#9666);
#2864=VERTEX_POINT('',#9670);
#2865=VERTEX_POINT('',#9673);
#2866=VERTEX_POINT('',#9676);
#2867=VERTEX_POINT('',#9677);
#2868=VERTEX_POINT('',#9679);
#2869=VERTEX_POINT('',#9681);
#2870=VERTEX_POINT('',#9683);
#2871=VERTEX_POINT('',#9686);
#2872=VERTEX_POINT('',#9690);
#2873=VERTEX_POINT('',#9692);
#2874=VERTEX_POINT('',#9694);
#2875=VERTEX_POINT('',#9696);
#2876=VERTEX_POINT('',#9699);
#2877=VERTEX_POINT('',#9701);
#2878=VERTEX_POINT('',#9703);
#2879=VERTEX_POINT('',#9707);
#2880=VERTEX_POINT('',#9711);
#2881=VERTEX_POINT('',#9713);
#2882=VERTEX_POINT('',#9715);
#2883=VERTEX_POINT('',#9718);
#2884=VERTEX_POINT('',#9722);
#2885=VERTEX_POINT('',#9724);
#2886=VERTEX_POINT('',#9727);
#2887=VERTEX_POINT('',#9733);
#2888=VERTEX_POINT('',#9735);
#2889=VERTEX_POINT('',#9739);
#2890=VERTEX_POINT('',#9741);
#2891=VERTEX_POINT('',#9745);
#2892=VERTEX_POINT('',#9747);
#2893=VERTEX_POINT('',#9761);
#2894=VERTEX_POINT('',#9764);
#2895=VERTEX_POINT('',#9776);
#2896=VERTEX_POINT('',#9779);
#2897=VERTEX_POINT('',#9784);
#2898=VERTEX_POINT('',#9787);
#2899=VERTEX_POINT('',#9788);
#2900=VERTEX_POINT('',#9790);
#2901=VERTEX_POINT('',#9792);
#2902=VERTEX_POINT('',#9796);
#2903=VERTEX_POINT('',#9798);
#2904=VERTEX_POINT('',#9802);
#2905=VERTEX_POINT('',#9804);
#2906=VERTEX_POINT('',#9811);
#2907=VERTEX_POINT('',#9813);
#2908=VERTEX_POINT('',#9818);
#2909=VERTEX_POINT('',#9820);
#2910=VERTEX_POINT('',#9822);
#2911=VERTEX_POINT('',#9826);
#2912=VERTEX_POINT('',#9827);
#2913=VERTEX_POINT('',#9829);
#2914=VERTEX_POINT('',#9831);
#2915=VERTEX_POINT('',#9833);
#2916=VERTEX_POINT('',#9835);
#2917=VERTEX_POINT('',#9837);
#2918=VERTEX_POINT('',#9839);
#2919=VERTEX_POINT('',#9842);
#2920=VERTEX_POINT('',#9844);
#2921=VERTEX_POINT('',#9846);
#2922=VERTEX_POINT('',#9848);
#2923=VERTEX_POINT('',#9850);
#2924=VERTEX_POINT('',#9852);
#2925=VERTEX_POINT('',#9855);
#2926=VERTEX_POINT('',#9864);
#2927=VERTEX_POINT('',#9866);
#2928=VERTEX_POINT('',#9875);
#2929=VERTEX_POINT('',#9879);
#2930=VERTEX_POINT('',#9888);
#2931=VERTEX_POINT('',#9896);
#2932=VERTEX_POINT('',#9901);
#2933=VERTEX_POINT('',#9905);
#2934=VERTEX_POINT('',#9907);
#2935=VERTEX_POINT('',#9909);
#2936=VERTEX_POINT('',#9911);
#2937=VERTEX_POINT('',#9913);
#2938=VERTEX_POINT('',#9915);
#2939=VERTEX_POINT('',#9924);
#2940=VERTEX_POINT('',#9925);
#2941=VERTEX_POINT('',#9927);
#2942=VERTEX_POINT('',#9929);
#2943=VERTEX_POINT('',#9931);
#2944=VERTEX_POINT('',#9933);
#2945=VERTEX_POINT('',#9936);
#2946=VERTEX_POINT('',#9938);
#2947=VERTEX_POINT('',#9939);
#2948=VERTEX_POINT('',#9941);
#2949=VERTEX_POINT('',#9943);
#2950=VERTEX_POINT('',#9946);
#2951=VERTEX_POINT('',#9947);
#2952=VERTEX_POINT('',#9949);
#2953=VERTEX_POINT('',#9951);
#2954=VERTEX_POINT('',#9953);
#2955=VERTEX_POINT('',#9955);
#2956=VERTEX_POINT('',#9957);
#2957=VERTEX_POINT('',#9959);
#2958=VERTEX_POINT('',#9963);
#2959=VERTEX_POINT('',#9965);
#2960=VERTEX_POINT('',#9969);
#2961=VERTEX_POINT('',#9973);
#2962=VERTEX_POINT('',#9979);
#2963=VERTEX_POINT('',#9981);
#2964=VERTEX_POINT('',#9985);
#2965=VERTEX_POINT('',#9989);
#2966=VERTEX_POINT('',#9991);
#2967=VERTEX_POINT('',#9995);
#2968=VERTEX_POINT('',#9999);
#2969=VERTEX_POINT('',#10003);
#2970=VERTEX_POINT('',#10007);
#2971=VERTEX_POINT('',#10022);
#2972=VERTEX_POINT('',#10023);
#2973=VERTEX_POINT('',#10025);
#2974=VERTEX_POINT('',#10027);
#2975=VERTEX_POINT('',#10031);
#2976=VERTEX_POINT('',#10033);
#2977=VERTEX_POINT('',#10037);
#2978=VERTEX_POINT('',#10039);
#2979=VERTEX_POINT('',#10046);
#2980=VERTEX_POINT('',#10047);
#2981=VERTEX_POINT('',#10049);
#2982=VERTEX_POINT('',#10051);
#2983=VERTEX_POINT('',#10053);
#2984=VERTEX_POINT('',#10055);
#2985=VERTEX_POINT('',#10057);
#2986=VERTEX_POINT('',#10059);
#2987=VERTEX_POINT('',#10062);
#2988=VERTEX_POINT('',#10064);
#2989=VERTEX_POINT('',#10066);
#2990=VERTEX_POINT('',#10068);
#2991=VERTEX_POINT('',#10070);
#2992=VERTEX_POINT('',#10072);
#2993=VERTEX_POINT('',#10078);
#2994=VERTEX_POINT('',#10086);
#2995=VERTEX_POINT('',#10087);
#2996=VERTEX_POINT('',#10089);
#2997=VERTEX_POINT('',#10091);
#2998=VERTEX_POINT('',#10093);
#2999=VERTEX_POINT('',#10125);
#3000=VERTEX_POINT('',#10126);
#3001=VERTEX_POINT('',#10128);
#3002=VERTEX_POINT('',#10130);
#3003=VERTEX_POINT('',#10137);
#3004=VERTEX_POINT('',#10139);
#3005=VERTEX_POINT('',#10143);
#3006=VERTEX_POINT('',#10147);
#3007=VERTEX_POINT('',#10151);
#3008=VERTEX_POINT('',#10155);
#3009=VERTEX_POINT('',#10159);
#3010=VERTEX_POINT('',#10163);
#3011=VERTEX_POINT('',#10169);
#3012=VERTEX_POINT('',#10172);
#3013=VERTEX_POINT('',#10173);
#3014=VERTEX_POINT('',#10175);
#3015=VERTEX_POINT('',#10180);
#3016=VERTEX_POINT('',#10182);
#3017=VERTEX_POINT('',#10186);
#3018=VERTEX_POINT('',#10188);
#3019=VERTEX_POINT('',#10190);
#3020=VERTEX_POINT('',#10194);
#3021=VERTEX_POINT('',#10195);
#3022=VERTEX_POINT('',#10200);
#3023=VERTEX_POINT('',#10205);
#3024=VERTEX_POINT('',#10209);
#3025=VERTEX_POINT('',#10210);
#3026=VERTEX_POINT('',#10214);
#3027=VERTEX_POINT('',#10216);
#3028=VERTEX_POINT('',#10220);
#3029=VERTEX_POINT('',#10222);
#3030=VERTEX_POINT('',#10226);
#3031=VERTEX_POINT('',#10230);
#3032=VERTEX_POINT('',#10232);
#3033=VERTEX_POINT('',#10236);
#3034=VERTEX_POINT('',#10240);
#3035=VERTEX_POINT('',#10242);
#3036=VERTEX_POINT('',#10247);
#3037=VERTEX_POINT('',#10248);
#3038=VERTEX_POINT('',#10250);
#3039=VERTEX_POINT('',#10252);
#3040=VERTEX_POINT('',#10299);
#3041=VERTEX_POINT('',#10300);
#3042=VERTEX_POINT('',#10302);
#3043=VERTEX_POINT('',#10304);
#3044=VERTEX_POINT('',#10308);
#3045=VERTEX_POINT('',#10310);
#3046=VERTEX_POINT('',#10314);
#3047=VERTEX_POINT('',#10316);
#3048=VERTEX_POINT('',#10320);
#3049=VERTEX_POINT('',#10322);
#3050=VERTEX_POINT('',#10326);
#3051=VERTEX_POINT('',#10327);
#3052=VERTEX_POINT('',#10329);
#3053=VERTEX_POINT('',#10331);
#3054=VERTEX_POINT('',#10335);
#3055=VERTEX_POINT('',#10337);
#3056=VERTEX_POINT('',#10341);
#3057=VERTEX_POINT('',#10343);
#3058=VERTEX_POINT('',#10347);
#3059=VERTEX_POINT('',#10349);
#3060=VERTEX_POINT('',#10353);
#3061=VERTEX_POINT('',#10354);
#3062=VERTEX_POINT('',#10356);
#3063=VERTEX_POINT('',#10358);
#3064=VERTEX_POINT('',#10362);
#3065=VERTEX_POINT('',#10364);
#3066=VERTEX_POINT('',#10368);
#3067=VERTEX_POINT('',#10369);
#3068=VERTEX_POINT('',#10371);
#3069=VERTEX_POINT('',#10373);
#3070=VERTEX_POINT('',#10380);
#3071=VERTEX_POINT('',#10382);
#3072=VERTEX_POINT('',#10386);
#3073=VERTEX_POINT('',#10388);
#3074=VERTEX_POINT('',#10392);
#3075=VERTEX_POINT('',#10394);
#3076=VERTEX_POINT('',#10407);
#3077=VERTEX_POINT('',#10408);
#3078=VERTEX_POINT('',#10410);
#3079=VERTEX_POINT('',#10412);
#3080=VERTEX_POINT('',#10416);
#3081=VERTEX_POINT('',#10418);
#3082=VERTEX_POINT('',#10422);
#3083=VERTEX_POINT('',#10424);
#3084=VERTEX_POINT('',#10427);
#3085=VERTEX_POINT('',#10430);
#3086=VERTEX_POINT('',#10431);
#3087=VERTEX_POINT('',#10433);
#3088=VERTEX_POINT('',#10435);
#3089=VERTEX_POINT('',#10439);
#3090=VERTEX_POINT('',#10441);
#3091=VERTEX_POINT('',#10445);
#3092=VERTEX_POINT('',#10447);
#3093=VERTEX_POINT('',#10450);
#3094=VERTEX_POINT('',#10453);
#3095=VERTEX_POINT('',#10457);
#3096=VERTEX_POINT('',#10461);
#3097=VERTEX_POINT('',#10465);
#3098=VERTEX_POINT('',#10469);
#3099=VERTEX_POINT('',#10473);
#3100=VERTEX_POINT('',#10477);
#3101=VERTEX_POINT('',#10483);
#3102=VERTEX_POINT('',#10489);
#3103=VERTEX_POINT('',#10490);
#3104=VERTEX_POINT('',#10492);
#3105=VERTEX_POINT('',#10494);
#3106=VERTEX_POINT('',#10497);
#3107=VERTEX_POINT('',#10498);
#3108=VERTEX_POINT('',#10500);
#3109=VERTEX_POINT('',#10502);
#3110=VERTEX_POINT('',#10505);
#3111=VERTEX_POINT('',#10506);
#3112=VERTEX_POINT('',#10508);
#3113=VERTEX_POINT('',#10510);
#3114=VERTEX_POINT('',#10513);
#3115=VERTEX_POINT('',#10514);
#3116=VERTEX_POINT('',#10516);
#3117=VERTEX_POINT('',#10518);
#3118=VERTEX_POINT('',#10521);
#3119=VERTEX_POINT('',#10523);
#3120=VERTEX_POINT('',#10524);
#3121=VERTEX_POINT('',#10526);
#3122=VERTEX_POINT('',#10528);
#3123=VERTEX_POINT('',#10531);
#3124=VERTEX_POINT('',#10532);
#3125=VERTEX_POINT('',#10534);
#3126=VERTEX_POINT('',#10536);
#3127=VERTEX_POINT('',#10539);
#3128=VERTEX_POINT('',#10540);
#3129=VERTEX_POINT('',#10542);
#3130=VERTEX_POINT('',#10544);
#3131=VERTEX_POINT('',#10548);
#3132=VERTEX_POINT('',#10550);
#3133=VERTEX_POINT('',#10554);
#3134=VERTEX_POINT('',#10558);
#3135=VERTEX_POINT('',#10564);
#3136=VERTEX_POINT('',#10566);
#3137=VERTEX_POINT('',#10570);
#3138=VERTEX_POINT('',#10574);
#3139=VERTEX_POINT('',#10576);
#3140=VERTEX_POINT('',#10580);
#3141=VERTEX_POINT('',#10584);
#3142=VERTEX_POINT('',#10590);
#3143=VERTEX_POINT('',#10592);
#3144=VERTEX_POINT('',#10596);
#3145=VERTEX_POINT('',#10600);
#3146=VERTEX_POINT('',#10602);
#3147=VERTEX_POINT('',#10606);
#3148=VERTEX_POINT('',#10610);
#3149=VERTEX_POINT('',#10616);
#3150=VERTEX_POINT('',#10618);
#3151=VERTEX_POINT('',#10622);
#3152=VERTEX_POINT('',#10626);
#3153=VERTEX_POINT('',#10628);
#3154=VERTEX_POINT('',#10632);
#3155=VERTEX_POINT('',#10636);
#3156=VERTEX_POINT('',#10642);
#3157=VERTEX_POINT('',#10644);
#3158=VERTEX_POINT('',#10648);
#3159=VERTEX_POINT('',#10652);
#3160=VERTEX_POINT('',#10654);
#3161=VERTEX_POINT('',#10658);
#3162=VERTEX_POINT('',#10662);
#3163=VERTEX_POINT('',#10668);
#3164=VERTEX_POINT('',#10670);
#3165=VERTEX_POINT('',#10674);
#3166=VERTEX_POINT('',#10678);
#3167=VERTEX_POINT('',#10680);
#3168=VERTEX_POINT('',#10684);
#3169=VERTEX_POINT('',#10688);
#3170=VERTEX_POINT('',#10694);
#3171=VERTEX_POINT('',#10696);
#3172=VERTEX_POINT('',#10700);
#3173=VERTEX_POINT('',#10704);
#3174=VERTEX_POINT('',#10705);
#3175=VERTEX_POINT('',#10707);
#3176=VERTEX_POINT('',#10709);
#3177=VERTEX_POINT('',#10711);
#3178=VERTEX_POINT('',#10713);
#3179=VERTEX_POINT('',#10715);
#3180=VERTEX_POINT('',#10717);
#3181=VERTEX_POINT('',#10720);
#3182=VERTEX_POINT('',#10721);
#3183=VERTEX_POINT('',#10723);
#3184=VERTEX_POINT('',#10725);
#3185=VERTEX_POINT('',#10728);
#3186=VERTEX_POINT('',#10729);
#3187=VERTEX_POINT('',#10731);
#3188=VERTEX_POINT('',#10733);
#3189=VERTEX_POINT('',#10736);
#3190=VERTEX_POINT('',#10737);
#3191=VERTEX_POINT('',#10739);
#3192=VERTEX_POINT('',#10741);
#3193=VERTEX_POINT('',#10744);
#3194=VERTEX_POINT('',#10746);
#3195=VERTEX_POINT('',#10747);
#3196=VERTEX_POINT('',#10749);
#3197=VERTEX_POINT('',#10751);
#3198=VERTEX_POINT('',#10754);
#3199=VERTEX_POINT('',#10755);
#3200=VERTEX_POINT('',#10757);
#3201=VERTEX_POINT('',#10759);
#3202=VERTEX_POINT('',#10762);
#3203=VERTEX_POINT('',#10763);
#3204=VERTEX_POINT('',#10765);
#3205=VERTEX_POINT('',#10767);
#3206=VERTEX_POINT('',#10774);
#3207=VERTEX_POINT('',#10787);
#3208=VERTEX_POINT('',#10800);
#3209=VERTEX_POINT('',#10813);
#3210=VERTEX_POINT('',#10826);
#3211=VERTEX_POINT('',#10839);
#3212=VERTEX_POINT('',#10855);
#3213=VERTEX_POINT('',#10857);
#3214=VERTEX_POINT('',#10861);
#3215=VERTEX_POINT('',#10863);
#3216=VERTEX_POINT('',#10865);
#3217=VERTEX_POINT('',#10868);
#3218=VERTEX_POINT('',#10870);
#3219=VERTEX_POINT('',#10872);
#3220=VERTEX_POINT('',#10874);
#3221=VERTEX_POINT('',#10877);
#3222=VERTEX_POINT('',#10879);
#3223=VERTEX_POINT('',#10882);
#3224=VERTEX_POINT('',#10884);
#3225=VERTEX_POINT('',#10887);
#3226=VERTEX_POINT('',#10892);
#3227=VERTEX_POINT('',#10893);
#3228=VERTEX_POINT('',#10898);
#3229=VERTEX_POINT('',#10904);
#3230=VERTEX_POINT('',#10908);
#3231=VERTEX_POINT('',#10912);
#3232=VERTEX_POINT('',#10913);
#3233=VERTEX_POINT('',#10915);
#3234=VERTEX_POINT('',#10917);
#3235=VERTEX_POINT('',#10921);
#3236=VERTEX_POINT('',#10923);
#3237=VERTEX_POINT('',#10925);
#3238=VERTEX_POINT('',#10927);
#3239=VERTEX_POINT('',#10929);
#3240=VERTEX_POINT('',#10931);
#3241=VERTEX_POINT('',#10933);
#3242=VERTEX_POINT('',#10935);
#3243=VERTEX_POINT('',#10937);
#3244=VERTEX_POINT('',#10939);
#3245=VERTEX_POINT('',#10941);
#3246=VERTEX_POINT('',#10943);
#3247=VERTEX_POINT('',#10946);
#3248=VERTEX_POINT('',#10948);
#3249=VERTEX_POINT('',#10951);
#3250=VERTEX_POINT('',#10952);
#3251=VERTEX_POINT('',#10957);
#3252=VERTEX_POINT('',#10958);
#3253=VERTEX_POINT('',#10961);
#3254=VERTEX_POINT('',#10965);
#3255=VERTEX_POINT('',#10971);
#3256=VERTEX_POINT('',#10973);
#3257=VERTEX_POINT('',#10975);
#3258=VERTEX_POINT('',#10979);
#3259=VERTEX_POINT('',#10986);
#3260=VERTEX_POINT('',#10988);
#3261=VERTEX_POINT('',#10995);
#3262=VERTEX_POINT('',#10996);
#3263=VERTEX_POINT('',#10998);
#3264=VERTEX_POINT('',#11000);
#3265=VERTEX_POINT('',#11005);
#3266=VERTEX_POINT('',#11011);
#3267=VERTEX_POINT('',#11015);
#3268=VERTEX_POINT('',#11019);
#3269=VERTEX_POINT('',#11106);
#3270=VERTEX_POINT('',#11107);
#3271=VERTEX_POINT('',#11115);
#3272=VERTEX_POINT('',#11117);
#3273=VERTEX_POINT('',#11119);
#3274=VERTEX_POINT('',#11121);
#3275=VERTEX_POINT('',#11123);
#3276=VERTEX_POINT('',#11125);
#3277=VERTEX_POINT('',#11127);
#3278=VERTEX_POINT('',#11267);
#3279=VERTEX_POINT('',#11268);
#3280=VERTEX_POINT('',#11276);
#3281=VERTEX_POINT('',#11278);
#3282=VERTEX_POINT('',#11280);
#3283=VERTEX_POINT('',#11282);
#3284=VERTEX_POINT('',#11284);
#3285=VERTEX_POINT('',#11286);
#3286=VERTEX_POINT('',#11478);
#3287=VERTEX_POINT('',#11483);
#3288=VERTEX_POINT('',#11487);
#3289=VERTEX_POINT('',#11634);
#3290=VERTEX_POINT('',#11664);
#3291=VERTEX_POINT('',#11668);
#3292=VERTEX_POINT('',#11671);
#3293=VERTEX_POINT('',#11676);
#3294=VERTEX_POINT('',#11678);
#3295=VERTEX_POINT('',#11682);
#3296=VERTEX_POINT('',#11684);
#3297=VERTEX_POINT('',#11686);
#3298=VERTEX_POINT('',#11718);
#3299=VERTEX_POINT('',#11719);
#3300=VERTEX_POINT('',#11721);
#3301=VERTEX_POINT('',#11723);
#3302=VERTEX_POINT('',#11727);
#3303=VERTEX_POINT('',#11729);
#3304=VERTEX_POINT('',#11733);
#3305=VERTEX_POINT('',#11734);
#3306=VERTEX_POINT('',#11736);
#3307=VERTEX_POINT('',#11738);
#3308=VERTEX_POINT('',#11742);
#3309=VERTEX_POINT('',#11744);
#3310=VERTEX_POINT('',#11748);
#3311=VERTEX_POINT('',#11749);
#3312=VERTEX_POINT('',#11751);
#3313=VERTEX_POINT('',#11753);
#3314=VERTEX_POINT('',#11757);
#3315=VERTEX_POINT('',#11759);
#3316=VERTEX_POINT('',#11763);
#3317=VERTEX_POINT('',#11764);
#3318=VERTEX_POINT('',#11766);
#3319=VERTEX_POINT('',#11768);
#3320=VERTEX_POINT('',#11770);
#3321=VERTEX_POINT('',#11772);
#3322=VERTEX_POINT('',#11774);
#3323=VERTEX_POINT('',#11776);
#3324=VERTEX_POINT('',#11778);
#3325=VERTEX_POINT('',#11780);
#3326=VERTEX_POINT('',#11782);
#3327=VERTEX_POINT('',#11784);
#3328=VERTEX_POINT('',#11786);
#3329=VERTEX_POINT('',#11788);
#3330=VERTEX_POINT('',#11790);
#3331=VERTEX_POINT('',#11792);
#3332=VERTEX_POINT('',#11796);
#3333=VERTEX_POINT('',#11798);
#3334=VERTEX_POINT('',#11802);
#3335=VERTEX_POINT('',#11803);
#3336=VERTEX_POINT('',#11805);
#3337=VERTEX_POINT('',#11807);
#3338=VERTEX_POINT('',#11810);
#3339=VERTEX_POINT('',#11813);
#3340=VERTEX_POINT('',#11817);
#3341=VERTEX_POINT('',#11821);
#3342=VERTEX_POINT('',#11825);
#3343=VERTEX_POINT('',#11827);
#3344=VERTEX_POINT('',#11831);
#3345=VERTEX_POINT('',#11834);
#3346=VERTEX_POINT('',#11838);
#3347=VERTEX_POINT('',#11840);
#3348=VERTEX_POINT('',#11844);
#3349=VERTEX_POINT('',#11847);
#3350=VERTEX_POINT('',#11851);
#3351=VERTEX_POINT('',#11855);
#3352=VERTEX_POINT('',#11859);
#3353=VERTEX_POINT('',#11863);
#3354=VERTEX_POINT('',#11867);
#3355=VERTEX_POINT('',#11871);
#3356=VERTEX_POINT('',#11875);
#3357=VERTEX_POINT('',#11876);
#3358=VERTEX_POINT('',#11878);
#3359=VERTEX_POINT('',#11880);
#3360=VERTEX_POINT('',#11884);
#3361=VERTEX_POINT('',#11885);
#3362=VERTEX_POINT('',#11890);
#3363=VERTEX_POINT('',#11891);
#3364=VERTEX_POINT('',#11899);
#3365=VERTEX_POINT('',#11901);
#3366=VERTEX_POINT('',#11905);
#3367=VERTEX_POINT('',#11912);
#3368=VERTEX_POINT('',#11928);
#3369=VERTEX_POINT('',#11930);
#3370=VERTEX_POINT('',#11932);
#3371=VERTEX_POINT('',#11934);
#3372=VERTEX_POINT('',#11938);
#3373=VERTEX_POINT('',#11940);
#3374=VERTEX_POINT('',#11942);
#3375=VERTEX_POINT('',#11944);
#3376=VERTEX_POINT('',#11946);
#3377=VERTEX_POINT('',#11948);
#3378=VERTEX_POINT('',#11951);
#3379=VERTEX_POINT('',#11953);
#3380=VERTEX_POINT('',#11955);
#3381=VERTEX_POINT('',#11957);
#3382=VERTEX_POINT('',#11960);
#3383=VERTEX_POINT('',#11962);
#3384=VERTEX_POINT('',#11964);
#3385=VERTEX_POINT('',#11966);
#3386=VERTEX_POINT('',#11968);
#3387=VERTEX_POINT('',#11970);
#3388=VERTEX_POINT('',#11973);
#3389=VERTEX_POINT('',#11979);
#3390=VERTEX_POINT('',#11985);
#3391=VERTEX_POINT('',#11991);
#3392=VERTEX_POINT('',#12006);
#3393=VERTEX_POINT('',#12012);
#3394=EDGE_CURVE('',#2792,#2793,#1336,.T.);
#3395=EDGE_CURVE('',#2792,#2794,#1337,.T.);
#3396=EDGE_CURVE('',#2794,#2795,#1338,.T.);
#3397=EDGE_CURVE('',#2795,#2796,#1339,.T.);
#3398=EDGE_CURVE('',#2796,#2793,#1340,.T.);
#3399=EDGE_CURVE('',#2795,#2797,#1341,.T.);
#3400=EDGE_CURVE('',#2797,#2798,#1342,.T.);
#3401=EDGE_CURVE('',#2796,#2798,#1343,.T.);
#3402=EDGE_CURVE('',#2799,#2800,#1344,.T.);
#3403=EDGE_CURVE('',#2801,#2799,#1345,.F.);
#3404=EDGE_CURVE('',#2801,#2802,#1346,.T.);
#3405=EDGE_CURVE('',#2802,#2803,#1347,.T.);
#3406=EDGE_CURVE('',#2803,#2800,#1348,.T.);
#3407=EDGE_CURVE('',#2804,#2799,#1349,.T.);
#3408=EDGE_CURVE('',#2800,#2805,#1350,.T.);
#3409=EDGE_CURVE('',#2805,#2806,#1351,.T.);
#3410=EDGE_CURVE('',#2806,#2807,#1352,.T.);
#3411=EDGE_CURVE('',#2807,#2808,#1353,.T.);
#3412=EDGE_CURVE('',#2808,#2809,#1354,.T.);
#3413=EDGE_CURVE('',#2809,#2810,#1355,.T.);
#3414=EDGE_CURVE('',#2810,#2811,#1356,.T.);
#3415=EDGE_CURVE('',#2804,#2811,#1357,.T.);
#3416=EDGE_CURVE('',#2812,#2792,#1358,.T.);
#3417=EDGE_CURVE('',#2813,#2812,#1359,.T.);
#3418=EDGE_CURVE('',#2814,#2813,#1360,.T.);
#3419=EDGE_CURVE('',#2814,#2815,#1361,.T.);
#3420=EDGE_CURVE('',#2815,#2816,#1362,.T.);
#3421=EDGE_CURVE('',#2816,#2817,#1363,.T.);
#3422=EDGE_CURVE('',#2818,#2817,#1364,.T.);
#3423=EDGE_CURVE('',#2809,#2818,#1365,.T.);
#3424=EDGE_CURVE('',#2819,#2808,#1366,.T.);
#3425=EDGE_CURVE('',#2820,#2819,#1367,.T.);
#3426=EDGE_CURVE('',#2820,#2821,#1368,.T.);
#3427=EDGE_CURVE('',#2821,#2822,#1369,.T.);
#3428=EDGE_CURVE('',#2822,#2823,#1370,.T.);
#3429=EDGE_CURVE('',#2824,#2823,#1371,.T.);
#3430=EDGE_CURVE('',#2805,#2824,#1372,.T.);
#3431=EDGE_CURVE('',#2803,#2825,#1373,.T.);
#3432=EDGE_CURVE('',#2826,#2825,#1374,.T.);
#3433=EDGE_CURVE('',#2826,#2827,#1375,.T.);
#3434=EDGE_CURVE('',#2827,#2828,#1376,.T.);
#3435=EDGE_CURVE('',#2828,#2829,#1377,.T.);
#3436=EDGE_CURVE('',#2829,#2830,#1378,.T.);
#3437=EDGE_CURVE('',#2830,#2831,#1379,.T.);
#3438=EDGE_CURVE('',#2831,#2832,#1380,.T.);
#3439=EDGE_CURVE('',#2832,#2794,#1381,.T.);
#3440=EDGE_CURVE('',#2833,#2834,#1382,.T.);
#3441=EDGE_CURVE('',#2835,#2834,#1383,.T.);
#3442=EDGE_CURVE('',#2835,#2836,#1384,.T.);
#3443=EDGE_CURVE('',#2836,#2833,#1385,.T.);
#3444=EDGE_CURVE('',#2836,#2837,#1386,.T.);
#3445=EDGE_CURVE('',#2838,#2837,#1387,.T.);
#3446=EDGE_CURVE('',#2838,#2833,#1388,.T.);
#3447=EDGE_CURVE('',#2839,#2837,#1389,.T.);
#3448=EDGE_CURVE('',#2840,#2839,#472,.T.);
#3449=EDGE_CURVE('',#2840,#2838,#1390,.T.);
#3450=EDGE_CURVE('',#2841,#2835,#1391,.T.);
#3451=EDGE_CURVE('',#2842,#2841,#1392,.T.);
#3452=EDGE_CURVE('',#2843,#2842,#1393,.T.);
#3453=EDGE_CURVE('',#2844,#2843,#1394,.T.);
#3454=EDGE_CURVE('',#2845,#2844,#254,.T.);
#3455=EDGE_CURVE('',#2846,#2845,#1395,.T.);
#3456=EDGE_CURVE('',#2847,#2846,#1396,.T.);
#3457=EDGE_CURVE('',#2848,#2847,#1397,.T.);
#3458=EDGE_CURVE('',#2849,#2848,#1398,.T.);
#3459=EDGE_CURVE('',#2850,#2849,#1399,.T.);
#3460=EDGE_CURVE('',#2851,#2850,#1400,.T.);
#3461=EDGE_CURVE('',#2852,#2851,#1401,.T.);
#3462=EDGE_CURVE('',#2839,#2852,#255,.T.);
#3463=EDGE_CURVE('',#2853,#2853,#256,.T.);
#3464=EDGE_CURVE('',#2854,#2854,#257,.T.);
#3465=EDGE_CURVE('',#2855,#2856,#1402,.T.);
#3466=EDGE_CURVE('',#2851,#2856,#1403,.T.);
#3467=EDGE_CURVE('',#2850,#2855,#1404,.T.);
#3468=EDGE_CURVE('',#2857,#2849,#1405,.T.);
#3469=EDGE_CURVE('',#2857,#2855,#1406,.T.);
#3470=EDGE_CURVE('',#2848,#2858,#1407,.T.);
#3471=EDGE_CURVE('',#2858,#2857,#1408,.T.);
#3472=EDGE_CURVE('',#2859,#2847,#1409,.T.);
#3473=EDGE_CURVE('',#2793,#2859,#1410,.T.);
#3474=EDGE_CURVE('',#2796,#2858,#1411,.T.);
#3475=EDGE_CURVE('',#2860,#2802,#1412,.T.);
#3476=EDGE_CURVE('',#2860,#2861,#1413,.T.);
#3477=EDGE_CURVE('',#2825,#2861,#1414,.T.);
#3478=EDGE_CURVE('',#2862,#2862,#258,.T.);
#3479=EDGE_CURVE('',#2834,#2863,#1415,.T.);
#3480=EDGE_CURVE('',#2841,#2863,#1416,.T.);
#3481=EDGE_CURVE('',#2864,#2832,#1417,.T.);
#3482=EDGE_CURVE('',#2864,#2797,#1418,.T.);
#3483=EDGE_CURVE('',#2865,#2865,#259,.T.);
#3484=EDGE_CURVE('',#2866,#2867,#1419,.F.);
#3485=EDGE_CURVE('',#2868,#2866,#260,.T.);
#3486=EDGE_CURVE('',#2869,#2868,#1420,.T.);
#3487=EDGE_CURVE('',#2869,#2870,#1421,.F.);
#3488=EDGE_CURVE('',#2870,#2867,#1422,.F.);
#3489=EDGE_CURVE('',#2871,#2871,#261,.T.);
#3490=EDGE_CURVE('',#2856,#2869,#1423,.T.);
#3491=EDGE_CURVE('',#2872,#2868,#1424,.T.);
#3492=EDGE_CURVE('',#2873,#2872,#1425,.T.);
#3493=EDGE_CURVE('',#2874,#2873,#1426,.T.);
#3494=EDGE_CURVE('',#2874,#2875,#1427,.T.);
#3495=EDGE_CURVE('',#2875,#2838,#1428,.T.);
#3496=EDGE_CURVE('',#2876,#2840,#1429,.T.);
#3497=EDGE_CURVE('',#2877,#2876,#1430,.T.);
#3498=EDGE_CURVE('',#2878,#2877,#1431,.T.);
#3499=EDGE_CURVE('',#2856,#2878,#1432,.T.);
#3500=EDGE_CURVE('',#2866,#2879,#1433,.T.);
#3501=EDGE_CURVE('',#2879,#2872,#262,.F.);
#3502=EDGE_CURVE('',#2880,#2875,#1434,.F.);
#3503=EDGE_CURVE('',#2881,#2874,#263,.T.);
#3504=EDGE_CURVE('',#2882,#2881,#1435,.T.);
#3505=EDGE_CURVE('',#2882,#2880,#1436,.F.);
#3506=EDGE_CURVE('',#2883,#2883,#264,.T.);
#3507=EDGE_CURVE('',#2834,#2882,#1437,.T.);
#3508=EDGE_CURVE('',#2884,#2881,#1438,.T.);
#3509=EDGE_CURVE('',#2885,#2884,#1439,.T.);
#3510=EDGE_CURVE('',#2826,#2885,#1440,.T.);
#3511=EDGE_CURVE('',#2861,#2886,#1441,.F.);
#3512=EDGE_CURVE('',#2886,#2863,#1442,.T.);
#3513=EDGE_CURVE('',#2873,#2884,#265,.F.);
#3514=EDGE_CURVE('',#2824,#2887,#1443,.T.);
#3515=EDGE_CURVE('',#2887,#2888,#1444,.T.);
#3516=EDGE_CURVE('',#2888,#2806,#1445,.T.);
#3517=EDGE_CURVE('',#2889,#2887,#1446,.T.);
#3518=EDGE_CURVE('',#2890,#2889,#1447,.T.);
#3519=EDGE_CURVE('',#2888,#2890,#1448,.T.);
#3520=EDGE_CURVE('',#2891,#2807,#1449,.F.);
#3521=EDGE_CURVE('',#2891,#2892,#1450,.T.);
#3522=EDGE_CURVE('',#2892,#2819,#1451,.T.);
#3523=EDGE_CURVE('',#2842,#2804,#1452,.T.);
#3524=EDGE_CURVE('',#2863,#2801,#1453,.T.);
#3525=EDGE_CURVE('',#2878,#2852,#473,.T.);
#3526=EDGE_CURVE('',#2878,#2840,#266,.T.);
#3527=EDGE_CURVE('',#2886,#2893,#1454,.F.);
#3528=EDGE_CURVE('',#2893,#2801,#1455,.T.);
#3529=EDGE_CURVE('',#2894,#2894,#267,.T.);
#3530=EDGE_CURVE('',#2833,#2880,#1456,.T.);
#3531=EDGE_CURVE('',#2876,#2877,#268,.T.);
#3532=EDGE_CURVE('',#2855,#2870,#1457,.T.);
#3533=EDGE_CURVE('',#2867,#2857,#1458,.F.);
#3534=EDGE_CURVE('',#2858,#2895,#1459,.T.);
#3535=EDGE_CURVE('',#2895,#2864,#1460,.T.);
#3536=EDGE_CURVE('',#2896,#2831,#1461,.T.);
#3537=EDGE_CURVE('',#2879,#2896,#1462,.F.);
#3538=EDGE_CURVE('',#2798,#2895,#1463,.F.);
#3539=EDGE_CURVE('',#2897,#2897,#269,.T.);
#3540=EDGE_CURVE('',#2898,#2899,#1464,.T.);
#3541=EDGE_CURVE('',#2899,#2900,#1465,.T.);
#3542=EDGE_CURVE('',#2900,#2901,#1466,.T.);
#3543=EDGE_CURVE('',#2898,#2901,#1467,.T.);
#3544=EDGE_CURVE('',#2899,#2902,#1468,.T.);
#3545=EDGE_CURVE('',#2902,#2903,#1469,.T.);
#3546=EDGE_CURVE('',#2903,#2900,#1470,.T.);
#3547=EDGE_CURVE('',#2902,#2904,#1471,.T.);
#3548=EDGE_CURVE('',#2904,#2905,#1472,.T.);
#3549=EDGE_CURVE('',#2905,#2903,#1473,.T.);
#3550=EDGE_CURVE('',#2901,#2905,#1474,.T.);
#3551=EDGE_CURVE('',#2904,#2898,#1475,.T.);
#3552=EDGE_CURVE('',#2906,#2901,#1476,.T.);
#3553=EDGE_CURVE('',#2907,#2906,#1477,.T.);
#3554=EDGE_CURVE('',#2907,#2905,#1478,.T.);
#3555=EDGE_CURVE('',#2811,#2900,#1479,.T.);
#3556=EDGE_CURVE('',#2908,#2810,#1480,.T.);
#3557=EDGE_CURVE('',#2909,#2908,#1481,.T.);
#3558=EDGE_CURVE('',#2910,#2909,#1482,.T.);
#3559=EDGE_CURVE('',#2906,#2910,#1483,.T.);
#3560=EDGE_CURVE('',#2911,#2912,#1484,.T.);
#3561=EDGE_CURVE('',#2912,#2913,#270,.T.);
#3562=EDGE_CURVE('',#2913,#2914,#1485,.T.);
#3563=EDGE_CURVE('',#2914,#2915,#271,.T.);
#3564=EDGE_CURVE('',#2915,#2916,#1486,.T.);
#3565=EDGE_CURVE('',#2916,#2917,#272,.T.);
#3566=EDGE_CURVE('',#2917,#2918,#1487,.T.);
#3567=EDGE_CURVE('',#2918,#2911,#273,.T.);
#3568=EDGE_CURVE('',#2919,#2919,#274,.T.);
#3569=EDGE_CURVE('',#2920,#2920,#275,.T.);
#3570=EDGE_CURVE('',#2921,#2921,#276,.T.);
#3571=EDGE_CURVE('',#2922,#2922,#277,.T.);
#3572=EDGE_CURVE('',#2923,#2923,#278,.T.);
#3573=EDGE_CURVE('',#2924,#2924,#279,.T.);
#3574=EDGE_CURVE('',#2910,#2925,#1488,.T.);
#3575=EDGE_CURVE('',#2925,#2813,#1489,.T.);
#3576=EDGE_CURVE('',#2812,#2910,#1490,.T.);
#3577=EDGE_CURVE('',#2859,#2906,#1491,.T.);
#3578=EDGE_CURVE('',#2846,#2907,#1492,.T.);
#3579=EDGE_CURVE('',#2843,#2926,#1493,.T.);
#3580=EDGE_CURVE('',#2926,#2927,#1494,.T.);
#3581=EDGE_CURVE('',#2927,#2844,#474,.T.);
#3582=EDGE_CURVE('',#2811,#2926,#1495,.T.);
#3583=EDGE_CURVE('',#2818,#2928,#1496,.T.);
#3584=EDGE_CURVE('',#2928,#2810,#1497,.T.);
#3585=EDGE_CURVE('',#2927,#2929,#280,.T.);
#3586=EDGE_CURVE('',#2929,#2845,#475,.T.);
#3587=EDGE_CURVE('',#2929,#2907,#1498,.T.);
#3588=EDGE_CURVE('',#2909,#2930,#1499,.T.);
#3589=EDGE_CURVE('',#2930,#2925,#1500,.T.);
#3590=EDGE_CURVE('',#2893,#2860,#1501,.F.);
#3591=EDGE_CURVE('',#2931,#2931,#281,.T.);
#3592=EDGE_CURVE('',#2931,#2883,#1502,.T.);
#3593=EDGE_CURVE('',#2932,#2932,#282,.T.);
#3594=EDGE_CURVE('',#2932,#2871,#1503,.T.);
#3595=EDGE_CURVE('',#2896,#2933,#1504,.F.);
#3596=EDGE_CURVE('',#2933,#2934,#1505,.T.);
#3597=EDGE_CURVE('',#2935,#2934,#283,.F.);
#3598=EDGE_CURVE('',#2935,#2936,#1506,.T.);
#3599=EDGE_CURVE('',#2937,#2936,#284,.F.);
#3600=EDGE_CURVE('',#2937,#2938,#1507,.T.);
#3601=EDGE_CURVE('',#2938,#2885,#1508,.F.);
#3602=EDGE_CURVE('',#2897,#2865,#1509,.T.);
#3603=EDGE_CURVE('',#2894,#2862,#1510,.T.);
#3604=EDGE_CURVE('',#2939,#2940,#1511,.T.);
#3605=EDGE_CURVE('',#2939,#2941,#1512,.T.);
#3606=EDGE_CURVE('',#2942,#2941,#1513,.T.);
#3607=EDGE_CURVE('',#2943,#2942,#285,.T.);
#3608=EDGE_CURVE('',#2944,#2943,#1514,.T.);
#3609=EDGE_CURVE('',#2940,#2944,#286,.T.);
#3610=EDGE_CURVE('',#2945,#2945,#287,.T.);
#3611=EDGE_CURVE('',#2946,#2947,#1515,.T.);
#3612=EDGE_CURVE('',#2948,#2946,#1516,.T.);
#3613=EDGE_CURVE('',#2949,#2948,#1517,.T.);
#3614=EDGE_CURVE('',#2947,#2949,#1518,.T.);
#3615=EDGE_CURVE('',#2950,#2951,#1519,.T.);
#3616=EDGE_CURVE('',#2952,#2950,#288,.T.);
#3617=EDGE_CURVE('',#2953,#2952,#1520,.T.);
#3618=EDGE_CURVE('',#2954,#2953,#289,.T.);
#3619=EDGE_CURVE('',#2955,#2954,#1521,.T.);
#3620=EDGE_CURVE('',#2956,#2955,#290,.T.);
#3621=EDGE_CURVE('',#2957,#2956,#1522,.T.);
#3622=EDGE_CURVE('',#2951,#2957,#291,.T.);
#3623=EDGE_CURVE('',#2947,#2958,#1523,.T.);
#3624=EDGE_CURVE('',#2958,#2959,#1524,.T.);
#3625=EDGE_CURVE('',#2959,#2946,#1525,.T.);
#3626=EDGE_CURVE('',#2949,#2960,#1526,.T.);
#3627=EDGE_CURVE('',#2960,#2958,#1527,.T.);
#3628=EDGE_CURVE('',#2961,#2960,#1528,.T.);
#3629=EDGE_CURVE('',#2961,#2948,#1529,.T.);
#3630=EDGE_CURVE('',#2959,#2961,#1530,.T.);
#3631=EDGE_CURVE('',#2962,#2959,#1531,.T.);
#3632=EDGE_CURVE('',#2962,#2963,#1532,.F.);
#3633=EDGE_CURVE('',#2963,#2961,#1533,.T.);
#3634=EDGE_CURVE('',#2964,#2958,#1534,.F.);
#3635=EDGE_CURVE('',#2964,#2962,#1535,.T.);
#3636=EDGE_CURVE('',#2941,#2965,#1536,.T.);
#3637=EDGE_CURVE('',#2965,#2966,#1537,.T.);
#3638=EDGE_CURVE('',#2966,#2942,#1538,.T.);
#3639=EDGE_CURVE('',#2966,#2967,#292,.T.);
#3640=EDGE_CURVE('',#2967,#2943,#1539,.T.);
#3641=EDGE_CURVE('',#2968,#2944,#1540,.T.);
#3642=EDGE_CURVE('',#2967,#2968,#1541,.T.);
#3643=EDGE_CURVE('',#2968,#2969,#293,.T.);
#3644=EDGE_CURVE('',#2969,#2940,#1542,.T.);
#3645=EDGE_CURVE('',#2970,#2939,#1543,.T.);
#3646=EDGE_CURVE('',#2969,#2970,#1544,.T.);
#3647=EDGE_CURVE('',#2968,#2935,#1545,.T.);
#3648=EDGE_CURVE('',#2934,#2969,#1546,.T.);
#3649=EDGE_CURVE('',#2936,#2967,#1547,.T.);
#3650=EDGE_CURVE('',#2966,#2937,#1548,.T.);
#3651=EDGE_CURVE('',#2965,#2938,#1549,.F.);
#3652=EDGE_CURVE('',#2970,#2933,#1550,.T.);
#3653=EDGE_CURVE('',#2971,#2972,#1551,.F.);
#3654=EDGE_CURVE('',#2972,#2973,#1552,.T.);
#3655=EDGE_CURVE('',#2973,#2974,#1553,.T.);
#3656=EDGE_CURVE('',#2971,#2974,#1554,.T.);
#3657=EDGE_CURVE('',#2972,#2975,#1555,.F.);
#3658=EDGE_CURVE('',#2975,#2976,#1556,.T.);
#3659=EDGE_CURVE('',#2976,#2973,#1557,.T.);
#3660=EDGE_CURVE('',#2975,#2977,#1558,.F.);
#3661=EDGE_CURVE('',#2977,#2978,#1559,.T.);
#3662=EDGE_CURVE('',#2978,#2976,#1560,.T.);
#3663=EDGE_CURVE('',#2977,#2971,#1561,.F.);
#3664=EDGE_CURVE('',#2974,#2978,#1562,.T.);
#3665=EDGE_CURVE('',#2979,#2980,#1563,.T.);
#3666=EDGE_CURVE('',#2981,#2979,#294,.T.);
#3667=EDGE_CURVE('',#2982,#2981,#1564,.T.);
#3668=EDGE_CURVE('',#2983,#2982,#295,.T.);
#3669=EDGE_CURVE('',#2984,#2983,#1565,.T.);
#3670=EDGE_CURVE('',#2985,#2984,#296,.T.);
#3671=EDGE_CURVE('',#2986,#2985,#1566,.T.);
#3672=EDGE_CURVE('',#2980,#2986,#297,.T.);
#3673=EDGE_CURVE('',#2987,#2987,#298,.T.);
#3674=EDGE_CURVE('',#2988,#2988,#299,.T.);
#3675=EDGE_CURVE('',#2989,#2989,#300,.T.);
#3676=EDGE_CURVE('',#2990,#2990,#301,.T.);
#3677=EDGE_CURVE('',#2991,#2991,#302,.T.);
#3678=EDGE_CURVE('',#2992,#2992,#303,.T.);
#3679=EDGE_CURVE('',#2971,#2962,#1567,.T.);
#3680=EDGE_CURVE('',#2972,#2964,#1568,.F.);
#3681=EDGE_CURVE('',#2993,#2964,#1569,.T.);
#3682=EDGE_CURVE('',#2975,#2993,#1570,.F.);
#3683=EDGE_CURVE('',#2963,#2993,#1571,.F.);
#3684=EDGE_CURVE('',#2977,#2963,#1572,.T.);
#3685=EDGE_CURVE('',#2994,#2995,#1573,.T.);
#3686=EDGE_CURVE('',#2996,#2995,#1574,.T.);
#3687=EDGE_CURVE('',#2997,#2996,#1575,.T.);
#3688=EDGE_CURVE('',#2998,#2997,#1576,.T.);
#3689=EDGE_CURVE('',#2998,#2994,#1577,.F.);
#3690=EDGE_CURVE('',#2979,#2911,#1578,.T.);
#3691=EDGE_CURVE('',#2918,#2981,#1579,.T.);
#3692=EDGE_CURVE('',#2982,#2917,#1580,.T.);
#3693=EDGE_CURVE('',#2916,#2983,#1581,.T.);
#3694=EDGE_CURVE('',#2984,#2915,#1582,.T.);
#3695=EDGE_CURVE('',#2914,#2985,#1583,.T.);
#3696=EDGE_CURVE('',#2986,#2913,#1584,.T.);
#3697=EDGE_CURVE('',#2912,#2980,#1585,.T.);
#3698=EDGE_CURVE('',#2919,#2987,#1586,.T.);
#3699=EDGE_CURVE('',#2920,#2988,#1587,.T.);
#3700=EDGE_CURVE('',#2921,#2989,#1588,.T.);
#3701=EDGE_CURVE('',#2922,#2990,#1589,.T.);
#3702=EDGE_CURVE('',#2923,#2991,#1590,.T.);
#3703=EDGE_CURVE('',#2924,#2992,#1591,.T.);
#3704=EDGE_CURVE('',#2999,#3000,#1592,.T.);
#3705=EDGE_CURVE('',#2999,#3001,#1593,.T.);
#3706=EDGE_CURVE('',#3002,#3001,#1594,.T.);
#3707=EDGE_CURVE('',#3000,#3002,#1595,.T.);
#3708=EDGE_CURVE('',#2993,#2960,#1596,.F.);
#3709=EDGE_CURVE('',#3003,#2950,#1597,.T.);
#3710=EDGE_CURVE('',#2951,#3004,#1598,.T.);
#3711=EDGE_CURVE('',#3004,#3003,#1599,.T.);
#3712=EDGE_CURVE('',#3003,#3005,#304,.T.);
#3713=EDGE_CURVE('',#3005,#2952,#1600,.T.);
#3714=EDGE_CURVE('',#3006,#2953,#1601,.T.);
#3715=EDGE_CURVE('',#3005,#3006,#1602,.T.);
#3716=EDGE_CURVE('',#3006,#3007,#305,.T.);
#3717=EDGE_CURVE('',#3007,#2954,#1603,.T.);
#3718=EDGE_CURVE('',#3008,#2955,#1604,.T.);
#3719=EDGE_CURVE('',#3007,#3008,#1605,.T.);
#3720=EDGE_CURVE('',#3008,#3009,#306,.T.);
#3721=EDGE_CURVE('',#3009,#2956,#1606,.T.);
#3722=EDGE_CURVE('',#3010,#2957,#1607,.T.);
#3723=EDGE_CURVE('',#3009,#3010,#1608,.T.);
#3724=EDGE_CURVE('',#3010,#3004,#307,.T.);
#3725=EDGE_CURVE('',#3011,#3011,#308,.T.);
#3726=EDGE_CURVE('',#3012,#3013,#1609,.T.);
#3727=EDGE_CURVE('',#3014,#3013,#1610,.T.);
#3728=EDGE_CURVE('',#2996,#3014,#1611,.T.);
#3729=EDGE_CURVE('',#2995,#3012,#1612,.T.);
#3730=EDGE_CURVE('',#3013,#3015,#1613,.T.);
#3731=EDGE_CURVE('',#3016,#3015,#1614,.T.);
#3732=EDGE_CURVE('',#3016,#3014,#1615,.T.);
#3733=EDGE_CURVE('',#3016,#3017,#1616,.T.);
#3734=EDGE_CURVE('',#3017,#3018,#1617,.T.);
#3735=EDGE_CURVE('',#3018,#3019,#1618,.T.);
#3736=EDGE_CURVE('',#2997,#3019,#1619,.T.);
#3737=EDGE_CURVE('',#3020,#3021,#1620,.T.);
#3738=EDGE_CURVE('',#3021,#2994,#1621,.T.);
#3739=EDGE_CURVE('',#3020,#2998,#1622,.T.);
#3740=EDGE_CURVE('',#3022,#3020,#1623,.T.);
#3741=EDGE_CURVE('',#3019,#3022,#1624,.F.);
#3742=EDGE_CURVE('',#3021,#2930,#1625,.T.);
#3743=EDGE_CURVE('',#3023,#2908,#1626,.T.);
#3744=EDGE_CURVE('',#3023,#3012,#1627,.T.);
#3745=EDGE_CURVE('',#3024,#3025,#1628,.T.);
#3746=EDGE_CURVE('',#3024,#3025,#309,.T.);
#3747=EDGE_CURVE('',#3000,#3026,#1629,.T.);
#3748=EDGE_CURVE('',#3027,#3002,#1630,.T.);
#3749=EDGE_CURVE('',#3026,#3027,#1631,.T.);
#3750=EDGE_CURVE('',#3026,#3028,#1632,.T.);
#3751=EDGE_CURVE('',#3029,#3028,#1633,.T.);
#3752=EDGE_CURVE('',#3029,#3000,#1634,.T.);
#3753=EDGE_CURVE('',#3029,#3030,#1635,.F.);
#3754=EDGE_CURVE('',#2999,#3030,#1636,.T.);
#3755=EDGE_CURVE('',#3031,#2999,#1637,.T.);
#3756=EDGE_CURVE('',#3032,#3031,#1638,.T.);
#3757=EDGE_CURVE('',#3001,#3032,#1639,.T.);
#3758=EDGE_CURVE('',#3033,#3031,#1640,.T.);
#3759=EDGE_CURVE('',#3030,#3033,#1641,.F.);
#3760=EDGE_CURVE('',#3034,#3032,#1642,.T.);
#3761=EDGE_CURVE('',#3035,#3034,#1643,.T.);
#3762=EDGE_CURVE('',#2890,#3035,#1644,.T.);
#3763=EDGE_CURVE('',#3027,#2889,#1645,.T.);
#3764=EDGE_CURVE('',#3036,#3037,#1646,.T.);
#3765=EDGE_CURVE('',#3038,#3037,#1647,.T.);
#3766=EDGE_CURVE('',#3038,#3039,#1648,.T.);
#3767=EDGE_CURVE('',#3036,#3039,#1649,.T.);
#3768=EDGE_CURVE('',#2854,#2945,#1650,.T.);
#3769=EDGE_CURVE('',#3011,#2853,#1651,.T.);
#3770=EDGE_CURVE('',#2926,#2903,#1652,.T.);
#3771=EDGE_CURVE('',#2928,#3023,#1653,.T.);
#3772=EDGE_CURVE('',#3015,#2817,#1654,.T.);
#3773=EDGE_CURVE('',#2816,#3017,#1655,.T.);
#3774=EDGE_CURVE('',#3018,#2815,#1656,.T.);
#3775=EDGE_CURVE('',#2814,#3022,#1657,.T.);
#3776=EDGE_CURVE('',#3025,#2927,#1658,.T.);
#3777=EDGE_CURVE('',#2929,#3024,#1659,.T.);
#3778=EDGE_CURVE('',#2891,#3035,#1660,.T.);
#3779=EDGE_CURVE('',#2823,#3028,#1661,.T.);
#3780=EDGE_CURVE('',#2822,#3029,#1662,.T.);
#3781=EDGE_CURVE('',#3030,#2821,#1663,.T.);
#3782=EDGE_CURVE('',#3033,#2820,#1664,.T.);
#3783=EDGE_CURVE('',#2892,#3034,#1665,.T.);
#3784=EDGE_CURVE('',#3037,#2830,#1666,.T.);
#3785=EDGE_CURVE('',#2829,#3038,#1667,.T.);
#3786=EDGE_CURVE('',#3039,#2828,#1668,.T.);
#3787=EDGE_CURVE('',#2827,#3036,#1669,.T.);
#3788=EDGE_CURVE('',#3040,#3041,#310,.T.);
#3789=EDGE_CURVE('',#3041,#3042,#1670,.T.);
#3790=EDGE_CURVE('',#3042,#3043,#311,.T.);
#3791=EDGE_CURVE('',#3043,#3040,#1671,.T.);
#3792=EDGE_CURVE('',#3044,#3041,#1672,.T.);
#3793=EDGE_CURVE('',#3045,#3044,#1673,.T.);
#3794=EDGE_CURVE('',#3042,#3045,#1674,.T.);
#3795=EDGE_CURVE('',#3044,#3046,#312,.T.);
#3796=EDGE_CURVE('',#3046,#3047,#1675,.T.);
#3797=EDGE_CURVE('',#3047,#3045,#313,.T.);
#3798=EDGE_CURVE('',#3048,#3046,#1676,.T.);
#3799=EDGE_CURVE('',#3048,#3049,#1677,.T.);
#3800=EDGE_CURVE('',#3047,#3049,#1678,.T.);
#3801=EDGE_CURVE('',#3050,#3051,#314,.T.);
#3802=EDGE_CURVE('',#3051,#3052,#1679,.T.);
#3803=EDGE_CURVE('',#3052,#3053,#315,.T.);
#3804=EDGE_CURVE('',#3053,#3050,#1680,.T.);
#3805=EDGE_CURVE('',#3054,#3051,#1681,.T.);
#3806=EDGE_CURVE('',#3055,#3054,#1682,.T.);
#3807=EDGE_CURVE('',#3052,#3055,#1683,.T.);
#3808=EDGE_CURVE('',#3054,#3056,#316,.T.);
#3809=EDGE_CURVE('',#3056,#3057,#1684,.T.);
#3810=EDGE_CURVE('',#3057,#3055,#317,.T.);
#3811=EDGE_CURVE('',#3058,#3056,#1685,.T.);
#3812=EDGE_CURVE('',#3058,#3059,#1686,.T.);
#3813=EDGE_CURVE('',#3057,#3059,#1687,.T.);
#3814=EDGE_CURVE('',#3060,#3061,#318,.T.);
#3815=EDGE_CURVE('',#3061,#3062,#1688,.T.);
#3816=EDGE_CURVE('',#3062,#3063,#319,.T.);
#3817=EDGE_CURVE('',#3063,#3060,#1689,.T.);
#3818=EDGE_CURVE('',#3064,#3061,#1690,.T.);
#3819=EDGE_CURVE('',#3064,#3065,#1691,.T.);
#3820=EDGE_CURVE('',#3062,#3065,#1692,.T.);
#3821=EDGE_CURVE('',#3066,#3067,#320,.T.);
#3822=EDGE_CURVE('',#3067,#3068,#1693,.T.);
#3823=EDGE_CURVE('',#3068,#3069,#321,.T.);
#3824=EDGE_CURVE('',#3069,#3066,#1694,.T.);
#3825=EDGE_CURVE('',#3068,#3063,#1695,.T.);
#3826=EDGE_CURVE('',#3060,#3067,#1696,.T.);
#3827=EDGE_CURVE('',#3065,#3070,#1697,.T.);
#3828=EDGE_CURVE('',#3071,#3064,#1698,.T.);
#3829=EDGE_CURVE('',#3070,#3071,#1699,.T.);
#3830=EDGE_CURVE('',#3059,#3072,#1700,.T.);
#3831=EDGE_CURVE('',#3073,#3058,#1701,.T.);
#3832=EDGE_CURVE('',#3072,#3073,#1702,.T.);
#3833=EDGE_CURVE('',#3049,#3074,#1703,.T.);
#3834=EDGE_CURVE('',#3075,#3048,#1704,.T.);
#3835=EDGE_CURVE('',#3074,#3075,#1705,.T.);
#3836=EDGE_CURVE('',#3070,#3069,#1706,.T.);
#3837=EDGE_CURVE('',#3066,#3071,#1707,.T.);
#3838=EDGE_CURVE('',#3072,#3053,#1708,.T.);
#3839=EDGE_CURVE('',#3050,#3073,#1709,.T.);
#3840=EDGE_CURVE('',#3074,#3043,#1710,.T.);
#3841=EDGE_CURVE('',#3040,#3075,#1711,.T.);
#3842=EDGE_CURVE('',#3076,#3077,#1712,.T.);
#3843=EDGE_CURVE('',#3077,#3078,#1713,.T.);
#3844=EDGE_CURVE('',#3078,#3079,#1714,.T.);
#3845=EDGE_CURVE('',#3079,#3076,#1715,.T.);
#3846=EDGE_CURVE('',#3080,#3077,#1716,.F.);
#3847=EDGE_CURVE('',#3081,#3080,#1717,.F.);
#3848=EDGE_CURVE('',#3078,#3081,#1718,.T.);
#3849=EDGE_CURVE('',#3076,#3082,#1719,.T.);
#3850=EDGE_CURVE('',#3082,#3083,#1720,.F.);
#3851=EDGE_CURVE('',#3080,#3083,#1721,.T.);
#3852=EDGE_CURVE('',#3084,#3084,#322,.T.);
#3853=EDGE_CURVE('',#3085,#3086,#1722,.T.);
#3854=EDGE_CURVE('',#3086,#3087,#1723,.T.);
#3855=EDGE_CURVE('',#3087,#3088,#1724,.T.);
#3856=EDGE_CURVE('',#3088,#3085,#1725,.T.);
#3857=EDGE_CURVE('',#3089,#3088,#1726,.T.);
#3858=EDGE_CURVE('',#3090,#3089,#1727,.F.);
#3859=EDGE_CURVE('',#3085,#3090,#1728,.T.);
#3860=EDGE_CURVE('',#3091,#3087,#1729,.T.);
#3861=EDGE_CURVE('',#3092,#3091,#1730,.T.);
#3862=EDGE_CURVE('',#3089,#3092,#1731,.T.);
#3863=EDGE_CURVE('',#3093,#3093,#323,.T.);
#3864=EDGE_CURVE('',#3093,#3094,#1732,.T.);
#3865=EDGE_CURVE('',#3094,#3094,#324,.T.);
#3866=EDGE_CURVE('',#3095,#3095,#325,.T.);
#3867=EDGE_CURVE('',#3095,#3094,#1733,.T.);
#3868=EDGE_CURVE('',#3084,#3096,#1734,.T.);
#3869=EDGE_CURVE('',#3096,#3096,#326,.T.);
#3870=EDGE_CURVE('',#3097,#3097,#327,.T.);
#3871=EDGE_CURVE('',#3097,#3096,#1735,.T.);
#3872=EDGE_CURVE('',#3098,#3092,#1736,.F.);
#3873=EDGE_CURVE('',#3090,#3098,#1737,.T.);
#3874=EDGE_CURVE('',#3099,#3079,#1738,.T.);
#3875=EDGE_CURVE('',#3082,#3099,#1739,.F.);
#3876=EDGE_CURVE('',#3100,#3099,#1740,.T.);
#3877=EDGE_CURVE('',#3083,#3100,#1741,.F.);
#3878=EDGE_CURVE('',#3100,#3081,#1742,.T.);
#3879=EDGE_CURVE('',#3101,#3086,#1743,.T.);
#3880=EDGE_CURVE('',#3091,#3101,#1744,.F.);
#3881=EDGE_CURVE('',#3101,#3098,#1745,.T.);
#3882=EDGE_CURVE('',#3102,#3103,#1746,.T.);
#3883=EDGE_CURVE('',#3104,#3102,#1747,.T.);
#3884=EDGE_CURVE('',#3104,#3105,#1748,.T.);
#3885=EDGE_CURVE('',#3103,#3105,#1749,.T.);
#3886=EDGE_CURVE('',#3106,#3107,#328,.T.);
#3887=EDGE_CURVE('',#3108,#3106,#1750,.T.);
#3888=EDGE_CURVE('',#3109,#3108,#329,.T.);
#3889=EDGE_CURVE('',#3107,#3109,#1751,.T.);
#3890=EDGE_CURVE('',#3110,#3111,#330,.T.);
#3891=EDGE_CURVE('',#3112,#3110,#1752,.T.);
#3892=EDGE_CURVE('',#3113,#3112,#331,.T.);
#3893=EDGE_CURVE('',#3111,#3113,#1753,.T.);
#3894=EDGE_CURVE('',#3114,#3115,#332,.T.);
#3895=EDGE_CURVE('',#3116,#3114,#1754,.T.);
#3896=EDGE_CURVE('',#3117,#3116,#333,.T.);
#3897=EDGE_CURVE('',#3115,#3117,#1755,.T.);
#3898=EDGE_CURVE('',#3118,#3118,#334,.T.);
#3899=EDGE_CURVE('',#3119,#3120,#335,.T.);
#3900=EDGE_CURVE('',#3121,#3119,#1756,.T.);
#3901=EDGE_CURVE('',#3122,#3121,#336,.T.);
#3902=EDGE_CURVE('',#3120,#3122,#1757,.T.);
#3903=EDGE_CURVE('',#3123,#3124,#337,.T.);
#3904=EDGE_CURVE('',#3125,#3123,#1758,.T.);
#3905=EDGE_CURVE('',#3126,#3125,#338,.T.);
#3906=EDGE_CURVE('',#3124,#3126,#1759,.T.);
#3907=EDGE_CURVE('',#3127,#3128,#339,.T.);
#3908=EDGE_CURVE('',#3129,#3127,#1760,.T.);
#3909=EDGE_CURVE('',#3130,#3129,#340,.T.);
#3910=EDGE_CURVE('',#3128,#3130,#1761,.T.);
#3911=EDGE_CURVE('',#3131,#3106,#1762,.T.);
#3912=EDGE_CURVE('',#3107,#3132,#1763,.T.);
#3913=EDGE_CURVE('',#3132,#3131,#341,.T.);
#3914=EDGE_CURVE('',#3133,#3108,#1764,.T.);
#3915=EDGE_CURVE('',#3131,#3133,#1765,.T.);
#3916=EDGE_CURVE('',#3134,#3109,#1766,.T.);
#3917=EDGE_CURVE('',#3133,#3134,#342,.T.);
#3918=EDGE_CURVE('',#3134,#3132,#1767,.T.);
#3919=EDGE_CURVE('',#3131,#3135,#1768,.T.);
#3920=EDGE_CURVE('',#3136,#3135,#1769,.T.);
#3921=EDGE_CURVE('',#3133,#3136,#1770,.T.);
#3922=EDGE_CURVE('',#3132,#3137,#1771,.T.);
#3923=EDGE_CURVE('',#3135,#3137,#343,.T.);
#3924=EDGE_CURVE('',#3138,#3127,#1772,.T.);
#3925=EDGE_CURVE('',#3128,#3139,#1773,.T.);
#3926=EDGE_CURVE('',#3139,#3138,#344,.T.);
#3927=EDGE_CURVE('',#3140,#3129,#1774,.T.);
#3928=EDGE_CURVE('',#3138,#3140,#1775,.T.);
#3929=EDGE_CURVE('',#3141,#3130,#1776,.T.);
#3930=EDGE_CURVE('',#3140,#3141,#345,.T.);
#3931=EDGE_CURVE('',#3141,#3139,#1777,.T.);
#3932=EDGE_CURVE('',#3138,#3142,#1778,.T.);
#3933=EDGE_CURVE('',#3143,#3142,#1779,.T.);
#3934=EDGE_CURVE('',#3140,#3143,#1780,.T.);
#3935=EDGE_CURVE('',#3139,#3144,#1781,.T.);
#3936=EDGE_CURVE('',#3142,#3144,#346,.T.);
#3937=EDGE_CURVE('',#3145,#3110,#1782,.T.);
#3938=EDGE_CURVE('',#3111,#3146,#1783,.T.);
#3939=EDGE_CURVE('',#3146,#3145,#347,.T.);
#3940=EDGE_CURVE('',#3147,#3112,#1784,.T.);
#3941=EDGE_CURVE('',#3145,#3147,#1785,.T.);
#3942=EDGE_CURVE('',#3148,#3113,#1786,.T.);
#3943=EDGE_CURVE('',#3147,#3148,#348,.T.);
#3944=EDGE_CURVE('',#3148,#3146,#1787,.T.);
#3945=EDGE_CURVE('',#3145,#3149,#1788,.T.);
#3946=EDGE_CURVE('',#3150,#3149,#1789,.T.);
#3947=EDGE_CURVE('',#3147,#3150,#1790,.T.);
#3948=EDGE_CURVE('',#3146,#3151,#1791,.T.);
#3949=EDGE_CURVE('',#3149,#3151,#349,.T.);
#3950=EDGE_CURVE('',#3152,#3123,#1792,.T.);
#3951=EDGE_CURVE('',#3124,#3153,#1793,.T.);
#3952=EDGE_CURVE('',#3153,#3152,#350,.T.);
#3953=EDGE_CURVE('',#3154,#3125,#1794,.T.);
#3954=EDGE_CURVE('',#3152,#3154,#1795,.T.);
#3955=EDGE_CURVE('',#3155,#3126,#1796,.T.);
#3956=EDGE_CURVE('',#3154,#3155,#351,.T.);
#3957=EDGE_CURVE('',#3155,#3153,#1797,.T.);
#3958=EDGE_CURVE('',#3152,#3156,#1798,.T.);
#3959=EDGE_CURVE('',#3157,#3156,#1799,.T.);
#3960=EDGE_CURVE('',#3154,#3157,#1800,.T.);
#3961=EDGE_CURVE('',#3153,#3158,#1801,.T.);
#3962=EDGE_CURVE('',#3156,#3158,#352,.T.);
#3963=EDGE_CURVE('',#3159,#3114,#1802,.T.);
#3964=EDGE_CURVE('',#3115,#3160,#1803,.T.);
#3965=EDGE_CURVE('',#3160,#3159,#353,.T.);
#3966=EDGE_CURVE('',#3161,#3116,#1804,.T.);
#3967=EDGE_CURVE('',#3159,#3161,#1805,.T.);
#3968=EDGE_CURVE('',#3162,#3117,#1806,.T.);
#3969=EDGE_CURVE('',#3161,#3162,#354,.T.);
#3970=EDGE_CURVE('',#3162,#3160,#1807,.T.);
#3971=EDGE_CURVE('',#3159,#3163,#1808,.T.);
#3972=EDGE_CURVE('',#3164,#3163,#1809,.T.);
#3973=EDGE_CURVE('',#3161,#3164,#1810,.T.);
#3974=EDGE_CURVE('',#3160,#3165,#1811,.T.);
#3975=EDGE_CURVE('',#3163,#3165,#355,.T.);
#3976=EDGE_CURVE('',#3166,#3119,#1812,.T.);
#3977=EDGE_CURVE('',#3120,#3167,#1813,.T.);
#3978=EDGE_CURVE('',#3167,#3166,#356,.T.);
#3979=EDGE_CURVE('',#3168,#3121,#1814,.T.);
#3980=EDGE_CURVE('',#3166,#3168,#1815,.T.);
#3981=EDGE_CURVE('',#3169,#3122,#1816,.T.);
#3982=EDGE_CURVE('',#3168,#3169,#357,.T.);
#3983=EDGE_CURVE('',#3169,#3167,#1817,.T.);
#3984=EDGE_CURVE('',#3166,#3170,#1818,.T.);
#3985=EDGE_CURVE('',#3171,#3170,#1819,.T.);
#3986=EDGE_CURVE('',#3168,#3171,#1820,.T.);
#3987=EDGE_CURVE('',#3167,#3172,#1821,.T.);
#3988=EDGE_CURVE('',#3170,#3172,#358,.T.);
#3989=EDGE_CURVE('',#3173,#3174,#1822,.F.);
#3990=EDGE_CURVE('',#3174,#3175,#1823,.T.);
#3991=EDGE_CURVE('',#3176,#3175,#1824,.T.);
#3992=EDGE_CURVE('',#3177,#3176,#1825,.T.);
#3993=EDGE_CURVE('',#3178,#3177,#1826,.T.);
#3994=EDGE_CURVE('',#3178,#3179,#1827,.T.);
#3995=EDGE_CURVE('',#3179,#3180,#1828,.F.);
#3996=EDGE_CURVE('',#3173,#3180,#1829,.F.);
#3997=EDGE_CURVE('',#3181,#3182,#359,.T.);
#3998=EDGE_CURVE('',#3183,#3181,#1830,.T.);
#3999=EDGE_CURVE('',#3184,#3183,#360,.T.);
#4000=EDGE_CURVE('',#3182,#3184,#1831,.T.);
#4001=EDGE_CURVE('',#3185,#3186,#361,.T.);
#4002=EDGE_CURVE('',#3187,#3185,#1832,.T.);
#4003=EDGE_CURVE('',#3188,#3187,#362,.T.);
#4004=EDGE_CURVE('',#3186,#3188,#1833,.T.);
#4005=EDGE_CURVE('',#3189,#3190,#363,.T.);
#4006=EDGE_CURVE('',#3191,#3189,#1834,.T.);
#4007=EDGE_CURVE('',#3192,#3191,#364,.T.);
#4008=EDGE_CURVE('',#3190,#3192,#1835,.T.);
#4009=EDGE_CURVE('',#3193,#3193,#365,.T.);
#4010=EDGE_CURVE('',#3194,#3195,#366,.T.);
#4011=EDGE_CURVE('',#3196,#3194,#1836,.T.);
#4012=EDGE_CURVE('',#3197,#3196,#367,.T.);
#4013=EDGE_CURVE('',#3195,#3197,#1837,.T.);
#4014=EDGE_CURVE('',#3198,#3199,#368,.T.);
#4015=EDGE_CURVE('',#3200,#3198,#1838,.T.);
#4016=EDGE_CURVE('',#3201,#3200,#369,.T.);
#4017=EDGE_CURVE('',#3199,#3201,#1839,.T.);
#4018=EDGE_CURVE('',#3202,#3203,#370,.T.);
#4019=EDGE_CURVE('',#3204,#3202,#1840,.T.);
#4020=EDGE_CURVE('',#3205,#3204,#371,.T.);
#4021=EDGE_CURVE('',#3203,#3205,#1841,.T.);
#4022=EDGE_CURVE('',#3137,#3202,#1842,.T.);
#4023=EDGE_CURVE('',#3203,#3135,#1843,.T.);
#4024=EDGE_CURVE('',#3206,#3204,#1844,.T.);
#4025=EDGE_CURVE('',#3137,#3206,#1845,.T.);
#4026=EDGE_CURVE('',#3136,#3205,#1846,.T.);
#4027=EDGE_CURVE('',#3206,#3136,#372,.T.);
#4028=EDGE_CURVE('',#3134,#3206,#1847,.T.);
#4029=EDGE_CURVE('',#3144,#3181,#1848,.T.);
#4030=EDGE_CURVE('',#3182,#3142,#1849,.T.);
#4031=EDGE_CURVE('',#3207,#3183,#1850,.T.);
#4032=EDGE_CURVE('',#3144,#3207,#1851,.T.);
#4033=EDGE_CURVE('',#3143,#3184,#1852,.T.);
#4034=EDGE_CURVE('',#3207,#3143,#373,.T.);
#4035=EDGE_CURVE('',#3141,#3207,#1853,.T.);
#4036=EDGE_CURVE('',#3151,#3198,#1854,.T.);
#4037=EDGE_CURVE('',#3199,#3149,#1855,.T.);
#4038=EDGE_CURVE('',#3208,#3200,#1856,.T.);
#4039=EDGE_CURVE('',#3151,#3208,#1857,.T.);
#4040=EDGE_CURVE('',#3150,#3201,#1858,.T.);
#4041=EDGE_CURVE('',#3208,#3150,#374,.T.);
#4042=EDGE_CURVE('',#3148,#3208,#1859,.T.);
#4043=EDGE_CURVE('',#3158,#3185,#1860,.T.);
#4044=EDGE_CURVE('',#3186,#3156,#1861,.T.);
#4045=EDGE_CURVE('',#3209,#3187,#1862,.T.);
#4046=EDGE_CURVE('',#3158,#3209,#1863,.T.);
#4047=EDGE_CURVE('',#3157,#3188,#1864,.T.);
#4048=EDGE_CURVE('',#3209,#3157,#375,.T.);
#4049=EDGE_CURVE('',#3155,#3209,#1865,.T.);
#4050=EDGE_CURVE('',#3165,#3194,#1866,.T.);
#4051=EDGE_CURVE('',#3195,#3163,#1867,.T.);
#4052=EDGE_CURVE('',#3210,#3196,#1868,.T.);
#4053=EDGE_CURVE('',#3165,#3210,#1869,.T.);
#4054=EDGE_CURVE('',#3164,#3197,#1870,.T.);
#4055=EDGE_CURVE('',#3210,#3164,#376,.T.);
#4056=EDGE_CURVE('',#3162,#3210,#1871,.T.);
#4057=EDGE_CURVE('',#3172,#3189,#1872,.T.);
#4058=EDGE_CURVE('',#3190,#3170,#1873,.T.);
#4059=EDGE_CURVE('',#3211,#3191,#1874,.T.);
#4060=EDGE_CURVE('',#3172,#3211,#1875,.T.);
#4061=EDGE_CURVE('',#3171,#3192,#1876,.T.);
#4062=EDGE_CURVE('',#3211,#3171,#377,.T.);
#4063=EDGE_CURVE('',#3169,#3211,#1877,.T.);
#4064=EDGE_CURVE('',#3212,#3179,#1878,.T.);
#4065=EDGE_CURVE('',#3213,#3212,#1879,.T.);
#4066=EDGE_CURVE('',#3180,#3213,#1880,.T.);
#4067=EDGE_CURVE('',#3173,#3214,#1881,.F.);
#4068=EDGE_CURVE('',#3215,#3213,#1882,.T.);
#4069=EDGE_CURVE('',#3215,#3216,#1883,.T.);
#4070=EDGE_CURVE('',#3105,#3216,#378,.T.);
#4071=EDGE_CURVE('',#3104,#3217,#379,.T.);
#4072=EDGE_CURVE('',#3218,#3217,#1884,.T.);
#4073=EDGE_CURVE('',#3219,#3218,#1885,.T.);
#4074=EDGE_CURVE('',#3220,#3219,#1886,.T.);
#4075=EDGE_CURVE('',#3214,#3220,#1887,.T.);
#4076=EDGE_CURVE('',#3221,#3221,#380,.T.);
#4077=EDGE_CURVE('',#3222,#3222,#381,.T.);
#4078=EDGE_CURVE('',#3223,#3178,#382,.T.);
#4079=EDGE_CURVE('',#3224,#3223,#1888,.T.);
#4080=EDGE_CURVE('',#3212,#3224,#1889,.T.);
#4081=EDGE_CURVE('',#3225,#3225,#383,.T.);
#4082=EDGE_CURVE('',#3224,#3215,#1890,.T.);
#4083=EDGE_CURVE('',#3226,#3227,#1891,.T.);
#4084=EDGE_CURVE('',#3227,#3214,#1892,.T.);
#4085=EDGE_CURVE('',#3220,#3226,#1893,.T.);
#4086=EDGE_CURVE('',#3222,#3228,#1894,.T.);
#4087=EDGE_CURVE('',#3228,#3228,#384,.T.);
#4088=EDGE_CURVE('',#3225,#3228,#1895,.T.);
#4089=EDGE_CURVE('',#3221,#3229,#1896,.T.);
#4090=EDGE_CURVE('',#3229,#3229,#385,.T.);
#4091=EDGE_CURVE('',#3230,#3230,#386,.T.);
#4092=EDGE_CURVE('',#3230,#3229,#1897,.T.);
#4093=EDGE_CURVE('',#3231,#3232,#387,.F.);
#4094=EDGE_CURVE('',#3232,#3233,#1898,.T.);
#4095=EDGE_CURVE('',#3233,#3234,#388,.T.);
#4096=EDGE_CURVE('',#3234,#3231,#1899,.T.);
#4097=EDGE_CURVE('',#3235,#3233,#1900,.T.);
#4098=EDGE_CURVE('',#3236,#3235,#1901,.T.);
#4099=EDGE_CURVE('',#3236,#3237,#1902,.T.);
#4100=EDGE_CURVE('',#3238,#3237,#1903,.T.);
#4101=EDGE_CURVE('',#3239,#3238,#1904,.T.);
#4102=EDGE_CURVE('',#3239,#3240,#1905,.T.);
#4103=EDGE_CURVE('',#3241,#3240,#1906,.T.);
#4104=EDGE_CURVE('',#3242,#3241,#1907,.T.);
#4105=EDGE_CURVE('',#3242,#3243,#1908,.T.);
#4106=EDGE_CURVE('',#3244,#3243,#1909,.T.);
#4107=EDGE_CURVE('',#3245,#3244,#1910,.T.);
#4108=EDGE_CURVE('',#3246,#3245,#389,.T.);
#4109=EDGE_CURVE('',#3234,#3246,#1911,.T.);
#4110=EDGE_CURVE('',#3247,#3247,#390,.T.);
#4111=EDGE_CURVE('',#3248,#3248,#391,.T.);
#4112=EDGE_CURVE('',#3249,#3250,#392,.F.);
#4113=EDGE_CURVE('',#3250,#3246,#1912,.T.);
#4114=EDGE_CURVE('',#3245,#3249,#1913,.T.);
#4115=EDGE_CURVE('',#3251,#3252,#1914,.T.);
#4116=EDGE_CURVE('',#3252,#3103,#393,.F.);
#4117=EDGE_CURVE('',#3216,#3253,#1915,.T.);
#4118=EDGE_CURVE('',#3253,#3251,#394,.T.);
#4119=EDGE_CURVE('',#3254,#3226,#1916,.T.);
#4120=EDGE_CURVE('',#3175,#3254,#395,.T.);
#4121=EDGE_CURVE('',#3174,#3227,#1917,.T.);
#4122=EDGE_CURVE('',#3102,#3255,#396,.F.);
#4123=EDGE_CURVE('',#3255,#3256,#1918,.T.);
#4124=EDGE_CURVE('',#3256,#3257,#397,.T.);
#4125=EDGE_CURVE('',#3257,#3217,#1919,.T.);
#4126=EDGE_CURVE('',#3254,#3258,#1920,.T.);
#4127=EDGE_CURVE('',#3258,#3176,#398,.F.);
#4128=EDGE_CURVE('',#3251,#3235,#1921,.T.);
#4129=EDGE_CURVE('',#3252,#3232,#1922,.T.);
#4130=EDGE_CURVE('',#3259,#3223,#1923,.T.);
#4131=EDGE_CURVE('',#3260,#3259,#1924,.T.);
#4132=EDGE_CURVE('',#3260,#3237,#1925,.T.);
#4133=EDGE_CURVE('',#3253,#3236,#1926,.T.);
#4134=EDGE_CURVE('',#3177,#3259,#399,.F.);
#4135=EDGE_CURVE('',#3261,#3262,#400,.T.);
#4136=EDGE_CURVE('',#3261,#3263,#1927,.T.);
#4137=EDGE_CURVE('',#3264,#3263,#401,.T.);
#4138=EDGE_CURVE('',#3264,#3262,#1928,.T.);
#4139=EDGE_CURVE('',#3262,#3239,#1929,.T.);
#4140=EDGE_CURVE('',#3238,#3265,#1930,.T.);
#4141=EDGE_CURVE('',#3261,#3265,#1931,.T.);
#4142=EDGE_CURVE('',#3240,#3264,#1932,.T.);
#4143=EDGE_CURVE('',#3266,#3249,#402,.F.);
#4144=EDGE_CURVE('',#3250,#3266,#403,.F.);
#4145=EDGE_CURVE('',#3267,#3263,#1933,.T.);
#4146=EDGE_CURVE('',#3241,#3267,#1934,.T.);
#4147=EDGE_CURVE('',#3268,#3231,#404,.F.);
#4148=EDGE_CURVE('',#3232,#3268,#405,.F.);
#4149=EDGE_CURVE('',#3269,#3270,#476,.T.);
#4150=EDGE_CURVE('',#3270,#3271,#13,.T.);
#4151=EDGE_CURVE('',#3271,#3272,#406,.T.);
#4152=EDGE_CURVE('',#3272,#3273,#14,.T.);
#4153=EDGE_CURVE('',#3273,#3274,#15,.T.);
#4154=EDGE_CURVE('',#3274,#3275,#407,.T.);
#4155=EDGE_CURVE('',#3275,#3276,#16,.T.);
#4156=EDGE_CURVE('',#3276,#3277,#477,.T.);
#4157=EDGE_CURVE('',#3277,#3269,#478,.T.);
#4158=EDGE_CURVE('',#3278,#3279,#479,.T.);
#4159=EDGE_CURVE('',#3279,#3280,#17,.T.);
#4160=EDGE_CURVE('',#3281,#3280,#408,.T.);
#4161=EDGE_CURVE('',#3281,#3282,#18,.T.);
#4162=EDGE_CURVE('',#3283,#3282,#409,.T.);
#4163=EDGE_CURVE('',#3283,#3284,#19,.T.);
#4164=EDGE_CURVE('',#3284,#3285,#480,.T.);
#4165=EDGE_CURVE('',#3285,#3278,#481,.T.);
#4166=EDGE_CURVE('',#3276,#3268,#1935,.T.);
#4167=EDGE_CURVE('',#3231,#3250,#1936,.T.);
#4168=EDGE_CURVE('',#3266,#3279,#1937,.T.);
#4169=EDGE_CURVE('',#3284,#3270,#1938,.T.);
#4170=EDGE_CURVE('',#3271,#3275,#482,.T.);
#4171=EDGE_CURVE('',#3274,#3272,#483,.T.);
#4172=EDGE_CURVE('',#3271,#3286,#1939,.T.);
#4173=EDGE_CURVE('',#3286,#3252,#410,.F.);
#4174=EDGE_CURVE('',#3268,#3275,#1940,.T.);
#4175=EDGE_CURVE('',#3287,#3283,#1941,.T.);
#4176=EDGE_CURVE('',#3286,#3287,#1942,.T.);
#4177=EDGE_CURVE('',#3288,#3288,#411,.T.);
#4178=EDGE_CURVE('',#3288,#3273,#1943,.T.);
#4179=EDGE_CURVE('',#3280,#3283,#484,.T.);
#4180=EDGE_CURVE('',#3282,#3289,#485,.T.);
#4181=EDGE_CURVE('',#3289,#3281,#486,.T.);
#4182=EDGE_CURVE('',#3280,#3266,#1944,.T.);
#4183=EDGE_CURVE('',#3249,#3255,#1945,.T.);
#4184=EDGE_CURVE('',#3255,#3287,#412,.F.);
#4185=EDGE_CURVE('',#3290,#3290,#413,.T.);
#4186=EDGE_CURVE('',#3290,#3289,#1946,.T.);
#4187=EDGE_CURVE('',#3291,#3291,#414,.T.);
#4188=EDGE_CURVE('',#3292,#3292,#415,.T.);
#4189=EDGE_CURVE('',#3292,#3247,#1947,.T.);
#4190=EDGE_CURVE('',#3293,#3267,#1948,.T.);
#4191=EDGE_CURVE('',#3294,#3293,#20,.T.);
#4192=EDGE_CURVE('',#3242,#3294,#1949,.T.);
#4193=EDGE_CURVE('',#3265,#3295,#1950,.T.);
#4194=EDGE_CURVE('',#3296,#3295,#1951,.T.);
#4195=EDGE_CURVE('',#3297,#3296,#1952,.T.);
#4196=EDGE_CURVE('',#3293,#3297,#1953,.T.);
#4197=EDGE_CURVE('',#3243,#3257,#1954,.T.);
#4198=EDGE_CURVE('',#3258,#3294,#1955,.T.);
#4199=EDGE_CURVE('',#3291,#3248,#1956,.T.);
#4200=EDGE_CURVE('',#3295,#3260,#21,.T.);
#4201=EDGE_CURVE('',#3259,#3296,#416,.F.);
#4202=EDGE_CURVE('',#3118,#3193,#1957,.T.);
#4203=EDGE_CURVE('',#3103,#3286,#417,.F.);
#4204=EDGE_CURVE('',#3287,#3102,#418,.F.);
#4205=EDGE_CURVE('',#3176,#3297,#419,.F.);
#4206=EDGE_CURVE('',#3297,#3258,#420,.F.);
#4207=EDGE_CURVE('',#3296,#3177,#421,.F.);
#4208=EDGE_CURVE('',#3244,#3256,#1958,.T.);
#4209=EDGE_CURVE('',#3298,#3299,#1959,.T.);
#4210=EDGE_CURVE('',#3299,#3300,#1960,.T.);
#4211=EDGE_CURVE('',#3300,#3301,#1961,.T.);
#4212=EDGE_CURVE('',#3301,#3298,#1962,.T.);
#4213=EDGE_CURVE('',#3302,#3299,#1963,.T.);
#4214=EDGE_CURVE('',#3302,#3303,#1964,.T.);
#4215=EDGE_CURVE('',#3303,#3300,#1965,.F.);
#4216=EDGE_CURVE('',#3304,#3305,#1966,.T.);
#4217=EDGE_CURVE('',#3305,#3306,#1967,.T.);
#4218=EDGE_CURVE('',#3306,#3307,#1968,.T.);
#4219=EDGE_CURVE('',#3307,#3304,#1969,.T.);
#4220=EDGE_CURVE('',#3305,#3308,#1970,.F.);
#4221=EDGE_CURVE('',#3309,#3308,#1971,.T.);
#4222=EDGE_CURVE('',#3309,#3306,#1972,.F.);
#4223=EDGE_CURVE('',#3310,#3311,#1973,.T.);
#4224=EDGE_CURVE('',#3311,#3312,#1974,.T.);
#4225=EDGE_CURVE('',#3312,#3313,#1975,.T.);
#4226=EDGE_CURVE('',#3313,#3310,#1976,.T.);
#4227=EDGE_CURVE('',#3314,#3311,#1977,.T.);
#4228=EDGE_CURVE('',#3314,#3315,#1978,.T.);
#4229=EDGE_CURVE('',#3315,#3312,#1979,.F.);
#4230=EDGE_CURVE('',#3316,#3317,#1980,.T.);
#4231=EDGE_CURVE('',#3318,#3316,#1981,.T.);
#4232=EDGE_CURVE('',#3319,#3318,#1982,.T.);
#4233=EDGE_CURVE('',#3319,#3320,#1983,.F.);
#4234=EDGE_CURVE('',#3321,#3320,#1984,.T.);
#4235=EDGE_CURVE('',#3322,#3321,#1985,.T.);
#4236=EDGE_CURVE('',#3322,#3323,#1986,.T.);
#4237=EDGE_CURVE('',#3323,#3324,#1987,.F.);
#4238=EDGE_CURVE('',#3325,#3324,#1988,.T.);
#4239=EDGE_CURVE('',#3325,#3326,#1989,.T.);
#4240=EDGE_CURVE('',#3327,#3326,#1990,.T.);
#4241=EDGE_CURVE('',#3328,#3327,#1991,.T.);
#4242=EDGE_CURVE('',#3329,#3328,#1992,.T.);
#4243=EDGE_CURVE('',#3330,#3329,#1993,.T.);
#4244=EDGE_CURVE('',#3330,#3331,#1994,.T.);
#4245=EDGE_CURVE('',#3331,#3317,#1995,.F.);
#4246=EDGE_CURVE('',#3332,#3332,#422,.T.);
#4247=EDGE_CURVE('',#3332,#3333,#1996,.T.);
#4248=EDGE_CURVE('',#3333,#3333,#423,.T.);
#4249=EDGE_CURVE('',#3334,#3335,#1997,.T.);
#4250=EDGE_CURVE('',#3336,#3334,#424,.T.);
#4251=EDGE_CURVE('',#3337,#3336,#1998,.T.);
#4252=EDGE_CURVE('',#3335,#3337,#425,.T.);
#4253=EDGE_CURVE('',#3338,#3338,#426,.T.);
#4254=EDGE_CURVE('',#3333,#3339,#1999,.T.);
#4255=EDGE_CURVE('',#3339,#3339,#427,.T.);
#4256=EDGE_CURVE('',#3338,#3340,#2000,.T.);
#4257=EDGE_CURVE('',#3340,#3340,#428,.T.);
#4258=EDGE_CURVE('',#3340,#3341,#2001,.T.);
#4259=EDGE_CURVE('',#3341,#3341,#429,.T.);
#4260=EDGE_CURVE('',#3342,#3342,#430,.T.);
#4261=EDGE_CURVE('',#3342,#3343,#2002,.T.);
#4262=EDGE_CURVE('',#3343,#3343,#431,.T.);
#4263=EDGE_CURVE('',#3344,#3344,#432,.T.);
#4264=EDGE_CURVE('',#3343,#3345,#2003,.T.);
#4265=EDGE_CURVE('',#3345,#3345,#433,.T.);
#4266=EDGE_CURVE('',#3346,#3346,#434,.T.);
#4267=EDGE_CURVE('',#3346,#3347,#2004,.T.);
#4268=EDGE_CURVE('',#3347,#3347,#435,.T.);
#4269=EDGE_CURVE('',#3348,#3348,#436,.T.);
#4270=EDGE_CURVE('',#3347,#3349,#2005,.T.);
#4271=EDGE_CURVE('',#3349,#3349,#437,.T.);
#4272=EDGE_CURVE('',#3344,#3350,#2006,.T.);
#4273=EDGE_CURVE('',#3350,#3350,#438,.T.);
#4274=EDGE_CURVE('',#3350,#3351,#2007,.T.);
#4275=EDGE_CURVE('',#3351,#3351,#439,.T.);
#4276=EDGE_CURVE('',#3348,#3352,#2008,.T.);
#4277=EDGE_CURVE('',#3352,#3352,#440,.T.);
#4278=EDGE_CURVE('',#3352,#3353,#2009,.T.);
#4279=EDGE_CURVE('',#3353,#3353,#441,.T.);
#4280=EDGE_CURVE('',#3354,#3354,#442,.T.);
#4281=EDGE_CURVE('',#3354,#3345,#2010,.T.);
#4282=EDGE_CURVE('',#3355,#3355,#443,.T.);
#4283=EDGE_CURVE('',#3355,#3349,#2011,.T.);
#4284=EDGE_CURVE('',#3356,#3357,#2012,.T.);
#4285=EDGE_CURVE('',#3357,#3358,#2013,.T.);
#4286=EDGE_CURVE('',#3358,#3359,#2014,.T.);
#4287=EDGE_CURVE('',#3359,#3356,#2015,.T.);
#4288=EDGE_CURVE('',#3360,#3361,#2016,.T.);
#4289=EDGE_CURVE('',#3361,#3357,#444,.T.);
#4290=EDGE_CURVE('',#3356,#3360,#445,.T.);
#4291=EDGE_CURVE('',#3362,#3363,#2017,.T.);
#4292=EDGE_CURVE('',#3363,#3361,#2018,.T.);
#4293=EDGE_CURVE('',#3360,#3362,#2019,.T.);
#4294=EDGE_CURVE('',#3358,#3363,#446,.T.);
#4295=EDGE_CURVE('',#3362,#3359,#447,.T.);
#4296=EDGE_CURVE('',#3356,#3364,#2020,.T.);
#4297=EDGE_CURVE('',#3365,#3364,#448,.T.);
#4298=EDGE_CURVE('',#3360,#3365,#2021,.T.);
#4299=EDGE_CURVE('',#3359,#3366,#2022,.T.);
#4300=EDGE_CURVE('',#3364,#3366,#2023,.T.);
#4301=EDGE_CURVE('',#3366,#3334,#2024,.T.);
#4302=EDGE_CURVE('',#3335,#3364,#2025,.T.);
#4303=EDGE_CURVE('',#3367,#3336,#2026,.T.);
#4304=EDGE_CURVE('',#3366,#3367,#449,.T.);
#4305=EDGE_CURVE('',#3365,#3337,#2027,.T.);
#4306=EDGE_CURVE('',#3367,#3365,#2028,.T.);
#4307=EDGE_CURVE('',#3362,#3367,#2029,.T.);
#4308=EDGE_CURVE('',#3301,#3321,#2030,.T.);
#4309=EDGE_CURVE('',#3320,#3304,#2031,.T.);
#4310=EDGE_CURVE('',#3307,#3316,#2032,.T.);
#4311=EDGE_CURVE('',#3317,#3310,#2033,.T.);
#4312=EDGE_CURVE('',#3313,#3329,#2034,.T.);
#4313=EDGE_CURVE('',#3328,#3368,#450,.T.);
#4314=EDGE_CURVE('',#3368,#3369,#2035,.F.);
#4315=EDGE_CURVE('',#3369,#3370,#2036,.F.);
#4316=EDGE_CURVE('',#3370,#3371,#2037,.F.);
#4317=EDGE_CURVE('',#3371,#3325,#451,.T.);
#4318=EDGE_CURVE('',#3324,#3298,#2038,.T.);
#4319=EDGE_CURVE('',#3372,#3372,#452,.T.);
#4320=EDGE_CURVE('',#3373,#3373,#453,.T.);
#4321=EDGE_CURVE('',#3374,#3374,#454,.T.);
#4322=EDGE_CURVE('',#3375,#3375,#455,.T.);
#4323=EDGE_CURVE('',#3376,#3376,#456,.T.);
#4324=EDGE_CURVE('',#3377,#3377,#457,.T.);
#4325=EDGE_CURVE('',#3378,#3327,#458,.T.);
#4326=EDGE_CURVE('',#3326,#3379,#459,.T.);
#4327=EDGE_CURVE('',#3380,#3379,#2039,.T.);
#4328=EDGE_CURVE('',#3381,#3380,#2040,.T.);
#4329=EDGE_CURVE('',#3378,#3381,#2041,.T.);
#4330=EDGE_CURVE('',#3382,#3382,#460,.T.);
#4331=EDGE_CURVE('',#3383,#3383,#461,.T.);
#4332=EDGE_CURVE('',#3384,#3384,#462,.T.);
#4333=EDGE_CURVE('',#3385,#3385,#463,.T.);
#4334=EDGE_CURVE('',#3386,#3386,#464,.T.);
#4335=EDGE_CURVE('',#3387,#3387,#465,.T.);
#4336=EDGE_CURVE('',#3387,#3388,#2042,.T.);
#4337=EDGE_CURVE('',#3388,#3388,#466,.T.);
#4338=EDGE_CURVE('',#3372,#3388,#2043,.T.);
#4339=EDGE_CURVE('',#3384,#3389,#2044,.T.);
#4340=EDGE_CURVE('',#3389,#3389,#467,.T.);
#4341=EDGE_CURVE('',#3373,#3389,#2045,.T.);
#4342=EDGE_CURVE('',#3386,#3390,#2046,.T.);
#4343=EDGE_CURVE('',#3390,#3390,#468,.T.);
#4344=EDGE_CURVE('',#3375,#3390,#2047,.T.);
#4345=EDGE_CURVE('',#3385,#3391,#2048,.T.);
#4346=EDGE_CURVE('',#3391,#3391,#469,.T.);
#4347=EDGE_CURVE('',#3374,#3391,#2049,.T.);
#4348=EDGE_CURVE('',#3368,#3378,#2050,.T.);
#4349=EDGE_CURVE('',#3379,#3371,#2051,.T.);
#4350=EDGE_CURVE('',#3381,#3369,#2052,.F.);
#4351=EDGE_CURVE('',#3380,#3370,#2053,.T.);
#4352=EDGE_CURVE('',#3383,#3392,#2054,.T.);
#4353=EDGE_CURVE('',#3392,#3392,#470,.T.);
#4354=EDGE_CURVE('',#3376,#3392,#2055,.T.);
#4355=EDGE_CURVE('',#3382,#3393,#2056,.T.);
#4356=EDGE_CURVE('',#3393,#3393,#471,.T.);
#4357=EDGE_CURVE('',#3377,#3393,#2057,.T.);
#4358=EDGE_CURVE('',#3323,#3302,#2058,.F.);
#4359=EDGE_CURVE('',#3322,#3303,#2059,.T.);
#4360=EDGE_CURVE('',#3308,#3319,#2060,.F.);
#4361=EDGE_CURVE('',#3318,#3309,#2061,.F.);
#4362=EDGE_CURVE('',#3331,#3314,#2062,.F.);
#4363=EDGE_CURVE('',#3330,#3315,#2063,.T.);
#4364=ORIENTED_EDGE('',*,*,#3394,.F.);
#4365=ORIENTED_EDGE('',*,*,#3395,.T.);
#4366=ORIENTED_EDGE('',*,*,#3396,.T.);
#4367=ORIENTED_EDGE('',*,*,#3397,.T.);
#4368=ORIENTED_EDGE('',*,*,#3398,.T.);
#4369=ORIENTED_EDGE('',*,*,#3397,.F.);
#4370=ORIENTED_EDGE('',*,*,#3399,.T.);
#4371=ORIENTED_EDGE('',*,*,#3400,.T.);
#4372=ORIENTED_EDGE('',*,*,#3401,.F.);
#4373=ORIENTED_EDGE('',*,*,#3402,.F.);
#4374=ORIENTED_EDGE('',*,*,#3403,.F.);
#4375=ORIENTED_EDGE('',*,*,#3404,.T.);
#4376=ORIENTED_EDGE('',*,*,#3405,.T.);
#4377=ORIENTED_EDGE('',*,*,#3406,.T.);
#4378=ORIENTED_EDGE('',*,*,#3407,.T.);
#4379=ORIENTED_EDGE('',*,*,#3402,.T.);
#4380=ORIENTED_EDGE('',*,*,#3408,.T.);
#4381=ORIENTED_EDGE('',*,*,#3409,.T.);
#4382=ORIENTED_EDGE('',*,*,#3410,.T.);
#4383=ORIENTED_EDGE('',*,*,#3411,.T.);
#4384=ORIENTED_EDGE('',*,*,#3412,.T.);
#4385=ORIENTED_EDGE('',*,*,#3413,.T.);
#4386=ORIENTED_EDGE('',*,*,#3414,.T.);
#4387=ORIENTED_EDGE('',*,*,#3415,.F.);
#4388=ORIENTED_EDGE('',*,*,#3395,.F.);
#4389=ORIENTED_EDGE('',*,*,#3416,.F.);
#4390=ORIENTED_EDGE('',*,*,#3417,.F.);
#4391=ORIENTED_EDGE('',*,*,#3418,.F.);
#4392=ORIENTED_EDGE('',*,*,#3419,.T.);
#4393=ORIENTED_EDGE('',*,*,#3420,.T.);
#4394=ORIENTED_EDGE('',*,*,#3421,.T.);
#4395=ORIENTED_EDGE('',*,*,#3422,.F.);
#4396=ORIENTED_EDGE('',*,*,#3423,.F.);
#4397=ORIENTED_EDGE('',*,*,#3412,.F.);
#4398=ORIENTED_EDGE('',*,*,#3424,.F.);
#4399=ORIENTED_EDGE('',*,*,#3425,.F.);
#4400=ORIENTED_EDGE('',*,*,#3426,.T.);
#4401=ORIENTED_EDGE('',*,*,#3427,.T.);
#4402=ORIENTED_EDGE('',*,*,#3428,.T.);
#4403=ORIENTED_EDGE('',*,*,#3429,.F.);
#4404=ORIENTED_EDGE('',*,*,#3430,.F.);
#4405=ORIENTED_EDGE('',*,*,#3408,.F.);
#4406=ORIENTED_EDGE('',*,*,#3406,.F.);
#4407=ORIENTED_EDGE('',*,*,#3431,.T.);
#4408=ORIENTED_EDGE('',*,*,#3432,.F.);
#4409=ORIENTED_EDGE('',*,*,#3433,.T.);
#4410=ORIENTED_EDGE('',*,*,#3434,.T.);
#4411=ORIENTED_EDGE('',*,*,#3435,.T.);
#4412=ORIENTED_EDGE('',*,*,#3436,.T.);
#4413=ORIENTED_EDGE('',*,*,#3437,.T.);
#4414=ORIENTED_EDGE('',*,*,#3438,.T.);
#4415=ORIENTED_EDGE('',*,*,#3439,.T.);
#4416=ORIENTED_EDGE('',*,*,#3440,.T.);
#4417=ORIENTED_EDGE('',*,*,#3441,.F.);
#4418=ORIENTED_EDGE('',*,*,#3442,.T.);
#4419=ORIENTED_EDGE('',*,*,#3443,.T.);
#4420=ORIENTED_EDGE('',*,*,#3444,.T.);
#4421=ORIENTED_EDGE('',*,*,#3445,.F.);
#4422=ORIENTED_EDGE('',*,*,#3446,.T.);
#4423=ORIENTED_EDGE('',*,*,#3443,.F.);
#4424=ORIENTED_EDGE('',*,*,#3445,.T.);
#4425=ORIENTED_EDGE('',*,*,#3447,.F.);
#4426=ORIENTED_EDGE('',*,*,#3448,.F.);
#4427=ORIENTED_EDGE('',*,*,#3449,.T.);
#4428=ORIENTED_EDGE('',*,*,#3444,.F.);
#4429=ORIENTED_EDGE('',*,*,#3442,.F.);
#4430=ORIENTED_EDGE('',*,*,#3450,.F.);
#4431=ORIENTED_EDGE('',*,*,#3451,.F.);
#4432=ORIENTED_EDGE('',*,*,#3452,.F.);
#4433=ORIENTED_EDGE('',*,*,#3453,.F.);
#4434=ORIENTED_EDGE('',*,*,#3454,.F.);
#4435=ORIENTED_EDGE('',*,*,#3455,.F.);
#4436=ORIENTED_EDGE('',*,*,#3456,.F.);
#4437=ORIENTED_EDGE('',*,*,#3457,.F.);
#4438=ORIENTED_EDGE('',*,*,#3458,.F.);
#4439=ORIENTED_EDGE('',*,*,#3459,.F.);
#4440=ORIENTED_EDGE('',*,*,#3460,.F.);
#4441=ORIENTED_EDGE('',*,*,#3461,.F.);
#4442=ORIENTED_EDGE('',*,*,#3462,.F.);
#4443=ORIENTED_EDGE('',*,*,#3447,.T.);
#4444=ORIENTED_EDGE('',*,*,#3463,.T.);
#4445=ORIENTED_EDGE('',*,*,#3464,.T.);
#4446=ORIENTED_EDGE('',*,*,#3465,.T.);
#4447=ORIENTED_EDGE('',*,*,#3466,.F.);
#4448=ORIENTED_EDGE('',*,*,#3460,.T.);
#4449=ORIENTED_EDGE('',*,*,#3467,.T.);
#4450=ORIENTED_EDGE('',*,*,#3459,.T.);
#4451=ORIENTED_EDGE('',*,*,#3468,.F.);
#4452=ORIENTED_EDGE('',*,*,#3469,.T.);
#4453=ORIENTED_EDGE('',*,*,#3467,.F.);
#4454=ORIENTED_EDGE('',*,*,#3468,.T.);
#4455=ORIENTED_EDGE('',*,*,#3458,.T.);
#4456=ORIENTED_EDGE('',*,*,#3470,.T.);
#4457=ORIENTED_EDGE('',*,*,#3471,.T.);
#4458=ORIENTED_EDGE('',*,*,#3470,.F.);
#4459=ORIENTED_EDGE('',*,*,#3457,.T.);
#4460=ORIENTED_EDGE('',*,*,#3472,.F.);
#4461=ORIENTED_EDGE('',*,*,#3473,.F.);
#4462=ORIENTED_EDGE('',*,*,#3398,.F.);
#4463=ORIENTED_EDGE('',*,*,#3474,.T.);
#4464=ORIENTED_EDGE('',*,*,#3475,.F.);
#4465=ORIENTED_EDGE('',*,*,#3476,.T.);
#4466=ORIENTED_EDGE('',*,*,#3477,.F.);
#4467=ORIENTED_EDGE('',*,*,#3431,.F.);
#4468=ORIENTED_EDGE('',*,*,#3405,.F.);
#4469=ORIENTED_EDGE('',*,*,#3478,.F.);
#4470=ORIENTED_EDGE('',*,*,#3441,.T.);
#4471=ORIENTED_EDGE('',*,*,#3479,.T.);
#4472=ORIENTED_EDGE('',*,*,#3480,.F.);
#4473=ORIENTED_EDGE('',*,*,#3450,.T.);
#4474=ORIENTED_EDGE('',*,*,#3439,.F.);
#4475=ORIENTED_EDGE('',*,*,#3481,.F.);
#4476=ORIENTED_EDGE('',*,*,#3482,.T.);
#4477=ORIENTED_EDGE('',*,*,#3399,.F.);
#4478=ORIENTED_EDGE('',*,*,#3396,.F.);
#4479=ORIENTED_EDGE('',*,*,#3483,.F.);
#4480=ORIENTED_EDGE('',*,*,#3484,.F.);
#4481=ORIENTED_EDGE('',*,*,#3485,.F.);
#4482=ORIENTED_EDGE('',*,*,#3486,.F.);
#4483=ORIENTED_EDGE('',*,*,#3487,.T.);
#4484=ORIENTED_EDGE('',*,*,#3488,.T.);
#4485=ORIENTED_EDGE('',*,*,#3489,.T.);
#4486=ORIENTED_EDGE('',*,*,#3490,.T.);
#4487=ORIENTED_EDGE('',*,*,#3486,.T.);
#4488=ORIENTED_EDGE('',*,*,#3491,.F.);
#4489=ORIENTED_EDGE('',*,*,#3492,.F.);
#4490=ORIENTED_EDGE('',*,*,#3493,.F.);
#4491=ORIENTED_EDGE('',*,*,#3494,.T.);
#4492=ORIENTED_EDGE('',*,*,#3495,.T.);
#4493=ORIENTED_EDGE('',*,*,#3449,.F.);
#4494=ORIENTED_EDGE('',*,*,#3496,.F.);
#4495=ORIENTED_EDGE('',*,*,#3497,.F.);
#4496=ORIENTED_EDGE('',*,*,#3498,.F.);
#4497=ORIENTED_EDGE('',*,*,#3499,.F.);
#4498=ORIENTED_EDGE('',*,*,#3485,.T.);
#4499=ORIENTED_EDGE('',*,*,#3500,.T.);
#4500=ORIENTED_EDGE('',*,*,#3501,.T.);
#4501=ORIENTED_EDGE('',*,*,#3491,.T.);
#4502=ORIENTED_EDGE('',*,*,#3502,.T.);
#4503=ORIENTED_EDGE('',*,*,#3494,.F.);
#4504=ORIENTED_EDGE('',*,*,#3503,.F.);
#4505=ORIENTED_EDGE('',*,*,#3504,.F.);
#4506=ORIENTED_EDGE('',*,*,#3505,.T.);
#4507=ORIENTED_EDGE('',*,*,#3506,.T.);
#4508=ORIENTED_EDGE('',*,*,#3507,.T.);
#4509=ORIENTED_EDGE('',*,*,#3504,.T.);
#4510=ORIENTED_EDGE('',*,*,#3508,.F.);
#4511=ORIENTED_EDGE('',*,*,#3509,.F.);
#4512=ORIENTED_EDGE('',*,*,#3510,.F.);
#4513=ORIENTED_EDGE('',*,*,#3432,.T.);
#4514=ORIENTED_EDGE('',*,*,#3477,.T.);
#4515=ORIENTED_EDGE('',*,*,#3511,.T.);
#4516=ORIENTED_EDGE('',*,*,#3512,.T.);
#4517=ORIENTED_EDGE('',*,*,#3479,.F.);
#4518=ORIENTED_EDGE('',*,*,#3503,.T.);
#4519=ORIENTED_EDGE('',*,*,#3493,.T.);
#4520=ORIENTED_EDGE('',*,*,#3513,.T.);
#4521=ORIENTED_EDGE('',*,*,#3508,.T.);
#4522=ORIENTED_EDGE('',*,*,#3409,.F.);
#4523=ORIENTED_EDGE('',*,*,#3430,.T.);
#4524=ORIENTED_EDGE('',*,*,#3514,.T.);
#4525=ORIENTED_EDGE('',*,*,#3515,.T.);
#4526=ORIENTED_EDGE('',*,*,#3516,.T.);
#4527=ORIENTED_EDGE('',*,*,#3515,.F.);
#4528=ORIENTED_EDGE('',*,*,#3517,.F.);
#4529=ORIENTED_EDGE('',*,*,#3518,.F.);
#4530=ORIENTED_EDGE('',*,*,#3519,.F.);
#4531=ORIENTED_EDGE('',*,*,#3411,.F.);
#4532=ORIENTED_EDGE('',*,*,#3520,.F.);
#4533=ORIENTED_EDGE('',*,*,#3521,.T.);
#4534=ORIENTED_EDGE('',*,*,#3522,.T.);
#4535=ORIENTED_EDGE('',*,*,#3424,.T.);
#4536=ORIENTED_EDGE('',*,*,#3407,.F.);
#4537=ORIENTED_EDGE('',*,*,#3523,.F.);
#4538=ORIENTED_EDGE('',*,*,#3451,.T.);
#4539=ORIENTED_EDGE('',*,*,#3480,.T.);
#4540=ORIENTED_EDGE('',*,*,#3524,.T.);
#4541=ORIENTED_EDGE('',*,*,#3403,.T.);
#4542=ORIENTED_EDGE('',*,*,#3466,.T.);
#4543=ORIENTED_EDGE('',*,*,#3499,.T.);
#4544=ORIENTED_EDGE('',*,*,#3525,.T.);
#4545=ORIENTED_EDGE('',*,*,#3461,.T.);
#4546=ORIENTED_EDGE('',*,*,#3526,.T.);
#4547=ORIENTED_EDGE('',*,*,#3448,.T.);
#4548=ORIENTED_EDGE('',*,*,#3462,.T.);
#4549=ORIENTED_EDGE('',*,*,#3525,.F.);
#4550=ORIENTED_EDGE('',*,*,#3524,.F.);
#4551=ORIENTED_EDGE('',*,*,#3512,.F.);
#4552=ORIENTED_EDGE('',*,*,#3527,.T.);
#4553=ORIENTED_EDGE('',*,*,#3528,.T.);
#4554=ORIENTED_EDGE('',*,*,#3529,.T.);
#4555=ORIENTED_EDGE('',*,*,#3440,.F.);
#4556=ORIENTED_EDGE('',*,*,#3530,.T.);
#4557=ORIENTED_EDGE('',*,*,#3505,.F.);
#4558=ORIENTED_EDGE('',*,*,#3507,.F.);
#4559=ORIENTED_EDGE('',*,*,#3446,.F.);
#4560=ORIENTED_EDGE('',*,*,#3495,.F.);
#4561=ORIENTED_EDGE('',*,*,#3502,.F.);
#4562=ORIENTED_EDGE('',*,*,#3530,.F.);
#4563=ORIENTED_EDGE('',*,*,#3526,.F.);
#4564=ORIENTED_EDGE('',*,*,#3498,.T.);
#4565=ORIENTED_EDGE('',*,*,#3531,.F.);
#4566=ORIENTED_EDGE('',*,*,#3496,.T.);
#4567=ORIENTED_EDGE('',*,*,#3465,.F.);
#4568=ORIENTED_EDGE('',*,*,#3532,.T.);
#4569=ORIENTED_EDGE('',*,*,#3487,.F.);
#4570=ORIENTED_EDGE('',*,*,#3490,.F.);
#4571=ORIENTED_EDGE('',*,*,#3469,.F.);
#4572=ORIENTED_EDGE('',*,*,#3533,.F.);
#4573=ORIENTED_EDGE('',*,*,#3488,.F.);
#4574=ORIENTED_EDGE('',*,*,#3532,.F.);
#4575=ORIENTED_EDGE('',*,*,#3533,.T.);
#4576=ORIENTED_EDGE('',*,*,#3471,.F.);
#4577=ORIENTED_EDGE('',*,*,#3534,.T.);
#4578=ORIENTED_EDGE('',*,*,#3535,.T.);
#4579=ORIENTED_EDGE('',*,*,#3481,.T.);
#4580=ORIENTED_EDGE('',*,*,#3438,.F.);
#4581=ORIENTED_EDGE('',*,*,#3536,.F.);
#4582=ORIENTED_EDGE('',*,*,#3537,.F.);
#4583=ORIENTED_EDGE('',*,*,#3500,.F.);
#4584=ORIENTED_EDGE('',*,*,#3484,.T.);
#4585=ORIENTED_EDGE('',*,*,#3474,.F.);
#4586=ORIENTED_EDGE('',*,*,#3401,.T.);
#4587=ORIENTED_EDGE('',*,*,#3538,.T.);
#4588=ORIENTED_EDGE('',*,*,#3534,.F.);
#4589=ORIENTED_EDGE('',*,*,#3539,.T.);
#4590=ORIENTED_EDGE('',*,*,#3540,.T.);
#4591=ORIENTED_EDGE('',*,*,#3541,.T.);
#4592=ORIENTED_EDGE('',*,*,#3542,.T.);
#4593=ORIENTED_EDGE('',*,*,#3543,.F.);
#4594=ORIENTED_EDGE('',*,*,#3544,.T.);
#4595=ORIENTED_EDGE('',*,*,#3545,.T.);
#4596=ORIENTED_EDGE('',*,*,#3546,.T.);
#4597=ORIENTED_EDGE('',*,*,#3541,.F.);
#4598=ORIENTED_EDGE('',*,*,#3547,.T.);
#4599=ORIENTED_EDGE('',*,*,#3548,.T.);
#4600=ORIENTED_EDGE('',*,*,#3549,.T.);
#4601=ORIENTED_EDGE('',*,*,#3545,.F.);
#4602=ORIENTED_EDGE('',*,*,#3550,.T.);
#4603=ORIENTED_EDGE('',*,*,#3548,.F.);
#4604=ORIENTED_EDGE('',*,*,#3551,.T.);
#4605=ORIENTED_EDGE('',*,*,#3543,.T.);
#4606=ORIENTED_EDGE('',*,*,#3550,.F.);
#4607=ORIENTED_EDGE('',*,*,#3552,.F.);
#4608=ORIENTED_EDGE('',*,*,#3553,.F.);
#4609=ORIENTED_EDGE('',*,*,#3554,.T.);
#4610=ORIENTED_EDGE('',*,*,#3542,.F.);
#4611=ORIENTED_EDGE('',*,*,#3555,.F.);
#4612=ORIENTED_EDGE('',*,*,#3414,.F.);
#4613=ORIENTED_EDGE('',*,*,#3556,.F.);
#4614=ORIENTED_EDGE('',*,*,#3557,.F.);
#4615=ORIENTED_EDGE('',*,*,#3558,.F.);
#4616=ORIENTED_EDGE('',*,*,#3559,.F.);
#4617=ORIENTED_EDGE('',*,*,#3552,.T.);
#4618=ORIENTED_EDGE('',*,*,#3540,.F.);
#4619=ORIENTED_EDGE('',*,*,#3551,.F.);
#4620=ORIENTED_EDGE('',*,*,#3547,.F.);
#4621=ORIENTED_EDGE('',*,*,#3544,.F.);
#4622=ORIENTED_EDGE('',*,*,#3560,.T.);
#4623=ORIENTED_EDGE('',*,*,#3561,.T.);
#4624=ORIENTED_EDGE('',*,*,#3562,.T.);
#4625=ORIENTED_EDGE('',*,*,#3563,.T.);
#4626=ORIENTED_EDGE('',*,*,#3564,.T.);
#4627=ORIENTED_EDGE('',*,*,#3565,.T.);
#4628=ORIENTED_EDGE('',*,*,#3566,.T.);
#4629=ORIENTED_EDGE('',*,*,#3567,.T.);
#4630=ORIENTED_EDGE('',*,*,#3568,.T.);
#4631=ORIENTED_EDGE('',*,*,#3569,.T.);
#4632=ORIENTED_EDGE('',*,*,#3570,.T.);
#4633=ORIENTED_EDGE('',*,*,#3571,.T.);
#4634=ORIENTED_EDGE('',*,*,#3572,.T.);
#4635=ORIENTED_EDGE('',*,*,#3573,.T.);
#4636=ORIENTED_EDGE('',*,*,#3574,.T.);
#4637=ORIENTED_EDGE('',*,*,#3575,.T.);
#4638=ORIENTED_EDGE('',*,*,#3417,.T.);
#4639=ORIENTED_EDGE('',*,*,#3576,.T.);
#4640=ORIENTED_EDGE('',*,*,#3473,.T.);
#4641=ORIENTED_EDGE('',*,*,#3577,.T.);
#4642=ORIENTED_EDGE('',*,*,#3559,.T.);
#4643=ORIENTED_EDGE('',*,*,#3576,.F.);
#4644=ORIENTED_EDGE('',*,*,#3416,.T.);
#4645=ORIENTED_EDGE('',*,*,#3394,.T.);
#4646=ORIENTED_EDGE('',*,*,#3472,.T.);
#4647=ORIENTED_EDGE('',*,*,#3456,.T.);
#4648=ORIENTED_EDGE('',*,*,#3578,.T.);
#4649=ORIENTED_EDGE('',*,*,#3553,.T.);
#4650=ORIENTED_EDGE('',*,*,#3577,.F.);
#4651=ORIENTED_EDGE('',*,*,#3453,.T.);
#4652=ORIENTED_EDGE('',*,*,#3579,.T.);
#4653=ORIENTED_EDGE('',*,*,#3580,.T.);
#4654=ORIENTED_EDGE('',*,*,#3581,.T.);
#4655=ORIENTED_EDGE('',*,*,#3523,.T.);
#4656=ORIENTED_EDGE('',*,*,#3415,.T.);
#4657=ORIENTED_EDGE('',*,*,#3582,.T.);
#4658=ORIENTED_EDGE('',*,*,#3579,.F.);
#4659=ORIENTED_EDGE('',*,*,#3452,.T.);
#4660=ORIENTED_EDGE('',*,*,#3423,.T.);
#4661=ORIENTED_EDGE('',*,*,#3583,.T.);
#4662=ORIENTED_EDGE('',*,*,#3584,.T.);
#4663=ORIENTED_EDGE('',*,*,#3413,.F.);
#4664=ORIENTED_EDGE('',*,*,#3454,.T.);
#4665=ORIENTED_EDGE('',*,*,#3581,.F.);
#4666=ORIENTED_EDGE('',*,*,#3585,.T.);
#4667=ORIENTED_EDGE('',*,*,#3586,.T.);
#4668=ORIENTED_EDGE('',*,*,#3455,.T.);
#4669=ORIENTED_EDGE('',*,*,#3586,.F.);
#4670=ORIENTED_EDGE('',*,*,#3587,.T.);
#4671=ORIENTED_EDGE('',*,*,#3578,.F.);
#4672=ORIENTED_EDGE('',*,*,#3574,.F.);
#4673=ORIENTED_EDGE('',*,*,#3558,.T.);
#4674=ORIENTED_EDGE('',*,*,#3588,.T.);
#4675=ORIENTED_EDGE('',*,*,#3589,.T.);
#4676=ORIENTED_EDGE('',*,*,#3400,.F.);
#4677=ORIENTED_EDGE('',*,*,#3482,.F.);
#4678=ORIENTED_EDGE('',*,*,#3535,.F.);
#4679=ORIENTED_EDGE('',*,*,#3538,.F.);
#4680=ORIENTED_EDGE('',*,*,#3527,.F.);
#4681=ORIENTED_EDGE('',*,*,#3511,.F.);
#4682=ORIENTED_EDGE('',*,*,#3476,.F.);
#4683=ORIENTED_EDGE('',*,*,#3590,.F.);
#4684=ORIENTED_EDGE('',*,*,#3404,.F.);
#4685=ORIENTED_EDGE('',*,*,#3528,.F.);
#4686=ORIENTED_EDGE('',*,*,#3590,.T.);
#4687=ORIENTED_EDGE('',*,*,#3475,.T.);
#4688=ORIENTED_EDGE('',*,*,#3591,.F.);
#4689=ORIENTED_EDGE('',*,*,#3592,.T.);
#4690=ORIENTED_EDGE('',*,*,#3506,.F.);
#4691=ORIENTED_EDGE('',*,*,#3592,.F.);
#4692=ORIENTED_EDGE('',*,*,#3591,.T.);
#4693=ORIENTED_EDGE('',*,*,#3593,.F.);
#4694=ORIENTED_EDGE('',*,*,#3594,.T.);
#4695=ORIENTED_EDGE('',*,*,#3489,.F.);
#4696=ORIENTED_EDGE('',*,*,#3594,.F.);
#4697=ORIENTED_EDGE('',*,*,#3537,.T.);
#4698=ORIENTED_EDGE('',*,*,#3595,.T.);
#4699=ORIENTED_EDGE('',*,*,#3596,.T.);
#4700=ORIENTED_EDGE('',*,*,#3597,.F.);
#4701=ORIENTED_EDGE('',*,*,#3598,.T.);
#4702=ORIENTED_EDGE('',*,*,#3599,.F.);
#4703=ORIENTED_EDGE('',*,*,#3600,.T.);
#4704=ORIENTED_EDGE('',*,*,#3601,.T.);
#4705=ORIENTED_EDGE('',*,*,#3509,.T.);
#4706=ORIENTED_EDGE('',*,*,#3513,.F.);
#4707=ORIENTED_EDGE('',*,*,#3492,.T.);
#4708=ORIENTED_EDGE('',*,*,#3501,.F.);
#4709=ORIENTED_EDGE('',*,*,#3539,.F.);
#4710=ORIENTED_EDGE('',*,*,#3602,.T.);
#4711=ORIENTED_EDGE('',*,*,#3483,.T.);
#4712=ORIENTED_EDGE('',*,*,#3602,.F.);
#4713=ORIENTED_EDGE('',*,*,#3593,.T.);
#4714=ORIENTED_EDGE('',*,*,#3529,.F.);
#4715=ORIENTED_EDGE('',*,*,#3603,.T.);
#4716=ORIENTED_EDGE('',*,*,#3478,.T.);
#4717=ORIENTED_EDGE('',*,*,#3603,.F.);
#4718=ORIENTED_EDGE('',*,*,#3604,.F.);
#4719=ORIENTED_EDGE('',*,*,#3605,.T.);
#4720=ORIENTED_EDGE('',*,*,#3606,.F.);
#4721=ORIENTED_EDGE('',*,*,#3607,.F.);
#4722=ORIENTED_EDGE('',*,*,#3608,.F.);
#4723=ORIENTED_EDGE('',*,*,#3609,.F.);
#4724=ORIENTED_EDGE('',*,*,#3610,.T.);
#4725=ORIENTED_EDGE('',*,*,#3611,.F.);
#4726=ORIENTED_EDGE('',*,*,#3612,.F.);
#4727=ORIENTED_EDGE('',*,*,#3613,.F.);
#4728=ORIENTED_EDGE('',*,*,#3614,.F.);
#4729=ORIENTED_EDGE('',*,*,#3615,.F.);
#4730=ORIENTED_EDGE('',*,*,#3616,.F.);
#4731=ORIENTED_EDGE('',*,*,#3617,.F.);
#4732=ORIENTED_EDGE('',*,*,#3618,.F.);
#4733=ORIENTED_EDGE('',*,*,#3619,.F.);
#4734=ORIENTED_EDGE('',*,*,#3620,.F.);
#4735=ORIENTED_EDGE('',*,*,#3621,.F.);
#4736=ORIENTED_EDGE('',*,*,#3622,.F.);
#4737=ORIENTED_EDGE('',*,*,#3611,.T.);
#4738=ORIENTED_EDGE('',*,*,#3623,.T.);
#4739=ORIENTED_EDGE('',*,*,#3624,.T.);
#4740=ORIENTED_EDGE('',*,*,#3625,.T.);
#4741=ORIENTED_EDGE('',*,*,#3614,.T.);
#4742=ORIENTED_EDGE('',*,*,#3626,.T.);
#4743=ORIENTED_EDGE('',*,*,#3627,.T.);
#4744=ORIENTED_EDGE('',*,*,#3623,.F.);
#4745=ORIENTED_EDGE('',*,*,#3628,.T.);
#4746=ORIENTED_EDGE('',*,*,#3626,.F.);
#4747=ORIENTED_EDGE('',*,*,#3613,.T.);
#4748=ORIENTED_EDGE('',*,*,#3629,.F.);
#4749=ORIENTED_EDGE('',*,*,#3612,.T.);
#4750=ORIENTED_EDGE('',*,*,#3625,.F.);
#4751=ORIENTED_EDGE('',*,*,#3630,.T.);
#4752=ORIENTED_EDGE('',*,*,#3629,.T.);
#4753=ORIENTED_EDGE('',*,*,#3630,.F.);
#4754=ORIENTED_EDGE('',*,*,#3631,.F.);
#4755=ORIENTED_EDGE('',*,*,#3632,.T.);
#4756=ORIENTED_EDGE('',*,*,#3633,.T.);
#4757=ORIENTED_EDGE('',*,*,#3624,.F.);
#4758=ORIENTED_EDGE('',*,*,#3634,.F.);
#4759=ORIENTED_EDGE('',*,*,#3635,.T.);
#4760=ORIENTED_EDGE('',*,*,#3631,.T.);
#4761=ORIENTED_EDGE('',*,*,#3636,.T.);
#4762=ORIENTED_EDGE('',*,*,#3637,.T.);
#4763=ORIENTED_EDGE('',*,*,#3638,.T.);
#4764=ORIENTED_EDGE('',*,*,#3606,.T.);
#4765=ORIENTED_EDGE('',*,*,#3638,.F.);
#4766=ORIENTED_EDGE('',*,*,#3639,.T.);
#4767=ORIENTED_EDGE('',*,*,#3640,.T.);
#4768=ORIENTED_EDGE('',*,*,#3607,.T.);
#4769=ORIENTED_EDGE('',*,*,#3641,.T.);
#4770=ORIENTED_EDGE('',*,*,#3608,.T.);
#4771=ORIENTED_EDGE('',*,*,#3640,.F.);
#4772=ORIENTED_EDGE('',*,*,#3642,.T.);
#4773=ORIENTED_EDGE('',*,*,#3641,.F.);
#4774=ORIENTED_EDGE('',*,*,#3643,.T.);
#4775=ORIENTED_EDGE('',*,*,#3644,.T.);
#4776=ORIENTED_EDGE('',*,*,#3609,.T.);
#4777=ORIENTED_EDGE('',*,*,#3645,.T.);
#4778=ORIENTED_EDGE('',*,*,#3604,.T.);
#4779=ORIENTED_EDGE('',*,*,#3644,.F.);
#4780=ORIENTED_EDGE('',*,*,#3646,.T.);
#4781=ORIENTED_EDGE('',*,*,#3643,.F.);
#4782=ORIENTED_EDGE('',*,*,#3647,.T.);
#4783=ORIENTED_EDGE('',*,*,#3597,.T.);
#4784=ORIENTED_EDGE('',*,*,#3648,.T.);
#4785=ORIENTED_EDGE('',*,*,#3642,.F.);
#4786=ORIENTED_EDGE('',*,*,#3649,.F.);
#4787=ORIENTED_EDGE('',*,*,#3598,.F.);
#4788=ORIENTED_EDGE('',*,*,#3647,.F.);
#4789=ORIENTED_EDGE('',*,*,#3639,.F.);
#4790=ORIENTED_EDGE('',*,*,#3650,.T.);
#4791=ORIENTED_EDGE('',*,*,#3599,.T.);
#4792=ORIENTED_EDGE('',*,*,#3649,.T.);
#4793=ORIENTED_EDGE('',*,*,#3637,.F.);
#4794=ORIENTED_EDGE('',*,*,#3651,.T.);
#4795=ORIENTED_EDGE('',*,*,#3600,.F.);
#4796=ORIENTED_EDGE('',*,*,#3650,.F.);
#4797=ORIENTED_EDGE('',*,*,#3646,.F.);
#4798=ORIENTED_EDGE('',*,*,#3648,.F.);
#4799=ORIENTED_EDGE('',*,*,#3596,.F.);
#4800=ORIENTED_EDGE('',*,*,#3652,.F.);
#4801=ORIENTED_EDGE('',*,*,#3653,.T.);
#4802=ORIENTED_EDGE('',*,*,#3654,.T.);
#4803=ORIENTED_EDGE('',*,*,#3655,.T.);
#4804=ORIENTED_EDGE('',*,*,#3656,.F.);
#4805=ORIENTED_EDGE('',*,*,#3657,.T.);
#4806=ORIENTED_EDGE('',*,*,#3658,.T.);
#4807=ORIENTED_EDGE('',*,*,#3659,.T.);
#4808=ORIENTED_EDGE('',*,*,#3654,.F.);
#4809=ORIENTED_EDGE('',*,*,#3660,.T.);
#4810=ORIENTED_EDGE('',*,*,#3661,.T.);
#4811=ORIENTED_EDGE('',*,*,#3662,.T.);
#4812=ORIENTED_EDGE('',*,*,#3658,.F.);
#4813=ORIENTED_EDGE('',*,*,#3663,.T.);
#4814=ORIENTED_EDGE('',*,*,#3656,.T.);
#4815=ORIENTED_EDGE('',*,*,#3664,.T.);
#4816=ORIENTED_EDGE('',*,*,#3661,.F.);
#4817=ORIENTED_EDGE('',*,*,#3664,.F.);
#4818=ORIENTED_EDGE('',*,*,#3655,.F.);
#4819=ORIENTED_EDGE('',*,*,#3659,.F.);
#4820=ORIENTED_EDGE('',*,*,#3662,.F.);
#4821=ORIENTED_EDGE('',*,*,#3665,.F.);
#4822=ORIENTED_EDGE('',*,*,#3666,.F.);
#4823=ORIENTED_EDGE('',*,*,#3667,.F.);
#4824=ORIENTED_EDGE('',*,*,#3668,.F.);
#4825=ORIENTED_EDGE('',*,*,#3669,.F.);
#4826=ORIENTED_EDGE('',*,*,#3670,.F.);
#4827=ORIENTED_EDGE('',*,*,#3671,.F.);
#4828=ORIENTED_EDGE('',*,*,#3672,.F.);
#4829=ORIENTED_EDGE('',*,*,#3673,.F.);
#4830=ORIENTED_EDGE('',*,*,#3674,.F.);
#4831=ORIENTED_EDGE('',*,*,#3675,.F.);
#4832=ORIENTED_EDGE('',*,*,#3676,.F.);
#4833=ORIENTED_EDGE('',*,*,#3677,.F.);
#4834=ORIENTED_EDGE('',*,*,#3678,.F.);
#4835=ORIENTED_EDGE('',*,*,#3653,.F.);
#4836=ORIENTED_EDGE('',*,*,#3679,.T.);
#4837=ORIENTED_EDGE('',*,*,#3635,.F.);
#4838=ORIENTED_EDGE('',*,*,#3680,.F.);
#4839=ORIENTED_EDGE('',*,*,#3657,.F.);
#4840=ORIENTED_EDGE('',*,*,#3680,.T.);
#4841=ORIENTED_EDGE('',*,*,#3681,.F.);
#4842=ORIENTED_EDGE('',*,*,#3682,.F.);
#4843=ORIENTED_EDGE('',*,*,#3683,.F.);
#4844=ORIENTED_EDGE('',*,*,#3684,.F.);
#4845=ORIENTED_EDGE('',*,*,#3660,.F.);
#4846=ORIENTED_EDGE('',*,*,#3682,.T.);
#4847=ORIENTED_EDGE('',*,*,#3663,.F.);
#4848=ORIENTED_EDGE('',*,*,#3684,.T.);
#4849=ORIENTED_EDGE('',*,*,#3632,.F.);
#4850=ORIENTED_EDGE('',*,*,#3679,.F.);
#4851=ORIENTED_EDGE('',*,*,#3685,.T.);
#4852=ORIENTED_EDGE('',*,*,#3686,.F.);
#4853=ORIENTED_EDGE('',*,*,#3687,.F.);
#4854=ORIENTED_EDGE('',*,*,#3688,.F.);
#4855=ORIENTED_EDGE('',*,*,#3689,.T.);
#4856=ORIENTED_EDGE('',*,*,#3666,.T.);
#4857=ORIENTED_EDGE('',*,*,#3690,.T.);
#4858=ORIENTED_EDGE('',*,*,#3567,.F.);
#4859=ORIENTED_EDGE('',*,*,#3691,.T.);
#4860=ORIENTED_EDGE('',*,*,#3667,.T.);
#4861=ORIENTED_EDGE('',*,*,#3691,.F.);
#4862=ORIENTED_EDGE('',*,*,#3566,.F.);
#4863=ORIENTED_EDGE('',*,*,#3692,.F.);
#4864=ORIENTED_EDGE('',*,*,#3668,.T.);
#4865=ORIENTED_EDGE('',*,*,#3692,.T.);
#4866=ORIENTED_EDGE('',*,*,#3565,.F.);
#4867=ORIENTED_EDGE('',*,*,#3693,.T.);
#4868=ORIENTED_EDGE('',*,*,#3669,.T.);
#4869=ORIENTED_EDGE('',*,*,#3693,.F.);
#4870=ORIENTED_EDGE('',*,*,#3564,.F.);
#4871=ORIENTED_EDGE('',*,*,#3694,.F.);
#4872=ORIENTED_EDGE('',*,*,#3670,.T.);
#4873=ORIENTED_EDGE('',*,*,#3694,.T.);
#4874=ORIENTED_EDGE('',*,*,#3563,.F.);
#4875=ORIENTED_EDGE('',*,*,#3695,.T.);
#4876=ORIENTED_EDGE('',*,*,#3671,.T.);
#4877=ORIENTED_EDGE('',*,*,#3695,.F.);
#4878=ORIENTED_EDGE('',*,*,#3562,.F.);
#4879=ORIENTED_EDGE('',*,*,#3696,.F.);
#4880=ORIENTED_EDGE('',*,*,#3672,.T.);
#4881=ORIENTED_EDGE('',*,*,#3696,.T.);
#4882=ORIENTED_EDGE('',*,*,#3561,.F.);
#4883=ORIENTED_EDGE('',*,*,#3697,.T.);
#4884=ORIENTED_EDGE('',*,*,#3665,.T.);
#4885=ORIENTED_EDGE('',*,*,#3697,.F.);
#4886=ORIENTED_EDGE('',*,*,#3560,.F.);
#4887=ORIENTED_EDGE('',*,*,#3690,.F.);
#4888=ORIENTED_EDGE('',*,*,#3568,.F.);
#4889=ORIENTED_EDGE('',*,*,#3698,.T.);
#4890=ORIENTED_EDGE('',*,*,#3673,.T.);
#4891=ORIENTED_EDGE('',*,*,#3698,.F.);
#4892=ORIENTED_EDGE('',*,*,#3569,.F.);
#4893=ORIENTED_EDGE('',*,*,#3699,.T.);
#4894=ORIENTED_EDGE('',*,*,#3674,.T.);
#4895=ORIENTED_EDGE('',*,*,#3699,.F.);
#4896=ORIENTED_EDGE('',*,*,#3570,.F.);
#4897=ORIENTED_EDGE('',*,*,#3700,.T.);
#4898=ORIENTED_EDGE('',*,*,#3675,.T.);
#4899=ORIENTED_EDGE('',*,*,#3700,.F.);
#4900=ORIENTED_EDGE('',*,*,#3571,.F.);
#4901=ORIENTED_EDGE('',*,*,#3701,.T.);
#4902=ORIENTED_EDGE('',*,*,#3676,.T.);
#4903=ORIENTED_EDGE('',*,*,#3701,.F.);
#4904=ORIENTED_EDGE('',*,*,#3572,.F.);
#4905=ORIENTED_EDGE('',*,*,#3702,.T.);
#4906=ORIENTED_EDGE('',*,*,#3677,.T.);
#4907=ORIENTED_EDGE('',*,*,#3702,.F.);
#4908=ORIENTED_EDGE('',*,*,#3573,.F.);
#4909=ORIENTED_EDGE('',*,*,#3703,.T.);
#4910=ORIENTED_EDGE('',*,*,#3678,.T.);
#4911=ORIENTED_EDGE('',*,*,#3703,.F.);
#4912=ORIENTED_EDGE('',*,*,#3704,.F.);
#4913=ORIENTED_EDGE('',*,*,#3705,.T.);
#4914=ORIENTED_EDGE('',*,*,#3706,.F.);
#4915=ORIENTED_EDGE('',*,*,#3707,.F.);
#4916=ORIENTED_EDGE('',*,*,#3627,.F.);
#4917=ORIENTED_EDGE('',*,*,#3708,.F.);
#4918=ORIENTED_EDGE('',*,*,#3681,.T.);
#4919=ORIENTED_EDGE('',*,*,#3634,.T.);
#4920=ORIENTED_EDGE('',*,*,#3628,.F.);
#4921=ORIENTED_EDGE('',*,*,#3633,.F.);
#4922=ORIENTED_EDGE('',*,*,#3683,.T.);
#4923=ORIENTED_EDGE('',*,*,#3708,.T.);
#4924=ORIENTED_EDGE('',*,*,#3709,.T.);
#4925=ORIENTED_EDGE('',*,*,#3615,.T.);
#4926=ORIENTED_EDGE('',*,*,#3710,.T.);
#4927=ORIENTED_EDGE('',*,*,#3711,.T.);
#4928=ORIENTED_EDGE('',*,*,#3709,.F.);
#4929=ORIENTED_EDGE('',*,*,#3712,.T.);
#4930=ORIENTED_EDGE('',*,*,#3713,.T.);
#4931=ORIENTED_EDGE('',*,*,#3616,.T.);
#4932=ORIENTED_EDGE('',*,*,#3714,.T.);
#4933=ORIENTED_EDGE('',*,*,#3617,.T.);
#4934=ORIENTED_EDGE('',*,*,#3713,.F.);
#4935=ORIENTED_EDGE('',*,*,#3715,.T.);
#4936=ORIENTED_EDGE('',*,*,#3714,.F.);
#4937=ORIENTED_EDGE('',*,*,#3716,.T.);
#4938=ORIENTED_EDGE('',*,*,#3717,.T.);
#4939=ORIENTED_EDGE('',*,*,#3618,.T.);
#4940=ORIENTED_EDGE('',*,*,#3718,.T.);
#4941=ORIENTED_EDGE('',*,*,#3619,.T.);
#4942=ORIENTED_EDGE('',*,*,#3717,.F.);
#4943=ORIENTED_EDGE('',*,*,#3719,.T.);
#4944=ORIENTED_EDGE('',*,*,#3718,.F.);
#4945=ORIENTED_EDGE('',*,*,#3720,.T.);
#4946=ORIENTED_EDGE('',*,*,#3721,.T.);
#4947=ORIENTED_EDGE('',*,*,#3620,.T.);
#4948=ORIENTED_EDGE('',*,*,#3722,.T.);
#4949=ORIENTED_EDGE('',*,*,#3621,.T.);
#4950=ORIENTED_EDGE('',*,*,#3721,.F.);
#4951=ORIENTED_EDGE('',*,*,#3723,.T.);
#4952=ORIENTED_EDGE('',*,*,#3722,.F.);
#4953=ORIENTED_EDGE('',*,*,#3724,.T.);
#4954=ORIENTED_EDGE('',*,*,#3710,.F.);
#4955=ORIENTED_EDGE('',*,*,#3622,.T.);
#4956=ORIENTED_EDGE('',*,*,#3725,.T.);
#4957=ORIENTED_EDGE('',*,*,#3726,.T.);
#4958=ORIENTED_EDGE('',*,*,#3727,.F.);
#4959=ORIENTED_EDGE('',*,*,#3728,.F.);
#4960=ORIENTED_EDGE('',*,*,#3686,.T.);
#4961=ORIENTED_EDGE('',*,*,#3729,.T.);
#4962=ORIENTED_EDGE('',*,*,#3730,.T.);
#4963=ORIENTED_EDGE('',*,*,#3731,.F.);
#4964=ORIENTED_EDGE('',*,*,#3732,.T.);
#4965=ORIENTED_EDGE('',*,*,#3727,.T.);
#4966=ORIENTED_EDGE('',*,*,#3687,.T.);
#4967=ORIENTED_EDGE('',*,*,#3728,.T.);
#4968=ORIENTED_EDGE('',*,*,#3732,.F.);
#4969=ORIENTED_EDGE('',*,*,#3733,.T.);
#4970=ORIENTED_EDGE('',*,*,#3734,.T.);
#4971=ORIENTED_EDGE('',*,*,#3735,.T.);
#4972=ORIENTED_EDGE('',*,*,#3736,.F.);
#4973=ORIENTED_EDGE('',*,*,#3737,.T.);
#4974=ORIENTED_EDGE('',*,*,#3738,.T.);
#4975=ORIENTED_EDGE('',*,*,#3689,.F.);
#4976=ORIENTED_EDGE('',*,*,#3739,.F.);
#4977=ORIENTED_EDGE('',*,*,#3740,.T.);
#4978=ORIENTED_EDGE('',*,*,#3739,.T.);
#4979=ORIENTED_EDGE('',*,*,#3688,.T.);
#4980=ORIENTED_EDGE('',*,*,#3736,.T.);
#4981=ORIENTED_EDGE('',*,*,#3741,.T.);
#4982=ORIENTED_EDGE('',*,*,#3742,.T.);
#4983=ORIENTED_EDGE('',*,*,#3588,.F.);
#4984=ORIENTED_EDGE('',*,*,#3557,.T.);
#4985=ORIENTED_EDGE('',*,*,#3743,.F.);
#4986=ORIENTED_EDGE('',*,*,#3744,.T.);
#4987=ORIENTED_EDGE('',*,*,#3729,.F.);
#4988=ORIENTED_EDGE('',*,*,#3685,.F.);
#4989=ORIENTED_EDGE('',*,*,#3738,.F.);
#4990=ORIENTED_EDGE('',*,*,#3745,.F.);
#4991=ORIENTED_EDGE('',*,*,#3746,.T.);
#4992=ORIENTED_EDGE('',*,*,#3747,.F.);
#4993=ORIENTED_EDGE('',*,*,#3707,.T.);
#4994=ORIENTED_EDGE('',*,*,#3748,.F.);
#4995=ORIENTED_EDGE('',*,*,#3749,.F.);
#4996=ORIENTED_EDGE('',*,*,#3750,.T.);
#4997=ORIENTED_EDGE('',*,*,#3751,.F.);
#4998=ORIENTED_EDGE('',*,*,#3752,.T.);
#4999=ORIENTED_EDGE('',*,*,#3747,.T.);
#5000=ORIENTED_EDGE('',*,*,#3704,.T.);
#5001=ORIENTED_EDGE('',*,*,#3752,.F.);
#5002=ORIENTED_EDGE('',*,*,#3753,.T.);
#5003=ORIENTED_EDGE('',*,*,#3754,.F.);
#5004=ORIENTED_EDGE('',*,*,#3755,.F.);
#5005=ORIENTED_EDGE('',*,*,#3756,.F.);
#5006=ORIENTED_EDGE('',*,*,#3757,.F.);
#5007=ORIENTED_EDGE('',*,*,#3705,.F.);
#5008=ORIENTED_EDGE('',*,*,#3758,.T.);
#5009=ORIENTED_EDGE('',*,*,#3755,.T.);
#5010=ORIENTED_EDGE('',*,*,#3754,.T.);
#5011=ORIENTED_EDGE('',*,*,#3759,.T.);
#5012=ORIENTED_EDGE('',*,*,#3748,.T.);
#5013=ORIENTED_EDGE('',*,*,#3706,.T.);
#5014=ORIENTED_EDGE('',*,*,#3757,.T.);
#5015=ORIENTED_EDGE('',*,*,#3760,.F.);
#5016=ORIENTED_EDGE('',*,*,#3761,.F.);
#5017=ORIENTED_EDGE('',*,*,#3762,.F.);
#5018=ORIENTED_EDGE('',*,*,#3518,.T.);
#5019=ORIENTED_EDGE('',*,*,#3763,.F.);
#5020=ORIENTED_EDGE('',*,*,#3764,.T.);
#5021=ORIENTED_EDGE('',*,*,#3765,.F.);
#5022=ORIENTED_EDGE('',*,*,#3766,.T.);
#5023=ORIENTED_EDGE('',*,*,#3767,.F.);
#5024=ORIENTED_EDGE('',*,*,#3724,.F.);
#5025=ORIENTED_EDGE('',*,*,#3723,.F.);
#5026=ORIENTED_EDGE('',*,*,#3720,.F.);
#5027=ORIENTED_EDGE('',*,*,#3719,.F.);
#5028=ORIENTED_EDGE('',*,*,#3716,.F.);
#5029=ORIENTED_EDGE('',*,*,#3715,.F.);
#5030=ORIENTED_EDGE('',*,*,#3712,.F.);
#5031=ORIENTED_EDGE('',*,*,#3711,.F.);
#5032=ORIENTED_EDGE('',*,*,#3464,.F.);
#5033=ORIENTED_EDGE('',*,*,#3768,.T.);
#5034=ORIENTED_EDGE('',*,*,#3610,.F.);
#5035=ORIENTED_EDGE('',*,*,#3768,.F.);
#5036=ORIENTED_EDGE('',*,*,#3725,.F.);
#5037=ORIENTED_EDGE('',*,*,#3769,.T.);
#5038=ORIENTED_EDGE('',*,*,#3463,.F.);
#5039=ORIENTED_EDGE('',*,*,#3769,.F.);
#5040=ORIENTED_EDGE('',*,*,#3546,.F.);
#5041=ORIENTED_EDGE('',*,*,#3770,.F.);
#5042=ORIENTED_EDGE('',*,*,#3582,.F.);
#5043=ORIENTED_EDGE('',*,*,#3555,.T.);
#5044=ORIENTED_EDGE('',*,*,#3584,.F.);
#5045=ORIENTED_EDGE('',*,*,#3771,.T.);
#5046=ORIENTED_EDGE('',*,*,#3743,.T.);
#5047=ORIENTED_EDGE('',*,*,#3556,.T.);
#5048=ORIENTED_EDGE('',*,*,#3730,.F.);
#5049=ORIENTED_EDGE('',*,*,#3726,.F.);
#5050=ORIENTED_EDGE('',*,*,#3744,.F.);
#5051=ORIENTED_EDGE('',*,*,#3771,.F.);
#5052=ORIENTED_EDGE('',*,*,#3583,.F.);
#5053=ORIENTED_EDGE('',*,*,#3422,.T.);
#5054=ORIENTED_EDGE('',*,*,#3772,.F.);
#5055=ORIENTED_EDGE('',*,*,#3772,.T.);
#5056=ORIENTED_EDGE('',*,*,#3421,.F.);
#5057=ORIENTED_EDGE('',*,*,#3773,.T.);
#5058=ORIENTED_EDGE('',*,*,#3733,.F.);
#5059=ORIENTED_EDGE('',*,*,#3731,.T.);
#5060=ORIENTED_EDGE('',*,*,#3420,.F.);
#5061=ORIENTED_EDGE('',*,*,#3774,.F.);
#5062=ORIENTED_EDGE('',*,*,#3734,.F.);
#5063=ORIENTED_EDGE('',*,*,#3773,.F.);
#5064=ORIENTED_EDGE('',*,*,#3775,.T.);
#5065=ORIENTED_EDGE('',*,*,#3741,.F.);
#5066=ORIENTED_EDGE('',*,*,#3735,.F.);
#5067=ORIENTED_EDGE('',*,*,#3774,.T.);
#5068=ORIENTED_EDGE('',*,*,#3419,.F.);
#5069=ORIENTED_EDGE('',*,*,#3740,.F.);
#5070=ORIENTED_EDGE('',*,*,#3775,.F.);
#5071=ORIENTED_EDGE('',*,*,#3418,.T.);
#5072=ORIENTED_EDGE('',*,*,#3575,.F.);
#5073=ORIENTED_EDGE('',*,*,#3589,.F.);
#5074=ORIENTED_EDGE('',*,*,#3742,.F.);
#5075=ORIENTED_EDGE('',*,*,#3737,.F.);
#5076=ORIENTED_EDGE('',*,*,#3585,.F.);
#5077=ORIENTED_EDGE('',*,*,#3776,.F.);
#5078=ORIENTED_EDGE('',*,*,#3746,.F.);
#5079=ORIENTED_EDGE('',*,*,#3777,.F.);
#5080=ORIENTED_EDGE('',*,*,#3549,.F.);
#5081=ORIENTED_EDGE('',*,*,#3554,.F.);
#5082=ORIENTED_EDGE('',*,*,#3587,.F.);
#5083=ORIENTED_EDGE('',*,*,#3777,.T.);
#5084=ORIENTED_EDGE('',*,*,#3745,.T.);
#5085=ORIENTED_EDGE('',*,*,#3776,.T.);
#5086=ORIENTED_EDGE('',*,*,#3580,.F.);
#5087=ORIENTED_EDGE('',*,*,#3770,.T.);
#5088=ORIENTED_EDGE('',*,*,#3410,.F.);
#5089=ORIENTED_EDGE('',*,*,#3516,.F.);
#5090=ORIENTED_EDGE('',*,*,#3519,.T.);
#5091=ORIENTED_EDGE('',*,*,#3762,.T.);
#5092=ORIENTED_EDGE('',*,*,#3778,.F.);
#5093=ORIENTED_EDGE('',*,*,#3520,.T.);
#5094=ORIENTED_EDGE('',*,*,#3750,.F.);
#5095=ORIENTED_EDGE('',*,*,#3749,.T.);
#5096=ORIENTED_EDGE('',*,*,#3763,.T.);
#5097=ORIENTED_EDGE('',*,*,#3517,.T.);
#5098=ORIENTED_EDGE('',*,*,#3514,.F.);
#5099=ORIENTED_EDGE('',*,*,#3429,.T.);
#5100=ORIENTED_EDGE('',*,*,#3779,.T.);
#5101=ORIENTED_EDGE('',*,*,#3780,.T.);
#5102=ORIENTED_EDGE('',*,*,#3751,.T.);
#5103=ORIENTED_EDGE('',*,*,#3779,.F.);
#5104=ORIENTED_EDGE('',*,*,#3428,.F.);
#5105=ORIENTED_EDGE('',*,*,#3427,.F.);
#5106=ORIENTED_EDGE('',*,*,#3781,.F.);
#5107=ORIENTED_EDGE('',*,*,#3753,.F.);
#5108=ORIENTED_EDGE('',*,*,#3780,.F.);
#5109=ORIENTED_EDGE('',*,*,#3781,.T.);
#5110=ORIENTED_EDGE('',*,*,#3426,.F.);
#5111=ORIENTED_EDGE('',*,*,#3782,.F.);
#5112=ORIENTED_EDGE('',*,*,#3759,.F.);
#5113=ORIENTED_EDGE('',*,*,#3758,.F.);
#5114=ORIENTED_EDGE('',*,*,#3782,.T.);
#5115=ORIENTED_EDGE('',*,*,#3425,.T.);
#5116=ORIENTED_EDGE('',*,*,#3522,.F.);
#5117=ORIENTED_EDGE('',*,*,#3783,.T.);
#5118=ORIENTED_EDGE('',*,*,#3760,.T.);
#5119=ORIENTED_EDGE('',*,*,#3756,.T.);
#5120=ORIENTED_EDGE('',*,*,#3521,.F.);
#5121=ORIENTED_EDGE('',*,*,#3778,.T.);
#5122=ORIENTED_EDGE('',*,*,#3761,.T.);
#5123=ORIENTED_EDGE('',*,*,#3783,.F.);
#5124=ORIENTED_EDGE('',*,*,#3784,.T.);
#5125=ORIENTED_EDGE('',*,*,#3436,.F.);
#5126=ORIENTED_EDGE('',*,*,#3785,.T.);
#5127=ORIENTED_EDGE('',*,*,#3765,.T.);
#5128=ORIENTED_EDGE('',*,*,#3435,.F.);
#5129=ORIENTED_EDGE('',*,*,#3786,.F.);
#5130=ORIENTED_EDGE('',*,*,#3766,.F.);
#5131=ORIENTED_EDGE('',*,*,#3785,.F.);
#5132=ORIENTED_EDGE('',*,*,#3787,.T.);
#5133=ORIENTED_EDGE('',*,*,#3767,.T.);
#5134=ORIENTED_EDGE('',*,*,#3786,.T.);
#5135=ORIENTED_EDGE('',*,*,#3434,.F.);
#5136=ORIENTED_EDGE('',*,*,#3437,.F.);
#5137=ORIENTED_EDGE('',*,*,#3784,.F.);
#5138=ORIENTED_EDGE('',*,*,#3764,.F.);
#5139=ORIENTED_EDGE('',*,*,#3787,.F.);
#5140=ORIENTED_EDGE('',*,*,#3433,.F.);
#5141=ORIENTED_EDGE('',*,*,#3510,.T.);
#5142=ORIENTED_EDGE('',*,*,#3601,.F.);
#5143=ORIENTED_EDGE('',*,*,#3651,.F.);
#5144=ORIENTED_EDGE('',*,*,#3636,.F.);
#5145=ORIENTED_EDGE('',*,*,#3605,.F.);
#5146=ORIENTED_EDGE('',*,*,#3645,.F.);
#5147=ORIENTED_EDGE('',*,*,#3652,.T.);
#5148=ORIENTED_EDGE('',*,*,#3595,.F.);
#5149=ORIENTED_EDGE('',*,*,#3536,.T.);
#5150=ORIENTED_EDGE('',*,*,#3497,.T.);
#5151=ORIENTED_EDGE('',*,*,#3531,.T.);
#5152=ORIENTED_EDGE('',*,*,#3788,.T.);
#5153=ORIENTED_EDGE('',*,*,#3789,.T.);
#5154=ORIENTED_EDGE('',*,*,#3790,.T.);
#5155=ORIENTED_EDGE('',*,*,#3791,.T.);
#5156=ORIENTED_EDGE('',*,*,#3789,.F.);
#5157=ORIENTED_EDGE('',*,*,#3792,.F.);
#5158=ORIENTED_EDGE('',*,*,#3793,.F.);
#5159=ORIENTED_EDGE('',*,*,#3794,.F.);
#5160=ORIENTED_EDGE('',*,*,#3795,.T.);
#5161=ORIENTED_EDGE('',*,*,#3796,.T.);
#5162=ORIENTED_EDGE('',*,*,#3797,.T.);
#5163=ORIENTED_EDGE('',*,*,#3793,.T.);
#5164=ORIENTED_EDGE('',*,*,#3796,.F.);
#5165=ORIENTED_EDGE('',*,*,#3798,.F.);
#5166=ORIENTED_EDGE('',*,*,#3799,.T.);
#5167=ORIENTED_EDGE('',*,*,#3800,.F.);
#5168=ORIENTED_EDGE('',*,*,#3801,.T.);
#5169=ORIENTED_EDGE('',*,*,#3802,.T.);
#5170=ORIENTED_EDGE('',*,*,#3803,.T.);
#5171=ORIENTED_EDGE('',*,*,#3804,.T.);
#5172=ORIENTED_EDGE('',*,*,#3802,.F.);
#5173=ORIENTED_EDGE('',*,*,#3805,.F.);
#5174=ORIENTED_EDGE('',*,*,#3806,.F.);
#5175=ORIENTED_EDGE('',*,*,#3807,.F.);
#5176=ORIENTED_EDGE('',*,*,#3808,.T.);
#5177=ORIENTED_EDGE('',*,*,#3809,.T.);
#5178=ORIENTED_EDGE('',*,*,#3810,.T.);
#5179=ORIENTED_EDGE('',*,*,#3806,.T.);
#5180=ORIENTED_EDGE('',*,*,#3809,.F.);
#5181=ORIENTED_EDGE('',*,*,#3811,.F.);
#5182=ORIENTED_EDGE('',*,*,#3812,.T.);
#5183=ORIENTED_EDGE('',*,*,#3813,.F.);
#5184=ORIENTED_EDGE('',*,*,#3814,.T.);
#5185=ORIENTED_EDGE('',*,*,#3815,.T.);
#5186=ORIENTED_EDGE('',*,*,#3816,.T.);
#5187=ORIENTED_EDGE('',*,*,#3817,.T.);
#5188=ORIENTED_EDGE('',*,*,#3815,.F.);
#5189=ORIENTED_EDGE('',*,*,#3818,.F.);
#5190=ORIENTED_EDGE('',*,*,#3819,.T.);
#5191=ORIENTED_EDGE('',*,*,#3820,.F.);
#5192=ORIENTED_EDGE('',*,*,#3821,.T.);
#5193=ORIENTED_EDGE('',*,*,#3822,.T.);
#5194=ORIENTED_EDGE('',*,*,#3823,.T.);
#5195=ORIENTED_EDGE('',*,*,#3824,.T.);
#5196=ORIENTED_EDGE('',*,*,#3817,.F.);
#5197=ORIENTED_EDGE('',*,*,#3825,.F.);
#5198=ORIENTED_EDGE('',*,*,#3822,.F.);
#5199=ORIENTED_EDGE('',*,*,#3826,.F.);
#5200=ORIENTED_EDGE('',*,*,#3827,.F.);
#5201=ORIENTED_EDGE('',*,*,#3819,.F.);
#5202=ORIENTED_EDGE('',*,*,#3828,.F.);
#5203=ORIENTED_EDGE('',*,*,#3829,.F.);
#5204=ORIENTED_EDGE('',*,*,#3830,.F.);
#5205=ORIENTED_EDGE('',*,*,#3812,.F.);
#5206=ORIENTED_EDGE('',*,*,#3831,.F.);
#5207=ORIENTED_EDGE('',*,*,#3832,.F.);
#5208=ORIENTED_EDGE('',*,*,#3833,.F.);
#5209=ORIENTED_EDGE('',*,*,#3799,.F.);
#5210=ORIENTED_EDGE('',*,*,#3834,.F.);
#5211=ORIENTED_EDGE('',*,*,#3835,.F.);
#5212=ORIENTED_EDGE('',*,*,#3824,.F.);
#5213=ORIENTED_EDGE('',*,*,#3836,.F.);
#5214=ORIENTED_EDGE('',*,*,#3829,.T.);
#5215=ORIENTED_EDGE('',*,*,#3837,.F.);
#5216=ORIENTED_EDGE('',*,*,#3804,.F.);
#5217=ORIENTED_EDGE('',*,*,#3838,.F.);
#5218=ORIENTED_EDGE('',*,*,#3832,.T.);
#5219=ORIENTED_EDGE('',*,*,#3839,.F.);
#5220=ORIENTED_EDGE('',*,*,#3791,.F.);
#5221=ORIENTED_EDGE('',*,*,#3840,.F.);
#5222=ORIENTED_EDGE('',*,*,#3835,.T.);
#5223=ORIENTED_EDGE('',*,*,#3841,.F.);
#5224=ORIENTED_EDGE('',*,*,#3842,.T.);
#5225=ORIENTED_EDGE('',*,*,#3843,.T.);
#5226=ORIENTED_EDGE('',*,*,#3844,.T.);
#5227=ORIENTED_EDGE('',*,*,#3845,.T.);
#5228=ORIENTED_EDGE('',*,*,#3843,.F.);
#5229=ORIENTED_EDGE('',*,*,#3846,.F.);
#5230=ORIENTED_EDGE('',*,*,#3847,.F.);
#5231=ORIENTED_EDGE('',*,*,#3848,.F.);
#5232=ORIENTED_EDGE('',*,*,#3842,.F.);
#5233=ORIENTED_EDGE('',*,*,#3849,.T.);
#5234=ORIENTED_EDGE('',*,*,#3850,.T.);
#5235=ORIENTED_EDGE('',*,*,#3851,.F.);
#5236=ORIENTED_EDGE('',*,*,#3846,.T.);
#5237=ORIENTED_EDGE('',*,*,#3852,.F.);
#5238=ORIENTED_EDGE('',*,*,#3853,.T.);
#5239=ORIENTED_EDGE('',*,*,#3854,.T.);
#5240=ORIENTED_EDGE('',*,*,#3855,.T.);
#5241=ORIENTED_EDGE('',*,*,#3856,.T.);
#5242=ORIENTED_EDGE('',*,*,#3856,.F.);
#5243=ORIENTED_EDGE('',*,*,#3857,.F.);
#5244=ORIENTED_EDGE('',*,*,#3858,.F.);
#5245=ORIENTED_EDGE('',*,*,#3859,.F.);
#5246=ORIENTED_EDGE('',*,*,#3855,.F.);
#5247=ORIENTED_EDGE('',*,*,#3860,.F.);
#5248=ORIENTED_EDGE('',*,*,#3861,.F.);
#5249=ORIENTED_EDGE('',*,*,#3862,.F.);
#5250=ORIENTED_EDGE('',*,*,#3857,.T.);
#5251=ORIENTED_EDGE('',*,*,#3863,.F.);
#5252=ORIENTED_EDGE('',*,*,#3863,.T.);
#5253=ORIENTED_EDGE('',*,*,#3864,.T.);
#5254=ORIENTED_EDGE('',*,*,#3865,.T.);
#5255=ORIENTED_EDGE('',*,*,#3864,.F.);
#5256=ORIENTED_EDGE('',*,*,#3866,.F.);
#5257=ORIENTED_EDGE('',*,*,#3867,.T.);
#5258=ORIENTED_EDGE('',*,*,#3865,.F.);
#5259=ORIENTED_EDGE('',*,*,#3867,.F.);
#5260=ORIENTED_EDGE('',*,*,#3852,.T.);
#5261=ORIENTED_EDGE('',*,*,#3868,.T.);
#5262=ORIENTED_EDGE('',*,*,#3869,.T.);
#5263=ORIENTED_EDGE('',*,*,#3868,.F.);
#5264=ORIENTED_EDGE('',*,*,#3870,.F.);
#5265=ORIENTED_EDGE('',*,*,#3871,.T.);
#5266=ORIENTED_EDGE('',*,*,#3869,.F.);
#5267=ORIENTED_EDGE('',*,*,#3871,.F.);
#5268=ORIENTED_EDGE('',*,*,#3858,.T.);
#5269=ORIENTED_EDGE('',*,*,#3862,.T.);
#5270=ORIENTED_EDGE('',*,*,#3872,.F.);
#5271=ORIENTED_EDGE('',*,*,#3873,.F.);
#5272=ORIENTED_EDGE('',*,*,#3845,.F.);
#5273=ORIENTED_EDGE('',*,*,#3874,.F.);
#5274=ORIENTED_EDGE('',*,*,#3875,.F.);
#5275=ORIENTED_EDGE('',*,*,#3849,.F.);
#5276=ORIENTED_EDGE('',*,*,#3875,.T.);
#5277=ORIENTED_EDGE('',*,*,#3876,.F.);
#5278=ORIENTED_EDGE('',*,*,#3877,.F.);
#5279=ORIENTED_EDGE('',*,*,#3850,.F.);
#5280=ORIENTED_EDGE('',*,*,#3844,.F.);
#5281=ORIENTED_EDGE('',*,*,#3848,.T.);
#5282=ORIENTED_EDGE('',*,*,#3878,.F.);
#5283=ORIENTED_EDGE('',*,*,#3876,.T.);
#5284=ORIENTED_EDGE('',*,*,#3874,.T.);
#5285=ORIENTED_EDGE('',*,*,#3870,.T.);
#5286=ORIENTED_EDGE('',*,*,#3854,.F.);
#5287=ORIENTED_EDGE('',*,*,#3879,.F.);
#5288=ORIENTED_EDGE('',*,*,#3880,.F.);
#5289=ORIENTED_EDGE('',*,*,#3860,.T.);
#5290=ORIENTED_EDGE('',*,*,#3853,.F.);
#5291=ORIENTED_EDGE('',*,*,#3859,.T.);
#5292=ORIENTED_EDGE('',*,*,#3873,.T.);
#5293=ORIENTED_EDGE('',*,*,#3881,.F.);
#5294=ORIENTED_EDGE('',*,*,#3879,.T.);
#5295=ORIENTED_EDGE('',*,*,#3866,.T.);
#5296=ORIENTED_EDGE('',*,*,#3882,.F.);
#5297=ORIENTED_EDGE('',*,*,#3883,.F.);
#5298=ORIENTED_EDGE('',*,*,#3884,.T.);
#5299=ORIENTED_EDGE('',*,*,#3885,.F.);
#5300=ORIENTED_EDGE('',*,*,#3837,.T.);
#5301=ORIENTED_EDGE('',*,*,#3828,.T.);
#5302=ORIENTED_EDGE('',*,*,#3818,.T.);
#5303=ORIENTED_EDGE('',*,*,#3814,.F.);
#5304=ORIENTED_EDGE('',*,*,#3826,.T.);
#5305=ORIENTED_EDGE('',*,*,#3821,.F.);
#5306=ORIENTED_EDGE('',*,*,#3839,.T.);
#5307=ORIENTED_EDGE('',*,*,#3831,.T.);
#5308=ORIENTED_EDGE('',*,*,#3811,.T.);
#5309=ORIENTED_EDGE('',*,*,#3808,.F.);
#5310=ORIENTED_EDGE('',*,*,#3805,.T.);
#5311=ORIENTED_EDGE('',*,*,#3801,.F.);
#5312=ORIENTED_EDGE('',*,*,#3841,.T.);
#5313=ORIENTED_EDGE('',*,*,#3834,.T.);
#5314=ORIENTED_EDGE('',*,*,#3798,.T.);
#5315=ORIENTED_EDGE('',*,*,#3795,.F.);
#5316=ORIENTED_EDGE('',*,*,#3792,.T.);
#5317=ORIENTED_EDGE('',*,*,#3788,.F.);
#5318=ORIENTED_EDGE('',*,*,#3886,.F.);
#5319=ORIENTED_EDGE('',*,*,#3887,.F.);
#5320=ORIENTED_EDGE('',*,*,#3888,.F.);
#5321=ORIENTED_EDGE('',*,*,#3889,.F.);
#5322=ORIENTED_EDGE('',*,*,#3890,.F.);
#5323=ORIENTED_EDGE('',*,*,#3891,.F.);
#5324=ORIENTED_EDGE('',*,*,#3892,.F.);
#5325=ORIENTED_EDGE('',*,*,#3893,.F.);
#5326=ORIENTED_EDGE('',*,*,#3894,.F.);
#5327=ORIENTED_EDGE('',*,*,#3895,.F.);
#5328=ORIENTED_EDGE('',*,*,#3896,.F.);
#5329=ORIENTED_EDGE('',*,*,#3897,.F.);
#5330=ORIENTED_EDGE('',*,*,#3898,.T.);
#5331=ORIENTED_EDGE('',*,*,#3899,.F.);
#5332=ORIENTED_EDGE('',*,*,#3900,.F.);
#5333=ORIENTED_EDGE('',*,*,#3901,.F.);
#5334=ORIENTED_EDGE('',*,*,#3902,.F.);
#5335=ORIENTED_EDGE('',*,*,#3903,.F.);
#5336=ORIENTED_EDGE('',*,*,#3904,.F.);
#5337=ORIENTED_EDGE('',*,*,#3905,.F.);
#5338=ORIENTED_EDGE('',*,*,#3906,.F.);
#5339=ORIENTED_EDGE('',*,*,#3907,.F.);
#5340=ORIENTED_EDGE('',*,*,#3908,.F.);
#5341=ORIENTED_EDGE('',*,*,#3909,.F.);
#5342=ORIENTED_EDGE('',*,*,#3910,.F.);
#5343=ORIENTED_EDGE('',*,*,#3911,.T.);
#5344=ORIENTED_EDGE('',*,*,#3886,.T.);
#5345=ORIENTED_EDGE('',*,*,#3912,.T.);
#5346=ORIENTED_EDGE('',*,*,#3913,.T.);
#5347=ORIENTED_EDGE('',*,*,#3914,.T.);
#5348=ORIENTED_EDGE('',*,*,#3887,.T.);
#5349=ORIENTED_EDGE('',*,*,#3911,.F.);
#5350=ORIENTED_EDGE('',*,*,#3915,.T.);
#5351=ORIENTED_EDGE('',*,*,#3916,.T.);
#5352=ORIENTED_EDGE('',*,*,#3888,.T.);
#5353=ORIENTED_EDGE('',*,*,#3914,.F.);
#5354=ORIENTED_EDGE('',*,*,#3917,.T.);
#5355=ORIENTED_EDGE('',*,*,#3912,.F.);
#5356=ORIENTED_EDGE('',*,*,#3889,.T.);
#5357=ORIENTED_EDGE('',*,*,#3916,.F.);
#5358=ORIENTED_EDGE('',*,*,#3918,.T.);
#5359=ORIENTED_EDGE('',*,*,#3915,.F.);
#5360=ORIENTED_EDGE('',*,*,#3919,.T.);
#5361=ORIENTED_EDGE('',*,*,#3920,.F.);
#5362=ORIENTED_EDGE('',*,*,#3921,.F.);
#5363=ORIENTED_EDGE('',*,*,#3913,.F.);
#5364=ORIENTED_EDGE('',*,*,#3922,.T.);
#5365=ORIENTED_EDGE('',*,*,#3923,.F.);
#5366=ORIENTED_EDGE('',*,*,#3919,.F.);
#5367=ORIENTED_EDGE('',*,*,#3924,.T.);
#5368=ORIENTED_EDGE('',*,*,#3907,.T.);
#5369=ORIENTED_EDGE('',*,*,#3925,.T.);
#5370=ORIENTED_EDGE('',*,*,#3926,.T.);
#5371=ORIENTED_EDGE('',*,*,#3927,.T.);
#5372=ORIENTED_EDGE('',*,*,#3908,.T.);
#5373=ORIENTED_EDGE('',*,*,#3924,.F.);
#5374=ORIENTED_EDGE('',*,*,#3928,.T.);
#5375=ORIENTED_EDGE('',*,*,#3929,.T.);
#5376=ORIENTED_EDGE('',*,*,#3909,.T.);
#5377=ORIENTED_EDGE('',*,*,#3927,.F.);
#5378=ORIENTED_EDGE('',*,*,#3930,.T.);
#5379=ORIENTED_EDGE('',*,*,#3925,.F.);
#5380=ORIENTED_EDGE('',*,*,#3910,.T.);
#5381=ORIENTED_EDGE('',*,*,#3929,.F.);
#5382=ORIENTED_EDGE('',*,*,#3931,.T.);
#5383=ORIENTED_EDGE('',*,*,#3928,.F.);
#5384=ORIENTED_EDGE('',*,*,#3932,.T.);
#5385=ORIENTED_EDGE('',*,*,#3933,.F.);
#5386=ORIENTED_EDGE('',*,*,#3934,.F.);
#5387=ORIENTED_EDGE('',*,*,#3926,.F.);
#5388=ORIENTED_EDGE('',*,*,#3935,.T.);
#5389=ORIENTED_EDGE('',*,*,#3936,.F.);
#5390=ORIENTED_EDGE('',*,*,#3932,.F.);
#5391=ORIENTED_EDGE('',*,*,#3937,.T.);
#5392=ORIENTED_EDGE('',*,*,#3890,.T.);
#5393=ORIENTED_EDGE('',*,*,#3938,.T.);
#5394=ORIENTED_EDGE('',*,*,#3939,.T.);
#5395=ORIENTED_EDGE('',*,*,#3940,.T.);
#5396=ORIENTED_EDGE('',*,*,#3891,.T.);
#5397=ORIENTED_EDGE('',*,*,#3937,.F.);
#5398=ORIENTED_EDGE('',*,*,#3941,.T.);
#5399=ORIENTED_EDGE('',*,*,#3942,.T.);
#5400=ORIENTED_EDGE('',*,*,#3892,.T.);
#5401=ORIENTED_EDGE('',*,*,#3940,.F.);
#5402=ORIENTED_EDGE('',*,*,#3943,.T.);
#5403=ORIENTED_EDGE('',*,*,#3938,.F.);
#5404=ORIENTED_EDGE('',*,*,#3893,.T.);
#5405=ORIENTED_EDGE('',*,*,#3942,.F.);
#5406=ORIENTED_EDGE('',*,*,#3944,.T.);
#5407=ORIENTED_EDGE('',*,*,#3941,.F.);
#5408=ORIENTED_EDGE('',*,*,#3945,.T.);
#5409=ORIENTED_EDGE('',*,*,#3946,.F.);
#5410=ORIENTED_EDGE('',*,*,#3947,.F.);
#5411=ORIENTED_EDGE('',*,*,#3939,.F.);
#5412=ORIENTED_EDGE('',*,*,#3948,.T.);
#5413=ORIENTED_EDGE('',*,*,#3949,.F.);
#5414=ORIENTED_EDGE('',*,*,#3945,.F.);
#5415=ORIENTED_EDGE('',*,*,#3950,.T.);
#5416=ORIENTED_EDGE('',*,*,#3903,.T.);
#5417=ORIENTED_EDGE('',*,*,#3951,.T.);
#5418=ORIENTED_EDGE('',*,*,#3952,.T.);
#5419=ORIENTED_EDGE('',*,*,#3953,.T.);
#5420=ORIENTED_EDGE('',*,*,#3904,.T.);
#5421=ORIENTED_EDGE('',*,*,#3950,.F.);
#5422=ORIENTED_EDGE('',*,*,#3954,.T.);
#5423=ORIENTED_EDGE('',*,*,#3955,.T.);
#5424=ORIENTED_EDGE('',*,*,#3905,.T.);
#5425=ORIENTED_EDGE('',*,*,#3953,.F.);
#5426=ORIENTED_EDGE('',*,*,#3956,.T.);
#5427=ORIENTED_EDGE('',*,*,#3951,.F.);
#5428=ORIENTED_EDGE('',*,*,#3906,.T.);
#5429=ORIENTED_EDGE('',*,*,#3955,.F.);
#5430=ORIENTED_EDGE('',*,*,#3957,.T.);
#5431=ORIENTED_EDGE('',*,*,#3954,.F.);
#5432=ORIENTED_EDGE('',*,*,#3958,.T.);
#5433=ORIENTED_EDGE('',*,*,#3959,.F.);
#5434=ORIENTED_EDGE('',*,*,#3960,.F.);
#5435=ORIENTED_EDGE('',*,*,#3952,.F.);
#5436=ORIENTED_EDGE('',*,*,#3961,.T.);
#5437=ORIENTED_EDGE('',*,*,#3962,.F.);
#5438=ORIENTED_EDGE('',*,*,#3958,.F.);
#5439=ORIENTED_EDGE('',*,*,#3963,.T.);
#5440=ORIENTED_EDGE('',*,*,#3894,.T.);
#5441=ORIENTED_EDGE('',*,*,#3964,.T.);
#5442=ORIENTED_EDGE('',*,*,#3965,.T.);
#5443=ORIENTED_EDGE('',*,*,#3966,.T.);
#5444=ORIENTED_EDGE('',*,*,#3895,.T.);
#5445=ORIENTED_EDGE('',*,*,#3963,.F.);
#5446=ORIENTED_EDGE('',*,*,#3967,.T.);
#5447=ORIENTED_EDGE('',*,*,#3968,.T.);
#5448=ORIENTED_EDGE('',*,*,#3896,.T.);
#5449=ORIENTED_EDGE('',*,*,#3966,.F.);
#5450=ORIENTED_EDGE('',*,*,#3969,.T.);
#5451=ORIENTED_EDGE('',*,*,#3964,.F.);
#5452=ORIENTED_EDGE('',*,*,#3897,.T.);
#5453=ORIENTED_EDGE('',*,*,#3968,.F.);
#5454=ORIENTED_EDGE('',*,*,#3970,.T.);
#5455=ORIENTED_EDGE('',*,*,#3967,.F.);
#5456=ORIENTED_EDGE('',*,*,#3971,.T.);
#5457=ORIENTED_EDGE('',*,*,#3972,.F.);
#5458=ORIENTED_EDGE('',*,*,#3973,.F.);
#5459=ORIENTED_EDGE('',*,*,#3965,.F.);
#5460=ORIENTED_EDGE('',*,*,#3974,.T.);
#5461=ORIENTED_EDGE('',*,*,#3975,.F.);
#5462=ORIENTED_EDGE('',*,*,#3971,.F.);
#5463=ORIENTED_EDGE('',*,*,#3976,.T.);
#5464=ORIENTED_EDGE('',*,*,#3899,.T.);
#5465=ORIENTED_EDGE('',*,*,#3977,.T.);
#5466=ORIENTED_EDGE('',*,*,#3978,.T.);
#5467=ORIENTED_EDGE('',*,*,#3979,.T.);
#5468=ORIENTED_EDGE('',*,*,#3900,.T.);
#5469=ORIENTED_EDGE('',*,*,#3976,.F.);
#5470=ORIENTED_EDGE('',*,*,#3980,.T.);
#5471=ORIENTED_EDGE('',*,*,#3981,.T.);
#5472=ORIENTED_EDGE('',*,*,#3901,.T.);
#5473=ORIENTED_EDGE('',*,*,#3979,.F.);
#5474=ORIENTED_EDGE('',*,*,#3982,.T.);
#5475=ORIENTED_EDGE('',*,*,#3977,.F.);
#5476=ORIENTED_EDGE('',*,*,#3902,.T.);
#5477=ORIENTED_EDGE('',*,*,#3981,.F.);
#5478=ORIENTED_EDGE('',*,*,#3983,.T.);
#5479=ORIENTED_EDGE('',*,*,#3980,.F.);
#5480=ORIENTED_EDGE('',*,*,#3984,.T.);
#5481=ORIENTED_EDGE('',*,*,#3985,.F.);
#5482=ORIENTED_EDGE('',*,*,#3986,.F.);
#5483=ORIENTED_EDGE('',*,*,#3978,.F.);
#5484=ORIENTED_EDGE('',*,*,#3987,.T.);
#5485=ORIENTED_EDGE('',*,*,#3988,.F.);
#5486=ORIENTED_EDGE('',*,*,#3984,.F.);
#5487=ORIENTED_EDGE('',*,*,#3989,.T.);
#5488=ORIENTED_EDGE('',*,*,#3990,.T.);
#5489=ORIENTED_EDGE('',*,*,#3991,.F.);
#5490=ORIENTED_EDGE('',*,*,#3992,.F.);
#5491=ORIENTED_EDGE('',*,*,#3993,.F.);
#5492=ORIENTED_EDGE('',*,*,#3994,.T.);
#5493=ORIENTED_EDGE('',*,*,#3995,.T.);
#5494=ORIENTED_EDGE('',*,*,#3996,.F.);
#5495=ORIENTED_EDGE('',*,*,#3838,.T.);
#5496=ORIENTED_EDGE('',*,*,#3803,.F.);
#5497=ORIENTED_EDGE('',*,*,#3807,.T.);
#5498=ORIENTED_EDGE('',*,*,#3810,.F.);
#5499=ORIENTED_EDGE('',*,*,#3813,.T.);
#5500=ORIENTED_EDGE('',*,*,#3830,.T.);
#5501=ORIENTED_EDGE('',*,*,#3997,.F.);
#5502=ORIENTED_EDGE('',*,*,#3998,.F.);
#5503=ORIENTED_EDGE('',*,*,#3999,.F.);
#5504=ORIENTED_EDGE('',*,*,#4000,.F.);
#5505=ORIENTED_EDGE('',*,*,#4001,.F.);
#5506=ORIENTED_EDGE('',*,*,#4002,.F.);
#5507=ORIENTED_EDGE('',*,*,#4003,.F.);
#5508=ORIENTED_EDGE('',*,*,#4004,.F.);
#5509=ORIENTED_EDGE('',*,*,#4005,.F.);
#5510=ORIENTED_EDGE('',*,*,#4006,.F.);
#5511=ORIENTED_EDGE('',*,*,#4007,.F.);
#5512=ORIENTED_EDGE('',*,*,#4008,.F.);
#5513=ORIENTED_EDGE('',*,*,#4009,.T.);
#5514=ORIENTED_EDGE('',*,*,#4010,.F.);
#5515=ORIENTED_EDGE('',*,*,#4011,.F.);
#5516=ORIENTED_EDGE('',*,*,#4012,.F.);
#5517=ORIENTED_EDGE('',*,*,#4013,.F.);
#5518=ORIENTED_EDGE('',*,*,#4014,.F.);
#5519=ORIENTED_EDGE('',*,*,#4015,.F.);
#5520=ORIENTED_EDGE('',*,*,#4016,.F.);
#5521=ORIENTED_EDGE('',*,*,#4017,.F.);
#5522=ORIENTED_EDGE('',*,*,#4018,.F.);
#5523=ORIENTED_EDGE('',*,*,#4019,.F.);
#5524=ORIENTED_EDGE('',*,*,#4020,.F.);
#5525=ORIENTED_EDGE('',*,*,#4021,.F.);
#5526=ORIENTED_EDGE('',*,*,#3840,.T.);
#5527=ORIENTED_EDGE('',*,*,#3790,.F.);
#5528=ORIENTED_EDGE('',*,*,#3794,.T.);
#5529=ORIENTED_EDGE('',*,*,#3797,.F.);
#5530=ORIENTED_EDGE('',*,*,#3800,.T.);
#5531=ORIENTED_EDGE('',*,*,#3833,.T.);
#5532=ORIENTED_EDGE('',*,*,#3836,.T.);
#5533=ORIENTED_EDGE('',*,*,#3823,.F.);
#5534=ORIENTED_EDGE('',*,*,#3825,.T.);
#5535=ORIENTED_EDGE('',*,*,#3816,.F.);
#5536=ORIENTED_EDGE('',*,*,#3820,.T.);
#5537=ORIENTED_EDGE('',*,*,#3827,.T.);
#5538=ORIENTED_EDGE('',*,*,#4022,.T.);
#5539=ORIENTED_EDGE('',*,*,#4018,.T.);
#5540=ORIENTED_EDGE('',*,*,#4023,.T.);
#5541=ORIENTED_EDGE('',*,*,#3923,.T.);
#5542=ORIENTED_EDGE('',*,*,#4024,.T.);
#5543=ORIENTED_EDGE('',*,*,#4019,.T.);
#5544=ORIENTED_EDGE('',*,*,#4022,.F.);
#5545=ORIENTED_EDGE('',*,*,#4025,.T.);
#5546=ORIENTED_EDGE('',*,*,#4026,.T.);
#5547=ORIENTED_EDGE('',*,*,#4020,.T.);
#5548=ORIENTED_EDGE('',*,*,#4024,.F.);
#5549=ORIENTED_EDGE('',*,*,#4027,.T.);
#5550=ORIENTED_EDGE('',*,*,#4023,.F.);
#5551=ORIENTED_EDGE('',*,*,#4021,.T.);
#5552=ORIENTED_EDGE('',*,*,#4026,.F.);
#5553=ORIENTED_EDGE('',*,*,#3920,.T.);
#5554=ORIENTED_EDGE('',*,*,#3918,.F.);
#5555=ORIENTED_EDGE('',*,*,#4028,.T.);
#5556=ORIENTED_EDGE('',*,*,#4025,.F.);
#5557=ORIENTED_EDGE('',*,*,#3922,.F.);
#5558=ORIENTED_EDGE('',*,*,#4029,.T.);
#5559=ORIENTED_EDGE('',*,*,#3997,.T.);
#5560=ORIENTED_EDGE('',*,*,#4030,.T.);
#5561=ORIENTED_EDGE('',*,*,#3936,.T.);
#5562=ORIENTED_EDGE('',*,*,#4031,.T.);
#5563=ORIENTED_EDGE('',*,*,#3998,.T.);
#5564=ORIENTED_EDGE('',*,*,#4029,.F.);
#5565=ORIENTED_EDGE('',*,*,#4032,.T.);
#5566=ORIENTED_EDGE('',*,*,#4033,.T.);
#5567=ORIENTED_EDGE('',*,*,#3999,.T.);
#5568=ORIENTED_EDGE('',*,*,#4031,.F.);
#5569=ORIENTED_EDGE('',*,*,#4034,.T.);
#5570=ORIENTED_EDGE('',*,*,#4030,.F.);
#5571=ORIENTED_EDGE('',*,*,#4000,.T.);
#5572=ORIENTED_EDGE('',*,*,#4033,.F.);
#5573=ORIENTED_EDGE('',*,*,#3933,.T.);
#5574=ORIENTED_EDGE('',*,*,#3931,.F.);
#5575=ORIENTED_EDGE('',*,*,#4035,.T.);
#5576=ORIENTED_EDGE('',*,*,#4032,.F.);
#5577=ORIENTED_EDGE('',*,*,#3935,.F.);
#5578=ORIENTED_EDGE('',*,*,#4036,.T.);
#5579=ORIENTED_EDGE('',*,*,#4014,.T.);
#5580=ORIENTED_EDGE('',*,*,#4037,.T.);
#5581=ORIENTED_EDGE('',*,*,#3949,.T.);
#5582=ORIENTED_EDGE('',*,*,#4038,.T.);
#5583=ORIENTED_EDGE('',*,*,#4015,.T.);
#5584=ORIENTED_EDGE('',*,*,#4036,.F.);
#5585=ORIENTED_EDGE('',*,*,#4039,.T.);
#5586=ORIENTED_EDGE('',*,*,#4040,.T.);
#5587=ORIENTED_EDGE('',*,*,#4016,.T.);
#5588=ORIENTED_EDGE('',*,*,#4038,.F.);
#5589=ORIENTED_EDGE('',*,*,#4041,.T.);
#5590=ORIENTED_EDGE('',*,*,#4037,.F.);
#5591=ORIENTED_EDGE('',*,*,#4017,.T.);
#5592=ORIENTED_EDGE('',*,*,#4040,.F.);
#5593=ORIENTED_EDGE('',*,*,#3946,.T.);
#5594=ORIENTED_EDGE('',*,*,#3944,.F.);
#5595=ORIENTED_EDGE('',*,*,#4042,.T.);
#5596=ORIENTED_EDGE('',*,*,#4039,.F.);
#5597=ORIENTED_EDGE('',*,*,#3948,.F.);
#5598=ORIENTED_EDGE('',*,*,#4043,.T.);
#5599=ORIENTED_EDGE('',*,*,#4001,.T.);
#5600=ORIENTED_EDGE('',*,*,#4044,.T.);
#5601=ORIENTED_EDGE('',*,*,#3962,.T.);
#5602=ORIENTED_EDGE('',*,*,#4045,.T.);
#5603=ORIENTED_EDGE('',*,*,#4002,.T.);
#5604=ORIENTED_EDGE('',*,*,#4043,.F.);
#5605=ORIENTED_EDGE('',*,*,#4046,.T.);
#5606=ORIENTED_EDGE('',*,*,#4047,.T.);
#5607=ORIENTED_EDGE('',*,*,#4003,.T.);
#5608=ORIENTED_EDGE('',*,*,#4045,.F.);
#5609=ORIENTED_EDGE('',*,*,#4048,.T.);
#5610=ORIENTED_EDGE('',*,*,#4044,.F.);
#5611=ORIENTED_EDGE('',*,*,#4004,.T.);
#5612=ORIENTED_EDGE('',*,*,#4047,.F.);
#5613=ORIENTED_EDGE('',*,*,#3959,.T.);
#5614=ORIENTED_EDGE('',*,*,#3957,.F.);
#5615=ORIENTED_EDGE('',*,*,#4049,.T.);
#5616=ORIENTED_EDGE('',*,*,#4046,.F.);
#5617=ORIENTED_EDGE('',*,*,#3961,.F.);
#5618=ORIENTED_EDGE('',*,*,#4050,.T.);
#5619=ORIENTED_EDGE('',*,*,#4010,.T.);
#5620=ORIENTED_EDGE('',*,*,#4051,.T.);
#5621=ORIENTED_EDGE('',*,*,#3975,.T.);
#5622=ORIENTED_EDGE('',*,*,#4052,.T.);
#5623=ORIENTED_EDGE('',*,*,#4011,.T.);
#5624=ORIENTED_EDGE('',*,*,#4050,.F.);
#5625=ORIENTED_EDGE('',*,*,#4053,.T.);
#5626=ORIENTED_EDGE('',*,*,#4054,.T.);
#5627=ORIENTED_EDGE('',*,*,#4012,.T.);
#5628=ORIENTED_EDGE('',*,*,#4052,.F.);
#5629=ORIENTED_EDGE('',*,*,#4055,.T.);
#5630=ORIENTED_EDGE('',*,*,#4051,.F.);
#5631=ORIENTED_EDGE('',*,*,#4013,.T.);
#5632=ORIENTED_EDGE('',*,*,#4054,.F.);
#5633=ORIENTED_EDGE('',*,*,#3972,.T.);
#5634=ORIENTED_EDGE('',*,*,#3970,.F.);
#5635=ORIENTED_EDGE('',*,*,#4056,.T.);
#5636=ORIENTED_EDGE('',*,*,#4053,.F.);
#5637=ORIENTED_EDGE('',*,*,#3974,.F.);
#5638=ORIENTED_EDGE('',*,*,#4057,.T.);
#5639=ORIENTED_EDGE('',*,*,#4005,.T.);
#5640=ORIENTED_EDGE('',*,*,#4058,.T.);
#5641=ORIENTED_EDGE('',*,*,#3988,.T.);
#5642=ORIENTED_EDGE('',*,*,#4059,.T.);
#5643=ORIENTED_EDGE('',*,*,#4006,.T.);
#5644=ORIENTED_EDGE('',*,*,#4057,.F.);
#5645=ORIENTED_EDGE('',*,*,#4060,.T.);
#5646=ORIENTED_EDGE('',*,*,#4061,.T.);
#5647=ORIENTED_EDGE('',*,*,#4007,.T.);
#5648=ORIENTED_EDGE('',*,*,#4059,.F.);
#5649=ORIENTED_EDGE('',*,*,#4062,.T.);
#5650=ORIENTED_EDGE('',*,*,#4058,.F.);
#5651=ORIENTED_EDGE('',*,*,#4008,.T.);
#5652=ORIENTED_EDGE('',*,*,#4061,.F.);
#5653=ORIENTED_EDGE('',*,*,#3985,.T.);
#5654=ORIENTED_EDGE('',*,*,#3983,.F.);
#5655=ORIENTED_EDGE('',*,*,#4063,.T.);
#5656=ORIENTED_EDGE('',*,*,#4060,.F.);
#5657=ORIENTED_EDGE('',*,*,#3987,.F.);
#5658=ORIENTED_EDGE('',*,*,#3982,.F.);
#5659=ORIENTED_EDGE('',*,*,#3986,.T.);
#5660=ORIENTED_EDGE('',*,*,#4062,.F.);
#5661=ORIENTED_EDGE('',*,*,#4063,.F.);
#5662=ORIENTED_EDGE('',*,*,#3969,.F.);
#5663=ORIENTED_EDGE('',*,*,#3973,.T.);
#5664=ORIENTED_EDGE('',*,*,#4055,.F.);
#5665=ORIENTED_EDGE('',*,*,#4056,.F.);
#5666=ORIENTED_EDGE('',*,*,#3956,.F.);
#5667=ORIENTED_EDGE('',*,*,#3960,.T.);
#5668=ORIENTED_EDGE('',*,*,#4048,.F.);
#5669=ORIENTED_EDGE('',*,*,#4049,.F.);
#5670=ORIENTED_EDGE('',*,*,#3943,.F.);
#5671=ORIENTED_EDGE('',*,*,#3947,.T.);
#5672=ORIENTED_EDGE('',*,*,#4041,.F.);
#5673=ORIENTED_EDGE('',*,*,#4042,.F.);
#5674=ORIENTED_EDGE('',*,*,#3930,.F.);
#5675=ORIENTED_EDGE('',*,*,#3934,.T.);
#5676=ORIENTED_EDGE('',*,*,#4034,.F.);
#5677=ORIENTED_EDGE('',*,*,#4035,.F.);
#5678=ORIENTED_EDGE('',*,*,#3917,.F.);
#5679=ORIENTED_EDGE('',*,*,#3921,.T.);
#5680=ORIENTED_EDGE('',*,*,#4027,.F.);
#5681=ORIENTED_EDGE('',*,*,#4028,.F.);
#5682=ORIENTED_EDGE('',*,*,#4064,.F.);
#5683=ORIENTED_EDGE('',*,*,#4065,.F.);
#5684=ORIENTED_EDGE('',*,*,#4066,.F.);
#5685=ORIENTED_EDGE('',*,*,#3995,.F.);
#5686=ORIENTED_EDGE('',*,*,#4067,.F.);
#5687=ORIENTED_EDGE('',*,*,#3996,.T.);
#5688=ORIENTED_EDGE('',*,*,#4066,.T.);
#5689=ORIENTED_EDGE('',*,*,#4068,.F.);
#5690=ORIENTED_EDGE('',*,*,#4069,.T.);
#5691=ORIENTED_EDGE('',*,*,#4070,.F.);
#5692=ORIENTED_EDGE('',*,*,#3884,.F.);
#5693=ORIENTED_EDGE('',*,*,#4071,.T.);
#5694=ORIENTED_EDGE('',*,*,#4072,.F.);
#5695=ORIENTED_EDGE('',*,*,#4073,.F.);
#5696=ORIENTED_EDGE('',*,*,#4074,.F.);
#5697=ORIENTED_EDGE('',*,*,#4075,.F.);
#5698=ORIENTED_EDGE('',*,*,#4076,.F.);
#5699=ORIENTED_EDGE('',*,*,#4077,.F.);
#5700=ORIENTED_EDGE('',*,*,#4064,.T.);
#5701=ORIENTED_EDGE('',*,*,#3994,.F.);
#5702=ORIENTED_EDGE('',*,*,#4078,.F.);
#5703=ORIENTED_EDGE('',*,*,#4079,.F.);
#5704=ORIENTED_EDGE('',*,*,#4080,.F.);
#5705=ORIENTED_EDGE('',*,*,#4081,.T.);
#5706=ORIENTED_EDGE('',*,*,#4065,.T.);
#5707=ORIENTED_EDGE('',*,*,#4080,.T.);
#5708=ORIENTED_EDGE('',*,*,#4082,.T.);
#5709=ORIENTED_EDGE('',*,*,#4068,.T.);
#5710=ORIENTED_EDGE('',*,*,#4083,.T.);
#5711=ORIENTED_EDGE('',*,*,#4084,.T.);
#5712=ORIENTED_EDGE('',*,*,#4075,.T.);
#5713=ORIENTED_EDGE('',*,*,#4085,.T.);
#5714=ORIENTED_EDGE('',*,*,#4077,.T.);
#5715=ORIENTED_EDGE('',*,*,#4086,.T.);
#5716=ORIENTED_EDGE('',*,*,#4087,.T.);
#5717=ORIENTED_EDGE('',*,*,#4086,.F.);
#5718=ORIENTED_EDGE('',*,*,#4081,.F.);
#5719=ORIENTED_EDGE('',*,*,#4088,.T.);
#5720=ORIENTED_EDGE('',*,*,#4087,.F.);
#5721=ORIENTED_EDGE('',*,*,#4088,.F.);
#5722=ORIENTED_EDGE('',*,*,#4076,.T.);
#5723=ORIENTED_EDGE('',*,*,#4089,.T.);
#5724=ORIENTED_EDGE('',*,*,#4090,.T.);
#5725=ORIENTED_EDGE('',*,*,#4089,.F.);
#5726=ORIENTED_EDGE('',*,*,#4091,.F.);
#5727=ORIENTED_EDGE('',*,*,#4092,.T.);
#5728=ORIENTED_EDGE('',*,*,#4090,.F.);
#5729=ORIENTED_EDGE('',*,*,#4092,.F.);
#5730=ORIENTED_EDGE('',*,*,#4093,.T.);
#5731=ORIENTED_EDGE('',*,*,#4094,.T.);
#5732=ORIENTED_EDGE('',*,*,#4095,.T.);
#5733=ORIENTED_EDGE('',*,*,#4096,.T.);
#5734=ORIENTED_EDGE('',*,*,#4095,.F.);
#5735=ORIENTED_EDGE('',*,*,#4097,.F.);
#5736=ORIENTED_EDGE('',*,*,#4098,.F.);
#5737=ORIENTED_EDGE('',*,*,#4099,.T.);
#5738=ORIENTED_EDGE('',*,*,#4100,.F.);
#5739=ORIENTED_EDGE('',*,*,#4101,.F.);
#5740=ORIENTED_EDGE('',*,*,#4102,.T.);
#5741=ORIENTED_EDGE('',*,*,#4103,.F.);
#5742=ORIENTED_EDGE('',*,*,#4104,.F.);
#5743=ORIENTED_EDGE('',*,*,#4105,.T.);
#5744=ORIENTED_EDGE('',*,*,#4106,.F.);
#5745=ORIENTED_EDGE('',*,*,#4107,.F.);
#5746=ORIENTED_EDGE('',*,*,#4108,.F.);
#5747=ORIENTED_EDGE('',*,*,#4109,.F.);
#5748=ORIENTED_EDGE('',*,*,#4110,.F.);
#5749=ORIENTED_EDGE('',*,*,#4111,.F.);
#5750=ORIENTED_EDGE('',*,*,#4112,.T.);
#5751=ORIENTED_EDGE('',*,*,#4113,.T.);
#5752=ORIENTED_EDGE('',*,*,#4108,.T.);
#5753=ORIENTED_EDGE('',*,*,#4114,.T.);
#5754=ORIENTED_EDGE('',*,*,#4115,.T.);
#5755=ORIENTED_EDGE('',*,*,#4116,.T.);
#5756=ORIENTED_EDGE('',*,*,#3885,.T.);
#5757=ORIENTED_EDGE('',*,*,#4070,.T.);
#5758=ORIENTED_EDGE('',*,*,#4117,.T.);
#5759=ORIENTED_EDGE('',*,*,#4118,.T.);
#5760=ORIENTED_EDGE('',*,*,#4083,.F.);
#5761=ORIENTED_EDGE('',*,*,#4119,.F.);
#5762=ORIENTED_EDGE('',*,*,#4120,.F.);
#5763=ORIENTED_EDGE('',*,*,#3990,.F.);
#5764=ORIENTED_EDGE('',*,*,#4121,.T.);
#5765=ORIENTED_EDGE('',*,*,#4091,.T.);
#5766=ORIENTED_EDGE('',*,*,#4067,.T.);
#5767=ORIENTED_EDGE('',*,*,#4084,.F.);
#5768=ORIENTED_EDGE('',*,*,#4121,.F.);
#5769=ORIENTED_EDGE('',*,*,#3989,.F.);
#5770=ORIENTED_EDGE('',*,*,#4071,.F.);
#5771=ORIENTED_EDGE('',*,*,#3883,.T.);
#5772=ORIENTED_EDGE('',*,*,#4122,.T.);
#5773=ORIENTED_EDGE('',*,*,#4123,.T.);
#5774=ORIENTED_EDGE('',*,*,#4124,.T.);
#5775=ORIENTED_EDGE('',*,*,#4125,.T.);
#5776=ORIENTED_EDGE('',*,*,#4120,.T.);
#5777=ORIENTED_EDGE('',*,*,#4126,.T.);
#5778=ORIENTED_EDGE('',*,*,#4127,.T.);
#5779=ORIENTED_EDGE('',*,*,#3991,.T.);
#5780=ORIENTED_EDGE('',*,*,#4115,.F.);
#5781=ORIENTED_EDGE('',*,*,#4128,.T.);
#5782=ORIENTED_EDGE('',*,*,#4097,.T.);
#5783=ORIENTED_EDGE('',*,*,#4094,.F.);
#5784=ORIENTED_EDGE('',*,*,#4129,.F.);
#5785=ORIENTED_EDGE('',*,*,#4079,.T.);
#5786=ORIENTED_EDGE('',*,*,#4130,.F.);
#5787=ORIENTED_EDGE('',*,*,#4131,.F.);
#5788=ORIENTED_EDGE('',*,*,#4132,.T.);
#5789=ORIENTED_EDGE('',*,*,#4099,.F.);
#5790=ORIENTED_EDGE('',*,*,#4133,.F.);
#5791=ORIENTED_EDGE('',*,*,#4117,.F.);
#5792=ORIENTED_EDGE('',*,*,#4069,.F.);
#5793=ORIENTED_EDGE('',*,*,#4082,.F.);
#5794=ORIENTED_EDGE('',*,*,#3872,.T.);
#5795=ORIENTED_EDGE('',*,*,#3861,.T.);
#5796=ORIENTED_EDGE('',*,*,#3880,.T.);
#5797=ORIENTED_EDGE('',*,*,#3881,.T.);
#5798=ORIENTED_EDGE('',*,*,#4078,.T.);
#5799=ORIENTED_EDGE('',*,*,#3993,.T.);
#5800=ORIENTED_EDGE('',*,*,#4134,.T.);
#5801=ORIENTED_EDGE('',*,*,#4130,.T.);
#5802=ORIENTED_EDGE('',*,*,#4135,.F.);
#5803=ORIENTED_EDGE('',*,*,#4136,.T.);
#5804=ORIENTED_EDGE('',*,*,#4137,.F.);
#5805=ORIENTED_EDGE('',*,*,#4138,.T.);
#5806=ORIENTED_EDGE('',*,*,#4135,.T.);
#5807=ORIENTED_EDGE('',*,*,#4139,.T.);
#5808=ORIENTED_EDGE('',*,*,#4101,.T.);
#5809=ORIENTED_EDGE('',*,*,#4140,.T.);
#5810=ORIENTED_EDGE('',*,*,#4141,.F.);
#5811=ORIENTED_EDGE('',*,*,#4138,.F.);
#5812=ORIENTED_EDGE('',*,*,#4142,.F.);
#5813=ORIENTED_EDGE('',*,*,#4102,.F.);
#5814=ORIENTED_EDGE('',*,*,#4139,.F.);
#5815=ORIENTED_EDGE('',*,*,#4112,.F.);
#5816=ORIENTED_EDGE('',*,*,#4143,.F.);
#5817=ORIENTED_EDGE('',*,*,#4144,.F.);
#5818=ORIENTED_EDGE('',*,*,#4137,.T.);
#5819=ORIENTED_EDGE('',*,*,#4145,.F.);
#5820=ORIENTED_EDGE('',*,*,#4146,.F.);
#5821=ORIENTED_EDGE('',*,*,#4103,.T.);
#5822=ORIENTED_EDGE('',*,*,#4142,.T.);
#5823=ORIENTED_EDGE('',*,*,#4093,.F.);
#5824=ORIENTED_EDGE('',*,*,#4147,.F.);
#5825=ORIENTED_EDGE('',*,*,#4148,.F.);
#5826=ORIENTED_EDGE('',*,*,#4149,.T.);
#5827=ORIENTED_EDGE('',*,*,#4150,.T.);
#5828=ORIENTED_EDGE('',*,*,#4151,.T.);
#5829=ORIENTED_EDGE('',*,*,#4152,.T.);
#5830=ORIENTED_EDGE('',*,*,#4153,.T.);
#5831=ORIENTED_EDGE('',*,*,#4154,.T.);
#5832=ORIENTED_EDGE('',*,*,#4155,.T.);
#5833=ORIENTED_EDGE('',*,*,#4156,.T.);
#5834=ORIENTED_EDGE('',*,*,#4157,.T.);
#5835=ORIENTED_EDGE('',*,*,#4158,.T.);
#5836=ORIENTED_EDGE('',*,*,#4159,.T.);
#5837=ORIENTED_EDGE('',*,*,#4160,.F.);
#5838=ORIENTED_EDGE('',*,*,#4161,.T.);
#5839=ORIENTED_EDGE('',*,*,#4162,.F.);
#5840=ORIENTED_EDGE('',*,*,#4163,.T.);
#5841=ORIENTED_EDGE('',*,*,#4164,.T.);
#5842=ORIENTED_EDGE('',*,*,#4165,.T.);
#5843=ORIENTED_EDGE('',*,*,#4156,.F.);
#5844=ORIENTED_EDGE('',*,*,#4166,.T.);
#5845=ORIENTED_EDGE('',*,*,#4147,.T.);
#5846=ORIENTED_EDGE('',*,*,#4167,.T.);
#5847=ORIENTED_EDGE('',*,*,#4144,.T.);
#5848=ORIENTED_EDGE('',*,*,#4168,.T.);
#5849=ORIENTED_EDGE('',*,*,#4158,.F.);
#5850=ORIENTED_EDGE('',*,*,#4165,.F.);
#5851=ORIENTED_EDGE('',*,*,#4164,.F.);
#5852=ORIENTED_EDGE('',*,*,#4169,.T.);
#5853=ORIENTED_EDGE('',*,*,#4149,.F.);
#5854=ORIENTED_EDGE('',*,*,#4157,.F.);
#5855=ORIENTED_EDGE('',*,*,#4151,.F.);
#5856=ORIENTED_EDGE('',*,*,#4170,.T.);
#5857=ORIENTED_EDGE('',*,*,#4154,.F.);
#5858=ORIENTED_EDGE('',*,*,#4171,.T.);
#5859=ORIENTED_EDGE('',*,*,#4170,.F.);
#5860=ORIENTED_EDGE('',*,*,#4172,.T.);
#5861=ORIENTED_EDGE('',*,*,#4173,.T.);
#5862=ORIENTED_EDGE('',*,*,#4129,.T.);
#5863=ORIENTED_EDGE('',*,*,#4148,.T.);
#5864=ORIENTED_EDGE('',*,*,#4174,.T.);
#5865=ORIENTED_EDGE('',*,*,#4150,.F.);
#5866=ORIENTED_EDGE('',*,*,#4169,.F.);
#5867=ORIENTED_EDGE('',*,*,#4163,.F.);
#5868=ORIENTED_EDGE('',*,*,#4175,.F.);
#5869=ORIENTED_EDGE('',*,*,#4176,.F.);
#5870=ORIENTED_EDGE('',*,*,#4172,.F.);
#5871=ORIENTED_EDGE('',*,*,#4177,.T.);
#5872=ORIENTED_EDGE('',*,*,#4178,.T.);
#5873=ORIENTED_EDGE('',*,*,#4152,.F.);
#5874=ORIENTED_EDGE('',*,*,#4171,.F.);
#5875=ORIENTED_EDGE('',*,*,#4153,.F.);
#5876=ORIENTED_EDGE('',*,*,#4178,.F.);
#5877=ORIENTED_EDGE('',*,*,#4160,.T.);
#5878=ORIENTED_EDGE('',*,*,#4179,.T.);
#5879=ORIENTED_EDGE('',*,*,#4162,.T.);
#5880=ORIENTED_EDGE('',*,*,#4180,.T.);
#5881=ORIENTED_EDGE('',*,*,#4181,.T.);
#5882=ORIENTED_EDGE('',*,*,#4159,.F.);
#5883=ORIENTED_EDGE('',*,*,#4168,.F.);
#5884=ORIENTED_EDGE('',*,*,#4182,.F.);
#5885=ORIENTED_EDGE('',*,*,#4155,.F.);
#5886=ORIENTED_EDGE('',*,*,#4174,.F.);
#5887=ORIENTED_EDGE('',*,*,#4166,.F.);
#5888=ORIENTED_EDGE('',*,*,#4179,.F.);
#5889=ORIENTED_EDGE('',*,*,#4182,.T.);
#5890=ORIENTED_EDGE('',*,*,#4143,.T.);
#5891=ORIENTED_EDGE('',*,*,#4183,.T.);
#5892=ORIENTED_EDGE('',*,*,#4184,.T.);
#5893=ORIENTED_EDGE('',*,*,#4175,.T.);
#5894=ORIENTED_EDGE('',*,*,#4185,.T.);
#5895=ORIENTED_EDGE('',*,*,#4186,.T.);
#5896=ORIENTED_EDGE('',*,*,#4180,.F.);
#5897=ORIENTED_EDGE('',*,*,#4161,.F.);
#5898=ORIENTED_EDGE('',*,*,#4181,.F.);
#5899=ORIENTED_EDGE('',*,*,#4186,.F.);
#5900=ORIENTED_EDGE('',*,*,#4177,.F.);
#5901=ORIENTED_EDGE('',*,*,#4187,.F.);
#5902=ORIENTED_EDGE('',*,*,#4185,.F.);
#5903=ORIENTED_EDGE('',*,*,#4188,.F.);
#5904=ORIENTED_EDGE('',*,*,#4188,.T.);
#5905=ORIENTED_EDGE('',*,*,#4189,.T.);
#5906=ORIENTED_EDGE('',*,*,#4110,.T.);
#5907=ORIENTED_EDGE('',*,*,#4189,.F.);
#5908=ORIENTED_EDGE('',*,*,#4190,.F.);
#5909=ORIENTED_EDGE('',*,*,#4191,.F.);
#5910=ORIENTED_EDGE('',*,*,#4192,.F.);
#5911=ORIENTED_EDGE('',*,*,#4104,.T.);
#5912=ORIENTED_EDGE('',*,*,#4146,.T.);
#5913=ORIENTED_EDGE('',*,*,#4136,.F.);
#5914=ORIENTED_EDGE('',*,*,#4141,.T.);
#5915=ORIENTED_EDGE('',*,*,#4193,.T.);
#5916=ORIENTED_EDGE('',*,*,#4194,.F.);
#5917=ORIENTED_EDGE('',*,*,#4195,.F.);
#5918=ORIENTED_EDGE('',*,*,#4196,.F.);
#5919=ORIENTED_EDGE('',*,*,#4190,.T.);
#5920=ORIENTED_EDGE('',*,*,#4145,.T.);
#5921=ORIENTED_EDGE('',*,*,#4073,.T.);
#5922=ORIENTED_EDGE('',*,*,#4072,.T.);
#5923=ORIENTED_EDGE('',*,*,#4125,.F.);
#5924=ORIENTED_EDGE('',*,*,#4197,.F.);
#5925=ORIENTED_EDGE('',*,*,#4105,.F.);
#5926=ORIENTED_EDGE('',*,*,#4192,.T.);
#5927=ORIENTED_EDGE('',*,*,#4198,.F.);
#5928=ORIENTED_EDGE('',*,*,#4126,.F.);
#5929=ORIENTED_EDGE('',*,*,#4119,.T.);
#5930=ORIENTED_EDGE('',*,*,#4085,.F.);
#5931=ORIENTED_EDGE('',*,*,#4074,.T.);
#5932=ORIENTED_EDGE('',*,*,#3877,.T.);
#5933=ORIENTED_EDGE('',*,*,#3878,.T.);
#5934=ORIENTED_EDGE('',*,*,#3847,.T.);
#5935=ORIENTED_EDGE('',*,*,#3851,.T.);
#5936=ORIENTED_EDGE('',*,*,#4187,.T.);
#5937=ORIENTED_EDGE('',*,*,#4199,.T.);
#5938=ORIENTED_EDGE('',*,*,#4111,.T.);
#5939=ORIENTED_EDGE('',*,*,#4199,.F.);
#5940=ORIENTED_EDGE('',*,*,#4200,.F.);
#5941=ORIENTED_EDGE('',*,*,#4193,.F.);
#5942=ORIENTED_EDGE('',*,*,#4140,.F.);
#5943=ORIENTED_EDGE('',*,*,#4100,.T.);
#5944=ORIENTED_EDGE('',*,*,#4132,.F.);
#5945=ORIENTED_EDGE('',*,*,#4200,.T.);
#5946=ORIENTED_EDGE('',*,*,#4131,.T.);
#5947=ORIENTED_EDGE('',*,*,#4201,.T.);
#5948=ORIENTED_EDGE('',*,*,#4194,.T.);
#5949=ORIENTED_EDGE('',*,*,#3898,.F.);
#5950=ORIENTED_EDGE('',*,*,#4202,.T.);
#5951=ORIENTED_EDGE('',*,*,#4009,.F.);
#5952=ORIENTED_EDGE('',*,*,#4202,.F.);
#5953=ORIENTED_EDGE('',*,*,#4173,.F.);
#5954=ORIENTED_EDGE('',*,*,#4203,.F.);
#5955=ORIENTED_EDGE('',*,*,#4116,.F.);
#5956=ORIENTED_EDGE('',*,*,#4122,.F.);
#5957=ORIENTED_EDGE('',*,*,#4204,.F.);
#5958=ORIENTED_EDGE('',*,*,#4184,.F.);
#5959=ORIENTED_EDGE('',*,*,#4204,.T.);
#5960=ORIENTED_EDGE('',*,*,#3882,.T.);
#5961=ORIENTED_EDGE('',*,*,#4203,.T.);
#5962=ORIENTED_EDGE('',*,*,#4176,.T.);
#5963=ORIENTED_EDGE('',*,*,#4113,.F.);
#5964=ORIENTED_EDGE('',*,*,#4167,.F.);
#5965=ORIENTED_EDGE('',*,*,#4096,.F.);
#5966=ORIENTED_EDGE('',*,*,#4109,.T.);
#5967=ORIENTED_EDGE('',*,*,#4118,.F.);
#5968=ORIENTED_EDGE('',*,*,#4133,.T.);
#5969=ORIENTED_EDGE('',*,*,#4098,.T.);
#5970=ORIENTED_EDGE('',*,*,#4128,.F.);
#5971=ORIENTED_EDGE('',*,*,#4205,.F.);
#5972=ORIENTED_EDGE('',*,*,#4127,.F.);
#5973=ORIENTED_EDGE('',*,*,#4206,.F.);
#5974=ORIENTED_EDGE('',*,*,#4201,.F.);
#5975=ORIENTED_EDGE('',*,*,#4134,.F.);
#5976=ORIENTED_EDGE('',*,*,#4207,.F.);
#5977=ORIENTED_EDGE('',*,*,#4207,.T.);
#5978=ORIENTED_EDGE('',*,*,#3992,.T.);
#5979=ORIENTED_EDGE('',*,*,#4205,.T.);
#5980=ORIENTED_EDGE('',*,*,#4195,.T.);
#5981=ORIENTED_EDGE('',*,*,#4191,.T.);
#5982=ORIENTED_EDGE('',*,*,#4196,.T.);
#5983=ORIENTED_EDGE('',*,*,#4206,.T.);
#5984=ORIENTED_EDGE('',*,*,#4198,.T.);
#5985=ORIENTED_EDGE('',*,*,#4123,.F.);
#5986=ORIENTED_EDGE('',*,*,#4183,.F.);
#5987=ORIENTED_EDGE('',*,*,#4114,.F.);
#5988=ORIENTED_EDGE('',*,*,#4107,.T.);
#5989=ORIENTED_EDGE('',*,*,#4208,.T.);
#5990=ORIENTED_EDGE('',*,*,#4124,.F.);
#5991=ORIENTED_EDGE('',*,*,#4208,.F.);
#5992=ORIENTED_EDGE('',*,*,#4106,.T.);
#5993=ORIENTED_EDGE('',*,*,#4197,.T.);
#5994=ORIENTED_EDGE('',*,*,#4209,.T.);
#5995=ORIENTED_EDGE('',*,*,#4210,.T.);
#5996=ORIENTED_EDGE('',*,*,#4211,.T.);
#5997=ORIENTED_EDGE('',*,*,#4212,.T.);
#5998=ORIENTED_EDGE('',*,*,#4210,.F.);
#5999=ORIENTED_EDGE('',*,*,#4213,.F.);
#6000=ORIENTED_EDGE('',*,*,#4214,.T.);
#6001=ORIENTED_EDGE('',*,*,#4215,.T.);
#6002=ORIENTED_EDGE('',*,*,#4216,.T.);
#6003=ORIENTED_EDGE('',*,*,#4217,.T.);
#6004=ORIENTED_EDGE('',*,*,#4218,.T.);
#6005=ORIENTED_EDGE('',*,*,#4219,.T.);
#6006=ORIENTED_EDGE('',*,*,#4217,.F.);
#6007=ORIENTED_EDGE('',*,*,#4220,.T.);
#6008=ORIENTED_EDGE('',*,*,#4221,.F.);
#6009=ORIENTED_EDGE('',*,*,#4222,.T.);
#6010=ORIENTED_EDGE('',*,*,#4223,.T.);
#6011=ORIENTED_EDGE('',*,*,#4224,.T.);
#6012=ORIENTED_EDGE('',*,*,#4225,.T.);
#6013=ORIENTED_EDGE('',*,*,#4226,.T.);
#6014=ORIENTED_EDGE('',*,*,#4224,.F.);
#6015=ORIENTED_EDGE('',*,*,#4227,.F.);
#6016=ORIENTED_EDGE('',*,*,#4228,.T.);
#6017=ORIENTED_EDGE('',*,*,#4229,.T.);
#6018=ORIENTED_EDGE('',*,*,#4230,.F.);
#6019=ORIENTED_EDGE('',*,*,#4231,.F.);
#6020=ORIENTED_EDGE('',*,*,#4232,.F.);
#6021=ORIENTED_EDGE('',*,*,#4233,.T.);
#6022=ORIENTED_EDGE('',*,*,#4234,.F.);
#6023=ORIENTED_EDGE('',*,*,#4235,.F.);
#6024=ORIENTED_EDGE('',*,*,#4236,.T.);
#6025=ORIENTED_EDGE('',*,*,#4237,.T.);
#6026=ORIENTED_EDGE('',*,*,#4238,.F.);
#6027=ORIENTED_EDGE('',*,*,#4239,.T.);
#6028=ORIENTED_EDGE('',*,*,#4240,.F.);
#6029=ORIENTED_EDGE('',*,*,#4241,.F.);
#6030=ORIENTED_EDGE('',*,*,#4242,.F.);
#6031=ORIENTED_EDGE('',*,*,#4243,.F.);
#6032=ORIENTED_EDGE('',*,*,#4244,.T.);
#6033=ORIENTED_EDGE('',*,*,#4245,.T.);
#6034=ORIENTED_EDGE('',*,*,#4246,.T.);
#6035=ORIENTED_EDGE('',*,*,#4247,.T.);
#6036=ORIENTED_EDGE('',*,*,#4248,.T.);
#6037=ORIENTED_EDGE('',*,*,#4247,.F.);
#6038=ORIENTED_EDGE('',*,*,#4249,.F.);
#6039=ORIENTED_EDGE('',*,*,#4250,.F.);
#6040=ORIENTED_EDGE('',*,*,#4251,.F.);
#6041=ORIENTED_EDGE('',*,*,#4252,.F.);
#6042=ORIENTED_EDGE('',*,*,#4253,.F.);
#6043=ORIENTED_EDGE('',*,*,#4246,.F.);
#6044=ORIENTED_EDGE('',*,*,#4248,.F.);
#6045=ORIENTED_EDGE('',*,*,#4254,.T.);
#6046=ORIENTED_EDGE('',*,*,#4255,.F.);
#6047=ORIENTED_EDGE('',*,*,#4254,.F.);
#6048=ORIENTED_EDGE('',*,*,#4253,.T.);
#6049=ORIENTED_EDGE('',*,*,#4256,.T.);
#6050=ORIENTED_EDGE('',*,*,#4257,.T.);
#6051=ORIENTED_EDGE('',*,*,#4256,.F.);
#6052=ORIENTED_EDGE('',*,*,#4257,.F.);
#6053=ORIENTED_EDGE('',*,*,#4258,.T.);
#6054=ORIENTED_EDGE('',*,*,#4259,.F.);
#6055=ORIENTED_EDGE('',*,*,#4258,.F.);
#6056=ORIENTED_EDGE('',*,*,#4260,.T.);
#6057=ORIENTED_EDGE('',*,*,#4261,.T.);
#6058=ORIENTED_EDGE('',*,*,#4262,.T.);
#6059=ORIENTED_EDGE('',*,*,#4261,.F.);
#6060=ORIENTED_EDGE('',*,*,#4260,.F.);
#6061=ORIENTED_EDGE('',*,*,#4263,.F.);
#6062=ORIENTED_EDGE('',*,*,#4262,.F.);
#6063=ORIENTED_EDGE('',*,*,#4264,.T.);
#6064=ORIENTED_EDGE('',*,*,#4265,.F.);
#6065=ORIENTED_EDGE('',*,*,#4264,.F.);
#6066=ORIENTED_EDGE('',*,*,#4266,.T.);
#6067=ORIENTED_EDGE('',*,*,#4267,.T.);
#6068=ORIENTED_EDGE('',*,*,#4268,.T.);
#6069=ORIENTED_EDGE('',*,*,#4267,.F.);
#6070=ORIENTED_EDGE('',*,*,#4266,.F.);
#6071=ORIENTED_EDGE('',*,*,#4269,.F.);
#6072=ORIENTED_EDGE('',*,*,#4268,.F.);
#6073=ORIENTED_EDGE('',*,*,#4270,.T.);
#6074=ORIENTED_EDGE('',*,*,#4271,.F.);
#6075=ORIENTED_EDGE('',*,*,#4270,.F.);
#6076=ORIENTED_EDGE('',*,*,#4263,.T.);
#6077=ORIENTED_EDGE('',*,*,#4272,.T.);
#6078=ORIENTED_EDGE('',*,*,#4273,.T.);
#6079=ORIENTED_EDGE('',*,*,#4272,.F.);
#6080=ORIENTED_EDGE('',*,*,#4273,.F.);
#6081=ORIENTED_EDGE('',*,*,#4274,.T.);
#6082=ORIENTED_EDGE('',*,*,#4275,.F.);
#6083=ORIENTED_EDGE('',*,*,#4274,.F.);
#6084=ORIENTED_EDGE('',*,*,#4269,.T.);
#6085=ORIENTED_EDGE('',*,*,#4276,.T.);
#6086=ORIENTED_EDGE('',*,*,#4277,.T.);
#6087=ORIENTED_EDGE('',*,*,#4276,.F.);
#6088=ORIENTED_EDGE('',*,*,#4277,.F.);
#6089=ORIENTED_EDGE('',*,*,#4278,.T.);
#6090=ORIENTED_EDGE('',*,*,#4279,.F.);
#6091=ORIENTED_EDGE('',*,*,#4278,.F.);
#6092=ORIENTED_EDGE('',*,*,#4280,.T.);
#6093=ORIENTED_EDGE('',*,*,#4281,.T.);
#6094=ORIENTED_EDGE('',*,*,#4265,.T.);
#6095=ORIENTED_EDGE('',*,*,#4281,.F.);
#6096=ORIENTED_EDGE('',*,*,#4282,.T.);
#6097=ORIENTED_EDGE('',*,*,#4283,.T.);
#6098=ORIENTED_EDGE('',*,*,#4271,.T.);
#6099=ORIENTED_EDGE('',*,*,#4283,.F.);
#6100=ORIENTED_EDGE('',*,*,#4284,.T.);
#6101=ORIENTED_EDGE('',*,*,#4285,.T.);
#6102=ORIENTED_EDGE('',*,*,#4286,.T.);
#6103=ORIENTED_EDGE('',*,*,#4287,.T.);
#6104=ORIENTED_EDGE('',*,*,#4288,.T.);
#6105=ORIENTED_EDGE('',*,*,#4289,.T.);
#6106=ORIENTED_EDGE('',*,*,#4284,.F.);
#6107=ORIENTED_EDGE('',*,*,#4290,.T.);
#6108=ORIENTED_EDGE('',*,*,#4291,.T.);
#6109=ORIENTED_EDGE('',*,*,#4292,.T.);
#6110=ORIENTED_EDGE('',*,*,#4288,.F.);
#6111=ORIENTED_EDGE('',*,*,#4293,.T.);
#6112=ORIENTED_EDGE('',*,*,#4286,.F.);
#6113=ORIENTED_EDGE('',*,*,#4294,.T.);
#6114=ORIENTED_EDGE('',*,*,#4291,.F.);
#6115=ORIENTED_EDGE('',*,*,#4295,.T.);
#6116=ORIENTED_EDGE('',*,*,#4290,.F.);
#6117=ORIENTED_EDGE('',*,*,#4296,.T.);
#6118=ORIENTED_EDGE('',*,*,#4297,.F.);
#6119=ORIENTED_EDGE('',*,*,#4298,.F.);
#6120=ORIENTED_EDGE('',*,*,#4287,.F.);
#6121=ORIENTED_EDGE('',*,*,#4299,.T.);
#6122=ORIENTED_EDGE('',*,*,#4300,.F.);
#6123=ORIENTED_EDGE('',*,*,#4296,.F.);
#6124=ORIENTED_EDGE('',*,*,#4301,.T.);
#6125=ORIENTED_EDGE('',*,*,#4249,.T.);
#6126=ORIENTED_EDGE('',*,*,#4302,.T.);
#6127=ORIENTED_EDGE('',*,*,#4300,.T.);
#6128=ORIENTED_EDGE('',*,*,#4303,.T.);
#6129=ORIENTED_EDGE('',*,*,#4250,.T.);
#6130=ORIENTED_EDGE('',*,*,#4301,.F.);
#6131=ORIENTED_EDGE('',*,*,#4304,.T.);
#6132=ORIENTED_EDGE('',*,*,#4305,.T.);
#6133=ORIENTED_EDGE('',*,*,#4251,.T.);
#6134=ORIENTED_EDGE('',*,*,#4303,.F.);
#6135=ORIENTED_EDGE('',*,*,#4306,.T.);
#6136=ORIENTED_EDGE('',*,*,#4302,.F.);
#6137=ORIENTED_EDGE('',*,*,#4252,.T.);
#6138=ORIENTED_EDGE('',*,*,#4305,.F.);
#6139=ORIENTED_EDGE('',*,*,#4297,.T.);
#6140=ORIENTED_EDGE('',*,*,#4295,.F.);
#6141=ORIENTED_EDGE('',*,*,#4307,.T.);
#6142=ORIENTED_EDGE('',*,*,#4304,.F.);
#6143=ORIENTED_EDGE('',*,*,#4299,.F.);
#6144=ORIENTED_EDGE('',*,*,#4293,.F.);
#6145=ORIENTED_EDGE('',*,*,#4298,.T.);
#6146=ORIENTED_EDGE('',*,*,#4306,.F.);
#6147=ORIENTED_EDGE('',*,*,#4307,.F.);
#6148=ORIENTED_EDGE('',*,*,#4308,.T.);
#6149=ORIENTED_EDGE('',*,*,#4234,.T.);
#6150=ORIENTED_EDGE('',*,*,#4309,.T.);
#6151=ORIENTED_EDGE('',*,*,#4219,.F.);
#6152=ORIENTED_EDGE('',*,*,#4310,.T.);
#6153=ORIENTED_EDGE('',*,*,#4230,.T.);
#6154=ORIENTED_EDGE('',*,*,#4311,.T.);
#6155=ORIENTED_EDGE('',*,*,#4226,.F.);
#6156=ORIENTED_EDGE('',*,*,#4312,.T.);
#6157=ORIENTED_EDGE('',*,*,#4242,.T.);
#6158=ORIENTED_EDGE('',*,*,#4313,.T.);
#6159=ORIENTED_EDGE('',*,*,#4314,.T.);
#6160=ORIENTED_EDGE('',*,*,#4315,.T.);
#6161=ORIENTED_EDGE('',*,*,#4316,.T.);
#6162=ORIENTED_EDGE('',*,*,#4317,.T.);
#6163=ORIENTED_EDGE('',*,*,#4238,.T.);
#6164=ORIENTED_EDGE('',*,*,#4318,.T.);
#6165=ORIENTED_EDGE('',*,*,#4212,.F.);
#6166=ORIENTED_EDGE('',*,*,#4280,.F.);
#6167=ORIENTED_EDGE('',*,*,#4285,.F.);
#6168=ORIENTED_EDGE('',*,*,#4289,.F.);
#6169=ORIENTED_EDGE('',*,*,#4292,.F.);
#6170=ORIENTED_EDGE('',*,*,#4294,.F.);
#6171=ORIENTED_EDGE('',*,*,#4319,.T.);
#6172=ORIENTED_EDGE('',*,*,#4320,.T.);
#6173=ORIENTED_EDGE('',*,*,#4321,.T.);
#6174=ORIENTED_EDGE('',*,*,#4322,.T.);
#6175=ORIENTED_EDGE('',*,*,#4323,.T.);
#6176=ORIENTED_EDGE('',*,*,#4324,.T.);
#6177=ORIENTED_EDGE('',*,*,#4282,.F.);
#6178=ORIENTED_EDGE('',*,*,#4325,.T.);
#6179=ORIENTED_EDGE('',*,*,#4240,.T.);
#6180=ORIENTED_EDGE('',*,*,#4326,.T.);
#6181=ORIENTED_EDGE('',*,*,#4327,.F.);
#6182=ORIENTED_EDGE('',*,*,#4328,.F.);
#6183=ORIENTED_EDGE('',*,*,#4329,.F.);
#6184=ORIENTED_EDGE('',*,*,#4330,.F.);
#6185=ORIENTED_EDGE('',*,*,#4331,.F.);
#6186=ORIENTED_EDGE('',*,*,#4332,.F.);
#6187=ORIENTED_EDGE('',*,*,#4333,.F.);
#6188=ORIENTED_EDGE('',*,*,#4334,.F.);
#6189=ORIENTED_EDGE('',*,*,#4335,.F.);
#6190=ORIENTED_EDGE('',*,*,#4279,.T.);
#6191=ORIENTED_EDGE('',*,*,#4259,.T.);
#6192=ORIENTED_EDGE('',*,*,#4255,.T.);
#6193=ORIENTED_EDGE('',*,*,#4275,.T.);
#6194=ORIENTED_EDGE('',*,*,#4335,.T.);
#6195=ORIENTED_EDGE('',*,*,#4336,.T.);
#6196=ORIENTED_EDGE('',*,*,#4337,.T.);
#6197=ORIENTED_EDGE('',*,*,#4336,.F.);
#6198=ORIENTED_EDGE('',*,*,#4319,.F.);
#6199=ORIENTED_EDGE('',*,*,#4338,.T.);
#6200=ORIENTED_EDGE('',*,*,#4337,.F.);
#6201=ORIENTED_EDGE('',*,*,#4338,.F.);
#6202=ORIENTED_EDGE('',*,*,#4332,.T.);
#6203=ORIENTED_EDGE('',*,*,#4339,.T.);
#6204=ORIENTED_EDGE('',*,*,#4340,.T.);
#6205=ORIENTED_EDGE('',*,*,#4339,.F.);
#6206=ORIENTED_EDGE('',*,*,#4320,.F.);
#6207=ORIENTED_EDGE('',*,*,#4341,.T.);
#6208=ORIENTED_EDGE('',*,*,#4340,.F.);
#6209=ORIENTED_EDGE('',*,*,#4341,.F.);
#6210=ORIENTED_EDGE('',*,*,#4334,.T.);
#6211=ORIENTED_EDGE('',*,*,#4342,.T.);
#6212=ORIENTED_EDGE('',*,*,#4343,.T.);
#6213=ORIENTED_EDGE('',*,*,#4342,.F.);
#6214=ORIENTED_EDGE('',*,*,#4322,.F.);
#6215=ORIENTED_EDGE('',*,*,#4344,.T.);
#6216=ORIENTED_EDGE('',*,*,#4343,.F.);
#6217=ORIENTED_EDGE('',*,*,#4344,.F.);
#6218=ORIENTED_EDGE('',*,*,#4333,.T.);
#6219=ORIENTED_EDGE('',*,*,#4345,.T.);
#6220=ORIENTED_EDGE('',*,*,#4346,.T.);
#6221=ORIENTED_EDGE('',*,*,#4345,.F.);
#6222=ORIENTED_EDGE('',*,*,#4321,.F.);
#6223=ORIENTED_EDGE('',*,*,#4347,.T.);
#6224=ORIENTED_EDGE('',*,*,#4346,.F.);
#6225=ORIENTED_EDGE('',*,*,#4347,.F.);
#6226=ORIENTED_EDGE('',*,*,#4325,.F.);
#6227=ORIENTED_EDGE('',*,*,#4348,.F.);
#6228=ORIENTED_EDGE('',*,*,#4313,.F.);
#6229=ORIENTED_EDGE('',*,*,#4241,.T.);
#6230=ORIENTED_EDGE('',*,*,#4326,.F.);
#6231=ORIENTED_EDGE('',*,*,#4239,.F.);
#6232=ORIENTED_EDGE('',*,*,#4317,.F.);
#6233=ORIENTED_EDGE('',*,*,#4349,.F.);
#6234=ORIENTED_EDGE('',*,*,#4348,.T.);
#6235=ORIENTED_EDGE('',*,*,#4329,.T.);
#6236=ORIENTED_EDGE('',*,*,#4350,.T.);
#6237=ORIENTED_EDGE('',*,*,#4314,.F.);
#6238=ORIENTED_EDGE('',*,*,#4349,.T.);
#6239=ORIENTED_EDGE('',*,*,#4316,.F.);
#6240=ORIENTED_EDGE('',*,*,#4351,.F.);
#6241=ORIENTED_EDGE('',*,*,#4327,.T.);
#6242=ORIENTED_EDGE('',*,*,#4328,.T.);
#6243=ORIENTED_EDGE('',*,*,#4351,.T.);
#6244=ORIENTED_EDGE('',*,*,#4315,.F.);
#6245=ORIENTED_EDGE('',*,*,#4350,.F.);
#6246=ORIENTED_EDGE('',*,*,#4331,.T.);
#6247=ORIENTED_EDGE('',*,*,#4352,.T.);
#6248=ORIENTED_EDGE('',*,*,#4353,.T.);
#6249=ORIENTED_EDGE('',*,*,#4352,.F.);
#6250=ORIENTED_EDGE('',*,*,#4323,.F.);
#6251=ORIENTED_EDGE('',*,*,#4354,.T.);
#6252=ORIENTED_EDGE('',*,*,#4353,.F.);
#6253=ORIENTED_EDGE('',*,*,#4354,.F.);
#6254=ORIENTED_EDGE('',*,*,#4330,.T.);
#6255=ORIENTED_EDGE('',*,*,#4355,.T.);
#6256=ORIENTED_EDGE('',*,*,#4356,.T.);
#6257=ORIENTED_EDGE('',*,*,#4355,.F.);
#6258=ORIENTED_EDGE('',*,*,#4324,.F.);
#6259=ORIENTED_EDGE('',*,*,#4357,.T.);
#6260=ORIENTED_EDGE('',*,*,#4356,.F.);
#6261=ORIENTED_EDGE('',*,*,#4357,.F.);
#6262=ORIENTED_EDGE('',*,*,#4358,.T.);
#6263=ORIENTED_EDGE('',*,*,#4213,.T.);
#6264=ORIENTED_EDGE('',*,*,#4209,.F.);
#6265=ORIENTED_EDGE('',*,*,#4318,.F.);
#6266=ORIENTED_EDGE('',*,*,#4237,.F.);
#6267=ORIENTED_EDGE('',*,*,#4359,.F.);
#6268=ORIENTED_EDGE('',*,*,#4235,.T.);
#6269=ORIENTED_EDGE('',*,*,#4308,.F.);
#6270=ORIENTED_EDGE('',*,*,#4211,.F.);
#6271=ORIENTED_EDGE('',*,*,#4215,.F.);
#6272=ORIENTED_EDGE('',*,*,#4214,.F.);
#6273=ORIENTED_EDGE('',*,*,#4358,.F.);
#6274=ORIENTED_EDGE('',*,*,#4236,.F.);
#6275=ORIENTED_EDGE('',*,*,#4359,.T.);
#6276=ORIENTED_EDGE('',*,*,#4221,.T.);
#6277=ORIENTED_EDGE('',*,*,#4360,.T.);
#6278=ORIENTED_EDGE('',*,*,#4232,.T.);
#6279=ORIENTED_EDGE('',*,*,#4361,.T.);
#6280=ORIENTED_EDGE('',*,*,#4309,.F.);
#6281=ORIENTED_EDGE('',*,*,#4233,.F.);
#6282=ORIENTED_EDGE('',*,*,#4360,.F.);
#6283=ORIENTED_EDGE('',*,*,#4220,.F.);
#6284=ORIENTED_EDGE('',*,*,#4216,.F.);
#6285=ORIENTED_EDGE('',*,*,#4231,.T.);
#6286=ORIENTED_EDGE('',*,*,#4310,.F.);
#6287=ORIENTED_EDGE('',*,*,#4218,.F.);
#6288=ORIENTED_EDGE('',*,*,#4222,.F.);
#6289=ORIENTED_EDGE('',*,*,#4361,.F.);
#6290=ORIENTED_EDGE('',*,*,#4362,.T.);
#6291=ORIENTED_EDGE('',*,*,#4227,.T.);
#6292=ORIENTED_EDGE('',*,*,#4223,.F.);
#6293=ORIENTED_EDGE('',*,*,#4311,.F.);
#6294=ORIENTED_EDGE('',*,*,#4245,.F.);
#6295=ORIENTED_EDGE('',*,*,#4363,.F.);
#6296=ORIENTED_EDGE('',*,*,#4243,.T.);
#6297=ORIENTED_EDGE('',*,*,#4312,.F.);
#6298=ORIENTED_EDGE('',*,*,#4225,.F.);
#6299=ORIENTED_EDGE('',*,*,#4229,.F.);
#6300=ORIENTED_EDGE('',*,*,#4228,.F.);
#6301=ORIENTED_EDGE('',*,*,#4362,.F.);
#6302=ORIENTED_EDGE('',*,*,#4244,.F.);
#6303=ORIENTED_EDGE('',*,*,#4363,.T.);
#6304=PLANE('',#6943);
#6305=PLANE('',#6944);
#6306=PLANE('',#6945);
#6307=PLANE('',#6946);
#6308=PLANE('',#6947);
#6309=PLANE('',#6948);
#6310=PLANE('',#6949);
#6311=PLANE('',#6950);
#6312=PLANE('',#6951);
#6313=PLANE('',#6956);
#6314=PLANE('',#6957);
#6315=PLANE('',#6958);
#6316=PLANE('',#6959);
#6317=PLANE('',#6960);
#6318=PLANE('',#6962);
#6319=PLANE('',#6963);
#6320=PLANE('',#6965);
#6321=PLANE('',#6968);
#6322=PLANE('',#6971);
#6323=PLANE('',#6974);
#6324=PLANE('',#6977);
#6325=PLANE('',#6978);
#6326=PLANE('',#6979);
#6327=PLANE('',#6980);
#6328=PLANE('',#6981);
#6329=PLANE('',#6984);
#6330=PLANE('',#6986);
#6331=PLANE('',#6987);
#6332=PLANE('',#6990);
#6333=PLANE('',#6991);
#6334=PLANE('',#6992);
#6335=PLANE('',#6993);
#6336=PLANE('',#6995);
#6337=PLANE('',#6996);
#6338=PLANE('',#6997);
#6339=PLANE('',#6998);
#6340=PLANE('',#6999);
#6341=PLANE('',#7000);
#6342=PLANE('',#7001);
#6343=PLANE('',#7012);
#6344=PLANE('',#7013);
#6345=PLANE('',#7014);
#6346=PLANE('',#7015);
#6347=PLANE('',#7016);
#6348=PLANE('',#7017);
#6349=PLANE('',#7020);
#6350=PLANE('',#7021);
#6351=PLANE('',#7022);
#6352=PLANE('',#7023);
#6353=PLANE('',#7024);
#6354=PLANE('',#7027);
#6355=PLANE('',#7030);
#6356=PLANE('',#7034);
#6357=PLANE('',#7036);
#6358=PLANE('',#7044);
#6359=PLANE('',#7045);
#6360=PLANE('',#7046);
#6361=PLANE('',#7047);
#6362=PLANE('',#7048);
#6363=PLANE('',#7049);
#6364=PLANE('',#7050);
#6365=PLANE('',#7053);
#6366=PLANE('',#7056);
#6367=PLANE('',#7058);
#6368=PLANE('',#7060);
#6369=PLANE('',#7061);
#6370=PLANE('',#7062);
#6371=PLANE('',#7063);
#6372=PLANE('',#7064);
#6373=PLANE('',#7065);
#6374=PLANE('',#7066);
#6375=PLANE('',#7077);
#6376=PLANE('',#7078);
#6377=PLANE('',#7079);
#6378=PLANE('',#7080);
#6379=PLANE('',#7081);
#6380=PLANE('',#7083);
#6381=PLANE('',#7085);
#6382=PLANE('',#7087);
#6383=PLANE('',#7089);
#6384=PLANE('',#7096);
#6385=PLANE('',#7097);
#6386=PLANE('',#7098);
#6387=PLANE('',#7099);
#6388=PLANE('',#7102);
#6389=PLANE('',#7105);
#6390=PLANE('',#7108);
#6391=PLANE('',#7111);
#6392=PLANE('',#7113);
#6393=PLANE('',#7114);
#6394=PLANE('',#7115);
#6395=PLANE('',#7116);
#6396=PLANE('',#7117);
#6397=PLANE('',#7118);
#6398=PLANE('',#7119);
#6399=PLANE('',#7121);
#6400=PLANE('',#7122);
#6401=PLANE('',#7123);
#6402=PLANE('',#7124);
#6403=PLANE('',#7125);
#6404=PLANE('',#7126);
#6405=PLANE('',#7127);
#6406=PLANE('',#7130);
#6407=PLANE('',#7131);
#6408=PLANE('',#7132);
#6409=PLANE('',#7133);
#6410=PLANE('',#7134);
#6411=PLANE('',#7135);
#6412=PLANE('',#7136);
#6413=PLANE('',#7138);
#6414=PLANE('',#7139);
#6415=PLANE('',#7140);
#6416=PLANE('',#7141);
#6417=PLANE('',#7142);
#6418=PLANE('',#7143);
#6419=PLANE('',#7144);
#6420=PLANE('',#7145);
#6421=PLANE('',#7146);
#6422=PLANE('',#7147);
#6423=PLANE('',#7148);
#6424=PLANE('',#7149);
#6425=PLANE('',#7150);
#6426=PLANE('',#7154);
#6427=PLANE('',#7158);
#6428=PLANE('',#7162);
#6429=PLANE('',#7166);
#6430=PLANE('',#7170);
#6431=PLANE('',#7174);
#6432=PLANE('',#7175);
#6433=PLANE('',#7176);
#6434=PLANE('',#7177);
#6435=PLANE('',#7178);
#6436=PLANE('',#7179);
#6437=PLANE('',#7180);
#6438=PLANE('',#7181);
#6439=PLANE('',#7182);
#6440=PLANE('',#7183);
#6441=PLANE('',#7185);
#6442=PLANE('',#7186);
#6443=PLANE('',#7187);
#6444=PLANE('',#7197);
#6445=PLANE('',#7198);
#6446=PLANE('',#7199);
#6447=PLANE('',#7200);
#6448=PLANE('',#7201);
#6449=PLANE('',#7202);
#6450=PLANE('',#7203);
#6451=PLANE('',#7219);
#6452=PLANE('',#7222);
#6453=PLANE('',#7223);
#6454=PLANE('',#7228);
#6455=PLANE('',#7231);
#6456=PLANE('',#7232);
#6457=PLANE('',#7237);
#6458=PLANE('',#7240);
#6459=PLANE('',#7241);
#6460=PLANE('',#7246);
#6461=PLANE('',#7249);
#6462=PLANE('',#7250);
#6463=PLANE('',#7255);
#6464=PLANE('',#7258);
#6465=PLANE('',#7259);
#6466=PLANE('',#7264);
#6467=PLANE('',#7267);
#6468=PLANE('',#7268);
#6469=PLANE('',#7271);
#6470=PLANE('',#7286);
#6471=PLANE('',#7289);
#6472=PLANE('',#7290);
#6473=PLANE('',#7292);
#6474=PLANE('',#7295);
#6475=PLANE('',#7296);
#6476=PLANE('',#7298);
#6477=PLANE('',#7301);
#6478=PLANE('',#7302);
#6479=PLANE('',#7304);
#6480=PLANE('',#7307);
#6481=PLANE('',#7308);
#6482=PLANE('',#7310);
#6483=PLANE('',#7313);
#6484=PLANE('',#7314);
#6485=PLANE('',#7316);
#6486=PLANE('',#7319);
#6487=PLANE('',#7320);
#6488=PLANE('',#7327);
#6489=PLANE('',#7328);
#6490=PLANE('',#7333);
#6491=PLANE('',#7336);
#6492=PLANE('',#7337);
#6493=PLANE('',#7348);
#6494=PLANE('',#7357);
#6495=PLANE('',#7359);
#6496=PLANE('',#7365);
#6497=PLANE('',#7366);
#6498=PLANE('',#7372);
#6499=PLANE('',#7373);
#6500=PLANE('',#7377);
#6501=PLANE('',#7395);
#6502=PLANE('',#7398);
#6503=PLANE('',#7399);
#6504=PLANE('',#7404);
#6505=PLANE('',#7406);
#6506=PLANE('',#7409);
#6507=PLANE('',#7411);
#6508=PLANE('',#7412);
#6509=PLANE('',#7414);
#6510=PLANE('',#7424);
#6511=PLANE('',#7425);
#6512=PLANE('',#7433);
#6513=PLANE('',#7434);
#6514=PLANE('',#7435);
#6515=PLANE('',#7436);
#6516=PLANE('',#7437);
#6517=PLANE('',#7438);
#6518=PLANE('',#7439);
#6519=PLANE('',#7440);
#6520=PLANE('',#7441);
#6521=PLANE('',#7445);
#6522=PLANE('',#7458);
#6523=PLANE('',#7465);
#6524=PLANE('',#7481);
#6525=PLANE('',#7485);
#6526=PLANE('',#7491);
#6527=PLANE('',#7492);
#6528=PLANE('',#7495);
#6529=PLANE('',#7498);
#6530=PLANE('',#7499);
#6531=PLANE('',#7508);
#6532=PLANE('',#7531);
#6533=PLANE('',#7532);
#6534=PLANE('',#7533);
#6535=PLANE('',#7540);
#6536=PLANE('',#7541);
#6537=PLANE('',#7542);
#6538=PLANE('',#7543);
#6539=PLANE('',#7544);
#6540=PLANE('',#7545);
#6541=PLANE('',#7546);
#6542=PLANE('',#7547);
#6543=PLANE('',#7548);
#6544=ADVANCED_FACE('',(#487),#6304,.T.);
#6545=ADVANCED_FACE('',(#488),#6305,.T.);
#6546=ADVANCED_FACE('',(#489),#6306,.T.);
#6547=ADVANCED_FACE('',(#490),#6307,.T.);
#6548=ADVANCED_FACE('',(#491),#6308,.T.);
#6549=ADVANCED_FACE('',(#492),#6309,.T.);
#6550=ADVANCED_FACE('',(#493),#6310,.T.);
#6551=ADVANCED_FACE('',(#494),#6311,.T.);
#6552=ADVANCED_FACE('',(#495,#171,#172),#6312,.T.);
#6553=ADVANCED_FACE('',(#496),#6313,.T.);
#6554=ADVANCED_FACE('',(#497),#6314,.T.);
#6555=ADVANCED_FACE('',(#498),#6315,.T.);
#6556=ADVANCED_FACE('',(#499),#6316,.T.);
#6557=ADVANCED_FACE('',(#500,#173),#6317,.T.);
#6558=ADVANCED_FACE('',(#501),#6318,.T.);
#6559=ADVANCED_FACE('',(#502,#174),#6319,.T.);
#6560=ADVANCED_FACE('',(#503,#175),#6320,.T.);
#6561=ADVANCED_FACE('',(#504),#6321,.T.);
#6562=ADVANCED_FACE('',(#505),#92,.F.);
#6563=ADVANCED_FACE('',(#506,#176),#6322,.T.);
#6564=ADVANCED_FACE('',(#507),#6323,.T.);
#6565=ADVANCED_FACE('',(#508),#93,.F.);
#6566=ADVANCED_FACE('',(#509),#6324,.T.);
#6567=ADVANCED_FACE('',(#510),#6325,.F.);
#6568=ADVANCED_FACE('',(#511),#6326,.T.);
#6569=ADVANCED_FACE('',(#512),#6327,.T.);
#6570=ADVANCED_FACE('',(#513),#6328,.T.);
#6571=ADVANCED_FACE('',(#514),#38,.T.);
#6572=ADVANCED_FACE('',(#515,#177),#6329,.F.);
#6573=ADVANCED_FACE('',(#516),#6330,.T.);
#6574=ADVANCED_FACE('',(#517),#6331,.T.);
#6575=ADVANCED_FACE('',(#518),#94,.T.);
#6576=ADVANCED_FACE('',(#519),#6332,.T.);
#6577=ADVANCED_FACE('',(#520),#6333,.T.);
#6578=ADVANCED_FACE('',(#521),#6334,.F.);
#6579=ADVANCED_FACE('',(#522,#178),#6335,.F.);
#6580=ADVANCED_FACE('',(#523),#6336,.T.);
#6581=ADVANCED_FACE('',(#524),#6337,.T.);
#6582=ADVANCED_FACE('',(#525),#6338,.T.);
#6583=ADVANCED_FACE('',(#526),#6339,.T.);
#6584=ADVANCED_FACE('',(#527),#6340,.F.);
#6585=ADVANCED_FACE('',(#528),#6341,.F.);
#6586=ADVANCED_FACE('',(#529,#179,#180,#181,#182,#183,#184,#185),#6342,
 .T.);
#6587=ADVANCED_FACE('',(#530),#6343,.T.);
#6588=ADVANCED_FACE('',(#531),#6344,.T.);
#6589=ADVANCED_FACE('',(#532),#6345,.T.);
#6590=ADVANCED_FACE('',(#533),#6346,.T.);
#6591=ADVANCED_FACE('',(#534),#6347,.T.);
#6592=ADVANCED_FACE('',(#535),#6348,.T.);
#6593=ADVANCED_FACE('',(#536),#39,.T.);
#6594=ADVANCED_FACE('',(#537),#6349,.T.);
#6595=ADVANCED_FACE('',(#538),#6350,.T.);
#6596=ADVANCED_FACE('',(#539),#6351,.F.);
#6597=ADVANCED_FACE('',(#540),#6352,.F.);
#6598=ADVANCED_FACE('',(#541),#6353,.T.);
#6599=ADVANCED_FACE('',(#542),#95,.F.);
#6600=ADVANCED_FACE('',(#543),#6354,.T.);
#6601=ADVANCED_FACE('',(#544),#96,.F.);
#6602=ADVANCED_FACE('',(#545),#6355,.T.);
#6603=ADVANCED_FACE('',(#546),#97,.F.);
#6604=ADVANCED_FACE('',(#547),#6356,.T.);
#6605=ADVANCED_FACE('',(#548),#98,.F.);
#6606=ADVANCED_FACE('',(#549,#186,#187,#188),#6357,.F.);
#6607=ADVANCED_FACE('',(#550),#6358,.T.);
#6608=ADVANCED_FACE('',(#551),#6359,.T.);
#6609=ADVANCED_FACE('',(#552),#6360,.T.);
#6610=ADVANCED_FACE('',(#553),#6361,.T.);
#6611=ADVANCED_FACE('',(#554),#6362,.T.);
#6612=ADVANCED_FACE('',(#555),#6363,.T.);
#6613=ADVANCED_FACE('',(#556),#6364,.T.);
#6614=ADVANCED_FACE('',(#557),#40,.T.);
#6615=ADVANCED_FACE('',(#558),#6365,.T.);
#6616=ADVANCED_FACE('',(#559),#41,.T.);
#6617=ADVANCED_FACE('',(#560),#6366,.T.);
#6618=ADVANCED_FACE('',(#561),#99,.T.);
#6619=ADVANCED_FACE('',(#562),#6367,.T.);
#6620=ADVANCED_FACE('',(#563),#100,.T.);
#6621=ADVANCED_FACE('',(#564),#6368,.T.);
#6622=ADVANCED_FACE('',(#565),#6369,.T.);
#6623=ADVANCED_FACE('',(#566),#6370,.F.);
#6624=ADVANCED_FACE('',(#567),#6371,.F.);
#6625=ADVANCED_FACE('',(#568),#6372,.F.);
#6626=ADVANCED_FACE('',(#569),#6373,.F.);
#6627=ADVANCED_FACE('',(#570,#189,#190,#191,#192,#193,#194,#195),#6374,
 .F.);
#6628=ADVANCED_FACE('',(#571),#6375,.F.);
#6629=ADVANCED_FACE('',(#572),#6376,.F.);
#6630=ADVANCED_FACE('',(#573),#6377,.F.);
#6631=ADVANCED_FACE('',(#574),#6378,.F.);
#6632=ADVANCED_FACE('',(#575),#6379,.F.);
#6633=ADVANCED_FACE('',(#576),#101,.F.);
#6634=ADVANCED_FACE('',(#577),#6380,.F.);
#6635=ADVANCED_FACE('',(#578),#102,.F.);
#6636=ADVANCED_FACE('',(#579),#6381,.F.);
#6637=ADVANCED_FACE('',(#580),#103,.F.);
#6638=ADVANCED_FACE('',(#581),#6382,.F.);
#6639=ADVANCED_FACE('',(#582),#104,.F.);
#6640=ADVANCED_FACE('',(#583),#6383,.F.);
#6641=ADVANCED_FACE('',(#584),#105,.F.);
#6642=ADVANCED_FACE('',(#585),#106,.F.);
#6643=ADVANCED_FACE('',(#586),#107,.F.);
#6644=ADVANCED_FACE('',(#587),#108,.F.);
#6645=ADVANCED_FACE('',(#588),#109,.F.);
#6646=ADVANCED_FACE('',(#589),#110,.F.);
#6647=ADVANCED_FACE('',(#590),#6384,.F.);
#6648=ADVANCED_FACE('',(#591),#6385,.T.);
#6649=ADVANCED_FACE('',(#592),#6386,.T.);
#6650=ADVANCED_FACE('',(#593),#6387,.T.);
#6651=ADVANCED_FACE('',(#594),#42,.F.);
#6652=ADVANCED_FACE('',(#595),#6388,.T.);
#6653=ADVANCED_FACE('',(#596),#43,.F.);
#6654=ADVANCED_FACE('',(#597),#6389,.T.);
#6655=ADVANCED_FACE('',(#598),#44,.F.);
#6656=ADVANCED_FACE('',(#599),#6390,.T.);
#6657=ADVANCED_FACE('',(#600),#45,.F.);
#6658=ADVANCED_FACE('',(#601),#6391,.T.);
#6659=ADVANCED_FACE('',(#602),#6392,.F.);
#6660=ADVANCED_FACE('',(#603),#6393,.T.);
#6661=ADVANCED_FACE('',(#604),#6394,.T.);
#6662=ADVANCED_FACE('',(#605),#6395,.F.);
#6663=ADVANCED_FACE('',(#606),#6396,.T.);
#6664=ADVANCED_FACE('',(#607),#6397,.F.);
#6665=ADVANCED_FACE('',(#608),#6398,.T.);
#6666=ADVANCED_FACE('',(#609),#6399,.F.);
#6667=ADVANCED_FACE('',(#610),#6400,.T.);
#6668=ADVANCED_FACE('',(#611),#6401,.T.);
#6669=ADVANCED_FACE('',(#612),#6402,.F.);
#6670=ADVANCED_FACE('',(#613),#6403,.T.);
#6671=ADVANCED_FACE('',(#614),#6404,.T.);
#6672=ADVANCED_FACE('',(#615,#196),#6405,.F.);
#6673=ADVANCED_FACE('',(#616),#111,.F.);
#6674=ADVANCED_FACE('',(#617),#112,.T.);
#6675=ADVANCED_FACE('',(#618),#6406,.F.);
#6676=ADVANCED_FACE('',(#619),#6407,.T.);
#6677=ADVANCED_FACE('',(#620),#6408,.F.);
#6678=ADVANCED_FACE('',(#621),#6409,.T.);
#6679=ADVANCED_FACE('',(#622),#6410,.T.);
#6680=ADVANCED_FACE('',(#623),#6411,.T.);
#6681=ADVANCED_FACE('',(#624),#6412,.F.);
#6682=ADVANCED_FACE('',(#625),#113,.T.);
#6683=ADVANCED_FACE('',(#626),#6413,.F.);
#6684=ADVANCED_FACE('',(#627),#6414,.T.);
#6685=ADVANCED_FACE('',(#628),#6415,.T.);
#6686=ADVANCED_FACE('',(#629),#6416,.T.);
#6687=ADVANCED_FACE('',(#630),#6417,.T.);
#6688=ADVANCED_FACE('',(#631),#6418,.T.);
#6689=ADVANCED_FACE('',(#632),#6419,.T.);
#6690=ADVANCED_FACE('',(#633),#6420,.T.);
#6691=ADVANCED_FACE('',(#634),#6421,.F.);
#6692=ADVANCED_FACE('',(#635),#6422,.F.);
#6693=ADVANCED_FACE('',(#636),#6423,.F.);
#6694=ADVANCED_FACE('',(#637),#6424,.F.);
#6695=ADVANCED_FACE('',(#638),#6425,.T.);
#6696=ADVANCED_FACE('',(#639),#114,.F.);
#6697=ADVANCED_FACE('',(#640),#6426,.F.);
#6698=ADVANCED_FACE('',(#641),#115,.F.);
#6699=ADVANCED_FACE('',(#642),#6427,.F.);
#6700=ADVANCED_FACE('',(#643),#116,.F.);
#6701=ADVANCED_FACE('',(#644),#6428,.F.);
#6702=ADVANCED_FACE('',(#645),#117,.F.);
#6703=ADVANCED_FACE('',(#646),#6429,.F.);
#6704=ADVANCED_FACE('',(#647),#118,.F.);
#6705=ADVANCED_FACE('',(#648),#6430,.F.);
#6706=ADVANCED_FACE('',(#649),#119,.F.);
#6707=ADVANCED_FACE('',(#650),#6431,.F.);
#6708=ADVANCED_FACE('',(#651),#6432,.F.);
#6709=ADVANCED_FACE('',(#652),#6433,.F.);
#6710=ADVANCED_FACE('',(#653),#6434,.F.);
#6711=ADVANCED_FACE('',(#654),#6435,.F.);
#6712=ADVANCED_FACE('',(#655),#6436,.F.);
#6713=ADVANCED_FACE('',(#656),#6437,.F.);
#6714=ADVANCED_FACE('',(#657),#6438,.T.);
#6715=ADVANCED_FACE('',(#658),#6439,.T.);
#6716=ADVANCED_FACE('',(#659,#197),#6440,.T.);
#6717=ADVANCED_FACE('',(#660),#6441,.T.);
#6718=ADVANCED_FACE('',(#661),#6442,.F.);
#6719=ADVANCED_FACE('',(#662,#198),#6443,.T.);
#6720=ADVANCED_FACE('',(#663),#46,.F.);
#6721=ADVANCED_FACE('',(#664),#120,.F.);
#6722=ADVANCED_FACE('',(#665),#47,.F.);
#6723=ADVANCED_FACE('',(#666),#121,.F.);
#6724=ADVANCED_FACE('',(#667),#6444,.T.);
#6725=ADVANCED_FACE('',(#668),#6445,.F.);
#6726=ADVANCED_FACE('',(#669),#6446,.T.);
#6727=ADVANCED_FACE('',(#670,#199),#6447,.F.);
#6728=ADVANCED_FACE('',(#671),#6448,.T.);
#6729=ADVANCED_FACE('',(#672,#200),#6449,.F.);
#6730=ADVANCED_FACE('',(#673,#201,#202,#203,#204,#205,#206,#207,#208,#209,
#210),#6450,.T.);
#6731=ADVANCED_FACE('',(#674),#48,.F.);
#6732=ADVANCED_FACE('',(#675),#6451,.T.);
#6733=ADVANCED_FACE('',(#676),#49,.F.);
#6734=ADVANCED_FACE('',(#677),#6452,.T.);
#6735=ADVANCED_FACE('',(#678),#6453,.F.);
#6736=ADVANCED_FACE('',(#679),#122,.F.);
#6737=ADVANCED_FACE('',(#680),#50,.F.);
#6738=ADVANCED_FACE('',(#681),#6454,.T.);
#6739=ADVANCED_FACE('',(#682),#51,.F.);
#6740=ADVANCED_FACE('',(#683),#6455,.T.);
#6741=ADVANCED_FACE('',(#684),#6456,.F.);
#6742=ADVANCED_FACE('',(#685),#123,.F.);
#6743=ADVANCED_FACE('',(#686),#52,.F.);
#6744=ADVANCED_FACE('',(#687),#6457,.T.);
#6745=ADVANCED_FACE('',(#688),#53,.F.);
#6746=ADVANCED_FACE('',(#689),#6458,.T.);
#6747=ADVANCED_FACE('',(#690),#6459,.F.);
#6748=ADVANCED_FACE('',(#691),#124,.F.);
#6749=ADVANCED_FACE('',(#692),#54,.F.);
#6750=ADVANCED_FACE('',(#693),#6460,.T.);
#6751=ADVANCED_FACE('',(#694),#55,.F.);
#6752=ADVANCED_FACE('',(#695),#6461,.T.);
#6753=ADVANCED_FACE('',(#696),#6462,.F.);
#6754=ADVANCED_FACE('',(#697),#125,.F.);
#6755=ADVANCED_FACE('',(#698),#56,.F.);
#6756=ADVANCED_FACE('',(#699),#6463,.T.);
#6757=ADVANCED_FACE('',(#700),#57,.F.);
#6758=ADVANCED_FACE('',(#701),#6464,.T.);
#6759=ADVANCED_FACE('',(#702),#6465,.F.);
#6760=ADVANCED_FACE('',(#703),#126,.F.);
#6761=ADVANCED_FACE('',(#704),#58,.F.);
#6762=ADVANCED_FACE('',(#705),#6466,.T.);
#6763=ADVANCED_FACE('',(#706),#59,.F.);
#6764=ADVANCED_FACE('',(#707),#6467,.T.);
#6765=ADVANCED_FACE('',(#708),#6468,.F.);
#6766=ADVANCED_FACE('',(#709),#127,.F.);
#6767=ADVANCED_FACE('',(#710,#211,#212,#213,#214,#215,#216,#217,#218,#219,
#220),#6469,.F.);
#6768=ADVANCED_FACE('',(#711),#60,.F.);
#6769=ADVANCED_FACE('',(#712),#6470,.T.);
#6770=ADVANCED_FACE('',(#713),#61,.F.);
#6771=ADVANCED_FACE('',(#714),#6471,.T.);
#6772=ADVANCED_FACE('',(#715),#6472,.F.);
#6773=ADVANCED_FACE('',(#716),#62,.F.);
#6774=ADVANCED_FACE('',(#717),#6473,.T.);
#6775=ADVANCED_FACE('',(#718),#63,.F.);
#6776=ADVANCED_FACE('',(#719),#6474,.T.);
#6777=ADVANCED_FACE('',(#720),#6475,.F.);
#6778=ADVANCED_FACE('',(#721),#64,.F.);
#6779=ADVANCED_FACE('',(#722),#6476,.T.);
#6780=ADVANCED_FACE('',(#723),#65,.F.);
#6781=ADVANCED_FACE('',(#724),#6477,.T.);
#6782=ADVANCED_FACE('',(#725),#6478,.F.);
#6783=ADVANCED_FACE('',(#726),#66,.F.);
#6784=ADVANCED_FACE('',(#727),#6479,.T.);
#6785=ADVANCED_FACE('',(#728),#67,.F.);
#6786=ADVANCED_FACE('',(#729),#6480,.T.);
#6787=ADVANCED_FACE('',(#730),#6481,.F.);
#6788=ADVANCED_FACE('',(#731),#68,.F.);
#6789=ADVANCED_FACE('',(#732),#6482,.T.);
#6790=ADVANCED_FACE('',(#733),#69,.F.);
#6791=ADVANCED_FACE('',(#734),#6483,.T.);
#6792=ADVANCED_FACE('',(#735),#6484,.F.);
#6793=ADVANCED_FACE('',(#736),#70,.F.);
#6794=ADVANCED_FACE('',(#737),#6485,.T.);
#6795=ADVANCED_FACE('',(#738),#71,.F.);
#6796=ADVANCED_FACE('',(#739),#6486,.T.);
#6797=ADVANCED_FACE('',(#740),#6487,.F.);
#6798=ADVANCED_FACE('',(#741),#128,.F.);
#6799=ADVANCED_FACE('',(#742),#129,.F.);
#6800=ADVANCED_FACE('',(#743),#130,.F.);
#6801=ADVANCED_FACE('',(#744),#131,.F.);
#6802=ADVANCED_FACE('',(#745),#132,.F.);
#6803=ADVANCED_FACE('',(#746),#133,.F.);
#6804=ADVANCED_FACE('',(#747),#6488,.T.);
#6805=ADVANCED_FACE('',(#748,#221,#222),#6489,.F.);
#6806=ADVANCED_FACE('',(#749,#223),#6490,.F.);
#6807=ADVANCED_FACE('',(#750),#6491,.T.);
#6808=ADVANCED_FACE('',(#751),#6492,.T.);
#6809=ADVANCED_FACE('',(#752),#72,.F.);
#6810=ADVANCED_FACE('',(#753),#134,.F.);
#6811=ADVANCED_FACE('',(#754),#73,.F.);
#6812=ADVANCED_FACE('',(#755),#135,.F.);
#6813=ADVANCED_FACE('',(#756),#136,.T.);
#6814=ADVANCED_FACE('',(#757,#224,#225),#6493,.T.);
#6815=ADVANCED_FACE('',(#758),#137,.T.);
#6816=ADVANCED_FACE('',(#759),#138,.T.);
#6817=ADVANCED_FACE('',(#760,#226),#6494,.F.);
#6818=ADVANCED_FACE('',(#761),#6495,.T.);
#6819=ADVANCED_FACE('',(#762),#139,.T.);
#6820=ADVANCED_FACE('',(#763),#140,.F.);
#6821=ADVANCED_FACE('',(#764),#6496,.T.);
#6822=ADVANCED_FACE('',(#765,#227),#6497,.F.);
#6823=ADVANCED_FACE('',(#766),#141,.F.);
#6824=ADVANCED_FACE('',(#767),#142,.F.);
#6825=ADVANCED_FACE('',(#768),#6498,.T.);
#6826=ADVANCED_FACE('',(#769),#6499,.F.);
#6827=ADVANCED_FACE('',(#770),#26,.T.);
#6828=ADVANCED_FACE('',(#771),#6500,.T.);
#6829=ADVANCED_FACE('',(#772),#27,.T.);
#6830=ADVANCED_FACE('',(#773),#22,.F.);
#6831=ADVANCED_FACE('',(#774),#23,.F.);
#6832=ADVANCED_FACE('',(#775),#143,.T.);
#6833=ADVANCED_FACE('',(#776),#24,.F.);
#6834=ADVANCED_FACE('',(#777),#144,.T.);
#6835=ADVANCED_FACE('',(#778),#6501,.F.);
#6836=ADVANCED_FACE('',(#779),#145,.F.);
#6837=ADVANCED_FACE('',(#780),#25,.F.);
#6838=ADVANCED_FACE('',(#781),#6502,.F.);
#6839=ADVANCED_FACE('',(#782),#6503,.F.);
#6840=ADVANCED_FACE('',(#783),#146,.T.);
#6841=ADVANCED_FACE('',(#784),#147,.F.);
#6842=ADVANCED_FACE('',(#785,#228),#6504,.F.);
#6843=ADVANCED_FACE('',(#786,#229),#6505,.F.);
#6844=ADVANCED_FACE('',(#787),#148,.F.);
#6845=ADVANCED_FACE('',(#788),#6506,.T.);
#6846=ADVANCED_FACE('',(#789),#6507,.T.);
#6847=ADVANCED_FACE('',(#790,#230),#6508,.F.);
#6848=ADVANCED_FACE('',(#791),#149,.F.);
#6849=ADVANCED_FACE('',(#792),#6509,.T.);
#6850=ADVANCED_FACE('',(#793),#150,.F.);
#6851=ADVANCED_FACE('',(#794),#151,.F.);
#6852=ADVANCED_FACE('',(#795),#28,.T.);
#6853=ADVANCED_FACE('',(#796),#29,.T.);
#6854=ADVANCED_FACE('',(#797),#152,.T.);
#6855=ADVANCED_FACE('',(#798),#6510,.T.);
#6856=ADVANCED_FACE('',(#799),#6511,.T.);
#6857=ADVANCED_FACE('',(#800),#30,.F.);
#6858=ADVANCED_FACE('',(#801),#31,.F.);
#6859=ADVANCED_FACE('',(#802),#153,.F.);
#6860=ADVANCED_FACE('',(#803),#154,.F.);
#6861=ADVANCED_FACE('',(#804),#6512,.T.);
#6862=ADVANCED_FACE('',(#805),#6513,.T.);
#6863=ADVANCED_FACE('',(#806),#6514,.T.);
#6864=ADVANCED_FACE('',(#807),#6515,.T.);
#6865=ADVANCED_FACE('',(#808),#6516,.T.);
#6866=ADVANCED_FACE('',(#809),#6517,.T.);
#6867=ADVANCED_FACE('',(#810),#6518,.T.);
#6868=ADVANCED_FACE('',(#811),#6519,.T.);
#6869=ADVANCED_FACE('',(#812),#6520,.F.);
#6870=ADVANCED_FACE('',(#813),#74,.F.);
#6871=ADVANCED_FACE('',(#814,#231,#232),#6521,.T.);
#6872=ADVANCED_FACE('',(#815),#155,.F.);
#6873=ADVANCED_FACE('',(#816),#75,.F.);
#6874=ADVANCED_FACE('',(#817),#156,.F.);
#6875=ADVANCED_FACE('',(#818),#76,.T.);
#6876=ADVANCED_FACE('',(#819,#233),#6522,.T.);
#6877=ADVANCED_FACE('',(#820),#157,.T.);
#6878=ADVANCED_FACE('',(#821),#77,.T.);
#6879=ADVANCED_FACE('',(#822,#234),#6523,.T.);
#6880=ADVANCED_FACE('',(#823),#158,.T.);
#6881=ADVANCED_FACE('',(#824),#78,.F.);
#6882=ADVANCED_FACE('',(#825),#159,.F.);
#6883=ADVANCED_FACE('',(#826),#79,.F.);
#6884=ADVANCED_FACE('',(#827),#160,.F.);
#6885=ADVANCED_FACE('',(#828),#80,.T.);
#6886=ADVANCED_FACE('',(#829),#81,.T.);
#6887=ADVANCED_FACE('',(#830),#6524,.T.);
#6888=ADVANCED_FACE('',(#831),#82,.T.);
#6889=ADVANCED_FACE('',(#832),#6525,.T.);
#6890=ADVANCED_FACE('',(#833),#83,.T.);
#6891=ADVANCED_FACE('',(#834),#161,.T.);
#6892=ADVANCED_FACE('',(#835),#6526,.T.);
#6893=ADVANCED_FACE('',(#836),#6527,.T.);
#6894=ADVANCED_FACE('',(#837),#84,.T.);
#6895=ADVANCED_FACE('',(#838),#6528,.T.);
#6896=ADVANCED_FACE('',(#839),#85,.T.);
#6897=ADVANCED_FACE('',(#840),#162,.T.);
#6898=ADVANCED_FACE('',(#841),#6529,.T.);
#6899=ADVANCED_FACE('',(#842,#235,#236,#237,#238,#239,#240,#241,#242,#243),
#6530,.T.);
#6900=ADVANCED_FACE('',(#843,#244,#245,#246,#247,#248,#249,#250,#251,#252,
#253),#6531,.T.);
#6901=ADVANCED_FACE('',(#844),#86,.F.);
#6902=ADVANCED_FACE('',(#845),#163,.F.);
#6903=ADVANCED_FACE('',(#846),#87,.F.);
#6904=ADVANCED_FACE('',(#847),#164,.F.);
#6905=ADVANCED_FACE('',(#848),#88,.F.);
#6906=ADVANCED_FACE('',(#849),#165,.F.);
#6907=ADVANCED_FACE('',(#850),#89,.F.);
#6908=ADVANCED_FACE('',(#851),#166,.F.);
#6909=ADVANCED_FACE('',(#852),#167,.T.);
#6910=ADVANCED_FACE('',(#853),#168,.T.);
#6911=ADVANCED_FACE('',(#854),#6532,.T.);
#6912=ADVANCED_FACE('',(#855),#6533,.T.);
#6913=ADVANCED_FACE('',(#856),#6534,.T.);
#6914=ADVANCED_FACE('',(#857),#90,.F.);
#6915=ADVANCED_FACE('',(#858),#169,.F.);
#6916=ADVANCED_FACE('',(#859),#91,.F.);
#6917=ADVANCED_FACE('',(#860),#170,.F.);
#6918=ADVANCED_FACE('',(#861),#6535,.T.);
#6919=ADVANCED_FACE('',(#862),#6536,.T.);
#6920=ADVANCED_FACE('',(#863),#6537,.F.);
#6921=ADVANCED_FACE('',(#864),#6538,.T.);
#6922=ADVANCED_FACE('',(#865),#6539,.T.);
#6923=ADVANCED_FACE('',(#866),#6540,.T.);
#6924=ADVANCED_FACE('',(#867),#6541,.T.);
#6925=ADVANCED_FACE('',(#868),#6542,.T.);
#6926=ADVANCED_FACE('',(#869),#6543,.F.);
#6927=CLOSED_SHELL('',(#6544,#6545,#6546,#6547,#6548,#6549,#6550,#6551,
#6552,#6553,#6554,#6555,#6556,#6557,#6558,#6559,#6560,#6561,#6562,#6563,
#6564,#6565,#6566,#6567,#6568,#6569,#6570,#6571,#6572,#6573,#6574,#6575,
#6576,#6577,#6578,#6579,#6580,#6581,#6582,#6583,#6584,#6585,#6586,#6587,
#6588,#6589,#6590,#6591,#6592,#6593,#6594,#6595,#6596,#6597,#6598,#6599,
#6600,#6601,#6602,#6603,#6604,#6605,#6606,#6607,#6608,#6609,#6610,#6611,
#6612,#6613,#6614,#6615,#6616,#6617,#6618,#6619,#6620,#6621,#6622,#6623,
#6624,#6625,#6626,#6627,#6628,#6629,#6630,#6631,#6632,#6633,#6634,#6635,
#6636,#6637,#6638,#6639,#6640,#6641,#6642,#6643,#6644,#6645,#6646,#6647,
#6648,#6649,#6650,#6651,#6652,#6653,#6654,#6655,#6656,#6657,#6658,#6659,
#6660,#6661,#6662,#6663,#6664,#6665,#6666,#6667,#6668,#6669,#6670,#6671,
#6672,#6673,#6674,#6675,#6676,#6677,#6678,#6679,#6680,#6681,#6682,#6683,
#6684,#6685,#6686,#6687,#6688,#6689,#6690,#6691,#6692,#6693,#6694,#6695));
#6928=CLOSED_SHELL('',(#6696,#6697,#6698,#6699,#6700,#6701,#6702,#6703,
#6704,#6705,#6706,#6707,#6708,#6709,#6710,#6711,#6712,#6713,#6714,#6715,
#6716,#6717,#6718,#6719,#6720,#6721,#6722,#6723,#6724,#6725,#6726,#6727,
#6728,#6729,#6730,#6731,#6732,#6733,#6734,#6735,#6736,#6737,#6738,#6739,
#6740,#6741,#6742,#6743,#6744,#6745,#6746,#6747,#6748,#6749,#6750,#6751,
#6752,#6753,#6754,#6755,#6756,#6757,#6758,#6759,#6760,#6761,#6762,#6763,
#6764,#6765,#6766,#6767,#6768,#6769,#6770,#6771,#6772,#6773,#6774,#6775,
#6776,#6777,#6778,#6779,#6780,#6781,#6782,#6783,#6784,#6785,#6786,#6787,
#6788,#6789,#6790,#6791,#6792,#6793,#6794,#6795,#6796,#6797,#6798,#6799,
#6800,#6801,#6802,#6803,#6804,#6805,#6806,#6807,#6808,#6809,#6810,#6811,
#6812,#6813,#6814,#6815,#6816,#6817,#6818,#6819,#6820,#6821,#6822,#6823,
#6824,#6825,#6826,#6827,#6828,#6829,#6830,#6831,#6832,#6833,#6834,#6835,
#6836,#6837,#6838,#6839,#6840,#6841,#6842,#6843,#6844,#6845,#6846,#6847,
#6848,#6849,#6850,#6851,#6852,#6853,#6854,#6855,#6856,#6857,#6858,#6859,
#6860,#6861,#6862));
#6929=CLOSED_SHELL('',(#6863,#6864,#6865,#6866,#6867,#6868,#6869,#6870,
#6871,#6872,#6873,#6874,#6875,#6876,#6877,#6878,#6879,#6880,#6881,#6882,
#6883,#6884,#6885,#6886,#6887,#6888,#6889,#6890,#6891,#6892,#6893,#6894,
#6895,#6896,#6897,#6898,#6899,#6900,#6901,#6902,#6903,#6904,#6905,#6906,
#6907,#6908,#6909,#6910,#6911,#6912,#6913,#6914,#6915,#6916,#6917,#6918,
#6919,#6920,#6921,#6922,#6923,#6924,#6925,#6926));
#6930=DERIVED_UNIT_ELEMENT(#6932,1.);
#6931=DERIVED_UNIT_ELEMENT(#12037,-3.);
#6932=(
MASS_UNIT()
NAMED_UNIT(*)
SI_UNIT(.KILO.,.GRAM.)
);
#6933=DERIVED_UNIT((#6930,#6931));
#6934=MEASURE_REPRESENTATION_ITEM('density measure',
POSITIVE_RATIO_MEASURE(1060.),#6933);
#6935=PROPERTY_DEFINITION_REPRESENTATION(#6940,#6937);
#6936=PROPERTY_DEFINITION_REPRESENTATION(#6941,#6938);
#6937=REPRESENTATION('material name',(#6939),#12034);
#6938=REPRESENTATION('density',(#6934),#12034);
#6939=DESCRIPTIVE_REPRESENTATION_ITEM('ABS Plastic','ABS Plastic');
#6940=PROPERTY_DEFINITION('material property','material name',#12044);
#6941=PROPERTY_DEFINITION('material property','density of part',#12044);
#6942=AXIS2_PLACEMENT_3D('',#9491,#7549,#7550);
#6943=AXIS2_PLACEMENT_3D('',#9492,#7551,#7552);
#6944=AXIS2_PLACEMENT_3D('',#9503,#7558,#7559);
#6945=AXIS2_PLACEMENT_3D('',#9509,#7563,#7564);
#6946=AXIS2_PLACEMENT_3D('',#9520,#7570,#7571);
#6947=AXIS2_PLACEMENT_3D('',#9538,#7581,#7582);
#6948=AXIS2_PLACEMENT_3D('',#9584,#7607,#7608);
#6949=AXIS2_PLACEMENT_3D('',#9593,#7613,#7614);
#6950=AXIS2_PLACEMENT_3D('',#9599,#7618,#7619);
#6951=AXIS2_PLACEMENT_3D('',#9608,#7622,#7623);
#6952=AXIS2_PLACEMENT_3D('',#9618,#7628,#7629);
#6953=AXIS2_PLACEMENT_3D('',#9633,#7637,#7638);
#6954=AXIS2_PLACEMENT_3D('',#9635,#7639,#7640);
#6955=AXIS2_PLACEMENT_3D('',#9637,#7641,#7642);
#6956=AXIS2_PLACEMENT_3D('',#9638,#7643,#7644);
#6957=AXIS2_PLACEMENT_3D('',#9644,#7648,#7649);
#6958=AXIS2_PLACEMENT_3D('',#9648,#7652,#7653);
#6959=AXIS2_PLACEMENT_3D('',#9652,#7656,#7657);
#6960=AXIS2_PLACEMENT_3D('',#9657,#7661,#7662);
#6961=AXIS2_PLACEMENT_3D('',#9664,#7666,#7667);
#6962=AXIS2_PLACEMENT_3D('',#9665,#7668,#7669);
#6963=AXIS2_PLACEMENT_3D('',#9669,#7672,#7673);
#6964=AXIS2_PLACEMENT_3D('',#9674,#7676,#7677);
#6965=AXIS2_PLACEMENT_3D('',#9675,#7678,#7679);
#6966=AXIS2_PLACEMENT_3D('',#9680,#7681,#7682);
#6967=AXIS2_PLACEMENT_3D('',#9687,#7686,#7687);
#6968=AXIS2_PLACEMENT_3D('',#9688,#7688,#7689);
#6969=AXIS2_PLACEMENT_3D('',#9706,#7700,#7701);
#6970=AXIS2_PLACEMENT_3D('',#9709,#7703,#7704);
#6971=AXIS2_PLACEMENT_3D('',#9710,#7705,#7706);
#6972=AXIS2_PLACEMENT_3D('',#9714,#7708,#7709);
#6973=AXIS2_PLACEMENT_3D('',#9719,#7712,#7713);
#6974=AXIS2_PLACEMENT_3D('',#9720,#7714,#7715);
#6975=AXIS2_PLACEMENT_3D('',#9730,#7722,#7723);
#6976=AXIS2_PLACEMENT_3D('',#9731,#7724,#7725);
#6977=AXIS2_PLACEMENT_3D('',#9732,#7726,#7727);
#6978=AXIS2_PLACEMENT_3D('',#9738,#7731,#7732);
#6979=AXIS2_PLACEMENT_3D('',#9744,#7736,#7737);
#6980=AXIS2_PLACEMENT_3D('',#9750,#7741,#7742);
#6981=AXIS2_PLACEMENT_3D('',#9753,#7745,#7746);
#6982=AXIS2_PLACEMENT_3D('',#9758,#7747,#7748);
#6983=AXIS2_PLACEMENT_3D('',#9759,#7749,#7750);
#6984=AXIS2_PLACEMENT_3D('',#9760,#7751,#7752);
#6985=AXIS2_PLACEMENT_3D('',#9765,#7755,#7756);
#6986=AXIS2_PLACEMENT_3D('',#9766,#7757,#7758);
#6987=AXIS2_PLACEMENT_3D('',#9768,#7760,#7761);
#6988=AXIS2_PLACEMENT_3D('',#9769,#7762,#7763);
#6989=AXIS2_PLACEMENT_3D('',#9770,#7764,#7765);
#6990=AXIS2_PLACEMENT_3D('',#9771,#7766,#7767);
#6991=AXIS2_PLACEMENT_3D('',#9773,#7769,#7770);
#6992=AXIS2_PLACEMENT_3D('',#9775,#7772,#7773);
#6993=AXIS2_PLACEMENT_3D('',#9782,#7778,#7779);
#6994=AXIS2_PLACEMENT_3D('',#9785,#7781,#7782);
#6995=AXIS2_PLACEMENT_3D('',#9786,#7783,#7784);
#6996=AXIS2_PLACEMENT_3D('',#9795,#7789,#7790);
#6997=AXIS2_PLACEMENT_3D('',#9801,#7794,#7795);
#6998=AXIS2_PLACEMENT_3D('',#9807,#7799,#7800);
#6999=AXIS2_PLACEMENT_3D('',#9810,#7803,#7804);
#7000=AXIS2_PLACEMENT_3D('',#9816,#7808,#7809);
#7001=AXIS2_PLACEMENT_3D('',#9825,#7815,#7816);
#7002=AXIS2_PLACEMENT_3D('',#9830,#7818,#7819);
#7003=AXIS2_PLACEMENT_3D('',#9834,#7821,#7822);
#7004=AXIS2_PLACEMENT_3D('',#9838,#7824,#7825);
#7005=AXIS2_PLACEMENT_3D('',#9841,#7827,#7828);
#7006=AXIS2_PLACEMENT_3D('',#9843,#7829,#7830);
#7007=AXIS2_PLACEMENT_3D('',#9845,#7831,#7832);
#7008=AXIS2_PLACEMENT_3D('',#9847,#7833,#7834);
#7009=AXIS2_PLACEMENT_3D('',#9849,#7835,#7836);
#7010=AXIS2_PLACEMENT_3D('',#9851,#7837,#7838);
#7011=AXIS2_PLACEMENT_3D('',#9853,#7839,#7840);
#7012=AXIS2_PLACEMENT_3D('',#9854,#7841,#7842);
#7013=AXIS2_PLACEMENT_3D('',#9859,#7846,#7847);
#7014=AXIS2_PLACEMENT_3D('',#9861,#7849,#7850);
#7015=AXIS2_PLACEMENT_3D('',#9863,#7852,#7853);
#7016=AXIS2_PLACEMENT_3D('',#9872,#7856,#7857);
#7017=AXIS2_PLACEMENT_3D('',#9874,#7859,#7860);
#7018=AXIS2_PLACEMENT_3D('',#9878,#7863,#7864);
#7019=AXIS2_PLACEMENT_3D('',#9880,#7865,#7866);
#7020=AXIS2_PLACEMENT_3D('',#9885,#7867,#7868);
#7021=AXIS2_PLACEMENT_3D('',#9887,#7870,#7871);
#7022=AXIS2_PLACEMENT_3D('',#9891,#7874,#7875);
#7023=AXIS2_PLACEMENT_3D('',#9892,#7876,#7877);
#7024=AXIS2_PLACEMENT_3D('',#9894,#7879,#7880);
#7025=AXIS2_PLACEMENT_3D('',#9895,#7881,#7882);
#7026=AXIS2_PLACEMENT_3D('',#9897,#7883,#7884);
#7027=AXIS2_PLACEMENT_3D('',#9899,#7886,#7887);
#7028=AXIS2_PLACEMENT_3D('',#9900,#7888,#7889);
#7029=AXIS2_PLACEMENT_3D('',#9902,#7890,#7891);
#7030=AXIS2_PLACEMENT_3D('',#9904,#7893,#7894);
#7031=AXIS2_PLACEMENT_3D('',#9910,#7897,#7898);
#7032=AXIS2_PLACEMENT_3D('',#9914,#7900,#7901);
#7033=AXIS2_PLACEMENT_3D('',#9918,#7904,#7905);
#7034=AXIS2_PLACEMENT_3D('',#9920,#7907,#7908);
#7035=AXIS2_PLACEMENT_3D('',#9921,#7909,#7910);
#7036=AXIS2_PLACEMENT_3D('',#9923,#7912,#7913);
#7037=AXIS2_PLACEMENT_3D('',#9932,#7917,#7918);
#7038=AXIS2_PLACEMENT_3D('',#9935,#7920,#7921);
#7039=AXIS2_PLACEMENT_3D('',#9937,#7922,#7923);
#7040=AXIS2_PLACEMENT_3D('',#9950,#7929,#7930);
#7041=AXIS2_PLACEMENT_3D('',#9954,#7932,#7933);
#7042=AXIS2_PLACEMENT_3D('',#9958,#7935,#7936);
#7043=AXIS2_PLACEMENT_3D('',#9961,#7938,#7939);
#7044=AXIS2_PLACEMENT_3D('',#9962,#7940,#7941);
#7045=AXIS2_PLACEMENT_3D('',#9968,#7945,#7946);
#7046=AXIS2_PLACEMENT_3D('',#9972,#7949,#7950);
#7047=AXIS2_PLACEMENT_3D('',#9976,#7953,#7954);
#7048=AXIS2_PLACEMENT_3D('',#9978,#7956,#7957);
#7049=AXIS2_PLACEMENT_3D('',#9984,#7961,#7962);
#7050=AXIS2_PLACEMENT_3D('',#9988,#7965,#7966);
#7051=AXIS2_PLACEMENT_3D('',#9994,#7970,#7971);
#7052=AXIS2_PLACEMENT_3D('',#9996,#7972,#7973);
#7053=AXIS2_PLACEMENT_3D('',#9998,#7975,#7976);
#7054=AXIS2_PLACEMENT_3D('',#10002,#7979,#7980);
#7055=AXIS2_PLACEMENT_3D('',#10004,#7981,#7982);
#7056=AXIS2_PLACEMENT_3D('',#10006,#7984,#7985);
#7057=AXIS2_PLACEMENT_3D('',#10010,#7988,#7989);
#7058=AXIS2_PLACEMENT_3D('',#10013,#7992,#7993);
#7059=AXIS2_PLACEMENT_3D('',#10015,#7995,#7996);
#7060=AXIS2_PLACEMENT_3D('',#10017,#7998,#7999);
#7061=AXIS2_PLACEMENT_3D('',#10019,#8001,#8002);
#7062=AXIS2_PLACEMENT_3D('',#10021,#8004,#8005);
#7063=AXIS2_PLACEMENT_3D('',#10030,#8010,#8011);
#7064=AXIS2_PLACEMENT_3D('',#10036,#8015,#8016);
#7065=AXIS2_PLACEMENT_3D('',#10042,#8020,#8021);
#7066=AXIS2_PLACEMENT_3D('',#10045,#8024,#8025);
#7067=AXIS2_PLACEMENT_3D('',#10050,#8027,#8028);
#7068=AXIS2_PLACEMENT_3D('',#10054,#8030,#8031);
#7069=AXIS2_PLACEMENT_3D('',#10058,#8033,#8034);
#7070=AXIS2_PLACEMENT_3D('',#10061,#8036,#8037);
#7071=AXIS2_PLACEMENT_3D('',#10063,#8038,#8039);
#7072=AXIS2_PLACEMENT_3D('',#10065,#8040,#8041);
#7073=AXIS2_PLACEMENT_3D('',#10067,#8042,#8043);
#7074=AXIS2_PLACEMENT_3D('',#10069,#8044,#8045);
#7075=AXIS2_PLACEMENT_3D('',#10071,#8046,#8047);
#7076=AXIS2_PLACEMENT_3D('',#10073,#8048,#8049);
#7077=AXIS2_PLACEMENT_3D('',#10074,#8050,#8051);
#7078=AXIS2_PLACEMENT_3D('',#10077,#8054,#8055);
#7079=AXIS2_PLACEMENT_3D('',#10081,#8058,#8059);
#7080=AXIS2_PLACEMENT_3D('',#10084,#8062,#8063);
#7081=AXIS2_PLACEMENT_3D('',#10085,#8064,#8065);
#7082=AXIS2_PLACEMENT_3D('',#10096,#8071,#8072);
#7083=AXIS2_PLACEMENT_3D('',#10099,#8075,#8076);
#7084=AXIS2_PLACEMENT_3D('',#10101,#8078,#8079);
#7085=AXIS2_PLACEMENT_3D('',#10103,#8081,#8082);
#7086=AXIS2_PLACEMENT_3D('',#10105,#8084,#8085);
#7087=AXIS2_PLACEMENT_3D('',#10107,#8087,#8088);
#7088=AXIS2_PLACEMENT_3D('',#10109,#8090,#8091);
#7089=AXIS2_PLACEMENT_3D('',#10111,#8093,#8094);
#7090=AXIS2_PLACEMENT_3D('',#10112,#8095,#8096);
#7091=AXIS2_PLACEMENT_3D('',#10114,#8098,#8099);
#7092=AXIS2_PLACEMENT_3D('',#10116,#8101,#8102);
#7093=AXIS2_PLACEMENT_3D('',#10118,#8104,#8105);
#7094=AXIS2_PLACEMENT_3D('',#10120,#8107,#8108);
#7095=AXIS2_PLACEMENT_3D('',#10122,#8110,#8111);
#7096=AXIS2_PLACEMENT_3D('',#10124,#8113,#8114);
#7097=AXIS2_PLACEMENT_3D('',#10133,#8119,#8120);
#7098=AXIS2_PLACEMENT_3D('',#10135,#8122,#8123);
#7099=AXIS2_PLACEMENT_3D('',#10136,#8124,#8125);
#7100=AXIS2_PLACEMENT_3D('',#10142,#8129,#8130);
#7101=AXIS2_PLACEMENT_3D('',#10144,#8131,#8132);
#7102=AXIS2_PLACEMENT_3D('',#10146,#8134,#8135);
#7103=AXIS2_PLACEMENT_3D('',#10150,#8138,#8139);
#7104=AXIS2_PLACEMENT_3D('',#10152,#8140,#8141);
#7105=AXIS2_PLACEMENT_3D('',#10154,#8143,#8144);
#7106=AXIS2_PLACEMENT_3D('',#10158,#8147,#8148);
#7107=AXIS2_PLACEMENT_3D('',#10160,#8149,#8150);
#7108=AXIS2_PLACEMENT_3D('',#10162,#8152,#8153);
#7109=AXIS2_PLACEMENT_3D('',#10166,#8156,#8157);
#7110=AXIS2_PLACEMENT_3D('',#10167,#8158,#8159);
#7111=AXIS2_PLACEMENT_3D('',#10168,#8160,#8161);
#7112=AXIS2_PLACEMENT_3D('',#10170,#8162,#8163);
#7113=AXIS2_PLACEMENT_3D('',#10171,#8164,#8165);
#7114=AXIS2_PLACEMENT_3D('',#10179,#8170,#8171);
#7115=AXIS2_PLACEMENT_3D('',#10185,#8175,#8176);
#7116=AXIS2_PLACEMENT_3D('',#10193,#8181,#8182);
#7117=AXIS2_PLACEMENT_3D('',#10199,#8186,#8187);
#7118=AXIS2_PLACEMENT_3D('',#10203,#8190,#8191);
#7119=AXIS2_PLACEMENT_3D('',#10208,#8195,#8196);
#7120=AXIS2_PLACEMENT_3D('',#10212,#8198,#8199);
#7121=AXIS2_PLACEMENT_3D('',#10213,#8200,#8201);
#7122=AXIS2_PLACEMENT_3D('',#10219,#8205,#8206);
#7123=AXIS2_PLACEMENT_3D('',#10225,#8210,#8211);
#7124=AXIS2_PLACEMENT_3D('',#10229,#8214,#8215);
#7125=AXIS2_PLACEMENT_3D('',#10235,#8219,#8220);
#7126=AXIS2_PLACEMENT_3D('',#10239,#8223,#8224);
#7127=AXIS2_PLACEMENT_3D('',#10246,#8229,#8230);
#7128=AXIS2_PLACEMENT_3D('',#10255,#8235,#8236);
#7129=AXIS2_PLACEMENT_3D('',#10257,#8238,#8239);
#7130=AXIS2_PLACEMENT_3D('',#10259,#8241,#8242);
#7131=AXIS2_PLACEMENT_3D('',#10261,#8244,#8245);
#7132=AXIS2_PLACEMENT_3D('',#10263,#8247,#8248);
#7133=AXIS2_PLACEMENT_3D('',#10265,#8250,#8251);
#7134=AXIS2_PLACEMENT_3D('',#10267,#8253,#8254);
#7135=AXIS2_PLACEMENT_3D('',#10269,#8256,#8257);
#7136=AXIS2_PLACEMENT_3D('',#10271,#8259,#8260);
#7137=AXIS2_PLACEMENT_3D('',#10272,#8261,#8262);
#7138=AXIS2_PLACEMENT_3D('',#10275,#8265,#8266);
#7139=AXIS2_PLACEMENT_3D('',#10276,#8267,#8268);
#7140=AXIS2_PLACEMENT_3D('',#10278,#8270,#8271);
#7141=AXIS2_PLACEMENT_3D('',#10280,#8273,#8274);
#7142=AXIS2_PLACEMENT_3D('',#10282,#8276,#8277);
#7143=AXIS2_PLACEMENT_3D('',#10284,#8279,#8280);
#7144=AXIS2_PLACEMENT_3D('',#10286,#8282,#8283);
#7145=AXIS2_PLACEMENT_3D('',#10288,#8285,#8286);
#7146=AXIS2_PLACEMENT_3D('',#10289,#8287,#8288);
#7147=AXIS2_PLACEMENT_3D('',#10292,#8291,#8292);
#7148=AXIS2_PLACEMENT_3D('',#10294,#8294,#8295);
#7149=AXIS2_PLACEMENT_3D('',#10296,#8297,#8298);
#7150=AXIS2_PLACEMENT_3D('',#10297,#8299,#8300);
#7151=AXIS2_PLACEMENT_3D('',#10298,#8301,#8302);
#7152=AXIS2_PLACEMENT_3D('',#10301,#8303,#8304);
#7153=AXIS2_PLACEMENT_3D('',#10305,#8306,#8307);
#7154=AXIS2_PLACEMENT_3D('',#10307,#8309,#8310);
#7155=AXIS2_PLACEMENT_3D('',#10313,#8314,#8315);
#7156=AXIS2_PLACEMENT_3D('',#10315,#8316,#8317);
#7157=AXIS2_PLACEMENT_3D('',#10318,#8319,#8320);
#7158=AXIS2_PLACEMENT_3D('',#10319,#8321,#8322);
#7159=AXIS2_PLACEMENT_3D('',#10325,#8326,#8327);
#7160=AXIS2_PLACEMENT_3D('',#10328,#8328,#8329);
#7161=AXIS2_PLACEMENT_3D('',#10332,#8331,#8332);
#7162=AXIS2_PLACEMENT_3D('',#10334,#8334,#8335);
#7163=AXIS2_PLACEMENT_3D('',#10340,#8339,#8340);
#7164=AXIS2_PLACEMENT_3D('',#10342,#8341,#8342);
#7165=AXIS2_PLACEMENT_3D('',#10345,#8344,#8345);
#7166=AXIS2_PLACEMENT_3D('',#10346,#8346,#8347);
#7167=AXIS2_PLACEMENT_3D('',#10352,#8351,#8352);
#7168=AXIS2_PLACEMENT_3D('',#10355,#8353,#8354);
#7169=AXIS2_PLACEMENT_3D('',#10359,#8356,#8357);
#7170=AXIS2_PLACEMENT_3D('',#10361,#8359,#8360);
#7171=AXIS2_PLACEMENT_3D('',#10367,#8364,#8365);
#7172=AXIS2_PLACEMENT_3D('',#10370,#8366,#8367);
#7173=AXIS2_PLACEMENT_3D('',#10374,#8369,#8370);
#7174=AXIS2_PLACEMENT_3D('',#10376,#8372,#8373);
#7175=AXIS2_PLACEMENT_3D('',#10379,#8376,#8377);
#7176=AXIS2_PLACEMENT_3D('',#10385,#8381,#8382);
#7177=AXIS2_PLACEMENT_3D('',#10391,#8386,#8387);
#7178=AXIS2_PLACEMENT_3D('',#10397,#8391,#8392);
#7179=AXIS2_PLACEMENT_3D('',#10400,#8395,#8396);
#7180=AXIS2_PLACEMENT_3D('',#10403,#8399,#8400);
#7181=AXIS2_PLACEMENT_3D('',#10406,#8403,#8404);
#7182=AXIS2_PLACEMENT_3D('',#10415,#8409,#8410);
#7183=AXIS2_PLACEMENT_3D('',#10421,#8414,#8415);
#7184=AXIS2_PLACEMENT_3D('',#10428,#8419,#8420);
#7185=AXIS2_PLACEMENT_3D('',#10429,#8421,#8422);
#7186=AXIS2_PLACEMENT_3D('',#10438,#8427,#8428);
#7187=AXIS2_PLACEMENT_3D('',#10444,#8432,#8433);
#7188=AXIS2_PLACEMENT_3D('',#10451,#8437,#8438);
#7189=AXIS2_PLACEMENT_3D('',#10452,#8439,#8440);
#7190=AXIS2_PLACEMENT_3D('',#10455,#8442,#8443);
#7191=AXIS2_PLACEMENT_3D('',#10456,#8444,#8445);
#7192=AXIS2_PLACEMENT_3D('',#10458,#8446,#8447);
#7193=AXIS2_PLACEMENT_3D('',#10460,#8449,#8450);
#7194=AXIS2_PLACEMENT_3D('',#10463,#8452,#8453);
#7195=AXIS2_PLACEMENT_3D('',#10464,#8454,#8455);
#7196=AXIS2_PLACEMENT_3D('',#10466,#8456,#8457);
#7197=AXIS2_PLACEMENT_3D('',#10468,#8459,#8460);
#7198=AXIS2_PLACEMENT_3D('',#10472,#8463,#8464);
#7199=AXIS2_PLACEMENT_3D('',#10476,#8467,#8468);
#7200=AXIS2_PLACEMENT_3D('',#10480,#8471,#8472);
#7201=AXIS2_PLACEMENT_3D('',#10482,#8474,#8475);
#7202=AXIS2_PLACEMENT_3D('',#10486,#8478,#8479);
#7203=AXIS2_PLACEMENT_3D('',#10488,#8481,#8482);
#7204=AXIS2_PLACEMENT_3D('',#10499,#8487,#8488);
#7205=AXIS2_PLACEMENT_3D('',#10503,#8490,#8491);
#7206=AXIS2_PLACEMENT_3D('',#10507,#8493,#8494);
#7207=AXIS2_PLACEMENT_3D('',#10511,#8496,#8497);
#7208=AXIS2_PLACEMENT_3D('',#10515,#8499,#8500);
#7209=AXIS2_PLACEMENT_3D('',#10519,#8502,#8503);
#7210=AXIS2_PLACEMENT_3D('',#10522,#8505,#8506);
#7211=AXIS2_PLACEMENT_3D('',#10525,#8507,#8508);
#7212=AXIS2_PLACEMENT_3D('',#10529,#8510,#8511);
#7213=AXIS2_PLACEMENT_3D('',#10533,#8513,#8514);
#7214=AXIS2_PLACEMENT_3D('',#10537,#8516,#8517);
#7215=AXIS2_PLACEMENT_3D('',#10541,#8519,#8520);
#7216=AXIS2_PLACEMENT_3D('',#10545,#8522,#8523);
#7217=AXIS2_PLACEMENT_3D('',#10547,#8525,#8526);
#7218=AXIS2_PLACEMENT_3D('',#10552,#8529,#8530);
#7219=AXIS2_PLACEMENT_3D('',#10553,#8531,#8532);
#7220=AXIS2_PLACEMENT_3D('',#10557,#8535,#8536);
#7221=AXIS2_PLACEMENT_3D('',#10560,#8538,#8539);
#7222=AXIS2_PLACEMENT_3D('',#10561,#8540,#8541);
#7223=AXIS2_PLACEMENT_3D('',#10563,#8543,#8544);
#7224=AXIS2_PLACEMENT_3D('',#10569,#8548,#8549);
#7225=AXIS2_PLACEMENT_3D('',#10572,#8551,#8552);
#7226=AXIS2_PLACEMENT_3D('',#10573,#8553,#8554);
#7227=AXIS2_PLACEMENT_3D('',#10578,#8557,#8558);
#7228=AXIS2_PLACEMENT_3D('',#10579,#8559,#8560);
#7229=AXIS2_PLACEMENT_3D('',#10583,#8563,#8564);
#7230=AXIS2_PLACEMENT_3D('',#10586,#8566,#8567);
#7231=AXIS2_PLACEMENT_3D('',#10587,#8568,#8569);
#7232=AXIS2_PLACEMENT_3D('',#10589,#8571,#8572);
#7233=AXIS2_PLACEMENT_3D('',#10595,#8576,#8577);
#7234=AXIS2_PLACEMENT_3D('',#10598,#8579,#8580);
#7235=AXIS2_PLACEMENT_3D('',#10599,#8581,#8582);
#7236=AXIS2_PLACEMENT_3D('',#10604,#8585,#8586);
#7237=AXIS2_PLACEMENT_3D('',#10605,#8587,#8588);
#7238=AXIS2_PLACEMENT_3D('',#10609,#8591,#8592);
#7239=AXIS2_PLACEMENT_3D('',#10612,#8594,#8595);
#7240=AXIS2_PLACEMENT_3D('',#10613,#8596,#8597);
#7241=AXIS2_PLACEMENT_3D('',#10615,#8599,#8600);
#7242=AXIS2_PLACEMENT_3D('',#10621,#8604,#8605);
#7243=AXIS2_PLACEMENT_3D('',#10624,#8607,#8608);
#7244=AXIS2_PLACEMENT_3D('',#10625,#8609,#8610);
#7245=AXIS2_PLACEMENT_3D('',#10630,#8613,#8614);
#7246=AXIS2_PLACEMENT_3D('',#10631,#8615,#8616);
#7247=AXIS2_PLACEMENT_3D('',#10635,#8619,#8620);
#7248=AXIS2_PLACEMENT_3D('',#10638,#8622,#8623);
#7249=AXIS2_PLACEMENT_3D('',#10639,#8624,#8625);
#7250=AXIS2_PLACEMENT_3D('',#10641,#8627,#8628);
#7251=AXIS2_PLACEMENT_3D('',#10647,#8632,#8633);
#7252=AXIS2_PLACEMENT_3D('',#10650,#8635,#8636);
#7253=AXIS2_PLACEMENT_3D('',#10651,#8637,#8638);
#7254=AXIS2_PLACEMENT_3D('',#10656,#8641,#8642);
#7255=AXIS2_PLACEMENT_3D('',#10657,#8643,#8644);
#7256=AXIS2_PLACEMENT_3D('',#10661,#8647,#8648);
#7257=AXIS2_PLACEMENT_3D('',#10664,#8650,#8651);
#7258=AXIS2_PLACEMENT_3D('',#10665,#8652,#8653);
#7259=AXIS2_PLACEMENT_3D('',#10667,#8655,#8656);
#7260=AXIS2_PLACEMENT_3D('',#10673,#8660,#8661);
#7261=AXIS2_PLACEMENT_3D('',#10676,#8663,#8664);
#7262=AXIS2_PLACEMENT_3D('',#10677,#8665,#8666);
#7263=AXIS2_PLACEMENT_3D('',#10682,#8669,#8670);
#7264=AXIS2_PLACEMENT_3D('',#10683,#8671,#8672);
#7265=AXIS2_PLACEMENT_3D('',#10687,#8675,#8676);
#7266=AXIS2_PLACEMENT_3D('',#10690,#8678,#8679);
#7267=AXIS2_PLACEMENT_3D('',#10691,#8680,#8681);
#7268=AXIS2_PLACEMENT_3D('',#10693,#8683,#8684);
#7269=AXIS2_PLACEMENT_3D('',#10699,#8688,#8689);
#7270=AXIS2_PLACEMENT_3D('',#10702,#8691,#8692);
#7271=AXIS2_PLACEMENT_3D('',#10703,#8693,#8694);
#7272=AXIS2_PLACEMENT_3D('',#10722,#8703,#8704);
#7273=AXIS2_PLACEMENT_3D('',#10726,#8706,#8707);
#7274=AXIS2_PLACEMENT_3D('',#10730,#8709,#8710);
#7275=AXIS2_PLACEMENT_3D('',#10734,#8712,#8713);
#7276=AXIS2_PLACEMENT_3D('',#10738,#8715,#8716);
#7277=AXIS2_PLACEMENT_3D('',#10742,#8718,#8719);
#7278=AXIS2_PLACEMENT_3D('',#10745,#8721,#8722);
#7279=AXIS2_PLACEMENT_3D('',#10748,#8723,#8724);
#7280=AXIS2_PLACEMENT_3D('',#10752,#8726,#8727);
#7281=AXIS2_PLACEMENT_3D('',#10756,#8729,#8730);
#7282=AXIS2_PLACEMENT_3D('',#10760,#8732,#8733);
#7283=AXIS2_PLACEMENT_3D('',#10764,#8735,#8736);
#7284=AXIS2_PLACEMENT_3D('',#10768,#8738,#8739);
#7285=AXIS2_PLACEMENT_3D('',#10770,#8741,#8742);
#7286=AXIS2_PLACEMENT_3D('',#10773,#8745,#8746);
#7287=AXIS2_PLACEMENT_3D('',#10777,#8749,#8750);
#7288=AXIS2_PLACEMENT_3D('',#10779,#8752,#8753);
#7289=AXIS2_PLACEMENT_3D('',#10780,#8754,#8755);
#7290=AXIS2_PLACEMENT_3D('',#10781,#8756,#8757);
#7291=AXIS2_PLACEMENT_3D('',#10783,#8759,#8760);
#7292=AXIS2_PLACEMENT_3D('',#10786,#8763,#8764);
#7293=AXIS2_PLACEMENT_3D('',#10790,#8767,#8768);
#7294=AXIS2_PLACEMENT_3D('',#10792,#8770,#8771);
#7295=AXIS2_PLACEMENT_3D('',#10793,#8772,#8773);
#7296=AXIS2_PLACEMENT_3D('',#10794,#8774,#8775);
#7297=AXIS2_PLACEMENT_3D('',#10796,#8777,#8778);
#7298=AXIS2_PLACEMENT_3D('',#10799,#8781,#8782);
#7299=AXIS2_PLACEMENT_3D('',#10803,#8785,#8786);
#7300=AXIS2_PLACEMENT_3D('',#10805,#8788,#8789);
#7301=AXIS2_PLACEMENT_3D('',#10806,#8790,#8791);
#7302=AXIS2_PLACEMENT_3D('',#10807,#8792,#8793);
#7303=AXIS2_PLACEMENT_3D('',#10809,#8795,#8796);
#7304=AXIS2_PLACEMENT_3D('',#10812,#8799,#8800);
#7305=AXIS2_PLACEMENT_3D('',#10816,#8803,#8804);
#7306=AXIS2_PLACEMENT_3D('',#10818,#8806,#8807);
#7307=AXIS2_PLACEMENT_3D('',#10819,#8808,#8809);
#7308=AXIS2_PLACEMENT_3D('',#10820,#8810,#8811);
#7309=AXIS2_PLACEMENT_3D('',#10822,#8813,#8814);
#7310=AXIS2_PLACEMENT_3D('',#10825,#8817,#8818);
#7311=AXIS2_PLACEMENT_3D('',#10829,#8821,#8822);
#7312=AXIS2_PLACEMENT_3D('',#10831,#8824,#8825);
#7313=AXIS2_PLACEMENT_3D('',#10832,#8826,#8827);
#7314=AXIS2_PLACEMENT_3D('',#10833,#8828,#8829);
#7315=AXIS2_PLACEMENT_3D('',#10835,#8831,#8832);
#7316=AXIS2_PLACEMENT_3D('',#10838,#8835,#8836);
#7317=AXIS2_PLACEMENT_3D('',#10842,#8839,#8840);
#7318=AXIS2_PLACEMENT_3D('',#10844,#8842,#8843);
#7319=AXIS2_PLACEMENT_3D('',#10845,#8844,#8845);
#7320=AXIS2_PLACEMENT_3D('',#10846,#8846,#8847);
#7321=AXIS2_PLACEMENT_3D('',#10848,#8849,#8850);
#7322=AXIS2_PLACEMENT_3D('',#10849,#8851,#8852);
#7323=AXIS2_PLACEMENT_3D('',#10850,#8853,#8854);
#7324=AXIS2_PLACEMENT_3D('',#10851,#8855,#8856);
#7325=AXIS2_PLACEMENT_3D('',#10852,#8857,#8858);
#7326=AXIS2_PLACEMENT_3D('',#10853,#8859,#8860);
#7327=AXIS2_PLACEMENT_3D('',#10854,#8861,#8862);
#7328=AXIS2_PLACEMENT_3D('',#10860,#8866,#8867);
#7329=AXIS2_PLACEMENT_3D('',#10867,#8871,#8872);
#7330=AXIS2_PLACEMENT_3D('',#10869,#8873,#8874);
#7331=AXIS2_PLACEMENT_3D('',#10878,#8879,#8880);
#7332=AXIS2_PLACEMENT_3D('',#10880,#8881,#8882);
#7333=AXIS2_PLACEMENT_3D('',#10881,#8883,#8884);
#7334=AXIS2_PLACEMENT_3D('',#10883,#8885,#8886);
#7335=AXIS2_PLACEMENT_3D('',#10888,#8889,#8890);
#7336=AXIS2_PLACEMENT_3D('',#10889,#8891,#8892);
#7337=AXIS2_PLACEMENT_3D('',#10891,#8894,#8895);
#7338=AXIS2_PLACEMENT_3D('',#10897,#8899,#8900);
#7339=AXIS2_PLACEMENT_3D('',#10900,#8902,#8903);
#7340=AXIS2_PLACEMENT_3D('',#10901,#8904,#8905);
#7341=AXIS2_PLACEMENT_3D('',#10903,#8907,#8908);
#7342=AXIS2_PLACEMENT_3D('',#10906,#8910,#8911);
#7343=AXIS2_PLACEMENT_3D('',#10907,#8912,#8913);
#7344=AXIS2_PLACEMENT_3D('',#10909,#8914,#8915);
#7345=AXIS2_PLACEMENT_3D('',#10911,#8917,#8918);
#7346=AXIS2_PLACEMENT_3D('',#10914,#8919,#8920);
#7347=AXIS2_PLACEMENT_3D('',#10918,#8922,#8923);
#7348=AXIS2_PLACEMENT_3D('',#10920,#8925,#8926);
#7349=AXIS2_PLACEMENT_3D('',#10944,#8938,#8939);
#7350=AXIS2_PLACEMENT_3D('',#10947,#8941,#8942);
#7351=AXIS2_PLACEMENT_3D('',#10949,#8943,#8944);
#7352=AXIS2_PLACEMENT_3D('',#10950,#8945,#8946);
#7353=AXIS2_PLACEMENT_3D('',#10953,#8947,#8948);
#7354=AXIS2_PLACEMENT_3D('',#10956,#8951,#8952);
#7355=AXIS2_PLACEMENT_3D('',#10960,#8954,#8955);
#7356=AXIS2_PLACEMENT_3D('',#10963,#8957,#8958);
#7357=AXIS2_PLACEMENT_3D('',#10964,#8959,#8960);
#7358=AXIS2_PLACEMENT_3D('',#10967,#8962,#8963);
#7359=AXIS2_PLACEMENT_3D('',#10969,#8965,#8966);
#7360=AXIS2_PLACEMENT_3D('',#10970,#8967,#8968);
#7361=AXIS2_PLACEMENT_3D('',#10972,#8969,#8970);
#7362=AXIS2_PLACEMENT_3D('',#10976,#8972,#8973);
#7363=AXIS2_PLACEMENT_3D('',#10978,#8975,#8976);
#7364=AXIS2_PLACEMENT_3D('',#10981,#8978,#8979);
#7365=AXIS2_PLACEMENT_3D('',#10982,#8980,#8981);
#7366=AXIS2_PLACEMENT_3D('',#10985,#8984,#8985);
#7367=AXIS2_PLACEMENT_3D('',#10992,#8990,#8991);
#7368=AXIS2_PLACEMENT_3D('',#10993,#8992,#8993);
#7369=AXIS2_PLACEMENT_3D('',#10994,#8994,#8995);
#7370=AXIS2_PLACEMENT_3D('',#10997,#8996,#8997);
#7371=AXIS2_PLACEMENT_3D('',#11001,#8999,#9000);
#7372=AXIS2_PLACEMENT_3D('',#11003,#9002,#9003);
#7373=AXIS2_PLACEMENT_3D('',#11008,#9007,#9008);
#7374=AXIS2_PLACEMENT_3D('',#11010,#9010,#9011);
#7375=AXIS2_PLACEMENT_3D('',#11012,#9012,#9013);
#7376=AXIS2_PLACEMENT_3D('',#11013,#9014,#9015);
#7377=AXIS2_PLACEMENT_3D('',#11014,#9016,#9017);
#7378=AXIS2_PLACEMENT_3D('',#11018,#9020,#9021);
#7379=AXIS2_PLACEMENT_3D('',#11020,#9022,#9023);
#7380=AXIS2_PLACEMENT_3D('',#11021,#9024,#9025);
#7381=AXIS2_PLACEMENT_3D('',#11116,#9026,#9027);
#7382=AXIS2_PLACEMENT_3D('',#11118,#9028,#9029);
#7383=AXIS2_PLACEMENT_3D('',#11120,#9030,#9031);
#7384=AXIS2_PLACEMENT_3D('',#11122,#9032,#9033);
#7385=AXIS2_PLACEMENT_3D('',#11124,#9034,#9035);
#7386=AXIS2_PLACEMENT_3D('',#11126,#9036,#9037);
#7387=AXIS2_PLACEMENT_3D('',#11277,#9038,#9039);
#7388=AXIS2_PLACEMENT_3D('',#11279,#9040,#9041);
#7389=AXIS2_PLACEMENT_3D('',#11281,#9042,#9043);
#7390=AXIS2_PLACEMENT_3D('',#11283,#9044,#9045);
#7391=AXIS2_PLACEMENT_3D('',#11285,#9046,#9047);
#7392=AXIS2_PLACEMENT_3D('',#11319,#9048,#9049);
#7393=AXIS2_PLACEMENT_3D('',#11477,#9054,#9055);
#7394=AXIS2_PLACEMENT_3D('',#11480,#9057,#9058);
#7395=AXIS2_PLACEMENT_3D('',#11482,#9060,#9061);
#7396=AXIS2_PLACEMENT_3D('',#11486,#9064,#9065);
#7397=AXIS2_PLACEMENT_3D('',#11488,#9066,#9067);
#7398=AXIS2_PLACEMENT_3D('',#11657,#9069,#9070);
#7399=AXIS2_PLACEMENT_3D('',#11659,#9072,#9073);
#7400=AXIS2_PLACEMENT_3D('',#11660,#9074,#9075);
#7401=AXIS2_PLACEMENT_3D('',#11662,#9077,#9078);
#7402=AXIS2_PLACEMENT_3D('',#11663,#9079,#9080);
#7403=AXIS2_PLACEMENT_3D('',#11665,#9081,#9082);
#7404=AXIS2_PLACEMENT_3D('',#11667,#9084,#9085);
#7405=AXIS2_PLACEMENT_3D('',#11669,#9086,#9087);
#7406=AXIS2_PLACEMENT_3D('',#11670,#9088,#9089);
#7407=AXIS2_PLACEMENT_3D('',#11672,#9090,#9091);
#7408=AXIS2_PLACEMENT_3D('',#11673,#9092,#9093);
#7409=AXIS2_PLACEMENT_3D('',#11675,#9095,#9096);
#7410=AXIS2_PLACEMENT_3D('',#11679,#9098,#9099);
#7411=AXIS2_PLACEMENT_3D('',#11681,#9101,#9102);
#7412=AXIS2_PLACEMENT_3D('',#11689,#9107,#9108);
#7413=AXIS2_PLACEMENT_3D('',#11692,#9111,#9112);
#7414=AXIS2_PLACEMENT_3D('',#11694,#9114,#9115);
#7415=AXIS2_PLACEMENT_3D('',#11695,#9116,#9117);
#7416=AXIS2_PLACEMENT_3D('',#11696,#9118,#9119);
#7417=AXIS2_PLACEMENT_3D('',#11697,#9120,#9121);
#7418=AXIS2_PLACEMENT_3D('',#11698,#9122,#9123);
#7419=AXIS2_PLACEMENT_3D('',#11700,#9125,#9126);
#7420=AXIS2_PLACEMENT_3D('',#11701,#9127,#9128);
#7421=AXIS2_PLACEMENT_3D('',#11702,#9129,#9130);
#7422=AXIS2_PLACEMENT_3D('',#11703,#9131,#9132);
#7423=AXIS2_PLACEMENT_3D('',#11704,#9133,#9134);
#7424=AXIS2_PLACEMENT_3D('',#11705,#9135,#9136);
#7425=AXIS2_PLACEMENT_3D('',#11706,#9137,#9138);
#7426=AXIS2_PLACEMENT_3D('',#11707,#9139,#9140);
#7427=AXIS2_PLACEMENT_3D('',#11708,#9141,#9142);
#7428=AXIS2_PLACEMENT_3D('',#11709,#9143,#9144);
#7429=AXIS2_PLACEMENT_3D('',#11710,#9145,#9146);
#7430=AXIS2_PLACEMENT_3D('',#11711,#9147,#9148);
#7431=AXIS2_PLACEMENT_3D('',#11712,#9149,#9150);
#7432=AXIS2_PLACEMENT_3D('',#11713,#9151,#9152);
#7433=AXIS2_PLACEMENT_3D('',#11714,#9153,#9154);
#7434=AXIS2_PLACEMENT_3D('',#11716,#9156,#9157);
#7435=AXIS2_PLACEMENT_3D('',#11717,#9158,#9159);
#7436=AXIS2_PLACEMENT_3D('',#11726,#9164,#9165);
#7437=AXIS2_PLACEMENT_3D('',#11732,#9169,#9170);
#7438=AXIS2_PLACEMENT_3D('',#11741,#9175,#9176);
#7439=AXIS2_PLACEMENT_3D('',#11747,#9180,#9181);
#7440=AXIS2_PLACEMENT_3D('',#11756,#9186,#9187);
#7441=AXIS2_PLACEMENT_3D('',#11762,#9191,#9192);
#7442=AXIS2_PLACEMENT_3D('',#11795,#9209,#9210);
#7443=AXIS2_PLACEMENT_3D('',#11797,#9211,#9212);
#7444=AXIS2_PLACEMENT_3D('',#11800,#9214,#9215);
#7445=AXIS2_PLACEMENT_3D('',#11801,#9216,#9217);
#7446=AXIS2_PLACEMENT_3D('',#11806,#9219,#9220);
#7447=AXIS2_PLACEMENT_3D('',#11809,#9222,#9223);
#7448=AXIS2_PLACEMENT_3D('',#11811,#9224,#9225);
#7449=AXIS2_PLACEMENT_3D('',#11812,#9226,#9227);
#7450=AXIS2_PLACEMENT_3D('',#11815,#9229,#9230);
#7451=AXIS2_PLACEMENT_3D('',#11816,#9231,#9232);
#7452=AXIS2_PLACEMENT_3D('',#11819,#9234,#9235);
#7453=AXIS2_PLACEMENT_3D('',#11820,#9236,#9237);
#7454=AXIS2_PLACEMENT_3D('',#11823,#9239,#9240);
#7455=AXIS2_PLACEMENT_3D('',#11824,#9241,#9242);
#7456=AXIS2_PLACEMENT_3D('',#11826,#9243,#9244);
#7457=AXIS2_PLACEMENT_3D('',#11829,#9246,#9247);
#7458=AXIS2_PLACEMENT_3D('',#11830,#9248,#9249);
#7459=AXIS2_PLACEMENT_3D('',#11832,#9250,#9251);
#7460=AXIS2_PLACEMENT_3D('',#11833,#9252,#9253);
#7461=AXIS2_PLACEMENT_3D('',#11836,#9255,#9256);
#7462=AXIS2_PLACEMENT_3D('',#11837,#9257,#9258);
#7463=AXIS2_PLACEMENT_3D('',#11839,#9259,#9260);
#7464=AXIS2_PLACEMENT_3D('',#11842,#9262,#9263);
#7465=AXIS2_PLACEMENT_3D('',#11843,#9264,#9265);
#7466=AXIS2_PLACEMENT_3D('',#11845,#9266,#9267);
#7467=AXIS2_PLACEMENT_3D('',#11846,#9268,#9269);
#7468=AXIS2_PLACEMENT_3D('',#11849,#9271,#9272);
#7469=AXIS2_PLACEMENT_3D('',#11850,#9273,#9274);
#7470=AXIS2_PLACEMENT_3D('',#11853,#9276,#9277);
#7471=AXIS2_PLACEMENT_3D('',#11854,#9278,#9279);
#7472=AXIS2_PLACEMENT_3D('',#11857,#9281,#9282);
#7473=AXIS2_PLACEMENT_3D('',#11858,#9283,#9284);
#7474=AXIS2_PLACEMENT_3D('',#11861,#9286,#9287);
#7475=AXIS2_PLACEMENT_3D('',#11862,#9288,#9289);
#7476=AXIS2_PLACEMENT_3D('',#11865,#9291,#9292);
#7477=AXIS2_PLACEMENT_3D('',#11866,#9293,#9294);
#7478=AXIS2_PLACEMENT_3D('',#11868,#9295,#9296);
#7479=AXIS2_PLACEMENT_3D('',#11870,#9298,#9299);
#7480=AXIS2_PLACEMENT_3D('',#11872,#9300,#9301);
#7481=AXIS2_PLACEMENT_3D('',#11874,#9303,#9304);
#7482=AXIS2_PLACEMENT_3D('',#11883,#9309,#9310);
#7483=AXIS2_PLACEMENT_3D('',#11887,#9312,#9313);
#7484=AXIS2_PLACEMENT_3D('',#11888,#9314,#9315);
#7485=AXIS2_PLACEMENT_3D('',#11889,#9316,#9317);
#7486=AXIS2_PLACEMENT_3D('',#11895,#9321,#9322);
#7487=AXIS2_PLACEMENT_3D('',#11896,#9323,#9324);
#7488=AXIS2_PLACEMENT_3D('',#11897,#9325,#9326);
#7489=AXIS2_PLACEMENT_3D('',#11898,#9327,#9328);
#7490=AXIS2_PLACEMENT_3D('',#11902,#9330,#9331);
#7491=AXIS2_PLACEMENT_3D('',#11904,#9333,#9334);
#7492=AXIS2_PLACEMENT_3D('',#11908,#9337,#9338);
#7493=AXIS2_PLACEMENT_3D('',#11911,#9341,#9342);
#7494=AXIS2_PLACEMENT_3D('',#11914,#9344,#9345);
#7495=AXIS2_PLACEMENT_3D('',#11915,#9346,#9347);
#7496=AXIS2_PLACEMENT_3D('',#11918,#9350,#9351);
#7497=AXIS2_PLACEMENT_3D('',#11919,#9352,#9353);
#7498=AXIS2_PLACEMENT_3D('',#11921,#9355,#9356);
#7499=AXIS2_PLACEMENT_3D('',#11922,#9357,#9358);
#7500=AXIS2_PLACEMENT_3D('',#11929,#9364,#9365);
#7501=AXIS2_PLACEMENT_3D('',#11936,#9369,#9370);
#7502=AXIS2_PLACEMENT_3D('',#11939,#9372,#9373);
#7503=AXIS2_PLACEMENT_3D('',#11941,#9374,#9375);
#7504=AXIS2_PLACEMENT_3D('',#11943,#9376,#9377);
#7505=AXIS2_PLACEMENT_3D('',#11945,#9378,#9379);
#7506=AXIS2_PLACEMENT_3D('',#11947,#9380,#9381);
#7507=AXIS2_PLACEMENT_3D('',#11949,#9382,#9383);
#7508=AXIS2_PLACEMENT_3D('',#11950,#9384,#9385);
#7509=AXIS2_PLACEMENT_3D('',#11952,#9386,#9387);
#7510=AXIS2_PLACEMENT_3D('',#11954,#9388,#9389);
#7511=AXIS2_PLACEMENT_3D('',#11961,#9393,#9394);
#7512=AXIS2_PLACEMENT_3D('',#11963,#9395,#9396);
#7513=AXIS2_PLACEMENT_3D('',#11965,#9397,#9398);
#7514=AXIS2_PLACEMENT_3D('',#11967,#9399,#9400);
#7515=AXIS2_PLACEMENT_3D('',#11969,#9401,#9402);
#7516=AXIS2_PLACEMENT_3D('',#11971,#9403,#9404);
#7517=AXIS2_PLACEMENT_3D('',#11972,#9405,#9406);
#7518=AXIS2_PLACEMENT_3D('',#11975,#9408,#9409);
#7519=AXIS2_PLACEMENT_3D('',#11976,#9410,#9411);
#7520=AXIS2_PLACEMENT_3D('',#11978,#9413,#9414);
#7521=AXIS2_PLACEMENT_3D('',#11981,#9416,#9417);
#7522=AXIS2_PLACEMENT_3D('',#11982,#9418,#9419);
#7523=AXIS2_PLACEMENT_3D('',#11984,#9421,#9422);
#7524=AXIS2_PLACEMENT_3D('',#11987,#9424,#9425);
#7525=AXIS2_PLACEMENT_3D('',#11988,#9426,#9427);
#7526=AXIS2_PLACEMENT_3D('',#11990,#9429,#9430);
#7527=AXIS2_PLACEMENT_3D('',#11993,#9432,#9433);
#7528=AXIS2_PLACEMENT_3D('',#11994,#9434,#9435);
#7529=AXIS2_PLACEMENT_3D('',#11996,#9437,#9438);
#7530=AXIS2_PLACEMENT_3D('',#11998,#9440,#9441);
#7531=AXIS2_PLACEMENT_3D('',#12000,#9443,#9444);
#7532=AXIS2_PLACEMENT_3D('',#12002,#9446,#9447);
#7533=AXIS2_PLACEMENT_3D('',#12004,#9449,#9450);
#7534=AXIS2_PLACEMENT_3D('',#12005,#9451,#9452);
#7535=AXIS2_PLACEMENT_3D('',#12008,#9454,#9455);
#7536=AXIS2_PLACEMENT_3D('',#12009,#9456,#9457);
#7537=AXIS2_PLACEMENT_3D('',#12011,#9459,#9460);
#7538=AXIS2_PLACEMENT_3D('',#12014,#9462,#9463);
#7539=AXIS2_PLACEMENT_3D('',#12015,#9464,#9465);
#7540=AXIS2_PLACEMENT_3D('',#12017,#9467,#9468);
#7541=AXIS2_PLACEMENT_3D('',#12019,#9470,#9471);
#7542=AXIS2_PLACEMENT_3D('',#12021,#9473,#9474);
#7543=AXIS2_PLACEMENT_3D('',#12022,#9475,#9476);
#7544=AXIS2_PLACEMENT_3D('',#12025,#9479,#9480);
#7545=AXIS2_PLACEMENT_3D('',#12026,#9481,#9482);
#7546=AXIS2_PLACEMENT_3D('',#12027,#9483,#9484);
#7547=AXIS2_PLACEMENT_3D('',#12029,#9486,#9487);
#7548=AXIS2_PLACEMENT_3D('',#12031,#9489,#9490);
#7549=DIRECTION('axis',(0.,0.,1.));
#7550=DIRECTION('refdir',(1.,0.,0.));
#7551=DIRECTION('center_axis',(-0.707106781186548,0.,0.707106781186547));
#7552=DIRECTION('ref_axis',(0.707106781186547,0.,0.707106781186548));
#7553=DIRECTION('',(0.577350269189625,0.577350269189627,0.577350269189626));
#7554=DIRECTION('',(0.,-1.,0.));
#7555=DIRECTION('',(0.707106781186547,0.,0.707106781186548));
#7556=DIRECTION('',(0.,1.,0.));
#7557=DIRECTION('',(-0.577350269189626,0.577350269189625,-0.577350269189627));
#7558=DIRECTION('center_axis',(-1.,0.,0.));
#7559=DIRECTION('ref_axis',(0.,1.,0.));
#7560=DIRECTION('',(0.,0.,1.));
#7561=DIRECTION('',(0.,1.,0.));
#7562=DIRECTION('',(0.,0.,1.));
#7563=DIRECTION('center_axis',(0.707106781186551,0.,0.707106781186544));
#7564=DIRECTION('ref_axis',(0.707106781186544,0.,-0.707106781186551));
#7565=DIRECTION('',(0.577350269189622,-0.577350269189628,-0.577350269189627));
#7566=DIRECTION('',(-0.577350269189623,-0.577350269189626,0.577350269189628));
#7567=DIRECTION('',(0.,-1.,0.));
#7568=DIRECTION('',(0.707106781186544,0.,-0.707106781186551));
#7569=DIRECTION('',(0.,1.,0.));
#7570=DIRECTION('center_axis',(-3.78677408118821E-17,-0.707106781186547,
0.707106781186548));
#7571=DIRECTION('ref_axis',(1.,0.,5.35530726325928E-17));
#7572=DIRECTION('',(1.,-2.67765363162963E-17,2.67765363162964E-17));
#7573=DIRECTION('',(1.,-5.35530726325928E-17,0.));
#7574=DIRECTION('',(0.577350269189629,0.577350269189624,0.577350269189624));
#7575=DIRECTION('',(1.,-2.09023736830398E-13,-2.08970183757766E-13));
#7576=DIRECTION('',(0.577350269189624,-0.577350269189627,-0.577350269189626));
#7577=DIRECTION('',(1.,-5.35530726325928E-17,0.));
#7578=DIRECTION('',(0.577350269189626,0.577350269189626,0.577350269189625));
#7579=DIRECTION('',(-1.,5.35530726325928E-17,0.));
#7580=DIRECTION('',(0.577350269189626,0.577350269189626,0.577350269189625));
#7581=DIRECTION('center_axis',(0.,0.,1.));
#7582=DIRECTION('ref_axis',(-1.,-1.22464679914735E-16,0.));
#7583=DIRECTION('',(1.,-5.35530726325928E-17,0.));
#7584=DIRECTION('',(-1.22464679914735E-16,1.,0.));
#7585=DIRECTION('',(1.,0.,0.));
#7586=DIRECTION('',(-1.22464679914735E-16,1.,0.));
#7587=DIRECTION('',(-1.,-1.22464679914735E-16,0.));
#7588=DIRECTION('',(1.22464679914735E-16,-1.,0.));
#7589=DIRECTION('',(1.,0.,0.));
#7590=DIRECTION('',(1.22464679914735E-16,-1.,0.));
#7591=DIRECTION('',(-1.22464679914735E-16,1.,0.));
#7592=DIRECTION('',(1.,0.,0.));
#7593=DIRECTION('',(-1.22464679914735E-16,1.,0.));
#7594=DIRECTION('',(-1.,-1.22464679914735E-16,0.));
#7595=DIRECTION('',(1.22464679914735E-16,-1.,0.));
#7596=DIRECTION('',(1.,0.,0.));
#7597=DIRECTION('',(1.22464679914735E-16,-1.,0.));
#7598=DIRECTION('',(-1.,0.,0.));
#7599=DIRECTION('',(0.,1.,0.));
#7600=DIRECTION('',(1.,0.,0.));
#7601=DIRECTION('',(-1.22464679914735E-16,1.,0.));
#7602=DIRECTION('',(1.,0.,0.));
#7603=DIRECTION('',(0.,-1.,0.));
#7604=DIRECTION('',(1.,0.,0.));
#7605=DIRECTION('',(0.,1.,0.));
#7606=DIRECTION('',(-1.,0.,0.));
#7607=DIRECTION('center_axis',(0.,-0.707106781186542,0.707106781186553));
#7608=DIRECTION('ref_axis',(1.,0.,0.));
#7609=DIRECTION('',(-1.,0.,0.));
#7610=DIRECTION('',(-0.577350269189623,0.577350269189631,0.577350269189623));
#7611=DIRECTION('',(1.,0.,0.));
#7612=DIRECTION('',(-0.577350269189622,0.577350269189632,0.577350269189623));
#7613=DIRECTION('center_axis',(0.707106781186551,0.,0.707106781186544));
#7614=DIRECTION('ref_axis',(0.707106781186544,0.,-0.707106781186551));
#7615=DIRECTION('',(0.,1.,0.));
#7616=DIRECTION('',(0.577350269189623,-0.577350269189626,-0.577350269189628));
#7617=DIRECTION('',(0.,-1.,0.));
#7618=DIRECTION('center_axis',(0.,-0.707106781186549,0.707106781186546));
#7619=DIRECTION('ref_axis',(1.,0.,0.));
#7620=DIRECTION('',(-1.,0.,0.));
#7621=DIRECTION('',(-1.,0.,0.));
#7622=DIRECTION('center_axis',(0.,0.,1.));
#7623=DIRECTION('ref_axis',(-1.,-1.22464679914735E-16,0.));
#7624=DIRECTION('',(0.,1.,0.));
#7625=DIRECTION('',(-1.,0.,0.));
#7626=DIRECTION('',(2.13379753844275E-16,-1.,0.));
#7627=DIRECTION('',(-1.,1.07106145265186E-16,0.));
#7628=DIRECTION('center_axis',(0.,0.,1.));
#7629=DIRECTION('ref_axis',(-1.,0.,0.));
#7630=DIRECTION('',(-1.,1.07106145265186E-16,0.));
#7631=DIRECTION('',(4.13827401394959E-16,1.,0.));
#7632=DIRECTION('',(-1.,0.,0.));
#7633=DIRECTION('',(0.,-1.,0.));
#7634=DIRECTION('',(1.,0.,0.));
#7635=DIRECTION('',(0.,-1.,0.));
#7636=DIRECTION('',(1.,0.,0.));
#7637=DIRECTION('center_axis',(0.,0.,1.));
#7638=DIRECTION('ref_axis',(-1.,0.,0.));
#7639=DIRECTION('center_axis',(0.,0.,-1.));
#7640=DIRECTION('ref_axis',(-1.,0.,0.));
#7641=DIRECTION('center_axis',(0.,0.,-1.));
#7642=DIRECTION('ref_axis',(-1.,0.,0.));
#7643=DIRECTION('center_axis',(-0.707106781186548,0.,0.707106781186547));
#7644=DIRECTION('ref_axis',(0.707106781186547,0.,0.707106781186548));
#7645=DIRECTION('',(0.,1.,0.));
#7646=DIRECTION('',(0.577350269189626,0.577350269189625,0.577350269189627));
#7647=DIRECTION('',(0.577350269189629,0.577350269189629,0.57735026918962));
#7648=DIRECTION('center_axis',(0.,-0.707106781186542,0.707106781186553));
#7649=DIRECTION('ref_axis',(1.,0.,0.));
#7650=DIRECTION('',(-0.577350269189615,-0.577350269189635,-0.577350269189627));
#7651=DIRECTION('',(-1.,0.,0.));
#7652=DIRECTION('center_axis',(-0.707106781186555,0.,0.70710678118654));
#7653=DIRECTION('ref_axis',(0.70710678118654,0.,0.707106781186555));
#7654=DIRECTION('',(0.577350269189618,-0.577350269189629,0.57735026918963));
#7655=DIRECTION('',(0.,1.,0.));
#7656=DIRECTION('center_axis',(0.,0.707106781186549,0.707106781186546));
#7657=DIRECTION('ref_axis',(1.,0.,0.));
#7658=DIRECTION('',(0.577350269189632,0.577350269189622,-0.577350269189624));
#7659=DIRECTION('',(1.,-2.67765363162961E-17,2.67765363162962E-17));
#7660=DIRECTION('',(1.,0.,0.));
#7661=DIRECTION('center_axis',(0.,-1.,0.));
#7662=DIRECTION('ref_axis',(1.,0.,0.));
#7663=DIRECTION('',(0.,0.,-1.));
#7664=DIRECTION('',(-1.,0.,0.));
#7665=DIRECTION('',(0.,0.,1.));
#7666=DIRECTION('center_axis',(0.,-1.,0.));
#7667=DIRECTION('ref_axis',(1.,0.,0.));
#7668=DIRECTION('center_axis',(0.707106781186548,0.,0.707106781186548));
#7669=DIRECTION('ref_axis',(0.707106781186548,0.,-0.707106781186548));
#7670=DIRECTION('',(0.,-1.,0.));
#7671=DIRECTION('',(-0.577350269189626,-0.577350269189624,0.577350269189626));
#7672=DIRECTION('center_axis',(0.,-1.,0.));
#7673=DIRECTION('ref_axis',(1.,0.,0.));
#7674=DIRECTION('',(0.,0.,-1.));
#7675=DIRECTION('',(-1.,0.,0.));
#7676=DIRECTION('center_axis',(0.,-1.,0.));
#7677=DIRECTION('ref_axis',(1.,0.,0.));
#7678=DIRECTION('center_axis',(0.,0.,1.));
#7679=DIRECTION('ref_axis',(-1.,0.,0.));
#7680=DIRECTION('',(0.,1.,0.));
#7681=DIRECTION('center_axis',(0.,0.,-1.));
#7682=DIRECTION('ref_axis',(0.70710678118655,0.707106781186545,0.));
#7683=DIRECTION('',(1.,0.,0.));
#7684=DIRECTION('',(0.,1.,0.));
#7685=DIRECTION('',(-1.,0.,0.));
#7686=DIRECTION('center_axis',(0.,0.,-1.));
#7687=DIRECTION('ref_axis',(-1.,0.,0.));
#7688=DIRECTION('center_axis',(0.,-1.,0.));
#7689=DIRECTION('ref_axis',(1.,0.,0.));
#7690=DIRECTION('',(0.,0.,1.));
#7691=DIRECTION('',(0.,0.,-1.));
#7692=DIRECTION('',(1.,0.,0.));
#7693=DIRECTION('',(0.,0.,1.));
#7694=DIRECTION('',(1.,0.,0.));
#7695=DIRECTION('',(0.,0.,-1.));
#7696=DIRECTION('',(0.,0.,-1.));
#7697=DIRECTION('',(-1.,0.,0.));
#7698=DIRECTION('',(0.,0.,1.));
#7699=DIRECTION('',(-1.,0.,0.));
#7700=DIRECTION('center_axis',(0.,0.,1.));
#7701=DIRECTION('ref_axis',(0.70710678118655,0.707106781186545,0.));
#7702=DIRECTION('',(0.,0.,1.));
#7703=DIRECTION('center_axis',(0.,0.,-1.));
#7704=DIRECTION('ref_axis',(0.70710678118655,0.707106781186545,0.));
#7705=DIRECTION('center_axis',(0.,0.,1.));
#7706=DIRECTION('ref_axis',(-1.,0.,0.));
#7707=DIRECTION('',(0.,-1.,0.));
#7708=DIRECTION('center_axis',(0.,0.,-1.));
#7709=DIRECTION('ref_axis',(-0.707106781186549,0.707106781186546,0.));
#7710=DIRECTION('',(0.,1.,0.));
#7711=DIRECTION('',(-1.,0.,0.));
#7712=DIRECTION('center_axis',(0.,0.,-1.));
#7713=DIRECTION('ref_axis',(-1.,0.,0.));
#7714=DIRECTION('center_axis',(1.,0.,0.));
#7715=DIRECTION('ref_axis',(0.,1.,0.));
#7716=DIRECTION('',(0.,0.,1.));
#7717=DIRECTION('',(0.,0.,-1.));
#7718=DIRECTION('',(0.,1.,0.));
#7719=DIRECTION('',(0.,0.,1.));
#7720=DIRECTION('',(0.,-1.,0.));
#7721=DIRECTION('',(0.,0.,-1.));
#7722=DIRECTION('center_axis',(0.,0.,1.));
#7723=DIRECTION('ref_axis',(-0.707106781186549,0.707106781186546,0.));
#7724=DIRECTION('center_axis',(0.,0.,-1.));
#7725=DIRECTION('ref_axis',(-0.707106781186549,0.707106781186546,0.));
#7726=DIRECTION('center_axis',(-0.707106781186544,-8.65956056235489E-17,
0.707106781186551));
#7727=DIRECTION('ref_axis',(0.707106781186551,0.,0.707106781186544));
#7728=DIRECTION('',(0.707106781186551,8.65956056235497E-17,0.707106781186544));
#7729=DIRECTION('',(-1.22464679914735E-16,1.,0.));
#7730=DIRECTION('',(-0.707106781186551,1.47802101741728E-13,-0.707106781186544));
#7731=DIRECTION('center_axis',(1.,1.22464679914735E-16,2.01858731750028E-16));
#7732=DIRECTION('ref_axis',(-2.01858731750028E-16,-2.47205649717617E-32,
1.));
#7733=DIRECTION('',(2.01858731750028E-16,2.47205649717617E-32,-1.));
#7734=DIRECTION('',(1.1892321541805E-29,-1.,0.));
#7735=DIRECTION('',(-4.78677733750613E-32,0.,1.));
#7736=DIRECTION('center_axis',(0.707106781186549,8.65956056235495E-17,0.707106781186546));
#7737=DIRECTION('ref_axis',(0.707106781186546,0.,-0.707106781186549));
#7738=DIRECTION('',(-0.707106781186546,1.47802101741727E-13,0.707106781186549));
#7739=DIRECTION('',(1.22464679914735E-16,-1.,0.));
#7740=DIRECTION('',(0.707106781186546,8.65956056235492E-17,-0.707106781186549));
#7741=DIRECTION('center_axis',(0.,0.707106781186549,0.707106781186546));
#7742=DIRECTION('ref_axis',(1.,0.,0.));
#7743=DIRECTION('',(0.577350269189629,-0.577350269189623,0.577350269189626));
#7744=DIRECTION('',(1.,0.,0.));
#7745=DIRECTION('center_axis',(0.,-0.707106781186549,0.707106781186546));
#7746=DIRECTION('ref_axis',(1.,0.,0.));
#7747=DIRECTION('center_axis',(0.,0.,-1.));
#7748=DIRECTION('ref_axis',(5.51276753807285E-15,-1.,0.));
#7749=DIRECTION('center_axis',(0.,0.,-1.));
#7750=DIRECTION('ref_axis',(-1.,0.,0.));
#7751=DIRECTION('center_axis',(0.,-1.,0.));
#7752=DIRECTION('ref_axis',(1.,0.,0.));
#7753=DIRECTION('',(-1.,0.,0.));
#7754=DIRECTION('',(0.,0.,-1.));
#7755=DIRECTION('center_axis',(0.,-1.,0.));
#7756=DIRECTION('ref_axis',(1.,0.,0.));
#7757=DIRECTION('center_axis',(0.,-1.,0.));
#7758=DIRECTION('ref_axis',(-1.,0.,0.));
#7759=DIRECTION('',(0.,0.,1.));
#7760=DIRECTION('center_axis',(1.,0.,0.));
#7761=DIRECTION('ref_axis',(0.,-1.,0.));
#7762=DIRECTION('center_axis',(0.,0.,1.));
#7763=DIRECTION('ref_axis',(-6.12323399573677E-17,-1.,0.));
#7764=DIRECTION('center_axis',(0.,0.,1.));
#7765=DIRECTION('ref_axis',(-1.,0.,0.));
#7766=DIRECTION('center_axis',(-1.,0.,0.));
#7767=DIRECTION('ref_axis',(0.,1.,0.));
#7768=DIRECTION('',(0.,0.,1.));
#7769=DIRECTION('center_axis',(0.,-1.,0.));
#7770=DIRECTION('ref_axis',(-1.,0.,0.));
#7771=DIRECTION('',(0.,0.,1.));
#7772=DIRECTION('center_axis',(1.,0.,0.));
#7773=DIRECTION('ref_axis',(0.,0.,-1.));
#7774=DIRECTION('',(0.,0.,1.));
#7775=DIRECTION('',(0.,-1.,0.));
#7776=DIRECTION('',(0.,0.,-1.));
#7777=DIRECTION('',(0.,1.,0.));
#7778=DIRECTION('center_axis',(0.,-1.,0.));
#7779=DIRECTION('ref_axis',(1.,0.,0.));
#7780=DIRECTION('',(-1.,0.,0.));
#7781=DIRECTION('center_axis',(0.,-1.,0.));
#7782=DIRECTION('ref_axis',(1.,0.,0.));
#7783=DIRECTION('center_axis',(-3.78677408118824E-17,-0.707106781186552,
0.707106781186543));
#7784=DIRECTION('ref_axis',(1.,0.,5.35530726325935E-17));
#7785=DIRECTION('',(-1.,5.35530726325928E-17,0.));
#7786=DIRECTION('',(-0.577350269189625,-0.577350269189622,-0.57735026918963));
#7787=DIRECTION('',(1.,-5.35530726325928E-17,0.));
#7788=DIRECTION('',(0.57735026918962,-0.577350269189625,-0.577350269189633));
#7789=DIRECTION('center_axis',(-0.707106781186552,-1.50882270911204E-16,
0.707106781186543));
#7790=DIRECTION('ref_axis',(0.707106781186543,0.,0.707106781186552));
#7791=DIRECTION('',(-2.13379753844275E-16,1.,0.));
#7792=DIRECTION('',(-0.577350269189626,0.577350269189619,-0.577350269189632));
#7793=DIRECTION('',(2.13379753844275E-16,-1.,0.));
#7794=DIRECTION('center_axis',(7.5735481623765E-17,0.707106781186555,0.70710678118654));
#7795=DIRECTION('ref_axis',(1.,0.,-1.07106145265188E-16));
#7796=DIRECTION('',(1.,-1.07106145265186E-16,0.));
#7797=DIRECTION('',(0.577350269189625,0.577350269189615,-0.577350269189638));
#7798=DIRECTION('',(-1.,1.07106145265186E-16,0.));
#7799=DIRECTION('center_axis',(0.707106781186555,-2.92620161767186E-16,
0.70710678118654));
#7800=DIRECTION('ref_axis',(0.70710678118654,0.,-0.707106781186555));
#7801=DIRECTION('',(4.13827401394959E-16,1.,0.));
#7802=DIRECTION('',(-4.13827401394959E-16,-1.,0.));
#7803=DIRECTION('center_axis',(-1.,4.13827401394959E-16,0.));
#7804=DIRECTION('ref_axis',(-4.13827401394959E-16,-1.,0.));
#7805=DIRECTION('',(0.,0.,1.));
#7806=DIRECTION('',(-4.13827401394959E-16,-1.,0.));
#7807=DIRECTION('',(0.,0.,1.));
#7808=DIRECTION('center_axis',(5.35530726325928E-17,1.,0.));
#7809=DIRECTION('ref_axis',(-1.,5.35530726325928E-17,0.));
#7810=DIRECTION('',(0.,0.,1.));
#7811=DIRECTION('',(0.,0.,-1.));
#7812=DIRECTION('',(-1.,5.35530726325928E-17,0.));
#7813=DIRECTION('',(-2.01858731750028E-16,1.08101553229323E-32,1.));
#7814=DIRECTION('',(-1.,5.35530726325928E-17,0.));
#7815=DIRECTION('center_axis',(0.,0.,1.));
#7816=DIRECTION('ref_axis',(1.,0.,0.));
#7817=DIRECTION('',(1.,0.,0.));
#7818=DIRECTION('center_axis',(0.,0.,-1.));
#7819=DIRECTION('ref_axis',(0.707106781186543,0.707106781186552,0.));
#7820=DIRECTION('',(0.,-1.,0.));
#7821=DIRECTION('center_axis',(0.,0.,-1.));
#7822=DIRECTION('ref_axis',(0.707106781186543,-0.707106781186552,0.));
#7823=DIRECTION('',(-1.,0.,0.));
#7824=DIRECTION('center_axis',(0.,0.,-1.));
#7825=DIRECTION('ref_axis',(-0.70710678118655,-0.707106781186545,0.));
#7826=DIRECTION('',(-6.45648967469883E-17,1.,0.));
#7827=DIRECTION('center_axis',(0.,0.,-1.));
#7828=DIRECTION('ref_axis',(-0.707106781186545,0.70710678118655,0.));
#7829=DIRECTION('center_axis',(0.,0.,-1.));
#7830=DIRECTION('ref_axis',(-1.,0.,0.));
#7831=DIRECTION('center_axis',(0.,0.,-1.));
#7832=DIRECTION('ref_axis',(-1.,0.,0.));
#7833=DIRECTION('center_axis',(0.,0.,-1.));
#7834=DIRECTION('ref_axis',(-1.,0.,0.));
#7835=DIRECTION('center_axis',(0.,0.,-1.));
#7836=DIRECTION('ref_axis',(-1.,0.,0.));
#7837=DIRECTION('center_axis',(0.,0.,-1.));
#7838=DIRECTION('ref_axis',(-1.,0.,0.));
#7839=DIRECTION('center_axis',(0.,0.,-1.));
#7840=DIRECTION('ref_axis',(-1.,0.,0.));
#7841=DIRECTION('center_axis',(0.70710678118654,8.65956056235484E-17,0.707106781186555));
#7842=DIRECTION('ref_axis',(0.707106781186555,0.,-0.70710678118654));
#7843=DIRECTION('',(1.22464679914735E-16,-1.,0.));
#7844=DIRECTION('',(0.707106781186555,0.,-0.70710678118654));
#7845=DIRECTION('',(-0.577350269189628,0.577350269189633,0.577350269189616));
#7846=DIRECTION('center_axis',(-3.78677408118821E-17,-0.707106781186547,
0.707106781186548));
#7847=DIRECTION('ref_axis',(1.,0.,5.35530726325928E-17));
#7848=DIRECTION('',(-0.577350269189637,0.577350269189627,0.577350269189614));
#7849=DIRECTION('center_axis',(0.707106781186542,-2.9262016176718E-16,0.707106781186553));
#7850=DIRECTION('ref_axis',(0.707106781186553,0.,-0.707106781186542));
#7851=DIRECTION('',(-0.577350269189626,-0.577350269189637,0.577350269189615));
#7852=DIRECTION('center_axis',(7.57354816237655E-17,0.70710678118656,0.707106781186536));
#7853=DIRECTION('ref_axis',(1.,0.,-1.07106145265189E-16));
#7854=DIRECTION('',(0.577350269189631,-0.577350269189619,0.577350269189628));
#7855=DIRECTION('',(1.,-1.07106145265186E-16,0.));
#7856=DIRECTION('center_axis',(-0.707106781186546,-1.50882270911203E-16,
0.707106781186549));
#7857=DIRECTION('ref_axis',(0.707106781186549,0.,0.707106781186546));
#7858=DIRECTION('',(-2.13379753844275E-16,1.,0.));
#7859=DIRECTION('center_axis',(-0.707106781186549,-8.65956056235495E-17,
0.707106781186546));
#7860=DIRECTION('ref_axis',(0.707106781186546,0.,0.707106781186549));
#7861=DIRECTION('',(0.707106781186546,0.,0.707106781186549));
#7862=DIRECTION('',(-1.22464679914735E-16,1.,0.));
#7863=DIRECTION('center_axis',(0.,0.,-1.));
#7864=DIRECTION('ref_axis',(6.04901474817726E-16,1.,0.));
#7865=DIRECTION('center_axis',(0.,0.,-1.));
#7866=DIRECTION('ref_axis',(-1.,0.,0.));
#7867=DIRECTION('center_axis',(7.57354816237635E-17,0.707106781186541,0.707106781186554));
#7868=DIRECTION('ref_axis',(1.,0.,-1.07106145265184E-16));
#7869=DIRECTION('',(1.,-1.07106145265186E-16,0.));
#7870=DIRECTION('center_axis',(1.,1.22464679914735E-16,2.01858731750028E-16));
#7871=DIRECTION('ref_axis',(-2.01858731750028E-16,-2.47205649717617E-32,
1.));
#7872=DIRECTION('',(1.22464679914735E-16,-1.,0.));
#7873=DIRECTION('',(2.01858731750028E-16,0.,-1.));
#7874=DIRECTION('center_axis',(0.,0.,-1.));
#7875=DIRECTION('ref_axis',(-1.,0.,0.));
#7876=DIRECTION('center_axis',(0.,0.,-1.));
#7877=DIRECTION('ref_axis',(-1.,0.,0.));
#7878=DIRECTION('',(0.,1.,0.));
#7879=DIRECTION('center_axis',(1.,0.,0.));
#7880=DIRECTION('ref_axis',(0.,-1.,0.));
#7881=DIRECTION('center_axis',(0.,0.,-1.));
#7882=DIRECTION('ref_axis',(-1.,0.,0.));
#7883=DIRECTION('center_axis',(0.,0.,1.));
#7884=DIRECTION('ref_axis',(-1.,0.,0.));
#7885=DIRECTION('',(0.,0.,1.));
#7886=DIRECTION('center_axis',(0.,0.,1.));
#7887=DIRECTION('ref_axis',(-1.,-1.22464679914735E-16,0.));
#7888=DIRECTION('center_axis',(0.,0.,-1.));
#7889=DIRECTION('ref_axis',(-1.,0.,0.));
#7890=DIRECTION('center_axis',(0.,0.,1.));
#7891=DIRECTION('ref_axis',(-1.,0.,0.));
#7892=DIRECTION('',(0.,0.,1.));
#7893=DIRECTION('center_axis',(0.,0.,1.));
#7894=DIRECTION('ref_axis',(1.,0.,0.));
#7895=DIRECTION('',(-1.,0.,0.));
#7896=DIRECTION('',(5.30765295381582E-16,1.,0.));
#7897=DIRECTION('center_axis',(0.,0.,1.));
#7898=DIRECTION('ref_axis',(0.707106781186548,0.707106781186548,0.));
#7899=DIRECTION('',(-1.,0.,0.));
#7900=DIRECTION('center_axis',(0.,0.,1.));
#7901=DIRECTION('ref_axis',(-0.707106781186547,0.707106781186548,0.));
#7902=DIRECTION('',(4.97592464420233E-17,-1.,0.));
#7903=DIRECTION('',(-1.,0.,0.));
#7904=DIRECTION('center_axis',(0.,1.,0.));
#7905=DIRECTION('ref_axis',(1.,0.,0.));
#7906=DIRECTION('',(0.,-1.,0.));
#7907=DIRECTION('center_axis',(0.,0.,1.));
#7908=DIRECTION('ref_axis',(-1.,-1.22464679914735E-16,0.));
#7909=DIRECTION('center_axis',(0.,1.,0.));
#7910=DIRECTION('ref_axis',(1.,0.,0.));
#7911=DIRECTION('',(0.,-1.,0.));
#7912=DIRECTION('center_axis',(0.,0.,1.));
#7913=DIRECTION('ref_axis',(-1.,-1.22464679914735E-16,0.));
#7914=DIRECTION('',(5.30765295381582E-16,1.,0.));
#7915=DIRECTION('',(-1.,0.,0.));
#7916=DIRECTION('',(4.97592464420233E-17,-1.,0.));
#7917=DIRECTION('center_axis',(0.,0.,1.));
#7918=DIRECTION('ref_axis',(-0.707106781186547,0.707106781186548,0.));
#7919=DIRECTION('',(-1.,0.,0.));
#7920=DIRECTION('center_axis',(0.,0.,1.));
#7921=DIRECTION('ref_axis',(0.707106781186548,0.707106781186548,0.));
#7922=DIRECTION('center_axis',(0.,0.,1.));
#7923=DIRECTION('ref_axis',(-1.,0.,0.));
#7924=DIRECTION('',(0.,1.,0.));
#7925=DIRECTION('',(-1.,0.,0.));
#7926=DIRECTION('',(0.,-1.,0.));
#7927=DIRECTION('',(1.,0.,0.));
#7928=DIRECTION('',(1.22464679914735E-16,-1.,0.));
#7929=DIRECTION('center_axis',(0.,0.,-1.));
#7930=DIRECTION('ref_axis',(0.707106781186546,0.707106781186549,0.));
#7931=DIRECTION('',(1.,1.22464679914735E-16,0.));
#7932=DIRECTION('center_axis',(0.,0.,-1.));
#7933=DIRECTION('ref_axis',(-0.707106781186549,0.707106781186546,0.));
#7934=DIRECTION('',(-1.22464679914735E-16,1.,0.));
#7935=DIRECTION('center_axis',(0.,0.,-1.));
#7936=DIRECTION('ref_axis',(-0.707106781186546,-0.707106781186549,0.));
#7937=DIRECTION('',(-1.,-1.22464679914735E-16,0.));
#7938=DIRECTION('center_axis',(0.,0.,-1.));
#7939=DIRECTION('ref_axis',(0.70710678118655,-0.707106781186546,0.));
#7940=DIRECTION('center_axis',(0.707106781186544,0.,-0.707106781186551));
#7941=DIRECTION('ref_axis',(-0.707106781186551,0.,-0.707106781186544));
#7942=DIRECTION('',(0.577350269189631,-0.577350269189618,0.577350269189629));
#7943=DIRECTION('',(0.,-1.,0.));
#7944=DIRECTION('',(-0.577350269189631,-0.577350269189618,-0.577350269189629));
#7945=DIRECTION('center_axis',(0.,-0.707106781186554,-0.707106781186541));
#7946=DIRECTION('ref_axis',(-1.,0.,0.));
#7947=DIRECTION('',(-0.577350269189622,-0.577350269189622,0.577350269189633));
#7948=DIRECTION('',(-1.,0.,0.));
#7949=DIRECTION('center_axis',(-0.707106781186554,0.,-0.707106781186541));
#7950=DIRECTION('ref_axis',(-0.707106781186541,0.,0.707106781186554));
#7951=DIRECTION('',(0.,1.,0.));
#7952=DIRECTION('',(0.577350269189622,-0.577350269189622,-0.577350269189633));
#7953=DIRECTION('center_axis',(0.,0.707106781186554,-0.707106781186541));
#7954=DIRECTION('ref_axis',(-1.,0.,0.));
#7955=DIRECTION('',(1.,0.,0.));
#7956=DIRECTION('center_axis',(0.,1.,0.));
#7957=DIRECTION('ref_axis',(0.,0.,-1.));
#7958=DIRECTION('',(0.,0.,-1.));
#7959=DIRECTION('',(-1.,0.,0.));
#7960=DIRECTION('',(0.,0.,-1.));
#7961=DIRECTION('center_axis',(1.,0.,0.));
#7962=DIRECTION('ref_axis',(0.,0.,-1.));
#7963=DIRECTION('',(0.,0.,1.));
#7964=DIRECTION('',(0.,-1.,0.));
#7965=DIRECTION('center_axis',(-0.707106781186548,-3.51851005858873E-17,
-0.707106781186547));
#7966=DIRECTION('ref_axis',(-0.707106781186547,0.,0.707106781186548));
#7967=DIRECTION('',(-0.707106781186547,0.,0.707106781186548));
#7968=DIRECTION('',(-4.97592464420233E-17,1.,0.));
#7969=DIRECTION('',(0.707106781186546,0.,-0.707106781186549));
#7970=DIRECTION('center_axis',(0.,0.,1.));
#7971=DIRECTION('ref_axis',(-0.707106781186547,0.707106781186548,0.));
#7972=DIRECTION('center_axis',(0.,0.,-1.));
#7973=DIRECTION('ref_axis',(-0.707106781186547,0.707106781186548,0.));
#7974=DIRECTION('',(0.,-0.707106781186548,-0.707106781186547));
#7975=DIRECTION('center_axis',(0.,0.707106781186555,-0.70710678118654));
#7976=DIRECTION('ref_axis',(-1.,0.,0.));
#7977=DIRECTION('',(0.,-0.70710678118654,-0.707106781186555));
#7978=DIRECTION('',(1.,0.,0.));
#7979=DIRECTION('center_axis',(0.,0.,1.));
#7980=DIRECTION('ref_axis',(0.707106781186548,0.707106781186548,0.));
#7981=DIRECTION('center_axis',(0.,0.,-1.));
#7982=DIRECTION('ref_axis',(0.707106781186548,0.707106781186548,0.));
#7983=DIRECTION('',(-0.707106781186556,0.,-0.707106781186539));
#7984=DIRECTION('center_axis',(0.707106781186555,-3.75307739582802E-16,
-0.70710678118654));
#7985=DIRECTION('ref_axis',(-0.70710678118654,0.,-0.707106781186555));
#7986=DIRECTION('',(-0.70710678118654,0.,-0.707106781186555));
#7987=DIRECTION('',(-5.30765295381582E-16,-1.,0.));
#7988=DIRECTION('center_axis',(0.,0.,-1.));
#7989=DIRECTION('ref_axis',(0.707106781186548,0.707106781186548,0.));
#7990=DIRECTION('',(0.,0.,1.));
#7991=DIRECTION('',(0.,0.,-1.));
#7992=DIRECTION('center_axis',(0.,1.,0.));
#7993=DIRECTION('ref_axis',(-1.,0.,0.));
#7994=DIRECTION('',(0.,0.,-1.));
#7995=DIRECTION('center_axis',(0.,0.,-1.));
#7996=DIRECTION('ref_axis',(-0.707106781186547,0.707106781186548,0.));
#7997=DIRECTION('',(0.,0.,1.));
#7998=DIRECTION('center_axis',(-1.,-4.97592464420233E-17,0.));
#7999=DIRECTION('ref_axis',(4.97592464420233E-17,-1.,0.));
#8000=DIRECTION('',(0.,0.,-1.));
#8001=DIRECTION('center_axis',(1.,-5.30765295381582E-16,0.));
#8002=DIRECTION('ref_axis',(5.30765295381582E-16,1.,0.));
#8003=DIRECTION('',(0.,0.,1.));
#8004=DIRECTION('center_axis',(-1.,0.,0.));
#8005=DIRECTION('ref_axis',(0.,-1.,0.));
#8006=DIRECTION('',(0.,-1.,0.));
#8007=DIRECTION('',(0.,0.,1.));
#8008=DIRECTION('',(0.,-1.,0.));
#8009=DIRECTION('',(0.,0.,1.));
#8010=DIRECTION('center_axis',(0.,1.,0.));
#8011=DIRECTION('ref_axis',(-1.,0.,0.));
#8012=DIRECTION('',(-1.,0.,0.));
#8013=DIRECTION('',(0.,0.,1.));
#8014=DIRECTION('',(-1.,0.,0.));
#8015=DIRECTION('center_axis',(1.,0.,0.));
#8016=DIRECTION('ref_axis',(0.,1.,0.));
#8017=DIRECTION('',(0.,1.,0.));
#8018=DIRECTION('',(0.,0.,1.));
#8019=DIRECTION('',(0.,1.,0.));
#8020=DIRECTION('center_axis',(0.,-1.,0.));
#8021=DIRECTION('ref_axis',(1.,0.,0.));
#8022=DIRECTION('',(1.,0.,0.));
#8023=DIRECTION('',(1.,0.,0.));
#8024=DIRECTION('center_axis',(0.,0.,1.));
#8025=DIRECTION('ref_axis',(1.,0.,0.));
#8026=DIRECTION('',(1.,0.,0.));
#8027=DIRECTION('center_axis',(0.,0.,-1.));
#8028=DIRECTION('ref_axis',(-0.707106781186545,0.70710678118655,0.));
#8029=DIRECTION('',(-6.45648967469883E-17,1.,0.));
#8030=DIRECTION('center_axis',(0.,0.,-1.));
#8031=DIRECTION('ref_axis',(-0.70710678118655,-0.707106781186545,0.));
#8032=DIRECTION('',(-1.,0.,0.));
#8033=DIRECTION('center_axis',(0.,0.,-1.));
#8034=DIRECTION('ref_axis',(0.707106781186543,-0.707106781186552,0.));
#8035=DIRECTION('',(0.,-1.,0.));
#8036=DIRECTION('center_axis',(0.,0.,-1.));
#8037=DIRECTION('ref_axis',(0.707106781186543,0.707106781186552,0.));
#8038=DIRECTION('center_axis',(0.,0.,-1.));
#8039=DIRECTION('ref_axis',(-1.,0.,0.));
#8040=DIRECTION('center_axis',(0.,0.,-1.));
#8041=DIRECTION('ref_axis',(-1.,0.,0.));
#8042=DIRECTION('center_axis',(0.,0.,-1.));
#8043=DIRECTION('ref_axis',(-1.,0.,0.));
#8044=DIRECTION('center_axis',(0.,0.,-1.));
#8045=DIRECTION('ref_axis',(-1.,0.,0.));
#8046=DIRECTION('center_axis',(0.,0.,-1.));
#8047=DIRECTION('ref_axis',(-1.,0.,0.));
#8048=DIRECTION('center_axis',(0.,0.,-1.));
#8049=DIRECTION('ref_axis',(-1.,0.,0.));
#8050=DIRECTION('center_axis',(-0.998052578482889,0.,0.0623782861551807));
#8051=DIRECTION('ref_axis',(0.0623782861551807,0.,0.998052578482889));
#8052=DIRECTION('',(-0.0622572806364692,-0.062257280636469,-0.996116490183505));
#8053=DIRECTION('',(0.0622572806364692,-0.0622572806364692,0.996116490183505));
#8054=DIRECTION('center_axis',(0.,0.998052578482889,0.0623782861551807));
#8055=DIRECTION('ref_axis',(0.,-0.0623782861551807,0.998052578482889));
#8056=DIRECTION('',(-1.,0.,0.));
#8057=DIRECTION('',(-0.0622572806364684,-0.0622572806364692,0.996116490183505));
#8058=DIRECTION('center_axis',(0.998052578482889,0.,0.0623782861551799));
#8059=DIRECTION('ref_axis',(0.0623782861551799,0.,-0.998052578482889));
#8060=DIRECTION('',(0.,-1.,0.));
#8061=DIRECTION('',(0.0622572806364684,-0.062257280636469,-0.996116490183505));
#8062=DIRECTION('center_axis',(0.,-0.998052578482889,0.0623782861551805));
#8063=DIRECTION('ref_axis',(0.,-0.0623782861551805,-0.998052578482889));
#8064=DIRECTION('center_axis',(-2.70002623386517E-16,1.,0.));
#8065=DIRECTION('ref_axis',(-1.,-2.70002623386517E-16,0.));
#8066=DIRECTION('',(-1.,-2.70002623386517E-16,0.));
#8067=DIRECTION('',(0.,0.,1.));
#8068=DIRECTION('',(-1.,-2.70002623386517E-16,3.4863055968421E-32));
#8069=DIRECTION('',(0.707106781186547,1.90920685934764E-16,-0.707106781186548));
#8070=DIRECTION('',(0.,0.,-1.));
#8071=DIRECTION('center_axis',(0.,0.,1.));
#8072=DIRECTION('ref_axis',(-0.707106781186545,0.70710678118655,0.));
#8073=DIRECTION('',(0.,0.,1.));
#8074=DIRECTION('',(0.,0.,-1.));
#8075=DIRECTION('center_axis',(-1.,-6.45648967469883E-17,0.));
#8076=DIRECTION('ref_axis',(6.45648967469883E-17,-1.,0.));
#8077=DIRECTION('',(0.,0.,1.));
#8078=DIRECTION('center_axis',(0.,0.,1.));
#8079=DIRECTION('ref_axis',(-0.70710678118655,-0.707106781186545,0.));
#8080=DIRECTION('',(0.,0.,-1.));
#8081=DIRECTION('center_axis',(0.,-1.,0.));
#8082=DIRECTION('ref_axis',(1.,0.,0.));
#8083=DIRECTION('',(0.,0.,1.));
#8084=DIRECTION('center_axis',(0.,0.,1.));
#8085=DIRECTION('ref_axis',(0.707106781186543,-0.707106781186552,0.));
#8086=DIRECTION('',(0.,0.,-1.));
#8087=DIRECTION('center_axis',(1.,0.,0.));
#8088=DIRECTION('ref_axis',(0.,1.,0.));
#8089=DIRECTION('',(0.,0.,1.));
#8090=DIRECTION('center_axis',(0.,0.,1.));
#8091=DIRECTION('ref_axis',(0.707106781186543,0.707106781186552,0.));
#8092=DIRECTION('',(0.,0.,-1.));
#8093=DIRECTION('center_axis',(0.,1.,0.));
#8094=DIRECTION('ref_axis',(-1.,0.,0.));
#8095=DIRECTION('center_axis',(0.,0.,-1.));
#8096=DIRECTION('ref_axis',(-1.,0.,0.));
#8097=DIRECTION('',(0.,0.,-1.));
#8098=DIRECTION('center_axis',(0.,0.,-1.));
#8099=DIRECTION('ref_axis',(-1.,0.,0.));
#8100=DIRECTION('',(0.,0.,-1.));
#8101=DIRECTION('center_axis',(0.,0.,-1.));
#8102=DIRECTION('ref_axis',(-1.,0.,0.));
#8103=DIRECTION('',(0.,0.,-1.));
#8104=DIRECTION('center_axis',(0.,0.,-1.));
#8105=DIRECTION('ref_axis',(-1.,0.,0.));
#8106=DIRECTION('',(0.,0.,-1.));
#8107=DIRECTION('center_axis',(0.,0.,-1.));
#8108=DIRECTION('ref_axis',(-1.,0.,0.));
#8109=DIRECTION('',(0.,0.,-1.));
#8110=DIRECTION('center_axis',(0.,0.,-1.));
#8111=DIRECTION('ref_axis',(-1.,0.,0.));
#8112=DIRECTION('',(0.,0.,-1.));
#8113=DIRECTION('center_axis',(-2.31310074485829E-16,1.,0.));
#8114=DIRECTION('ref_axis',(-1.,-2.31310074485829E-16,0.));
#8115=DIRECTION('',(-1.,-2.31310074485829E-16,0.));
#8116=DIRECTION('',(0.,0.,1.));
#8117=DIRECTION('',(1.,2.31310074485829E-16,0.));
#8118=DIRECTION('',(0.,0.,1.));
#8119=DIRECTION('center_axis',(0.,-1.,0.));
#8120=DIRECTION('ref_axis',(0.,0.,1.));
#8121=DIRECTION('',(0.,0.,1.));
#8122=DIRECTION('center_axis',(-1.,0.,0.));
#8123=DIRECTION('ref_axis',(0.,0.,1.));
#8124=DIRECTION('center_axis',(-0.707106781186547,-8.65956056235493E-17,
-0.707106781186548));
#8125=DIRECTION('ref_axis',(0.707106781186548,8.65956056235494E-17,-0.707106781186547));
#8126=DIRECTION('',(0.707106781186548,8.65956056235494E-17,-0.707106781186547));
#8127=DIRECTION('',(-0.707106781186548,-2.82857162959021E-16,0.707106781186547));
#8128=DIRECTION('',(-1.22464679914735E-16,1.,0.));
#8129=DIRECTION('center_axis',(0.,0.,-1.));
#8130=DIRECTION('ref_axis',(0.707106781186546,0.707106781186549,0.));
#8131=DIRECTION('center_axis',(0.,0.,1.));
#8132=DIRECTION('ref_axis',(0.707106781186546,0.707106781186549,0.));
#8133=DIRECTION('',(-8.65956056235494E-17,0.707106781186548,-0.707106781186547));
#8134=DIRECTION('center_axis',(8.65956056235493E-17,-0.707106781186547,
-0.707106781186548));
#8135=DIRECTION('ref_axis',(1.,1.22464679914735E-16,0.));
#8136=DIRECTION('',(-8.65956056235493E-17,0.707106781186548,-0.707106781186547));
#8137=DIRECTION('',(-1.,-1.22464679914735E-16,0.));
#8138=DIRECTION('center_axis',(0.,0.,-1.));
#8139=DIRECTION('ref_axis',(-0.707106781186549,0.707106781186546,0.));
#8140=DIRECTION('center_axis',(0.,0.,1.));
#8141=DIRECTION('ref_axis',(-0.707106781186549,0.707106781186546,0.));
#8142=DIRECTION('',(-0.707106781186548,-8.65956056235494E-17,-0.707106781186547));
#8143=DIRECTION('center_axis',(0.707106781186547,8.65956056235493E-17,-0.707106781186548));
#8144=DIRECTION('ref_axis',(0.707106781186548,8.65956056235494E-17,0.707106781186547));
#8145=DIRECTION('',(-0.707106781186548,-8.65956056235494E-17,-0.707106781186547));
#8146=DIRECTION('',(1.22464679914735E-16,-1.,0.));
#8147=DIRECTION('center_axis',(0.,0.,-1.));
#8148=DIRECTION('ref_axis',(-0.707106781186546,-0.707106781186549,0.));
#8149=DIRECTION('center_axis',(0.,0.,1.));
#8150=DIRECTION('ref_axis',(-0.707106781186546,-0.707106781186549,0.));
#8151=DIRECTION('',(8.65956056235494E-17,-0.707106781186548,-0.707106781186547));
#8152=DIRECTION('center_axis',(-8.65956056235493E-17,0.707106781186547,
-0.707106781186548));
#8153=DIRECTION('ref_axis',(1.,1.22464679914735E-16,0.));
#8154=DIRECTION('',(8.65956056235493E-17,-0.707106781186548,-0.707106781186547));
#8155=DIRECTION('',(1.,1.22464679914735E-16,0.));
#8156=DIRECTION('center_axis',(0.,0.,-1.));
#8157=DIRECTION('ref_axis',(0.70710678118655,-0.707106781186546,0.));
#8158=DIRECTION('center_axis',(0.,0.,1.));
#8159=DIRECTION('ref_axis',(0.70710678118655,-0.707106781186545,0.));
#8160=DIRECTION('center_axis',(0.,0.,1.));
#8161=DIRECTION('ref_axis',(-1.,0.,0.));
#8162=DIRECTION('center_axis',(0.,0.,1.));
#8163=DIRECTION('ref_axis',(-1.,0.,0.));
#8164=DIRECTION('center_axis',(-1.,-1.22464679914735E-16,0.));
#8165=DIRECTION('ref_axis',(1.22464679914735E-16,-1.,0.));
#8166=DIRECTION('',(0.,0.,-1.));
#8167=DIRECTION('',(1.22464679914735E-16,-1.,0.));
#8168=DIRECTION('',(8.65956056235493E-17,-0.707106781186547,0.707106781186548));
#8169=DIRECTION('',(1.22464679914735E-16,-1.,0.));
#8170=DIRECTION('center_axis',(0.707106781186547,8.65956056235493E-17,-0.707106781186548));
#8171=DIRECTION('ref_axis',(0.707106781186548,8.65956056235494E-17,0.707106781186547));
#8172=DIRECTION('',(-0.707106781186548,0.,-0.707106781186547));
#8173=DIRECTION('',(1.22464679914735E-16,-1.,0.));
#8174=DIRECTION('',(0.577350269189626,-0.577350269189625,0.577350269189626));
#8175=DIRECTION('center_axis',(1.90920685934764E-16,-0.707106781186548,
-0.707106781186547));
#8176=DIRECTION('ref_axis',(1.,1.22464679914735E-16,1.47537943471782E-16));
#8177=DIRECTION('',(-8.65956056235493E-17,0.707106781186547,-0.707106781186548));
#8178=DIRECTION('',(1.,1.22464679914735E-16,1.47537943471782E-16));
#8179=DIRECTION('',(8.65956056235493E-17,-0.707106781186547,0.707106781186548));
#8180=DIRECTION('',(0.577350269189626,0.577350269189626,-0.577350269189626));
#8181=DIRECTION('center_axis',(1.,1.22464679914735E-16,0.));
#8182=DIRECTION('ref_axis',(-1.22464679914735E-16,1.,0.));
#8183=DIRECTION('',(0.,0.,1.));
#8184=DIRECTION('',(-1.22464679914735E-16,1.,0.));
#8185=DIRECTION('',(-1.22464679914735E-16,1.,0.));
#8186=DIRECTION('center_axis',(-0.707106781186548,-8.65956056235494E-17,
-0.707106781186547));
#8187=DIRECTION('ref_axis',(0.707106781186547,8.65956056235493E-17,-0.707106781186548));
#8188=DIRECTION('',(-0.707106781186547,0.,0.707106781186548));
#8189=DIRECTION('',(-1.22464679914735E-16,1.,0.));
#8190=DIRECTION('center_axis',(0.,0.,-1.));
#8191=DIRECTION('ref_axis',(1.,1.22464679914735E-16,0.));
#8192=DIRECTION('',(1.,0.,0.));
#8193=DIRECTION('',(-1.22464679914735E-16,1.,0.));
#8194=DIRECTION('',(1.,0.,0.));
#8195=DIRECTION('center_axis',(0.,0.,1.));
#8196=DIRECTION('ref_axis',(-1.,0.,0.));
#8197=DIRECTION('',(-1.,1.07106145265186E-16,0.));
#8198=DIRECTION('center_axis',(0.,0.,1.));
#8199=DIRECTION('ref_axis',(-1.,0.,0.));
#8200=DIRECTION('center_axis',(-1.,-1.03710912606878E-16,0.));
#8201=DIRECTION('ref_axis',(1.03710912606878E-16,-1.,0.));
#8202=DIRECTION('',(1.03710912606878E-16,-1.,0.));
#8203=DIRECTION('',(-1.22464679914735E-16,1.,0.));
#8204=DIRECTION('',(0.,0.,1.));
#8205=DIRECTION('center_axis',(0.707106781186547,7.33346895873688E-17,-0.707106781186548));
#8206=DIRECTION('ref_axis',(0.707106781186548,8.65956056235493E-17,0.707106781186547));
#8207=DIRECTION('',(-0.707106781186548,-8.65956056235493E-17,-0.707106781186547));
#8208=DIRECTION('',(1.22464679914735E-16,-1.,0.));
#8209=DIRECTION('',(0.577350269189626,-0.577350269189626,0.577350269189626));
#8210=DIRECTION('center_axis',(1.63560922225695E-16,-0.707106781186548,
-0.707106781186548));
#8211=DIRECTION('ref_axis',(1.,1.22464679914735E-16,1.08845394571094E-16));
#8212=DIRECTION('',(-1.,-1.22464679914735E-16,0.));
#8213=DIRECTION('',(0.577350269189626,0.577350269189626,-0.577350269189626));
#8214=DIRECTION('center_axis',(1.,1.22464679914735E-16,0.));
#8215=DIRECTION('ref_axis',(-1.22464679914735E-16,1.,0.));
#8216=DIRECTION('',(-1.22464679914735E-16,1.,0.));
#8217=DIRECTION('',(0.,0.,-1.));
#8218=DIRECTION('',(1.22464679914735E-16,-1.,0.));
#8219=DIRECTION('center_axis',(-0.707106781186547,-8.65956056235493E-17,
-0.707106781186548));
#8220=DIRECTION('ref_axis',(0.707106781186548,8.65956056235494E-17,-0.707106781186547));
#8221=DIRECTION('',(-0.707106781186548,-8.65956056235494E-17,0.707106781186547));
#8222=DIRECTION('',(-1.22464679914735E-16,1.,0.));
#8223=DIRECTION('center_axis',(0.,0.,1.));
#8224=DIRECTION('ref_axis',(-1.,-1.22464679914735E-16,0.));
#8225=DIRECTION('',(-1.,-1.22464679914735E-16,0.));
#8226=DIRECTION('',(1.1892321541805E-29,-1.,0.));
#8227=DIRECTION('',(1.,-2.09023736830398E-13,-8.62309145339927E-16));
#8228=DIRECTION('',(-1.,-1.22464679914735E-16,0.));
#8229=DIRECTION('center_axis',(0.,0.,-1.));
#8230=DIRECTION('ref_axis',(1.,1.22464679914735E-16,0.));
#8231=DIRECTION('',(1.,0.,0.));
#8232=DIRECTION('',(0.,-1.,0.));
#8233=DIRECTION('',(-1.,-1.22464679914735E-16,0.));
#8234=DIRECTION('',(0.,1.,0.));
#8235=DIRECTION('center_axis',(0.,0.,-1.));
#8236=DIRECTION('ref_axis',(-1.,0.,0.));
#8237=DIRECTION('',(0.,0.,-1.));
#8238=DIRECTION('center_axis',(0.,0.,1.));
#8239=DIRECTION('ref_axis',(-1.,0.,0.));
#8240=DIRECTION('',(0.,0.,-1.));
#8241=DIRECTION('center_axis',(1.,2.13379753844275E-16,0.));
#8242=DIRECTION('ref_axis',(-2.13379753844275E-16,1.,0.));
#8243=DIRECTION('',(0.,0.,1.));
#8244=DIRECTION('center_axis',(-1.,-1.22464679914735E-16,0.));
#8245=DIRECTION('ref_axis',(0.,0.,-1.));
#8246=DIRECTION('',(0.,0.,1.));
#8247=DIRECTION('center_axis',(0.,1.,0.));
#8248=DIRECTION('ref_axis',(0.,0.,1.));
#8249=DIRECTION('',(0.,0.,-1.));
#8250=DIRECTION('center_axis',(1.,1.22464679914735E-16,0.));
#8251=DIRECTION('ref_axis',(0.,0.,1.));
#8252=DIRECTION('',(0.,0.,1.));
#8253=DIRECTION('center_axis',(1.22464679914735E-16,-1.,0.));
#8254=DIRECTION('ref_axis',(0.,0.,1.));
#8255=DIRECTION('',(0.,0.,-1.));
#8256=DIRECTION('center_axis',(-1.,-1.22464679914735E-16,0.));
#8257=DIRECTION('ref_axis',(0.,0.,-1.));
#8258=DIRECTION('',(0.,0.,1.));
#8259=DIRECTION('center_axis',(0.,1.,0.));
#8260=DIRECTION('ref_axis',(0.,0.,1.));
#8261=DIRECTION('center_axis',(0.,0.,1.));
#8262=DIRECTION('ref_axis',(1.83697019872103E-16,1.,0.));
#8263=DIRECTION('',(0.,0.,-1.));
#8264=DIRECTION('',(0.,0.,1.));
#8265=DIRECTION('center_axis',(-1.07106145265186E-16,-1.,0.));
#8266=DIRECTION('ref_axis',(1.,-1.07106145265186E-16,0.));
#8267=DIRECTION('center_axis',(2.09023736830398E-13,1.,1.0005500864606E-44));
#8268=DIRECTION('ref_axis',(-4.78677733750613E-32,0.,1.));
#8269=DIRECTION('',(-4.78677733750613E-32,0.,1.));
#8270=DIRECTION('center_axis',(1.22464679914735E-16,-1.,0.));
#8271=DIRECTION('ref_axis',(0.,0.,1.));
#8272=DIRECTION('',(3.36431219583381E-16,4.12009416196028E-32,1.));
#8273=DIRECTION('center_axis',(1.,1.22464679914735E-16,-3.36431219583381E-16));
#8274=DIRECTION('ref_axis',(3.36431219583381E-16,4.12009416196028E-32,1.));
#8275=DIRECTION('',(3.36431219583381E-16,4.12009416196028E-32,1.));
#8276=DIRECTION('center_axis',(1.22464679914735E-16,-1.,0.));
#8277=DIRECTION('ref_axis',(0.,0.,1.));
#8278=DIRECTION('',(0.,0.,-1.));
#8279=DIRECTION('center_axis',(-1.,-1.22464679914735E-16,0.));
#8280=DIRECTION('ref_axis',(0.,0.,-1.));
#8281=DIRECTION('',(0.,0.,-1.));
#8282=DIRECTION('center_axis',(1.22464679914735E-16,-1.,0.));
#8283=DIRECTION('ref_axis',(0.,0.,1.));
#8284=DIRECTION('',(0.,0.,1.));
#8285=DIRECTION('center_axis',(1.,1.22464679914735E-16,0.));
#8286=DIRECTION('ref_axis',(0.,0.,1.));
#8287=DIRECTION('center_axis',(1.,1.22464679914735E-16,0.));
#8288=DIRECTION('ref_axis',(1.22464679914735E-16,-1.,0.));
#8289=DIRECTION('',(0.,0.,1.));
#8290=DIRECTION('',(0.,0.,-1.));
#8291=DIRECTION('center_axis',(0.,1.,0.));
#8292=DIRECTION('ref_axis',(0.,0.,1.));
#8293=DIRECTION('',(0.,0.,1.));
#8294=DIRECTION('center_axis',(-1.,-1.22464679914735E-16,0.));
#8295=DIRECTION('ref_axis',(-1.22464679914735E-16,1.,0.));
#8296=DIRECTION('',(0.,0.,-1.));
#8297=DIRECTION('center_axis',(0.,1.,0.));
#8298=DIRECTION('ref_axis',(0.,0.,1.));
#8299=DIRECTION('center_axis',(0.,0.,1.));
#8300=DIRECTION('ref_axis',(-1.,0.,0.));
#8301=DIRECTION('center_axis',(0.,0.,-1.));
#8302=DIRECTION('ref_axis',(0.707106781186485,0.70710678118661,0.));
#8303=DIRECTION('center_axis',(0.,0.,1.));
#8304=DIRECTION('ref_axis',(0.707106781186485,0.70710678118661,0.));
#8305=DIRECTION('',(0.,0.,-1.));
#8306=DIRECTION('center_axis',(0.,0.,-1.));
#8307=DIRECTION('ref_axis',(0.707106781186485,0.70710678118661,0.));
#8308=DIRECTION('',(0.,0.,1.));
#8309=DIRECTION('center_axis',(0.,1.,0.));
#8310=DIRECTION('ref_axis',(1.,0.,0.));
#8311=DIRECTION('',(1.,0.,0.));
#8312=DIRECTION('',(0.,0.,1.));
#8313=DIRECTION('',(-1.,0.,0.));
#8314=DIRECTION('center_axis',(0.,0.,-1.));
#8315=DIRECTION('ref_axis',(-0.707106781186485,0.70710678118661,0.));
#8316=DIRECTION('center_axis',(0.,0.,1.));
#8317=DIRECTION('ref_axis',(-0.707106781186485,0.70710678118661,0.));
#8318=DIRECTION('',(0.,0.,-1.));
#8319=DIRECTION('center_axis',(0.,0.,-1.));
#8320=DIRECTION('ref_axis',(-0.707106781186485,0.70710678118661,0.));
#8321=DIRECTION('center_axis',(-1.,0.,0.));
#8322=DIRECTION('ref_axis',(0.,1.,0.));
#8323=DIRECTION('',(0.,1.,0.));
#8324=DIRECTION('',(0.,0.,-1.));
#8325=DIRECTION('',(0.,-1.,0.));
#8326=DIRECTION('center_axis',(0.,0.,-1.));
#8327=DIRECTION('ref_axis',(0.707106781186558,0.707106781186537,0.));
#8328=DIRECTION('center_axis',(0.,0.,1.));
#8329=DIRECTION('ref_axis',(0.707106781186558,0.707106781186537,0.));
#8330=DIRECTION('',(0.,0.,-1.));
#8331=DIRECTION('center_axis',(0.,0.,-1.));
#8332=DIRECTION('ref_axis',(0.707106781186558,0.707106781186537,0.));
#8333=DIRECTION('',(0.,0.,1.));
#8334=DIRECTION('center_axis',(0.,1.,0.));
#8335=DIRECTION('ref_axis',(1.,0.,0.));
#8336=DIRECTION('',(1.,0.,0.));
#8337=DIRECTION('',(0.,0.,1.));
#8338=DIRECTION('',(-1.,0.,0.));
#8339=DIRECTION('center_axis',(0.,0.,-1.));
#8340=DIRECTION('ref_axis',(-0.707106781186516,0.707106781186579,0.));
#8341=DIRECTION('center_axis',(0.,0.,1.));
#8342=DIRECTION('ref_axis',(-0.707106781186516,0.707106781186579,0.));
#8343=DIRECTION('',(0.,0.,-1.));
#8344=DIRECTION('center_axis',(0.,0.,-1.));
#8345=DIRECTION('ref_axis',(-0.707106781186516,0.707106781186579,0.));
#8346=DIRECTION('center_axis',(-1.,0.,0.));
#8347=DIRECTION('ref_axis',(0.,1.,0.));
#8348=DIRECTION('',(0.,1.,0.));
#8349=DIRECTION('',(0.,0.,-1.));
#8350=DIRECTION('',(0.,-1.,0.));
#8351=DIRECTION('center_axis',(0.,0.,-1.));
#8352=DIRECTION('ref_axis',(-0.707106781186568,0.707106781186527,0.));
#8353=DIRECTION('center_axis',(0.,0.,1.));
#8354=DIRECTION('ref_axis',(-0.707106781186568,0.707106781186527,0.));
#8355=DIRECTION('',(0.,0.,-1.));
#8356=DIRECTION('center_axis',(0.,0.,-1.));
#8357=DIRECTION('ref_axis',(-0.707106781186568,0.707106781186527,0.));
#8358=DIRECTION('',(0.,0.,1.));
#8359=DIRECTION('center_axis',(-1.,0.,0.));
#8360=DIRECTION('ref_axis',(0.,1.,0.));
#8361=DIRECTION('',(0.,1.,0.));
#8362=DIRECTION('',(0.,0.,-1.));
#8363=DIRECTION('',(0.,-1.,0.));
#8364=DIRECTION('center_axis',(0.,0.,-1.));
#8365=DIRECTION('ref_axis',(0.707106781186568,0.707106781186527,0.));
#8366=DIRECTION('center_axis',(0.,0.,1.));
#8367=DIRECTION('ref_axis',(0.707106781186568,0.707106781186527,0.));
#8368=DIRECTION('',(0.,0.,-1.));
#8369=DIRECTION('center_axis',(0.,0.,-1.));
#8370=DIRECTION('ref_axis',(0.707106781186568,0.707106781186527,0.));
#8371=DIRECTION('',(0.,0.,1.));
#8372=DIRECTION('center_axis',(0.,1.,0.));
#8373=DIRECTION('ref_axis',(1.,0.,0.));
#8374=DIRECTION('',(-1.,0.,0.));
#8375=DIRECTION('',(1.,0.,0.));
#8376=DIRECTION('center_axis',(0.,-1.,0.));
#8377=DIRECTION('ref_axis',(0.,0.,-1.));
#8378=DIRECTION('',(1.,0.,0.));
#8379=DIRECTION('',(-1.,0.,0.));
#8380=DIRECTION('',(0.,0.,1.));
#8381=DIRECTION('center_axis',(0.,-1.,0.));
#8382=DIRECTION('ref_axis',(0.,0.,-1.));
#8383=DIRECTION('',(1.,0.,0.));
#8384=DIRECTION('',(-1.,0.,0.));
#8385=DIRECTION('',(0.,0.,1.));
#8386=DIRECTION('center_axis',(0.,-1.,0.));
#8387=DIRECTION('ref_axis',(0.,0.,-1.));
#8388=DIRECTION('',(1.,0.,0.));
#8389=DIRECTION('',(-1.,0.,0.));
#8390=DIRECTION('',(0.,0.,1.));
#8391=DIRECTION('center_axis',(1.,0.,0.));
#8392=DIRECTION('ref_axis',(0.,-1.,0.));
#8393=DIRECTION('',(0.,1.,0.));
#8394=DIRECTION('',(0.,-1.,0.));
#8395=DIRECTION('center_axis',(1.,0.,0.));
#8396=DIRECTION('ref_axis',(0.,-1.,0.));
#8397=DIRECTION('',(0.,1.,0.));
#8398=DIRECTION('',(0.,-1.,0.));
#8399=DIRECTION('center_axis',(1.,0.,0.));
#8400=DIRECTION('ref_axis',(0.,-1.,0.));
#8401=DIRECTION('',(0.,1.,0.));
#8402=DIRECTION('',(0.,-1.,0.));
#8403=DIRECTION('center_axis',(0.707106781186547,0.,-0.707106781186548));
#8404=DIRECTION('ref_axis',(-0.707106781186548,0.,-0.707106781186547));
#8405=DIRECTION('',(-0.707106781186548,0.,-0.707106781186547));
#8406=DIRECTION('',(0.,1.,0.));
#8407=DIRECTION('',(0.707106781186548,0.,0.707106781186547));
#8408=DIRECTION('',(0.,-1.,0.));
#8409=DIRECTION('center_axis',(0.,0.,-1.));
#8410=DIRECTION('ref_axis',(-1.,0.,0.));
#8411=DIRECTION('',(-1.,0.,0.));
#8412=DIRECTION('',(2.60470287738539E-17,1.,0.));
#8413=DIRECTION('',(-1.,0.,0.));
#8414=DIRECTION('center_axis',(0.,-1.,0.));
#8415=DIRECTION('ref_axis',(1.,0.,0.));
#8416=DIRECTION('',(0.,0.,1.));
#8417=DIRECTION('',(1.,0.,0.));
#8418=DIRECTION('',(0.,0.,1.));
#8419=DIRECTION('center_axis',(0.,-1.,0.));
#8420=DIRECTION('ref_axis',(1.,0.,0.));
#8421=DIRECTION('center_axis',(-0.707106781186547,0.,-0.707106781186548));
#8422=DIRECTION('ref_axis',(-0.707106781186548,0.,0.707106781186547));
#8423=DIRECTION('',(0.707106781186548,0.,-0.707106781186547));
#8424=DIRECTION('',(0.,-1.,0.));
#8425=DIRECTION('',(-0.707106781186548,0.,0.707106781186547));
#8426=DIRECTION('',(0.,1.,0.));
#8427=DIRECTION('center_axis',(1.,0.,0.));
#8428=DIRECTION('ref_axis',(0.,0.,-1.));
#8429=DIRECTION('',(0.,0.,-1.));
#8430=DIRECTION('',(0.,1.,0.));
#8431=DIRECTION('',(0.,0.,1.));
#8432=DIRECTION('center_axis',(0.,-1.,0.));
#8433=DIRECTION('ref_axis',(1.,0.,0.));
#8434=DIRECTION('',(-1.,0.,0.));
#8435=DIRECTION('',(0.,0.,-1.));
#8436=DIRECTION('',(1.,0.,0.));
#8437=DIRECTION('center_axis',(0.,-1.,0.));
#8438=DIRECTION('ref_axis',(1.,0.,0.));
#8439=DIRECTION('center_axis',(0.,-1.,0.));
#8440=DIRECTION('ref_axis',(1.,0.,0.));
#8441=DIRECTION('',(0.70710678118654,0.707106781186555,8.65956056235484E-17));
#8442=DIRECTION('center_axis',(0.,1.,0.));
#8443=DIRECTION('ref_axis',(1.,0.,0.));
#8444=DIRECTION('center_axis',(0.,1.,0.));
#8445=DIRECTION('ref_axis',(1.,0.,0.));
#8446=DIRECTION('center_axis',(0.,-1.,0.));
#8447=DIRECTION('ref_axis',(1.,0.,0.));
#8448=DIRECTION('',(0.,-1.,0.));
#8449=DIRECTION('center_axis',(0.,-1.,0.));
#8450=DIRECTION('ref_axis',(1.,0.,0.));
#8451=DIRECTION('',(0.707106781186547,0.707106781186548,8.65956056235493E-17));
#8452=DIRECTION('center_axis',(0.,1.,0.));
#8453=DIRECTION('ref_axis',(1.,0.,0.));
#8454=DIRECTION('center_axis',(0.,1.,0.));
#8455=DIRECTION('ref_axis',(1.,0.,0.));
#8456=DIRECTION('center_axis',(0.,-1.,0.));
#8457=DIRECTION('ref_axis',(1.,0.,0.));
#8458=DIRECTION('',(0.,-1.,0.));
#8459=DIRECTION('center_axis',(0.,0.,1.));
#8460=DIRECTION('ref_axis',(1.,0.,0.));
#8461=DIRECTION('',(0.,1.,0.));
#8462=DIRECTION('',(1.,0.,0.));
#8463=DIRECTION('center_axis',(-1.,0.,0.));
#8464=DIRECTION('ref_axis',(0.,0.,1.));
#8465=DIRECTION('',(0.,0.,-1.));
#8466=DIRECTION('',(0.,-1.,0.));
#8467=DIRECTION('center_axis',(0.,0.,1.));
#8468=DIRECTION('ref_axis',(1.,0.,0.));
#8469=DIRECTION('',(1.,0.,0.));
#8470=DIRECTION('',(-2.60470287738539E-17,-1.,0.));
#8471=DIRECTION('center_axis',(0.,-1.,0.));
#8472=DIRECTION('ref_axis',(1.,0.,0.));
#8473=DIRECTION('',(0.,0.,-1.));
#8474=DIRECTION('center_axis',(0.,0.,-1.));
#8475=DIRECTION('ref_axis',(-1.,0.,0.));
#8476=DIRECTION('',(-1.,0.,0.));
#8477=DIRECTION('',(0.,-1.,0.));
#8478=DIRECTION('center_axis',(0.,-1.,0.));
#8479=DIRECTION('ref_axis',(1.,0.,0.));
#8480=DIRECTION('',(0.,0.,1.));
#8481=DIRECTION('center_axis',(0.,0.,1.));
#8482=DIRECTION('ref_axis',(0.,-1.,0.));
#8483=DIRECTION('',(1.,0.,0.));
#8484=DIRECTION('',(0.,1.,0.));
#8485=DIRECTION('',(1.,4.99397480854723E-17,0.));
#8486=DIRECTION('',(0.,-1.,0.));
#8487=DIRECTION('center_axis',(0.,0.,1.));
#8488=DIRECTION('ref_axis',(-1.,0.,0.));
#8489=DIRECTION('',(0.,-1.,0.));
#8490=DIRECTION('center_axis',(0.,0.,1.));
#8491=DIRECTION('ref_axis',(1.,0.,0.));
#8492=DIRECTION('',(0.,1.,0.));
#8493=DIRECTION('center_axis',(0.,0.,1.));
#8494=DIRECTION('ref_axis',(-1.,0.,0.));
#8495=DIRECTION('',(0.,-1.,0.));
#8496=DIRECTION('center_axis',(0.,0.,1.));
#8497=DIRECTION('ref_axis',(1.,0.,0.));
#8498=DIRECTION('',(0.,1.,0.));
#8499=DIRECTION('center_axis',(0.,0.,1.));
#8500=DIRECTION('ref_axis',(-1.,0.,0.));
#8501=DIRECTION('',(0.,-1.,0.));
#8502=DIRECTION('center_axis',(0.,0.,1.));
#8503=DIRECTION('ref_axis',(1.,0.,0.));
#8504=DIRECTION('',(0.,1.,0.));
#8505=DIRECTION('center_axis',(0.,0.,-1.));
#8506=DIRECTION('ref_axis',(-1.,0.,0.));
#8507=DIRECTION('center_axis',(0.,0.,1.));
#8508=DIRECTION('ref_axis',(-1.,0.,0.));
#8509=DIRECTION('',(0.,-1.,0.));
#8510=DIRECTION('center_axis',(0.,0.,1.));
#8511=DIRECTION('ref_axis',(1.,0.,0.));
#8512=DIRECTION('',(0.,1.,0.));
#8513=DIRECTION('center_axis',(0.,0.,1.));
#8514=DIRECTION('ref_axis',(-1.,0.,0.));
#8515=DIRECTION('',(0.,-1.,0.));
#8516=DIRECTION('center_axis',(0.,0.,1.));
#8517=DIRECTION('ref_axis',(1.,0.,0.));
#8518=DIRECTION('',(0.,1.,0.));
#8519=DIRECTION('center_axis',(0.,0.,1.));
#8520=DIRECTION('ref_axis',(-1.,0.,0.));
#8521=DIRECTION('',(0.,-1.,0.));
#8522=DIRECTION('center_axis',(0.,0.,1.));
#8523=DIRECTION('ref_axis',(1.,0.,0.));
#8524=DIRECTION('',(0.,1.,0.));
#8525=DIRECTION('center_axis',(0.,0.,1.));
#8526=DIRECTION('ref_axis',(-1.,0.,0.));
#8527=DIRECTION('',(-0.707106781186542,0.,0.707106781186553));
#8528=DIRECTION('',(-0.707106781186542,0.,-0.707106781186553));
#8529=DIRECTION('center_axis',(0.,0.,-1.));
#8530=DIRECTION('ref_axis',(-1.,0.,0.));
#8531=DIRECTION('center_axis',(0.707106781186553,0.,0.707106781186542));
#8532=DIRECTION('ref_axis',(0.707106781186542,0.,-0.707106781186553));
#8533=DIRECTION('',(-0.707106781186542,0.,0.707106781186553));
#8534=DIRECTION('',(0.,1.,0.));
#8535=DIRECTION('center_axis',(0.,0.,1.));
#8536=DIRECTION('ref_axis',(1.,0.,0.));
#8537=DIRECTION('',(0.707106781186542,0.,0.707106781186553));
#8538=DIRECTION('center_axis',(0.,0.,-1.));
#8539=DIRECTION('ref_axis',(1.,0.,0.));
#8540=DIRECTION('center_axis',(-0.707106781186553,0.,0.707106781186542));
#8541=DIRECTION('ref_axis',(0.707106781186542,0.,0.707106781186553));
#8542=DIRECTION('',(0.,-1.,0.));
#8543=DIRECTION('center_axis',(-1.,0.,0.));
#8544=DIRECTION('ref_axis',(0.,1.,0.));
#8545=DIRECTION('',(0.,0.,-1.));
#8546=DIRECTION('',(0.,-1.,0.));
#8547=DIRECTION('',(0.,0.,-1.));
#8548=DIRECTION('center_axis',(0.,0.,-1.));
#8549=DIRECTION('ref_axis',(-1.,0.,0.));
#8550=DIRECTION('',(0.,0.,-1.));
#8551=DIRECTION('center_axis',(0.,0.,1.));
#8552=DIRECTION('ref_axis',(-1.,0.,0.));
#8553=DIRECTION('center_axis',(0.,0.,1.));
#8554=DIRECTION('ref_axis',(-1.,0.,0.));
#8555=DIRECTION('',(-0.707106781186542,0.,0.707106781186553));
#8556=DIRECTION('',(-0.707106781186548,0.,-0.707106781186548));
#8557=DIRECTION('center_axis',(0.,0.,-1.));
#8558=DIRECTION('ref_axis',(-1.,0.,0.));
#8559=DIRECTION('center_axis',(0.707106781186553,0.,0.707106781186542));
#8560=DIRECTION('ref_axis',(0.707106781186542,0.,-0.707106781186553));
#8561=DIRECTION('',(-0.707106781186542,0.,0.707106781186553));
#8562=DIRECTION('',(0.,1.,0.));
#8563=DIRECTION('center_axis',(0.,0.,1.));
#8564=DIRECTION('ref_axis',(1.,0.,0.));
#8565=DIRECTION('',(0.707106781186537,0.,0.707106781186558));
#8566=DIRECTION('center_axis',(0.,0.,-1.));
#8567=DIRECTION('ref_axis',(1.,0.,0.));
#8568=DIRECTION('center_axis',(-0.707106781186548,0.,0.707106781186548));
#8569=DIRECTION('ref_axis',(0.707106781186548,0.,0.707106781186548));
#8570=DIRECTION('',(0.,-1.,0.));
#8571=DIRECTION('center_axis',(-1.,0.,0.));
#8572=DIRECTION('ref_axis',(0.,1.,0.));
#8573=DIRECTION('',(0.,0.,-1.));
#8574=DIRECTION('',(0.,-1.,0.));
#8575=DIRECTION('',(0.,0.,-1.));
#8576=DIRECTION('center_axis',(0.,0.,-1.));
#8577=DIRECTION('ref_axis',(-1.,0.,0.));
#8578=DIRECTION('',(0.,0.,-1.));
#8579=DIRECTION('center_axis',(0.,0.,1.));
#8580=DIRECTION('ref_axis',(-1.,0.,0.));
#8581=DIRECTION('center_axis',(0.,0.,1.));
#8582=DIRECTION('ref_axis',(-1.,0.,0.));
#8583=DIRECTION('',(-0.707106781186548,0.,0.707106781186548));
#8584=DIRECTION('',(-0.707106781186548,0.,-0.707106781186548));
#8585=DIRECTION('center_axis',(0.,0.,-1.));
#8586=DIRECTION('ref_axis',(-1.,0.,0.));
#8587=DIRECTION('center_axis',(0.707106781186548,0.,0.707106781186548));
#8588=DIRECTION('ref_axis',(0.707106781186548,0.,-0.707106781186548));
#8589=DIRECTION('',(-0.707106781186548,0.,0.707106781186548));
#8590=DIRECTION('',(0.,1.,0.));
#8591=DIRECTION('center_axis',(0.,0.,1.));
#8592=DIRECTION('ref_axis',(1.,0.,0.));
#8593=DIRECTION('',(0.707106781186537,0.,0.707106781186558));
#8594=DIRECTION('center_axis',(0.,0.,-1.));
#8595=DIRECTION('ref_axis',(1.,0.,0.));
#8596=DIRECTION('center_axis',(-0.707106781186548,0.,0.707106781186548));
#8597=DIRECTION('ref_axis',(0.707106781186548,0.,0.707106781186548));
#8598=DIRECTION('',(0.,-1.,0.));
#8599=DIRECTION('center_axis',(-1.,0.,0.));
#8600=DIRECTION('ref_axis',(0.,1.,0.));
#8601=DIRECTION('',(0.,0.,-1.));
#8602=DIRECTION('',(0.,-1.,0.));
#8603=DIRECTION('',(0.,0.,-1.));
#8604=DIRECTION('center_axis',(0.,0.,-1.));
#8605=DIRECTION('ref_axis',(-1.,0.,0.));
#8606=DIRECTION('',(0.,0.,-1.));
#8607=DIRECTION('center_axis',(0.,0.,1.));
#8608=DIRECTION('ref_axis',(-1.,0.,0.));
#8609=DIRECTION('center_axis',(0.,0.,1.));
#8610=DIRECTION('ref_axis',(-1.,0.,0.));
#8611=DIRECTION('',(-0.707106781186548,0.,0.707106781186548));
#8612=DIRECTION('',(-0.707106781186548,0.,-0.707106781186548));
#8613=DIRECTION('center_axis',(0.,0.,-1.));
#8614=DIRECTION('ref_axis',(-1.,0.,0.));
#8615=DIRECTION('center_axis',(0.707106781186548,0.,0.707106781186548));
#8616=DIRECTION('ref_axis',(0.707106781186548,0.,-0.707106781186548));
#8617=DIRECTION('',(-0.707106781186548,0.,0.707106781186548));
#8618=DIRECTION('',(0.,1.,0.));
#8619=DIRECTION('center_axis',(0.,0.,1.));
#8620=DIRECTION('ref_axis',(1.,0.,0.));
#8621=DIRECTION('',(0.707106781186537,0.,0.707106781186558));
#8622=DIRECTION('center_axis',(0.,0.,-1.));
#8623=DIRECTION('ref_axis',(1.,0.,0.));
#8624=DIRECTION('center_axis',(-0.707106781186548,0.,0.707106781186548));
#8625=DIRECTION('ref_axis',(0.707106781186548,0.,0.707106781186548));
#8626=DIRECTION('',(0.,-1.,0.));
#8627=DIRECTION('center_axis',(-1.,0.,0.));
#8628=DIRECTION('ref_axis',(0.,1.,0.));
#8629=DIRECTION('',(0.,0.,-1.));
#8630=DIRECTION('',(0.,-1.,0.));
#8631=DIRECTION('',(0.,0.,-1.));
#8632=DIRECTION('center_axis',(0.,0.,-1.));
#8633=DIRECTION('ref_axis',(-1.,0.,0.));
#8634=DIRECTION('',(0.,0.,-1.));
#8635=DIRECTION('center_axis',(0.,0.,1.));
#8636=DIRECTION('ref_axis',(-1.,0.,0.));
#8637=DIRECTION('center_axis',(0.,0.,1.));
#8638=DIRECTION('ref_axis',(-1.,0.,0.));
#8639=DIRECTION('',(-0.707106781186548,0.,0.707106781186548));
#8640=DIRECTION('',(-0.707106781186548,0.,-0.707106781186548));
#8641=DIRECTION('center_axis',(0.,0.,-1.));
#8642=DIRECTION('ref_axis',(-1.,0.,0.));
#8643=DIRECTION('center_axis',(0.707106781186548,0.,0.707106781186548));
#8644=DIRECTION('ref_axis',(0.707106781186548,0.,-0.707106781186548));
#8645=DIRECTION('',(-0.707106781186548,0.,0.707106781186548));
#8646=DIRECTION('',(0.,1.,0.));
#8647=DIRECTION('center_axis',(0.,0.,1.));
#8648=DIRECTION('ref_axis',(1.,0.,0.));
#8649=DIRECTION('',(0.707106781186537,0.,0.707106781186558));
#8650=DIRECTION('center_axis',(0.,0.,-1.));
#8651=DIRECTION('ref_axis',(1.,0.,0.));
#8652=DIRECTION('center_axis',(-0.707106781186548,0.,0.707106781186548));
#8653=DIRECTION('ref_axis',(0.707106781186548,0.,0.707106781186548));
#8654=DIRECTION('',(0.,-1.,0.));
#8655=DIRECTION('center_axis',(-1.,0.,0.));
#8656=DIRECTION('ref_axis',(0.,1.,0.));
#8657=DIRECTION('',(0.,0.,-1.));
#8658=DIRECTION('',(0.,-1.,0.));
#8659=DIRECTION('',(0.,0.,-1.));
#8660=DIRECTION('center_axis',(0.,0.,-1.));
#8661=DIRECTION('ref_axis',(-1.,0.,0.));
#8662=DIRECTION('',(0.,0.,-1.));
#8663=DIRECTION('center_axis',(0.,0.,1.));
#8664=DIRECTION('ref_axis',(-1.,0.,0.));
#8665=DIRECTION('center_axis',(0.,0.,1.));
#8666=DIRECTION('ref_axis',(-1.,0.,0.));
#8667=DIRECTION('',(-0.707106781186537,0.,0.707106781186558));
#8668=DIRECTION('',(-0.707106781186537,0.,-0.707106781186558));
#8669=DIRECTION('center_axis',(0.,0.,-1.));
#8670=DIRECTION('ref_axis',(-1.,0.,0.));
#8671=DIRECTION('center_axis',(0.707106781186548,0.,0.707106781186548));
#8672=DIRECTION('ref_axis',(0.707106781186548,0.,-0.707106781186548));
#8673=DIRECTION('',(-0.707106781186548,0.,0.707106781186548));
#8674=DIRECTION('',(0.,1.,0.));
#8675=DIRECTION('center_axis',(0.,0.,1.));
#8676=DIRECTION('ref_axis',(1.,0.,0.));
#8677=DIRECTION('',(0.707106781186537,0.,0.707106781186558));
#8678=DIRECTION('center_axis',(0.,0.,-1.));
#8679=DIRECTION('ref_axis',(1.,0.,0.));
#8680=DIRECTION('center_axis',(-0.707106781186548,0.,0.707106781186548));
#8681=DIRECTION('ref_axis',(0.707106781186548,0.,0.707106781186548));
#8682=DIRECTION('',(0.,-1.,0.));
#8683=DIRECTION('center_axis',(-1.,0.,0.));
#8684=DIRECTION('ref_axis',(0.,1.,0.));
#8685=DIRECTION('',(0.,0.,-1.));
#8686=DIRECTION('',(0.,-1.,0.));
#8687=DIRECTION('',(0.,0.,-1.));
#8688=DIRECTION('center_axis',(0.,0.,-1.));
#8689=DIRECTION('ref_axis',(-1.,0.,0.));
#8690=DIRECTION('',(0.,0.,-1.));
#8691=DIRECTION('center_axis',(0.,0.,1.));
#8692=DIRECTION('ref_axis',(-1.,0.,0.));
#8693=DIRECTION('center_axis',(0.,0.,1.));
#8694=DIRECTION('ref_axis',(0.,-1.,0.));
#8695=DIRECTION('',(0.,-1.,0.));
#8696=DIRECTION('',(-1.,0.,0.));
#8697=DIRECTION('',(-2.60470287738539E-17,-1.,0.));
#8698=DIRECTION('',(-1.,0.,0.));
#8699=DIRECTION('',(0.,1.,0.));
#8700=DIRECTION('',(-1.,0.,0.));
#8701=DIRECTION('',(0.,1.,0.));
#8702=DIRECTION('',(-1.,0.,0.));
#8703=DIRECTION('center_axis',(0.,0.,-1.));
#8704=DIRECTION('ref_axis',(-1.,0.,0.));
#8705=DIRECTION('',(0.,-1.,0.));
#8706=DIRECTION('center_axis',(0.,0.,-1.));
#8707=DIRECTION('ref_axis',(1.,0.,0.));
#8708=DIRECTION('',(0.,1.,0.));
#8709=DIRECTION('center_axis',(0.,0.,-1.));
#8710=DIRECTION('ref_axis',(-1.,0.,0.));
#8711=DIRECTION('',(0.,-1.,0.));
#8712=DIRECTION('center_axis',(0.,0.,-1.));
#8713=DIRECTION('ref_axis',(1.,0.,0.));
#8714=DIRECTION('',(0.,1.,0.));
#8715=DIRECTION('center_axis',(0.,0.,-1.));
#8716=DIRECTION('ref_axis',(-1.,0.,0.));
#8717=DIRECTION('',(0.,-1.,0.));
#8718=DIRECTION('center_axis',(0.,0.,-1.));
#8719=DIRECTION('ref_axis',(1.,0.,0.));
#8720=DIRECTION('',(0.,1.,0.));
#8721=DIRECTION('center_axis',(0.,0.,1.));
#8722=DIRECTION('ref_axis',(-1.,0.,0.));
#8723=DIRECTION('center_axis',(0.,0.,-1.));
#8724=DIRECTION('ref_axis',(-1.,0.,0.));
#8725=DIRECTION('',(0.,-1.,0.));
#8726=DIRECTION('center_axis',(0.,0.,-1.));
#8727=DIRECTION('ref_axis',(1.,0.,0.));
#8728=DIRECTION('',(0.,1.,0.));
#8729=DIRECTION('center_axis',(0.,0.,-1.));
#8730=DIRECTION('ref_axis',(-1.,0.,0.));
#8731=DIRECTION('',(0.,-1.,0.));
#8732=DIRECTION('center_axis',(0.,0.,-1.));
#8733=DIRECTION('ref_axis',(1.,0.,0.));
#8734=DIRECTION('',(0.,1.,0.));
#8735=DIRECTION('center_axis',(0.,0.,-1.));
#8736=DIRECTION('ref_axis',(-1.,0.,0.));
#8737=DIRECTION('',(0.,-1.,0.));
#8738=DIRECTION('center_axis',(0.,0.,-1.));
#8739=DIRECTION('ref_axis',(1.,0.,0.));
#8740=DIRECTION('',(0.,1.,0.));
#8741=DIRECTION('center_axis',(0.,0.,-1.));
#8742=DIRECTION('ref_axis',(-1.,0.,0.));
#8743=DIRECTION('',(0.707106781186542,0.,-0.707106781186553));
#8744=DIRECTION('',(0.707106781186542,0.,0.707106781186553));
#8745=DIRECTION('center_axis',(-0.707106781186553,0.,-0.707106781186542));
#8746=DIRECTION('ref_axis',(-0.707106781186542,0.,0.707106781186553));
#8747=DIRECTION('',(0.707106781186542,0.,-0.707106781186553));
#8748=DIRECTION('',(0.,1.,0.));
#8749=DIRECTION('center_axis',(0.,0.,-1.));
#8750=DIRECTION('ref_axis',(1.,0.,0.));
#8751=DIRECTION('',(-0.707106781186542,0.,-0.707106781186553));
#8752=DIRECTION('center_axis',(0.,0.,1.));
#8753=DIRECTION('ref_axis',(1.,0.,0.));
#8754=DIRECTION('center_axis',(0.707106781186553,0.,-0.707106781186542));
#8755=DIRECTION('ref_axis',(-0.707106781186542,0.,-0.707106781186553));
#8756=DIRECTION('center_axis',(1.,0.,0.));
#8757=DIRECTION('ref_axis',(0.,-1.,0.));
#8758=DIRECTION('',(0.,0.,-1.));
#8759=DIRECTION('center_axis',(0.,0.,-1.));
#8760=DIRECTION('ref_axis',(-1.,0.,0.));
#8761=DIRECTION('',(0.707106781186548,0.,-0.707106781186548));
#8762=DIRECTION('',(0.707106781186542,0.,0.707106781186553));
#8763=DIRECTION('center_axis',(-0.707106781186548,0.,-0.707106781186548));
#8764=DIRECTION('ref_axis',(-0.707106781186548,0.,0.707106781186548));
#8765=DIRECTION('',(0.707106781186548,0.,-0.707106781186548));
#8766=DIRECTION('',(0.,1.,0.));
#8767=DIRECTION('center_axis',(0.,0.,-1.));
#8768=DIRECTION('ref_axis',(1.,0.,0.));
#8769=DIRECTION('',(-0.707106781186542,0.,-0.707106781186553));
#8770=DIRECTION('center_axis',(0.,0.,1.));
#8771=DIRECTION('ref_axis',(1.,0.,0.));
#8772=DIRECTION('center_axis',(0.707106781186553,0.,-0.707106781186542));
#8773=DIRECTION('ref_axis',(-0.707106781186542,0.,-0.707106781186553));
#8774=DIRECTION('center_axis',(1.,0.,0.));
#8775=DIRECTION('ref_axis',(0.,-1.,0.));
#8776=DIRECTION('',(0.,0.,-1.));
#8777=DIRECTION('center_axis',(0.,0.,-1.));
#8778=DIRECTION('ref_axis',(-1.,0.,0.));
#8779=DIRECTION('',(0.707106781186548,0.,-0.707106781186548));
#8780=DIRECTION('',(0.707106781186548,0.,0.707106781186548));
#8781=DIRECTION('center_axis',(-0.707106781186548,0.,-0.707106781186548));
#8782=DIRECTION('ref_axis',(-0.707106781186548,0.,0.707106781186548));
#8783=DIRECTION('',(0.707106781186548,0.,-0.707106781186548));
#8784=DIRECTION('',(0.,1.,0.));
#8785=DIRECTION('center_axis',(0.,0.,-1.));
#8786=DIRECTION('ref_axis',(1.,0.,0.));
#8787=DIRECTION('',(-0.707106781186537,0.,-0.707106781186558));
#8788=DIRECTION('center_axis',(0.,0.,1.));
#8789=DIRECTION('ref_axis',(1.,0.,0.));
#8790=DIRECTION('center_axis',(0.707106781186548,0.,-0.707106781186548));
#8791=DIRECTION('ref_axis',(-0.707106781186548,0.,-0.707106781186548));
#8792=DIRECTION('center_axis',(1.,0.,0.));
#8793=DIRECTION('ref_axis',(0.,-1.,0.));
#8794=DIRECTION('',(0.,0.,-1.));
#8795=DIRECTION('center_axis',(0.,0.,-1.));
#8796=DIRECTION('ref_axis',(-1.,0.,0.));
#8797=DIRECTION('',(0.707106781186548,0.,-0.707106781186548));
#8798=DIRECTION('',(0.707106781186548,0.,0.707106781186548));
#8799=DIRECTION('center_axis',(-0.707106781186548,0.,-0.707106781186548));
#8800=DIRECTION('ref_axis',(-0.707106781186548,0.,0.707106781186548));
#8801=DIRECTION('',(0.707106781186548,0.,-0.707106781186548));
#8802=DIRECTION('',(0.,1.,0.));
#8803=DIRECTION('center_axis',(0.,0.,-1.));
#8804=DIRECTION('ref_axis',(1.,0.,0.));
#8805=DIRECTION('',(-0.707106781186537,0.,-0.707106781186558));
#8806=DIRECTION('center_axis',(0.,0.,1.));
#8807=DIRECTION('ref_axis',(1.,0.,0.));
#8808=DIRECTION('center_axis',(0.707106781186548,0.,-0.707106781186548));
#8809=DIRECTION('ref_axis',(-0.707106781186548,0.,-0.707106781186548));
#8810=DIRECTION('center_axis',(1.,0.,0.));
#8811=DIRECTION('ref_axis',(0.,-1.,0.));
#8812=DIRECTION('',(0.,0.,-1.));
#8813=DIRECTION('center_axis',(0.,0.,-1.));
#8814=DIRECTION('ref_axis',(-1.,0.,0.));
#8815=DIRECTION('',(0.707106781186548,0.,-0.707106781186548));
#8816=DIRECTION('',(0.707106781186548,0.,0.707106781186548));
#8817=DIRECTION('center_axis',(-0.707106781186548,0.,-0.707106781186548));
#8818=DIRECTION('ref_axis',(-0.707106781186548,0.,0.707106781186548));
#8819=DIRECTION('',(0.707106781186548,0.,-0.707106781186548));
#8820=DIRECTION('',(0.,1.,0.));
#8821=DIRECTION('center_axis',(0.,0.,-1.));
#8822=DIRECTION('ref_axis',(1.,0.,0.));
#8823=DIRECTION('',(-0.707106781186537,0.,-0.707106781186558));
#8824=DIRECTION('center_axis',(0.,0.,1.));
#8825=DIRECTION('ref_axis',(1.,0.,0.));
#8826=DIRECTION('center_axis',(0.707106781186548,0.,-0.707106781186548));
#8827=DIRECTION('ref_axis',(-0.707106781186548,0.,-0.707106781186548));
#8828=DIRECTION('center_axis',(1.,0.,0.));
#8829=DIRECTION('ref_axis',(0.,-1.,0.));
#8830=DIRECTION('',(0.,0.,-1.));
#8831=DIRECTION('center_axis',(0.,0.,-1.));
#8832=DIRECTION('ref_axis',(-1.,0.,0.));
#8833=DIRECTION('',(0.707106781186537,0.,-0.707106781186558));
#8834=DIRECTION('',(0.707106781186537,0.,0.707106781186558));
#8835=DIRECTION('center_axis',(-0.707106781186548,0.,-0.707106781186548));
#8836=DIRECTION('ref_axis',(-0.707106781186548,0.,0.707106781186548));
#8837=DIRECTION('',(0.707106781186548,0.,-0.707106781186548));
#8838=DIRECTION('',(0.,1.,0.));
#8839=DIRECTION('center_axis',(0.,0.,-1.));
#8840=DIRECTION('ref_axis',(1.,0.,0.));
#8841=DIRECTION('',(-0.707106781186537,0.,-0.707106781186558));
#8842=DIRECTION('center_axis',(0.,0.,1.));
#8843=DIRECTION('ref_axis',(1.,0.,0.));
#8844=DIRECTION('center_axis',(0.707106781186548,0.,-0.707106781186548));
#8845=DIRECTION('ref_axis',(-0.707106781186548,0.,-0.707106781186548));
#8846=DIRECTION('center_axis',(1.,0.,0.));
#8847=DIRECTION('ref_axis',(0.,-1.,0.));
#8848=DIRECTION('',(0.,0.,-1.));
#8849=DIRECTION('center_axis',(0.,0.,-1.));
#8850=DIRECTION('ref_axis',(1.,0.,0.));
#8851=DIRECTION('center_axis',(0.,0.,-1.));
#8852=DIRECTION('ref_axis',(1.,0.,0.));
#8853=DIRECTION('center_axis',(0.,0.,-1.));
#8854=DIRECTION('ref_axis',(1.,0.,0.));
#8855=DIRECTION('center_axis',(0.,0.,-1.));
#8856=DIRECTION('ref_axis',(1.,0.,0.));
#8857=DIRECTION('center_axis',(0.,0.,-1.));
#8858=DIRECTION('ref_axis',(1.,0.,0.));
#8859=DIRECTION('center_axis',(0.,0.,-1.));
#8860=DIRECTION('ref_axis',(1.,0.,0.));
#8861=DIRECTION('center_axis',(-0.9999999999622,0.,-8.69477278405581E-6));
#8862=DIRECTION('ref_axis',(-8.69477278405581E-6,0.,0.999999999962201));
#8863=DIRECTION('',(-8.69477278405581E-6,0.,0.999999999962201));
#8864=DIRECTION('',(0.,1.,0.));
#8865=DIRECTION('',(8.69477278405581E-6,4.34214762496168E-22,-0.999999999962201));
#8866=DIRECTION('center_axis',(-4.99397480854723E-17,1.,0.));
#8867=DIRECTION('ref_axis',(-1.,-4.99397480854723E-17,0.));
#8868=DIRECTION('',(0.,0.,1.));
#8869=DIRECTION('',(-0.707109855246265,-3.53128880397533E-17,0.707103707113466));
#8870=DIRECTION('',(0.,0.,1.));
#8871=DIRECTION('center_axis',(-4.99397480854723E-17,1.,0.));
#8872=DIRECTION('ref_axis',(0.707106781186549,0.,0.707106781186546));
#8873=DIRECTION('center_axis',(4.99397480854723E-17,-1.,0.));
#8874=DIRECTION('ref_axis',(-0.707106781186547,0.,0.707106781186548));
#8875=DIRECTION('',(0.,0.,1.));
#8876=DIRECTION('',(0.,0.,1.));
#8877=DIRECTION('',(0.,0.,1.));
#8878=DIRECTION('',(-0.707106781186547,-3.53127345219854E-17,-0.707106781186548));
#8879=DIRECTION('center_axis',(4.99397480854723E-17,-1.,0.));
#8880=DIRECTION('ref_axis',(1.,4.99397480854723E-17,0.));
#8881=DIRECTION('center_axis',(4.99397480854723E-17,-1.,0.));
#8882=DIRECTION('ref_axis',(1.,4.99397480854723E-17,0.));
#8883=DIRECTION('center_axis',(0.,-1.,0.));
#8884=DIRECTION('ref_axis',(1.,0.,0.));
#8885=DIRECTION('center_axis',(0.,-1.,0.));
#8886=DIRECTION('ref_axis',(0.707106781186548,0.,0.707106781186548));
#8887=DIRECTION('',(0.,0.,1.));
#8888=DIRECTION('',(0.707109855246265,0.,-0.707103707113466));
#8889=DIRECTION('center_axis',(0.,-1.,0.));
#8890=DIRECTION('ref_axis',(1.,0.,0.));
#8891=DIRECTION('center_axis',(-0.707103707113466,0.,-0.707109855246265));
#8892=DIRECTION('ref_axis',(-0.707109855246265,0.,0.707103707113466));
#8893=DIRECTION('',(0.,-1.,0.));
#8894=DIRECTION('center_axis',(0.707106781186548,-1.84180306757532E-17,
-0.707106781186547));
#8895=DIRECTION('ref_axis',(-0.707106781186547,0.,-0.707106781186548));
#8896=DIRECTION('',(0.707106781186547,0.,0.707106781186548));
#8897=DIRECTION('',(-2.60470287738539E-17,-1.,0.));
#8898=DIRECTION('',(2.60470287738539E-17,1.,0.));
#8899=DIRECTION('center_axis',(0.,-1.,0.));
#8900=DIRECTION('ref_axis',(1.,2.80911082980781E-17,0.));
#8901=DIRECTION('',(0.707106781186542,0.707106781186553,8.65956056235487E-17));
#8902=DIRECTION('center_axis',(-4.99397480854723E-17,1.,0.));
#8903=DIRECTION('ref_axis',(1.,0.,0.));
#8904=DIRECTION('center_axis',(0.,1.,0.));
#8905=DIRECTION('ref_axis',(1.,0.,0.));
#8906=DIRECTION('',(0.,-1.,0.));
#8907=DIRECTION('center_axis',(0.,-1.,0.));
#8908=DIRECTION('ref_axis',(1.,2.80911082980782E-17,0.));
#8909=DIRECTION('',(0.707106781186539,0.707106781186556,8.65956056235483E-17));
#8910=DIRECTION('center_axis',(-4.99397480854723E-17,1.,0.));
#8911=DIRECTION('ref_axis',(1.,0.,0.));
#8912=DIRECTION('center_axis',(0.,1.,0.));
#8913=DIRECTION('ref_axis',(1.,0.,0.));
#8914=DIRECTION('center_axis',(0.,-1.,0.));
#8915=DIRECTION('ref_axis',(1.,0.,0.));
#8916=DIRECTION('',(0.,-1.,0.));
#8917=DIRECTION('center_axis',(0.,0.,-1.));
#8918=DIRECTION('ref_axis',(0.707106781186549,0.707106781186546,0.));
#8919=DIRECTION('center_axis',(1.66533453693773E-15,0.,1.));
#8920=DIRECTION('ref_axis',(0.,1.,0.));
#8921=DIRECTION('',(0.,0.,-1.));
#8922=DIRECTION('center_axis',(0.,0.,1.));
#8923=DIRECTION('ref_axis',(0.707106781186549,0.707106781186546,0.));
#8924=DIRECTION('',(0.,0.,1.));
#8925=DIRECTION('center_axis',(0.,0.,-1.));
#8926=DIRECTION('ref_axis',(0.,1.,0.));
#8927=DIRECTION('',(0.,1.,0.));
#8928=DIRECTION('',(1.,0.,0.));
#8929=DIRECTION('',(0.,1.,0.));
#8930=DIRECTION('',(1.,0.,0.));
#8931=DIRECTION('',(0.,-1.,0.));
#8932=DIRECTION('',(-1.,0.,0.));
#8933=DIRECTION('',(0.,1.,0.));
#8934=DIRECTION('',(1.,0.,0.));
#8935=DIRECTION('',(-2.60470287738539E-17,-1.,0.));
#8936=DIRECTION('',(1.,0.,0.));
#8937=DIRECTION('',(0.,-1.,0.));
#8938=DIRECTION('center_axis',(0.,0.,1.));
#8939=DIRECTION('ref_axis',(-0.707106781186547,0.707106781186548,0.));
#8940=DIRECTION('',(-1.,0.,0.));
#8941=DIRECTION('center_axis',(0.,0.,-1.));
#8942=DIRECTION('ref_axis',(-1.,0.,0.));
#8943=DIRECTION('center_axis',(0.,0.,-1.));
#8944=DIRECTION('ref_axis',(-1.,0.,0.));
#8945=DIRECTION('center_axis',(0.,0.,1.));
#8946=DIRECTION('ref_axis',(-0.707106781186547,0.707106781186548,0.));
#8947=DIRECTION('center_axis',(0.,-1.38777878078144E-15,1.));
#8948=DIRECTION('ref_axis',(-1.,0.,0.));
#8949=DIRECTION('',(0.,0.,-1.));
#8950=DIRECTION('',(0.,0.,1.));
#8951=DIRECTION('center_axis',(0.,1.,0.));
#8952=DIRECTION('ref_axis',(0.707106781186549,0.,0.707106781186546));
#8953=DIRECTION('',(0.,1.,0.));
#8954=DIRECTION('center_axis',(0.,1.,0.));
#8955=DIRECTION('ref_axis',(1.,0.,0.));
#8956=DIRECTION('',(0.,-1.,0.));
#8957=DIRECTION('center_axis',(0.,1.,0.));
#8958=DIRECTION('ref_axis',(0.707106781186549,0.,0.707106781186546));
#8959=DIRECTION('center_axis',(0.,-1.,0.));
#8960=DIRECTION('ref_axis',(1.,0.,0.));
#8961=DIRECTION('',(0.,0.,-1.));
#8962=DIRECTION('center_axis',(0.,-1.,0.));
#8963=DIRECTION('ref_axis',(-0.707106781186546,0.,0.707106781186549));
#8964=DIRECTION('',(0.,0.,-1.));
#8965=DIRECTION('center_axis',(1.,0.,0.));
#8966=DIRECTION('ref_axis',(0.,0.,-1.));
#8967=DIRECTION('center_axis',(0.,1.,0.));
#8968=DIRECTION('ref_axis',(-0.707106781186547,0.,0.707106781186548));
#8969=DIRECTION('center_axis',(0.,1.,0.));
#8970=DIRECTION('ref_axis',(0.,0.,1.));
#8971=DIRECTION('',(0.,-1.,0.));
#8972=DIRECTION('center_axis',(0.,1.,0.));
#8973=DIRECTION('ref_axis',(-0.707106781186547,0.,0.707106781186548));
#8974=DIRECTION('',(0.,1.,0.));
#8975=DIRECTION('center_axis',(-2.60470287738539E-17,-1.,0.));
#8976=DIRECTION('ref_axis',(-0.707106781186546,0.,0.707106781186549));
#8977=DIRECTION('',(2.60470287738539E-17,1.,0.));
#8978=DIRECTION('center_axis',(0.,-1.,0.));
#8979=DIRECTION('ref_axis',(-1.,0.,0.));
#8980=DIRECTION('center_axis',(1.,0.,0.));
#8981=DIRECTION('ref_axis',(0.,0.,-1.));
#8982=DIRECTION('',(0.,0.,-1.));
#8983=DIRECTION('',(0.,0.66486301396961,-0.746965308869994));
#8984=DIRECTION('center_axis',(1.,0.,0.));
#8985=DIRECTION('ref_axis',(0.,0.,-1.));
#8986=DIRECTION('',(0.,-1.,0.));
#8987=DIRECTION('',(0.,-0.66486301396961,0.746965308869994));
#8988=DIRECTION('',(0.,0.,-1.));
#8989=DIRECTION('',(0.,0.,-1.));
#8990=DIRECTION('center_axis',(0.,-1.,0.));
#8991=DIRECTION('ref_axis',(0.707106781186548,0.,0.707106781186548));
#8992=DIRECTION('center_axis',(0.,-1.,0.));
#8993=DIRECTION('ref_axis',(0.,0.,1.));
#8994=DIRECTION('center_axis',(1.,0.,0.));
#8995=DIRECTION('ref_axis',(0.,0.934602939453433,0.355692768502542));
#8996=DIRECTION('center_axis',(-1.,0.,0.));
#8997=DIRECTION('ref_axis',(0.,0.934602939453433,0.355692768502542));
#8998=DIRECTION('',(-1.,0.,0.));
#8999=DIRECTION('center_axis',(1.,0.,0.));
#9000=DIRECTION('ref_axis',(0.,0.934602939453433,0.355692768502542));
#9001=DIRECTION('',(1.,0.,0.));
#9002=DIRECTION('center_axis',(-1.,0.,0.));
#9003=DIRECTION('ref_axis',(0.,-1.,0.));
#9004=DIRECTION('',(0.,0.,-1.));
#9005=DIRECTION('',(0.,0.,1.));
#9006=DIRECTION('',(0.,-0.66486301396961,0.746965308869994));
#9007=DIRECTION('center_axis',(0.,1.,0.));
#9008=DIRECTION('ref_axis',(0.,0.,1.));
#9009=DIRECTION('',(0.,0.,1.));
#9010=DIRECTION('center_axis',(0.,0.,1.));
#9011=DIRECTION('ref_axis',(1.,0.,0.));
#9012=DIRECTION('center_axis',(2.30559053716519E-15,0.66486301396961,-0.746965308869994));
#9013=DIRECTION('ref_axis',(0.,0.746965308869994,0.66486301396961));
#9014=DIRECTION('center_axis',(-1.,0.,0.));
#9015=DIRECTION('ref_axis',(0.,1.,0.));
#9016=DIRECTION('center_axis',(1.,0.,0.));
#9017=DIRECTION('ref_axis',(0.,1.,0.));
#9018=DIRECTION('',(0.,0.66486301396961,-0.746965308869994));
#9019=DIRECTION('',(0.,0.,1.));
#9020=DIRECTION('center_axis',(0.,0.,1.));
#9021=DIRECTION('ref_axis',(1.,0.,0.));
#9022=DIRECTION('center_axis',(1.,0.,0.));
#9023=DIRECTION('ref_axis',(0.,0.746965308869994,0.66486301396961));
#9024=DIRECTION('center_axis',(0.,0.664863013969612,-0.746965308869993));
#9025=DIRECTION('ref_axis',(1.,0.,0.));
#9026=DIRECTION('center_axis',(0.,0.746965308869994,0.66486301396961));
#9027=DIRECTION('ref_axis',(0.,-0.66486301396961,0.746965308869994));
#9028=DIRECTION('center_axis',(-0.943557966922171,-0.22020757153449,0.247400461795411));
#9029=DIRECTION('ref_axis',(0.,0.746965308869992,0.664863013969613));
#9030=DIRECTION('center_axis',(0.,-0.89958347883823,-0.436748857584434));
#9031=DIRECTION('ref_axis',(0.,-0.436748857584434,0.89958347883823));
#9032=DIRECTION('center_axis',(0.,-0.89958347883823,-0.436748857584434));
#9033=DIRECTION('ref_axis',(0.,-0.436748857584434,0.89958347883823));
#9034=DIRECTION('center_axis',(-0.943557966922171,0.22020757153449,-0.247400461795411));
#9035=DIRECTION('ref_axis',(-0.227272727272705,-0.973831149346757,0.));
#9036=DIRECTION('center_axis',(0.,0.746965308869994,0.66486301396961));
#9037=DIRECTION('ref_axis',(0.,-0.66486301396961,0.746965308869994));
#9038=DIRECTION('center_axis',(0.,0.746965308869994,0.66486301396961));
#9039=DIRECTION('ref_axis',(0.,-0.66486301396961,0.746965308869995));
#9040=DIRECTION('center_axis',(-0.943569544013358,-0.220185642251408,0.247375824519616));
#9041=DIRECTION('ref_axis',(0.227248619036828,-0.97383677541252,0.));
#9042=DIRECTION('center_axis',(0.,-0.89958347883823,-0.436748857584435));
#9043=DIRECTION('ref_axis',(0.,-0.436748857584435,0.89958347883823));
#9044=DIRECTION('center_axis',(-0.943569544013678,0.220185642251002,-0.247375824518753));
#9045=DIRECTION('ref_axis',(0.,0.74696530886999,0.664863013969615));
#9046=DIRECTION('center_axis',(0.,0.746965308869994,0.66486301396961));
#9047=DIRECTION('ref_axis',(0.,-0.66486301396961,0.746965308869995));
#9048=DIRECTION('center_axis',(1.,0.,0.));
#9049=DIRECTION('ref_axis',(0.,0.934602939453433,0.355692768502542));
#9050=DIRECTION('',(1.,0.,0.));
#9051=DIRECTION('',(-1.,0.,0.));
#9052=DIRECTION('',(1.,0.,0.));
#9053=DIRECTION('',(1.,0.,0.));
#9054=DIRECTION('center_axis',(0.,-0.66486301396961,0.746965308869994));
#9055=DIRECTION('ref_axis',(0.70710678118655,0.528184235213074,0.470129145738037));
#9056=DIRECTION('',(0.,-0.66486301396961,0.746965308869994));
#9057=DIRECTION('center_axis',(0.,-0.66486301396961,0.746965308869994));
#9058=DIRECTION('ref_axis',(0.,0.746965308869994,0.66486301396961));
#9059=DIRECTION('',(0.,-0.66486301396961,0.746965308869994));
#9060=DIRECTION('center_axis',(0.,-0.746965308869994,-0.66486301396961));
#9061=DIRECTION('ref_axis',(0.,0.66486301396961,-0.746965308869994));
#9062=DIRECTION('',(0.,0.66486301396961,-0.746965308869994));
#9063=DIRECTION('',(-1.,0.,0.));
#9064=DIRECTION('center_axis',(0.,0.,1.));
#9065=DIRECTION('ref_axis',(1.,0.,0.));
#9066=DIRECTION('center_axis',(0.,0.,-1.));
#9067=DIRECTION('ref_axis',(1.,0.,0.));
#9068=DIRECTION('',(0.,0.,1.));
#9069=DIRECTION('center_axis',(0.,-0.746965308869994,-0.66486301396961));
#9070=DIRECTION('ref_axis',(0.,0.66486301396961,-0.746965308869994));
#9071=DIRECTION('',(0.,0.66486301396961,-0.746965308869994));
#9072=DIRECTION('center_axis',(0.,-0.746965308869994,-0.66486301396961));
#9073=DIRECTION('ref_axis',(0.,0.66486301396961,-0.746965308869994));
#9074=DIRECTION('center_axis',(0.,0.66486301396961,-0.746965308869994));
#9075=DIRECTION('ref_axis',(-0.707106781186548,0.528184235213075,0.470129145738038));
#9076=DIRECTION('',(0.,-0.66486301396961,0.746965308869994));
#9077=DIRECTION('center_axis',(0.,-0.66486301396961,0.746965308869994));
#9078=DIRECTION('ref_axis',(-1.,0.,0.));
#9079=DIRECTION('center_axis',(0.,0.,1.));
#9080=DIRECTION('ref_axis',(1.,0.,0.));
#9081=DIRECTION('center_axis',(0.,0.,-1.));
#9082=DIRECTION('ref_axis',(1.,0.,0.));
#9083=DIRECTION('',(0.,0.,1.));
#9084=DIRECTION('center_axis',(0.,0.,-1.));
#9085=DIRECTION('ref_axis',(1.,0.,0.));
#9086=DIRECTION('center_axis',(0.,0.,1.));
#9087=DIRECTION('ref_axis',(-1.,0.,0.));
#9088=DIRECTION('center_axis',(0.,0.,-1.));
#9089=DIRECTION('ref_axis',(1.,0.,0.));
#9090=DIRECTION('center_axis',(0.,0.,1.));
#9091=DIRECTION('ref_axis',(-1.,0.,0.));
#9092=DIRECTION('center_axis',(0.,0.,1.));
#9093=DIRECTION('ref_axis',(-1.,0.,0.));
#9094=DIRECTION('',(0.,0.,-1.));
#9095=DIRECTION('center_axis',(0.,-1.,0.));
#9096=DIRECTION('ref_axis',(1.,0.,0.));
#9097=DIRECTION('',(1.,0.,0.));
#9098=DIRECTION('center_axis',(0.,1.,0.));
#9099=DIRECTION('ref_axis',(1.23024371055123E-16,0.,1.));
#9100=DIRECTION('',(0.,0.,1.));
#9101=DIRECTION('center_axis',(0.,-0.746965308869994,-0.66486301396961));
#9102=DIRECTION('ref_axis',(0.,0.66486301396961,-0.746965308869994));
#9103=DIRECTION('',(1.,0.,0.));
#9104=DIRECTION('',(0.,0.66486301396961,-0.746965308869994));
#9105=DIRECTION('',(1.,0.,0.));
#9106=DIRECTION('',(-1.73177060555376E-17,-0.66486301396961,0.746965308869994));
#9107=DIRECTION('center_axis',(-1.,2.60470287738539E-17,0.));
#9108=DIRECTION('ref_axis',(-2.60470287738539E-17,-1.,0.));
#9109=DIRECTION('',(0.,0.,1.));
#9110=DIRECTION('',(1.73177060555376E-17,0.66486301396961,-0.746965308869994));
#9111=DIRECTION('center_axis',(0.,0.,1.));
#9112=DIRECTION('ref_axis',(-1.,0.,0.));
#9113=DIRECTION('',(0.,0.,-1.));
#9114=DIRECTION('center_axis',(0.,-1.,0.));
#9115=DIRECTION('ref_axis',(1.,0.,0.));
#9116=DIRECTION('center_axis',(0.,1.,0.));
#9117=DIRECTION('ref_axis',(-6.15121855275615E-17,0.,1.));
#9118=DIRECTION('center_axis',(0.,0.66486301396961,-0.746965308869994));
#9119=DIRECTION('ref_axis',(0.70710678118655,0.528184235213075,0.470129145738036));
#9120=DIRECTION('center_axis',(0.,0.664863013969611,-0.746965308869994));
#9121=DIRECTION('ref_axis',(1.,0.,0.));
#9122=DIRECTION('center_axis',(0.,0.,-1.));
#9123=DIRECTION('ref_axis',(-1.,0.,0.));
#9124=DIRECTION('',(0.,0.,-1.));
#9125=DIRECTION('center_axis',(0.184840736041181,-0.933345261298105,0.307734504909877));
#9126=DIRECTION('ref_axis',(0.480584535583759,0.358979976060466,0.800107418379164));
#9127=DIRECTION('center_axis',(1.,0.,0.));
#9128=DIRECTION('ref_axis',(0.,0.,1.));
#9129=DIRECTION('center_axis',(-0.184840736041178,-0.933345261298105,0.307734504909878));
#9130=DIRECTION('ref_axis',(-0.480584535583759,0.358979976060466,0.800107418379163));
#9131=DIRECTION('center_axis',(-1.,-4.94096725487428E-16,5.55111512312578E-16));
#9132=DIRECTION('ref_axis',(0.,0.746965308869994,0.66486301396961));
#9133=DIRECTION('center_axis',(-1.,0.,0.));
#9134=DIRECTION('ref_axis',(0.,0.409351307577239,0.912376844831567));
#9135=DIRECTION('center_axis',(0.,1.,0.));
#9136=DIRECTION('ref_axis',(0.,0.,1.));
#9137=DIRECTION('center_axis',(0.,-1.,0.));
#9138=DIRECTION('ref_axis',(0.,0.,-1.));
#9139=DIRECTION('center_axis',(-0.184840736041176,-0.933345261298105,0.307734504909879));
#9140=DIRECTION('ref_axis',(-0.480584535583759,0.358979976060466,0.800107418379164));
#9141=DIRECTION('center_axis',(1.,0.,0.));
#9142=DIRECTION('ref_axis',(0.,0.,1.));
#9143=DIRECTION('center_axis',(0.,0.664863013969612,-0.746965308869992));
#9144=DIRECTION('ref_axis',(0.,0.746965308869992,0.664863013969612));
#9145=DIRECTION('center_axis',(0.184840736041177,-0.933345261298106,0.307734504909876));
#9146=DIRECTION('ref_axis',(0.480584535583763,0.358979976060465,0.800107418379162));
#9147=DIRECTION('center_axis',(-1.,0.,0.));
#9148=DIRECTION('ref_axis',(0.,0.746965308869994,0.664863013969611));
#9149=DIRECTION('center_axis',(1.,0.,0.));
#9150=DIRECTION('ref_axis',(0.,0.409351307577239,0.912376844831567));
#9151=DIRECTION('center_axis',(-1.73177060555376E-17,-0.66486301396961,
0.746965308869994));
#9152=DIRECTION('ref_axis',(-0.707106781186549,0.528184235213075,0.470129145738038));
#9153=DIRECTION('center_axis',(-1.,0.,0.));
#9154=DIRECTION('ref_axis',(0.,0.,1.));
#9155=DIRECTION('',(0.,0.,1.));
#9156=DIRECTION('center_axis',(0.,-1.,0.));
#9157=DIRECTION('ref_axis',(0.,0.,-1.));
#9158=DIRECTION('center_axis',(0.,0.707106781186548,-0.707106781186547));
#9159=DIRECTION('ref_axis',(-1.,0.,0.));
#9160=DIRECTION('',(0.,0.707106781186547,0.707106781186548));
#9161=DIRECTION('',(1.,0.,0.));
#9162=DIRECTION('',(0.,-0.707106781186547,-0.707106781186548));
#9163=DIRECTION('',(-1.,0.,0.));
#9164=DIRECTION('center_axis',(0.,0.,-1.));
#9165=DIRECTION('ref_axis',(1.,0.,0.));
#9166=DIRECTION('',(0.,-1.,0.));
#9167=DIRECTION('',(1.,0.,0.));
#9168=DIRECTION('',(0.,1.,0.));
#9169=DIRECTION('center_axis',(0.,0.707106781186548,-0.707106781186547));
#9170=DIRECTION('ref_axis',(-1.,0.,0.));
#9171=DIRECTION('',(0.,0.707106781186547,0.707106781186548));
#9172=DIRECTION('',(1.,0.,0.));
#9173=DIRECTION('',(0.,-0.707106781186547,-0.707106781186548));
#9174=DIRECTION('',(-1.,0.,0.));
#9175=DIRECTION('center_axis',(0.,0.,-1.));
#9176=DIRECTION('ref_axis',(1.,0.,0.));
#9177=DIRECTION('',(0.,-1.,0.));
#9178=DIRECTION('',(-1.,0.,0.));
#9179=DIRECTION('',(0.,1.,0.));
#9180=DIRECTION('center_axis',(0.,0.707106781186548,-0.707106781186547));
#9181=DIRECTION('ref_axis',(-1.,0.,0.));
#9182=DIRECTION('',(0.,0.707106781186547,0.707106781186548));
#9183=DIRECTION('',(1.,0.,0.));
#9184=DIRECTION('',(0.,-0.707106781186547,-0.707106781186548));
#9185=DIRECTION('',(-1.,0.,0.));
#9186=DIRECTION('center_axis',(0.,0.,-1.));
#9187=DIRECTION('ref_axis',(1.,0.,0.));
#9188=DIRECTION('',(0.,-1.,0.));
#9189=DIRECTION('',(1.,0.,0.));
#9190=DIRECTION('',(0.,1.,0.));
#9191=DIRECTION('center_axis',(0.,0.,-1.));
#9192=DIRECTION('ref_axis',(1.,2.67765577238506E-17,0.));
#9193=DIRECTION('',(1.,0.,0.));
#9194=DIRECTION('',(0.,-1.,0.));
#9195=DIRECTION('',(1.,0.,0.));
#9196=DIRECTION('',(0.,1.,0.));
#9197=DIRECTION('',(1.,0.,0.));
#9198=DIRECTION('',(0.,-1.,0.));
#9199=DIRECTION('',(-1.,0.,0.));
#9200=DIRECTION('',(0.,1.,0.));
#9201=DIRECTION('',(1.,0.,0.));
#9202=DIRECTION('',(0.,-1.,0.));
#9203=DIRECTION('',(-1.,0.,0.));
#9204=DIRECTION('',(0.,-1.,0.));
#9205=DIRECTION('',(1.,0.,0.));
#9206=DIRECTION('',(0.,-1.,0.));
#9207=DIRECTION('',(-1.,0.,0.));
#9208=DIRECTION('',(0.,1.,0.));
#9209=DIRECTION('center_axis',(0.,1.,0.));
#9210=DIRECTION('ref_axis',(-1.,0.,0.));
#9211=DIRECTION('center_axis',(0.,1.,0.));
#9212=DIRECTION('ref_axis',(-1.,0.,0.));
#9213=DIRECTION('',(-0.707106781186554,-0.707106781186541,8.65956056235501E-17));
#9214=DIRECTION('center_axis',(0.,-1.,0.));
#9215=DIRECTION('ref_axis',(-1.,0.,0.));
#9216=DIRECTION('center_axis',(0.,1.,0.));
#9217=DIRECTION('ref_axis',(-1.,0.,0.));
#9218=DIRECTION('',(1.1638200027128E-14,0.,1.));
#9219=DIRECTION('center_axis',(0.,-1.,0.));
#9220=DIRECTION('ref_axis',(-1.,0.,0.));
#9221=DIRECTION('',(-1.1638200027128E-14,0.,-1.));
#9222=DIRECTION('center_axis',(0.,-1.,0.));
#9223=DIRECTION('ref_axis',(-1.,0.,0.));
#9224=DIRECTION('center_axis',(0.,1.,0.));
#9225=DIRECTION('ref_axis',(-1.,0.,0.));
#9226=DIRECTION('center_axis',(0.,1.,0.));
#9227=DIRECTION('ref_axis',(-1.,0.,0.));
#9228=DIRECTION('',(0.,-1.,0.));
#9229=DIRECTION('center_axis',(0.,1.,0.));
#9230=DIRECTION('ref_axis',(-1.,0.,0.));
#9231=DIRECTION('center_axis',(0.,1.,0.));
#9232=DIRECTION('ref_axis',(-1.,0.,0.));
#9233=DIRECTION('',(-0.707106781186554,-0.707106781186541,8.65956056235501E-17));
#9234=DIRECTION('center_axis',(0.,-1.,0.));
#9235=DIRECTION('ref_axis',(-1.,0.,0.));
#9236=DIRECTION('center_axis',(0.,1.,0.));
#9237=DIRECTION('ref_axis',(-1.,0.,0.));
#9238=DIRECTION('',(0.,-1.,0.));
#9239=DIRECTION('center_axis',(0.,1.,0.));
#9240=DIRECTION('ref_axis',(-1.,0.,0.));
#9241=DIRECTION('center_axis',(0.,-1.,0.));
#9242=DIRECTION('ref_axis',(-1.,0.,0.));
#9243=DIRECTION('center_axis',(0.,-1.,0.));
#9244=DIRECTION('ref_axis',(-1.,0.,0.));
#9245=DIRECTION('',(0.707106781186554,-0.707106781186541,-8.65956056235501E-17));
#9246=DIRECTION('center_axis',(0.,1.,0.));
#9247=DIRECTION('ref_axis',(-1.,0.,0.));
#9248=DIRECTION('center_axis',(0.,1.,0.));
#9249=DIRECTION('ref_axis',(-1.,0.,0.));
#9250=DIRECTION('center_axis',(0.,1.,0.));
#9251=DIRECTION('ref_axis',(-1.,0.,0.));
#9252=DIRECTION('center_axis',(0.,1.,0.));
#9253=DIRECTION('ref_axis',(-1.,0.,0.));
#9254=DIRECTION('',(0.,-1.,0.));
#9255=DIRECTION('center_axis',(0.,-1.,0.));
#9256=DIRECTION('ref_axis',(-1.,0.,0.));
#9257=DIRECTION('center_axis',(0.,-1.,0.));
#9258=DIRECTION('ref_axis',(-1.,0.,0.));
#9259=DIRECTION('center_axis',(0.,-1.,0.));
#9260=DIRECTION('ref_axis',(-1.,0.,0.));
#9261=DIRECTION('',(0.707106781186554,-0.707106781186541,-8.65956056235501E-17));
#9262=DIRECTION('center_axis',(0.,1.,0.));
#9263=DIRECTION('ref_axis',(-1.,0.,0.));
#9264=DIRECTION('center_axis',(0.,1.,0.));
#9265=DIRECTION('ref_axis',(-1.,0.,0.));
#9266=DIRECTION('center_axis',(0.,1.,0.));
#9267=DIRECTION('ref_axis',(-1.,0.,0.));
#9268=DIRECTION('center_axis',(0.,1.,0.));
#9269=DIRECTION('ref_axis',(-1.,0.,0.));
#9270=DIRECTION('',(0.,-1.,0.));
#9271=DIRECTION('center_axis',(0.,-1.,0.));
#9272=DIRECTION('ref_axis',(-1.,0.,0.));
#9273=DIRECTION('center_axis',(0.,1.,0.));
#9274=DIRECTION('ref_axis',(-1.,0.,0.));
#9275=DIRECTION('',(-0.707106781186554,-0.707106781186541,8.65956056235501E-17));
#9276=DIRECTION('center_axis',(0.,-1.,0.));
#9277=DIRECTION('ref_axis',(-1.,0.,0.));
#9278=DIRECTION('center_axis',(0.,1.,0.));
#9279=DIRECTION('ref_axis',(-1.,0.,0.));
#9280=DIRECTION('',(0.,-1.,0.));
#9281=DIRECTION('center_axis',(0.,1.,0.));
#9282=DIRECTION('ref_axis',(-1.,0.,0.));
#9283=DIRECTION('center_axis',(0.,1.,0.));
#9284=DIRECTION('ref_axis',(-1.,0.,0.));
#9285=DIRECTION('',(-0.707106781186554,-0.707106781186541,8.65956056235501E-17));
#9286=DIRECTION('center_axis',(0.,-1.,0.));
#9287=DIRECTION('ref_axis',(-1.,0.,0.));
#9288=DIRECTION('center_axis',(0.,1.,0.));
#9289=DIRECTION('ref_axis',(-1.,0.,0.));
#9290=DIRECTION('',(0.,-1.,0.));
#9291=DIRECTION('center_axis',(0.,1.,0.));
#9292=DIRECTION('ref_axis',(-1.,0.,0.));
#9293=DIRECTION('center_axis',(0.,-1.,0.));
#9294=DIRECTION('ref_axis',(-1.,0.,0.));
#9295=DIRECTION('center_axis',(0.,1.,0.));
#9296=DIRECTION('ref_axis',(-1.,0.,0.));
#9297=DIRECTION('',(-0.707106781186554,0.707106781186541,-8.65956056235501E-17));
#9298=DIRECTION('center_axis',(0.,-1.,0.));
#9299=DIRECTION('ref_axis',(-1.,0.,0.));
#9300=DIRECTION('center_axis',(0.,1.,0.));
#9301=DIRECTION('ref_axis',(-1.,0.,0.));
#9302=DIRECTION('',(-0.707106781186554,0.707106781186541,-8.65956056235501E-17));
#9303=DIRECTION('center_axis',(0.707106781186516,0.707106781186579,-8.22945015998734E-15));
#9304=DIRECTION('ref_axis',(-1.1638200027128E-14,0.,-1.));
#9305=DIRECTION('',(0.707106781186579,-0.707106781186516,-1.25607396694697E-14));
#9306=DIRECTION('',(-1.1638200027128E-14,0.,-1.));
#9307=DIRECTION('',(-0.707106781186579,0.707106781186516,1.25607396694697E-14));
#9308=DIRECTION('',(1.1638200027128E-14,0.,1.));
#9309=DIRECTION('center_axis',(0.,-1.,0.));
#9310=DIRECTION('ref_axis',(-1.,0.,0.));
#9311=DIRECTION('',(-0.707106781186554,-0.707106781186541,0.));
#9312=DIRECTION('center_axis',(0.,1.,0.));
#9313=DIRECTION('ref_axis',(-1.,0.,0.));
#9314=DIRECTION('center_axis',(0.,-1.,0.));
#9315=DIRECTION('ref_axis',(-1.,0.,0.));
#9316=DIRECTION('center_axis',(-0.707106781186566,0.707106781186529,8.22945015998792E-15));
#9317=DIRECTION('ref_axis',(1.1638200027128E-14,0.,1.));
#9318=DIRECTION('',(-0.707106781186529,-0.707106781186566,6.28036983473529E-15));
#9319=DIRECTION('',(1.1638200027128E-14,0.,1.));
#9320=DIRECTION('',(-1.1638200027128E-14,0.,-1.));
#9321=DIRECTION('center_axis',(0.,-1.,0.));
#9322=DIRECTION('ref_axis',(1.60812264967664E-16,0.,-1.));
#9323=DIRECTION('center_axis',(0.,1.,0.));
#9324=DIRECTION('ref_axis',(-1.,0.,0.));
#9325=DIRECTION('center_axis',(0.,-1.,0.));
#9326=DIRECTION('ref_axis',(-1.,0.,0.));
#9327=DIRECTION('center_axis',(0.,1.,0.));
#9328=DIRECTION('ref_axis',(-1.,0.,0.));
#9329=DIRECTION('',(0.,1.,0.));
#9330=DIRECTION('center_axis',(0.,1.,0.));
#9331=DIRECTION('ref_axis',(-1.,0.,0.));
#9332=DIRECTION('',(0.,1.,0.));
#9333=DIRECTION('center_axis',(1.,0.,-1.1638200027128E-14));
#9334=DIRECTION('ref_axis',(-1.1638200027128E-14,0.,-1.));
#9335=DIRECTION('',(0.,1.,0.));
#9336=DIRECTION('',(-1.1638200027128E-14,0.,-1.));
#9337=DIRECTION('center_axis',(0.707106781186566,0.707106781186529,-8.22945015998792E-15));
#9338=DIRECTION('ref_axis',(-1.1638200027128E-14,0.,-1.));
#9339=DIRECTION('',(-0.707106781186529,0.707106781186566,1.25607396694706E-14));
#9340=DIRECTION('',(0.707106781186529,-0.707106781186566,-1.25607396694706E-14));
#9341=DIRECTION('center_axis',(0.,-1.,0.));
#9342=DIRECTION('ref_axis',(7.45055744305257E-9,0.,-1.));
#9343=DIRECTION('',(0.707106781186553,0.70710678118654,-5.26833879284467E-8));
#9344=DIRECTION('center_axis',(0.,1.,0.));
#9345=DIRECTION('ref_axis',(-1.,0.,0.));
#9346=DIRECTION('center_axis',(-0.707106781186516,0.707106781186579,8.22945015998734E-15));
#9347=DIRECTION('ref_axis',(1.1638200027128E-14,0.,1.));
#9348=DIRECTION('',(0.707106781186579,0.707106781186516,-1.25607396694697E-14));
#9349=DIRECTION('',(1.1638200027128E-14,0.,1.));
#9350=DIRECTION('center_axis',(0.,-1.,0.));
#9351=DIRECTION('ref_axis',(-1.,0.,0.));
#9352=DIRECTION('center_axis',(0.,1.,0.));
#9353=DIRECTION('ref_axis',(1.83697019872103E-16,0.,-1.));
#9354=DIRECTION('',(0.,1.,0.));
#9355=DIRECTION('center_axis',(-1.,0.,1.1638200027128E-14));
#9356=DIRECTION('ref_axis',(1.1638200027128E-14,0.,1.));
#9357=DIRECTION('center_axis',(0.,1.,0.));
#9358=DIRECTION('ref_axis',(0.,0.,1.));
#9359=DIRECTION('',(0.,0.,1.));
#9360=DIRECTION('',(0.,0.,-1.));
#9361=DIRECTION('',(0.,0.,1.));
#9362=DIRECTION('',(0.,0.,-1.));
#9363=DIRECTION('',(0.,0.,1.));
#9364=DIRECTION('center_axis',(0.,1.,0.));
#9365=DIRECTION('ref_axis',(0.,0.,1.));
#9366=DIRECTION('',(0.,0.,1.));
#9367=DIRECTION('',(1.,0.,0.));
#9368=DIRECTION('',(-1.57399754199663E-16,0.,-1.));
#9369=DIRECTION('center_axis',(0.,1.,0.));
#9370=DIRECTION('ref_axis',(-1.,0.,0.));
#9371=DIRECTION('',(0.,0.,-1.));
#9372=DIRECTION('center_axis',(0.,-1.,0.));
#9373=DIRECTION('ref_axis',(-1.,0.,0.));
#9374=DIRECTION('center_axis',(0.,-1.,0.));
#9375=DIRECTION('ref_axis',(-1.,0.,0.));
#9376=DIRECTION('center_axis',(0.,-1.,0.));
#9377=DIRECTION('ref_axis',(-1.,0.,0.));
#9378=DIRECTION('center_axis',(0.,-1.,0.));
#9379=DIRECTION('ref_axis',(-1.,0.,0.));
#9380=DIRECTION('center_axis',(0.,-1.,0.));
#9381=DIRECTION('ref_axis',(-1.,0.,0.));
#9382=DIRECTION('center_axis',(0.,-1.,0.));
#9383=DIRECTION('ref_axis',(-1.,0.,0.));
#9384=DIRECTION('center_axis',(0.,-1.,0.));
#9385=DIRECTION('ref_axis',(1.,0.,0.));
#9386=DIRECTION('center_axis',(0.,-1.,0.));
#9387=DIRECTION('ref_axis',(0.,0.,1.));
#9388=DIRECTION('center_axis',(0.,-1.,0.));
#9389=DIRECTION('ref_axis',(-1.,0.,0.));
#9390=DIRECTION('',(1.57399754199663E-16,0.,1.));
#9391=DIRECTION('',(-1.,0.,0.));
#9392=DIRECTION('',(0.,0.,-1.));
#9393=DIRECTION('center_axis',(0.,-1.,0.));
#9394=DIRECTION('ref_axis',(-1.,0.,0.));
#9395=DIRECTION('center_axis',(0.,-1.,0.));
#9396=DIRECTION('ref_axis',(-1.,0.,0.));
#9397=DIRECTION('center_axis',(0.,-1.,0.));
#9398=DIRECTION('ref_axis',(-1.,0.,0.));
#9399=DIRECTION('center_axis',(0.,-1.,0.));
#9400=DIRECTION('ref_axis',(-1.,0.,0.));
#9401=DIRECTION('center_axis',(0.,-1.,0.));
#9402=DIRECTION('ref_axis',(-1.,0.,0.));
#9403=DIRECTION('center_axis',(0.,-1.,0.));
#9404=DIRECTION('ref_axis',(-1.,0.,0.));
#9405=DIRECTION('center_axis',(0.,-1.,0.));
#9406=DIRECTION('ref_axis',(-1.,0.,0.));
#9407=DIRECTION('',(-0.707106781186548,0.707106781186547,-8.65956056235493E-17));
#9408=DIRECTION('center_axis',(0.,1.,0.));
#9409=DIRECTION('ref_axis',(-1.,0.,0.));
#9410=DIRECTION('center_axis',(0.,-1.,0.));
#9411=DIRECTION('ref_axis',(-1.,0.,0.));
#9412=DIRECTION('',(0.,-1.,0.));
#9413=DIRECTION('center_axis',(0.,-1.,0.));
#9414=DIRECTION('ref_axis',(-1.,0.,0.));
#9415=DIRECTION('',(-0.707106781186548,0.707106781186548,-8.65956056235494E-17));
#9416=DIRECTION('center_axis',(0.,1.,0.));
#9417=DIRECTION('ref_axis',(-1.,0.,0.));
#9418=DIRECTION('center_axis',(0.,-1.,0.));
#9419=DIRECTION('ref_axis',(-1.,0.,0.));
#9420=DIRECTION('',(0.,-1.,0.));
#9421=DIRECTION('center_axis',(0.,-1.,0.));
#9422=DIRECTION('ref_axis',(-1.,0.,0.));
#9423=DIRECTION('',(-0.707106781186548,0.707106781186547,-8.65956056235494E-17));
#9424=DIRECTION('center_axis',(0.,1.,0.));
#9425=DIRECTION('ref_axis',(-1.,0.,0.));
#9426=DIRECTION('center_axis',(0.,-1.,0.));
#9427=DIRECTION('ref_axis',(-1.,0.,0.));
#9428=DIRECTION('',(0.,-1.,0.));
#9429=DIRECTION('center_axis',(0.,-1.,0.));
#9430=DIRECTION('ref_axis',(-1.,0.,0.));
#9431=DIRECTION('',(-0.707106781186544,0.707106781186551,-8.65956056235489E-17));
#9432=DIRECTION('center_axis',(0.,1.,0.));
#9433=DIRECTION('ref_axis',(-1.,0.,0.));
#9434=DIRECTION('center_axis',(0.,-1.,0.));
#9435=DIRECTION('ref_axis',(-1.,0.,0.));
#9436=DIRECTION('',(0.,-1.,0.));
#9437=DIRECTION('center_axis',(0.,-1.,0.));
#9438=DIRECTION('ref_axis',(0.,0.,1.));
#9439=DIRECTION('',(0.,-1.,0.));
#9440=DIRECTION('center_axis',(0.,-1.,0.));
#9441=DIRECTION('ref_axis',(-1.,0.,0.));
#9442=DIRECTION('',(0.,1.,0.));
#9443=DIRECTION('center_axis',(1.,0.,0.));
#9444=DIRECTION('ref_axis',(0.,0.,-1.));
#9445=DIRECTION('',(0.,-1.,0.));
#9446=DIRECTION('center_axis',(-1.,0.,1.57399754199663E-16));
#9447=DIRECTION('ref_axis',(1.57399754199663E-16,0.,1.));
#9448=DIRECTION('',(0.,1.,0.));
#9449=DIRECTION('center_axis',(0.,0.,-1.));
#9450=DIRECTION('ref_axis',(-1.,0.,0.));
#9451=DIRECTION('center_axis',(0.,-1.,0.));
#9452=DIRECTION('ref_axis',(-1.,0.,0.));
#9453=DIRECTION('',(-0.707106781186548,0.707106781186547,-8.65956056235494E-17));
#9454=DIRECTION('center_axis',(0.,1.,0.));
#9455=DIRECTION('ref_axis',(-1.,0.,0.));
#9456=DIRECTION('center_axis',(0.,-1.,0.));
#9457=DIRECTION('ref_axis',(-1.,0.,0.));
#9458=DIRECTION('',(0.,-1.,0.));
#9459=DIRECTION('center_axis',(0.,-1.,0.));
#9460=DIRECTION('ref_axis',(-1.,0.,0.));
#9461=DIRECTION('',(-0.707106781186548,0.707106781186548,-8.65956056235494E-17));
#9462=DIRECTION('center_axis',(0.,1.,0.));
#9463=DIRECTION('ref_axis',(-1.,0.,0.));
#9464=DIRECTION('center_axis',(0.,-1.,0.));
#9465=DIRECTION('ref_axis',(-1.,0.,0.));
#9466=DIRECTION('',(0.,-1.,0.));
#9467=DIRECTION('center_axis',(-1.,0.,0.));
#9468=DIRECTION('ref_axis',(0.,0.,-1.));
#9469=DIRECTION('',(0.,-1.65704929048531E-16,1.));
#9470=DIRECTION('center_axis',(1.,0.,0.));
#9471=DIRECTION('ref_axis',(0.,0.,1.));
#9472=DIRECTION('',(0.,1.65704929048531E-16,-1.));
#9473=DIRECTION('center_axis',(-2.41905005910157E-17,-1.,-1.65704929048531E-16));
#9474=DIRECTION('ref_axis',(0.,1.65704929048531E-16,-1.));
#9475=DIRECTION('center_axis',(0.,1.,0.));
#9476=DIRECTION('ref_axis',(0.,0.,1.));
#9477=DIRECTION('',(0.,0.,-1.));
#9478=DIRECTION('',(0.,0.,1.));
#9479=DIRECTION('center_axis',(-1.,0.,0.));
#9480=DIRECTION('ref_axis',(0.,0.,-1.));
#9481=DIRECTION('center_axis',(1.,0.,0.));
#9482=DIRECTION('ref_axis',(0.,0.,1.));
#9483=DIRECTION('center_axis',(-1.,0.,0.));
#9484=DIRECTION('ref_axis',(0.,0.,-1.));
#9485=DIRECTION('',(0.,-1.65704929048531E-16,1.));
#9486=DIRECTION('center_axis',(1.,0.,0.));
#9487=DIRECTION('ref_axis',(0.,0.,1.));
#9488=DIRECTION('',(0.,1.65704929048531E-16,-1.));
#9489=DIRECTION('center_axis',(-2.0331893134789E-17,-1.,-1.65704929048531E-16));
#9490=DIRECTION('ref_axis',(0.,1.65704929048531E-16,-1.));
#9491=CARTESIAN_POINT('',(0.,0.,0.));
#9492=CARTESIAN_POINT('Origin',(380.925067489743,88.5393847503787,2.25));
#9493=CARTESIAN_POINT('',(380.425067489743,46.0749348944428,1.75));
#9494=CARTESIAN_POINT('',(381.424951644075,47.0748190487751,2.74988415433228));
#9495=CARTESIAN_POINT('',(386.685803607595,52.3356710122946,8.01073611785183));
#9496=CARTESIAN_POINT('',(380.425067489743,29.0537032031073,1.75));
#9497=CARTESIAN_POINT('',(380.425067489743,88.5393847503787,1.75));
#9498=CARTESIAN_POINT('',(381.425067489743,29.0537032031073,2.75));
#9499=CARTESIAN_POINT('',(343.212534340918,29.0537032031074,-35.462533148825));
#9500=CARTESIAN_POINT('',(381.425067489743,47.0747032031073,2.75));
#9501=CARTESIAN_POINT('',(381.425067489743,88.5393847503787,2.75));
#9502=CARTESIAN_POINT('',(359.147603990785,69.352166702065,-19.5274634989578));
#9503=CARTESIAN_POINT('Origin',(381.425067489743,140.42506629765,14.25));
#9504=CARTESIAN_POINT('',(381.425067489743,29.0537032031073,13.25));
#9505=CARTESIAN_POINT('',(381.425067489743,29.0537032031073,11.625));
#9506=CARTESIAN_POINT('',(381.425067489743,47.0747032031073,13.25));
#9507=CARTESIAN_POINT('',(381.425067489743,89.2446347503787,13.25));
#9508=CARTESIAN_POINT('',(381.425067489743,47.0747032031073,11.625));
#9509=CARTESIAN_POINT('Origin',(229.074934894443,95.7893847503787,2.25));
#9510=CARTESIAN_POINT('',(228.575050740111,47.0748190487751,2.74988415433228));
#9511=CARTESIAN_POINT('',(229.574934894443,46.0749348944428,1.75));
#9512=CARTESIAN_POINT('',(244.947543159532,30.7023266293531,-13.6226082650897));
#9513=CARTESIAN_POINT('',(228.574934894443,47.0747032031073,2.75));
#9514=CARTESIAN_POINT('',(247.469054010459,65.9688223191234,-16.1441191160161));
#9515=CARTESIAN_POINT('',(228.574934894443,29.0537032031073,2.75));
#9516=CARTESIAN_POINT('',(228.574934894443,95.7893847503787,2.75));
#9517=CARTESIAN_POINT('',(229.574934894443,29.0537032031073,1.75));
#9518=CARTESIAN_POINT('',(225.949934894443,29.0537032031073,5.37500000000002));
#9519=CARTESIAN_POINT('',(229.574934894443,95.7893847503787,1.75));
#9520=CARTESIAN_POINT('Origin',(373.525034340918,46.5749348944428,2.25));
#9521=CARTESIAN_POINT('',(222.074819048775,47.0748190487751,2.74988415433228));
#9522=CARTESIAN_POINT('',(332.375001192093,47.0748190487751,2.74988415433228));
#9523=CARTESIAN_POINT('',(249.700001192093,46.0749348944428,1.75));
#9524=CARTESIAN_POINT('',(373.525034340918,46.0749348944428,1.75));
#9525=CARTESIAN_POINT('',(250.6994987614,47.0744324637496,2.74949756930683));
#9526=CARTESIAN_POINT('',(269.150634768341,65.5255684706911,21.2006335762483));
#9527=CARTESIAN_POINT('',(276.450503622791,47.0744324637442,2.74949756930144));
#9528=CARTESIAN_POINT('',(312.112517766506,47.0744324637368,2.74949756929399));
#9529=CARTESIAN_POINT('',(277.450001192093,46.0749348944428,1.75));
#9530=CARTESIAN_POINT('',(293.832711998786,29.6922240877494,-14.6327108066934));
#9531=CARTESIAN_POINT('',(293.475001192093,46.0749348944428,1.75));
#9532=CARTESIAN_POINT('',(373.525034340918,46.0749348944428,1.75));
#9533=CARTESIAN_POINT('',(294.475001192093,47.0749348944428,2.75));
#9534=CARTESIAN_POINT('',(293.475001192093,46.0749348944428,1.75));
#9535=CARTESIAN_POINT('',(222.074934894443,47.0749348944428,2.74999999999999));
#9536=CARTESIAN_POINT('',(373.525034340918,47.0749348944428,2.75));
#9537=CARTESIAN_POINT('',(221.074934894443,46.0749348944428,1.75));
#9538=CARTESIAN_POINT('Origin',(359.125001192093,36.6537032031074,1.75));
#9539=CARTESIAN_POINT('',(316.525001192093,46.0749348944428,1.75));
#9540=CARTESIAN_POINT('',(373.525034340918,46.0749348944428,1.75));
#9541=CARTESIAN_POINT('',(316.525001192093,29.0537032031074,1.75));
#9542=CARTESIAN_POINT('',(316.525001192093,41.9037032031074,1.75));
#9543=CARTESIAN_POINT('',(313.525001192093,29.0537032031074,1.75));
#9544=CARTESIAN_POINT('',(291.224968043268,29.0537032031073,1.75));
#9545=CARTESIAN_POINT('',(313.525001192093,46.4537032031074,1.75));
#9546=CARTESIAN_POINT('',(313.525001192093,41.9037032031074,1.75));
#9547=CARTESIAN_POINT('',(296.475001192093,46.4537032031074,1.75));
#9548=CARTESIAN_POINT('',(352.062501192093,46.4537032031074,1.75));
#9549=CARTESIAN_POINT('',(296.475001192093,29.0537032031074,1.75));
#9550=CARTESIAN_POINT('',(296.475001192093,41.9037032031074,1.75));
#9551=CARTESIAN_POINT('',(293.475001192093,29.0537032031074,1.75));
#9552=CARTESIAN_POINT('',(291.224968043268,29.0537032031073,1.75));
#9553=CARTESIAN_POINT('',(293.475001192093,41.9037032031074,1.75));
#9554=CARTESIAN_POINT('',(277.450001192093,29.0537032031073,1.75));
#9555=CARTESIAN_POINT('',(277.450001192093,41.8537032031073,1.75));
#9556=CARTESIAN_POINT('',(274.450001192093,29.0537032031074,1.75));
#9557=CARTESIAN_POINT('',(291.224968043268,29.0537032031073,1.75));
#9558=CARTESIAN_POINT('',(274.450001192093,45.8537032031073,1.75));
#9559=CARTESIAN_POINT('',(274.450001192093,42.1537032031074,1.75));
#9560=CARTESIAN_POINT('',(252.050001192093,45.8537032031073,1.75));
#9561=CARTESIAN_POINT('',(258.775001192093,45.8537032031073,1.75));
#9562=CARTESIAN_POINT('',(252.050001192093,29.0537032031073,1.75));
#9563=CARTESIAN_POINT('',(252.050001192093,42.1537032031074,1.75));
#9564=CARTESIAN_POINT('',(249.700001192093,29.0537032031073,1.75));
#9565=CARTESIAN_POINT('',(291.224968043268,29.0537032031073,1.75));
#9566=CARTESIAN_POINT('',(249.700001192093,36.9537032031074,1.75));
#9567=CARTESIAN_POINT('',(216.074934894443,29.0537032031073,1.75));
#9568=CARTESIAN_POINT('',(230.574934894443,29.0537032031073,1.75));
#9569=CARTESIAN_POINT('',(216.074934894443,27.0537032031073,1.75));
#9570=CARTESIAN_POINT('',(216.074934894443,27.0537032031073,1.75));
#9571=CARTESIAN_POINT('',(303.000001192093,27.0537032031074,1.75));
#9572=CARTESIAN_POINT('',(346.625001192093,27.0537032031073,1.75));
#9573=CARTESIAN_POINT('',(303.000001192093,41.6537032031074,1.75));
#9574=CARTESIAN_POINT('',(303.000001192093,35.0287032031074,1.75));
#9575=CARTESIAN_POINT('',(307.000001192093,41.6537032031074,1.75));
#9576=CARTESIAN_POINT('',(351.062501192093,41.6537032031074,1.75));
#9577=CARTESIAN_POINT('',(307.000001192093,27.0537032031074,1.75));
#9578=CARTESIAN_POINT('',(307.000001192093,27.0537032031074,1.75));
#9579=CARTESIAN_POINT('',(393.925067489743,27.0537032031073,1.75));
#9580=CARTESIAN_POINT('',(346.625001192093,27.0537032031073,1.75));
#9581=CARTESIAN_POINT('',(393.925067489743,29.0537032031073,1.75));
#9582=CARTESIAN_POINT('',(393.925067489743,27.0537032031073,1.75));
#9583=CARTESIAN_POINT('',(393.925067489743,29.0537032031073,1.75));
#9584=CARTESIAN_POINT('Origin',(376.525034340918,141.92506629765,2.25));
#9585=CARTESIAN_POINT('',(228.574934894443,142.42506629765,2.75));
#9586=CARTESIAN_POINT('',(216.074934894443,142.42506629765,2.75));
#9587=CARTESIAN_POINT('',(376.525034340918,142.42506629765,2.75));
#9588=CARTESIAN_POINT('',(217.074934894443,141.42506629765,1.75));
#9589=CARTESIAN_POINT('',(261.578511984612,96.92148920748,-42.7535770901695));
#9590=CARTESIAN_POINT('',(229.574934894443,141.42506629765,1.75));
#9591=CARTESIAN_POINT('',(376.525034340918,141.42506629765,1.75));
#9592=CARTESIAN_POINT('',(229.574934894443,141.42506629765,1.75));
#9593=CARTESIAN_POINT('Origin',(229.074934894443,95.7893847503787,2.25));
#9594=CARTESIAN_POINT('',(229.574934894443,153.92506629765,1.75000000000001));
#9595=CARTESIAN_POINT('',(229.574934894443,95.7893847503787,1.75));
#9596=CARTESIAN_POINT('',(228.574934894443,154.92506629765,2.75));
#9597=CARTESIAN_POINT('',(248.268387343792,135.231613848301,-16.9434524493494));
#9598=CARTESIAN_POINT('',(228.574934894443,95.7893847503787,2.75));
#9599=CARTESIAN_POINT('Origin',(285.599968043268,154.42506629765,2.25));
#9600=CARTESIAN_POINT('',(315.535899614208,153.92506629765,1.75));
#9601=CARTESIAN_POINT('',(322.36248461768,153.92506629765,1.75000000000001));
#9602=CARTESIAN_POINT('',(316.550511486563,154.92506629765,2.75));
#9603=CARTESIAN_POINT('Ctrl Pts',(316.550511486563,154.92506629765,2.75000000000001));
#9604=CARTESIAN_POINT('Ctrl Pts',(316.175349908288,154.618748151694,2.44368185404347));
#9605=CARTESIAN_POINT('Ctrl Pts',(315.834870331161,154.270287945475,2.09522164782504));
#9606=CARTESIAN_POINT('Ctrl Pts',(315.535899614208,153.92506629765,1.75));
#9607=CARTESIAN_POINT('',(285.599968043268,154.92506629765,2.75));
#9608=CARTESIAN_POINT('Origin',(359.125001192093,36.6537032031074,1.75));
#9609=CARTESIAN_POINT('',(217.074934894443,48.0747032031073,1.75));
#9610=CARTESIAN_POINT('',(217.074934894443,31.8537032031074,1.75));
#9611=CARTESIAN_POINT('',(221.074934894443,48.0747032031073,1.75));
#9612=CARTESIAN_POINT('',(291.224968043268,48.0747032031073,1.75));
#9613=CARTESIAN_POINT('',(221.074934894443,133.92506629765,1.75));
#9614=CARTESIAN_POINT('',(221.074934894443,41.8643190487751,1.75));
#9615=CARTESIAN_POINT('',(315.535899619585,133.92506629765,1.75));
#9616=CARTESIAN_POINT('',(290.599968043268,133.92506629765,1.75));
#9617=CARTESIAN_POINT('',(322.464102839106,133.92506629765,1.75));
#9618=CARTESIAN_POINT('Origin',(319.000001229346,133.425066260397,1.75));
#9619=CARTESIAN_POINT('',(388.925067489743,133.92506629765,1.75));
#9620=CARTESIAN_POINT('',(290.599968043268,133.92506629765,1.75));
#9621=CARTESIAN_POINT('',(388.925067489743,48.0747032031073,1.75));
#9622=CARTESIAN_POINT('',(388.925067489743,84.7893847503787,1.75));
#9623=CARTESIAN_POINT('',(392.925067489743,48.0747032031073,1.75));
#9624=CARTESIAN_POINT('',(372.900034340918,48.0747032031073,1.75));
#9625=CARTESIAN_POINT('',(392.925067489743,141.42506629765,1.75));
#9626=CARTESIAN_POINT('',(392.925067489743,31.8537032031074,1.75));
#9627=CARTESIAN_POINT('',(380.425067489743,141.42506629765,1.75));
#9628=CARTESIAN_POINT('',(376.525034340918,141.42506629765,1.75));
#9629=CARTESIAN_POINT('',(380.425067489743,153.92506629765,1.75));
#9630=CARTESIAN_POINT('',(380.425067489743,88.5393847503787,1.75));
#9631=CARTESIAN_POINT('',(322.464102844483,153.92506629765,1.75));
#9632=CARTESIAN_POINT('',(285.599968043268,153.92506629765,1.75));
#9633=CARTESIAN_POINT('Origin',(319.000001229346,154.42506629765,1.75));
#9634=CARTESIAN_POINT('',(317.500001192093,143.92506629765,1.75));
#9635=CARTESIAN_POINT('Origin',(315.125001192093,143.92506629765,1.75));
#9636=CARTESIAN_POINT('',(310.500001192093,143.92506629765,1.75));
#9637=CARTESIAN_POINT('Origin',(305.000001192093,143.92506629765,1.75));
#9638=CARTESIAN_POINT('Origin',(380.925067489743,88.5393847503787,2.25));
#9639=CARTESIAN_POINT('',(381.425067489743,142.42506629765,2.75));
#9640=CARTESIAN_POINT('',(381.425067489743,154.92506629765,2.75));
#9641=CARTESIAN_POINT('',(381.425067489743,88.5393847503787,2.75));
#9642=CARTESIAN_POINT('',(354.056603990785,127.556602798692,-24.6184634989578));
#9643=CARTESIAN_POINT('',(380.425067489743,141.42506629765,1.75));
#9644=CARTESIAN_POINT('Origin',(376.525034340918,141.92506629765,2.25));
#9645=CARTESIAN_POINT('',(393.925067489743,142.42506629765,2.75));
#9646=CARTESIAN_POINT('',(372.263168115848,120.763166923755,-18.9118993738949));
#9647=CARTESIAN_POINT('',(376.525034340918,142.42506629765,2.75));
#9648=CARTESIAN_POINT('Origin',(393.425067489743,31.8537032031074,2.25));
#9649=CARTESIAN_POINT('',(393.925067489743,47.0747032031073,2.75));
#9650=CARTESIAN_POINT('',(392.925067489743,48.0747032031073,1.75));
#9651=CARTESIAN_POINT('',(393.925067489743,31.8537032031074,2.75));
#9652=CARTESIAN_POINT('Origin',(291.224968043268,47.5747032031073,2.25));
#9653=CARTESIAN_POINT('',(387.925183335411,47.0748190487751,2.74988415433228));
#9654=CARTESIAN_POINT('',(392.040008889484,51.1896446028483,-1.36494139974098));
#9655=CARTESIAN_POINT('',(373.212534340918,47.0748190487751,2.74988415433227));
#9656=CARTESIAN_POINT('',(372.900034340918,47.0747032031073,2.75));
#9657=CARTESIAN_POINT('Origin',(223.324934894443,29.0537032031073,9.));
#9658=CARTESIAN_POINT('',(228.574934894443,29.0537032031073,13.25));
#9659=CARTESIAN_POINT('',(228.574934894443,29.0537032031073,11.625));
#9660=CARTESIAN_POINT('',(216.074934894443,29.0537032031073,13.25));
#9661=CARTESIAN_POINT('',(223.324934894443,29.0537032031073,13.25));
#9662=CARTESIAN_POINT('',(216.074934894443,29.0537032031073,1.75));
#9663=CARTESIAN_POINT('',(221.224934894443,29.0537032031073,8.8));
#9664=CARTESIAN_POINT('Origin',(223.324934894443,29.0537032031073,8.8));
#9665=CARTESIAN_POINT('Origin',(216.574934894443,31.8537032031074,2.25));
#9666=CARTESIAN_POINT('',(216.074934894443,47.0747032031073,2.75));
#9667=CARTESIAN_POINT('',(216.074934894443,31.8537032031074,2.75));
#9668=CARTESIAN_POINT('',(217.074934894443,48.0747032031073,1.75));
#9669=CARTESIAN_POINT('Origin',(223.324934894443,29.0537032031073,9.));
#9670=CARTESIAN_POINT('',(393.925067489743,29.0537032031073,13.25));
#9671=CARTESIAN_POINT('',(393.925067489743,29.0537032031073,16.25));
#9672=CARTESIAN_POINT('',(305.000001192093,29.0537032031073,13.25));
#9673=CARTESIAN_POINT('',(384.575067489743,29.0537032031073,8.8));
#9674=CARTESIAN_POINT('Origin',(386.675067489743,29.0537032031073,8.8));
#9675=CARTESIAN_POINT('Origin',(386.675067489743,147.67506629765,15.85));
#9676=CARTESIAN_POINT('',(393.925067489743,148.92506629765,15.85));
#9677=CARTESIAN_POINT('',(393.925067489743,142.42506629765,15.85));
#9678=CARTESIAN_POINT('',(393.925067489743,87.3643847503787,15.85));
#9679=CARTESIAN_POINT('',(387.925067489743,154.92506629765,15.85));
#9680=CARTESIAN_POINT('Origin',(387.925067489743,148.92506629765,15.85));
#9681=CARTESIAN_POINT('',(381.425067489743,154.92506629765,15.85));
#9682=CARTESIAN_POINT('',(299.375001192093,154.92506629765,15.85));
#9683=CARTESIAN_POINT('',(381.425067489743,142.42506629765,15.85));
#9684=CARTESIAN_POINT('',(381.425067489743,144.05006629765,15.85));
#9685=CARTESIAN_POINT('',(390.300067489743,142.42506629765,15.85));
#9686=CARTESIAN_POINT('',(388.775067489743,147.67506629765,15.85));
#9687=CARTESIAN_POINT('Origin',(386.675067489743,147.67506629765,15.85));
#9688=CARTESIAN_POINT('Origin',(212.074934894443,154.92506629765,-0.25));
#9689=CARTESIAN_POINT('',(381.425067489743,154.92506629765,7.));
#9690=CARTESIAN_POINT('',(387.925067489743,154.92506629765,16.05));
#9691=CARTESIAN_POINT('',(387.925067489743,154.92506629765,-0.25));
#9692=CARTESIAN_POINT('',(222.074934894443,154.92506629765,16.05));
#9693=CARTESIAN_POINT('',(258.537468043268,154.92506629765,16.05));
#9694=CARTESIAN_POINT('',(222.074934894443,154.92506629765,15.85));
#9695=CARTESIAN_POINT('',(222.074934894443,154.92506629765,-0.25));
#9696=CARTESIAN_POINT('',(228.574934894443,154.92506629765,15.85));
#9697=CARTESIAN_POINT('',(217.699934894443,154.92506629765,15.85));
#9698=CARTESIAN_POINT('',(228.574934894443,154.92506629765,7.));
#9699=CARTESIAN_POINT('',(316.550511486563,154.92506629765,6.25));
#9700=CARTESIAN_POINT('',(316.550511486563,154.92506629765,1.75));
#9701=CARTESIAN_POINT('',(321.449490972129,154.92506629765,6.25));
#9702=CARTESIAN_POINT('',(265.537468061894,154.92506629765,6.25));
#9703=CARTESIAN_POINT('',(321.449490972129,154.92506629765,2.75));
#9704=CARTESIAN_POINT('',(321.449490972129,154.92506629765,1.75));
#9705=CARTESIAN_POINT('',(285.599968043268,154.92506629765,2.75));
#9706=CARTESIAN_POINT('Origin',(387.925067489743,148.92506629765,-0.25));
#9707=CARTESIAN_POINT('',(393.925067489743,148.92506629765,16.05));
#9708=CARTESIAN_POINT('',(393.925067489743,148.92506629765,-0.25));
#9709=CARTESIAN_POINT('Origin',(387.925067489743,148.92506629765,16.05));
#9710=CARTESIAN_POINT('Origin',(223.324934894443,147.67506629765,15.85));
#9711=CARTESIAN_POINT('',(228.574934894443,142.42506629765,15.85));
#9712=CARTESIAN_POINT('',(228.574934894443,151.30006629765,15.85));
#9713=CARTESIAN_POINT('',(216.074934894443,148.92506629765,15.85));
#9714=CARTESIAN_POINT('Origin',(222.074934894443,148.92506629765,15.85));
#9715=CARTESIAN_POINT('',(216.074934894443,142.42506629765,15.85));
#9716=CARTESIAN_POINT('',(216.074934894443,87.3643847503787,15.85));
#9717=CARTESIAN_POINT('',(308.625001192093,142.42506629765,15.85));
#9718=CARTESIAN_POINT('',(225.424934894443,147.67506629765,15.85));
#9719=CARTESIAN_POINT('Origin',(223.324934894443,147.67506629765,15.85));
#9720=CARTESIAN_POINT('Origin',(216.074934894443,27.0537032031074,-0.25));
#9721=CARTESIAN_POINT('',(216.074934894443,142.42506629765,7.));
#9722=CARTESIAN_POINT('',(216.074934894443,148.92506629765,16.05));
#9723=CARTESIAN_POINT('',(216.074934894443,148.92506629765,-0.25));
#9724=CARTESIAN_POINT('',(216.074934894443,27.0537032031073,16.05));
#9725=CARTESIAN_POINT('',(216.074934894443,60.521543976743,16.05));
#9726=CARTESIAN_POINT('',(216.074934894443,27.0537032031073,0.750000000000001));
#9727=CARTESIAN_POINT('',(216.074934894443,47.0747032031073,13.25));
#9728=CARTESIAN_POINT('',(216.074934894443,32.5589532031074,13.25));
#9729=CARTESIAN_POINT('',(216.074934894443,47.0747032031073,4.375));
#9730=CARTESIAN_POINT('Origin',(222.074934894443,148.92506629765,-0.25));
#9731=CARTESIAN_POINT('Origin',(222.074934894443,148.92506629765,16.05));
#9732=CARTESIAN_POINT('Origin',(250.200001192093,36.9537032031074,2.25));
#9733=CARTESIAN_POINT('',(250.700001192093,29.0537032031073,2.75));
#9734=CARTESIAN_POINT('',(253.981251192093,29.0537032031073,6.03125));
#9735=CARTESIAN_POINT('',(250.700001192093,47.0744324637496,2.75));
#9736=CARTESIAN_POINT('',(250.700001192093,36.9537032031074,2.75));
#9737=CARTESIAN_POINT('',(250.200001192093,47.0744324637497,2.25000000000053));
#9738=CARTESIAN_POINT('Origin',(250.700001192093,37.2537032031074,3.8));
#9739=CARTESIAN_POINT('',(250.700001192093,29.0537032031073,6.9));
#9740=CARTESIAN_POINT('',(250.700001192093,29.0537032031073,4.0625));
#9741=CARTESIAN_POINT('',(250.700001192093,47.0744324637496,6.9));
#9742=CARTESIAN_POINT('',(250.700001192093,47.0744324637496,6.9));
#9743=CARTESIAN_POINT('',(250.700001192093,47.0744324637496,1.74999999999999));
#9744=CARTESIAN_POINT('Origin',(276.950001192093,41.8537032031073,2.25));
#9745=CARTESIAN_POINT('',(276.450001192093,47.0744324637442,2.75));
#9746=CARTESIAN_POINT('',(270.512501192093,47.0744324637455,8.68749999999973));
#9747=CARTESIAN_POINT('',(276.450001192093,29.0537032031074,2.75));
#9748=CARTESIAN_POINT('',(276.450001192093,41.8537032031073,2.75));
#9749=CARTESIAN_POINT('',(273.006251192093,29.0537032031073,6.19375000000001));
#9750=CARTESIAN_POINT('Origin',(291.224968043268,47.5747032031073,2.25));
#9751=CARTESIAN_POINT('',(234.135004444969,35.0146336525811,14.8100695505263));
#9752=CARTESIAN_POINT('',(291.224968043268,47.0747032031073,2.75));
#9753=CARTESIAN_POINT('Origin',(285.599968043268,154.42506629765,2.25));
#9754=CARTESIAN_POINT('Ctrl Pts',(321.449490972129,154.92506629765,2.75000000000003));
#9755=CARTESIAN_POINT('Ctrl Pts',(321.824652550403,154.618748151694,2.44368185404349));
#9756=CARTESIAN_POINT('Ctrl Pts',(322.165132127531,154.270287945475,2.09522164782505));
#9757=CARTESIAN_POINT('Ctrl Pts',(322.464102844483,153.92506629765,1.75));
#9758=CARTESIAN_POINT('Origin',(319.000001229346,154.42506629765,2.25));
#9759=CARTESIAN_POINT('Origin',(319.000001229346,154.42506629765,2.75));
#9760=CARTESIAN_POINT('Origin',(223.324934894443,47.0747032031073,9.));
#9761=CARTESIAN_POINT('',(228.574934894443,47.0747032031073,13.25));
#9762=CARTESIAN_POINT('',(223.324934894443,47.0747032031073,13.25));
#9763=CARTESIAN_POINT('',(228.574934894443,47.0747032031073,11.625));
#9764=CARTESIAN_POINT('',(221.224934894443,47.0747032031073,8.8));
#9765=CARTESIAN_POINT('Origin',(223.324934894443,47.0747032031073,8.8));
#9766=CARTESIAN_POINT('Origin',(393.925067489743,142.42506629765,14.25));
#9767=CARTESIAN_POINT('',(228.574934894443,142.42506629765,14.25));
#9768=CARTESIAN_POINT('Origin',(228.574934894443,154.92506629765,14.25));
#9769=CARTESIAN_POINT('Origin',(319.000001229346,154.42506629765,1.75));
#9770=CARTESIAN_POINT('Origin',(319.000001229346,154.42506629765,6.25));
#9771=CARTESIAN_POINT('Origin',(381.425067489743,140.42506629765,14.25));
#9772=CARTESIAN_POINT('',(381.425067489743,142.42506629765,14.25));
#9773=CARTESIAN_POINT('Origin',(393.925067489743,142.42506629765,14.25));
#9774=CARTESIAN_POINT('',(393.925067489743,142.42506629765,15.25));
#9775=CARTESIAN_POINT('Origin',(393.925067489743,27.0537032031073,16.25));
#9776=CARTESIAN_POINT('',(393.925067489743,47.0747032031073,13.25));
#9777=CARTESIAN_POINT('',(393.925067489743,47.0747032031073,4.375));
#9778=CARTESIAN_POINT('',(393.925067489743,32.5589532031074,13.25));
#9779=CARTESIAN_POINT('',(393.925067489743,27.0537032031073,16.05));
#9780=CARTESIAN_POINT('',(393.925067489743,27.0537032031073,8.));
#9781=CARTESIAN_POINT('',(393.925067489743,60.521543976743,16.05));
#9782=CARTESIAN_POINT('Origin',(386.675067489743,47.0747032031073,9.));
#9783=CARTESIAN_POINT('',(386.675067489743,47.0747032031073,13.25));
#9784=CARTESIAN_POINT('',(384.575067489743,47.0747032031073,8.8));
#9785=CARTESIAN_POINT('Origin',(386.675067489743,47.0747032031073,8.8));
#9786=CARTESIAN_POINT('Origin',(346.462534340918,47.5749348944428,15.75));
#9787=CARTESIAN_POINT('',(386.925067489743,48.0749348944428,16.25));
#9788=CARTESIAN_POINT('',(223.074934894443,48.0749348944428,16.25));
#9789=CARTESIAN_POINT('',(346.462534340918,48.0749348944428,16.25));
#9790=CARTESIAN_POINT('',(222.074934894443,47.0749348944428,15.25));
#9791=CARTESIAN_POINT('',(223.074934894443,48.0749348944428,16.25));
#9792=CARTESIAN_POINT('',(387.925067489743,47.0749348944428,15.25));
#9793=CARTESIAN_POINT('',(346.462534340918,47.0749348944428,15.25));
#9794=CARTESIAN_POINT('',(386.925067489743,48.0749348944428,16.25));
#9795=CARTESIAN_POINT('Origin',(222.574934894443,68.5374677452446,15.75));
#9796=CARTESIAN_POINT('',(223.074934894443,131.92506629765,16.25));
#9797=CARTESIAN_POINT('',(223.074934894443,68.5374677452446,16.25));
#9798=CARTESIAN_POINT('',(222.074934894443,132.92506629765,15.25));
#9799=CARTESIAN_POINT('',(223.074934894443,131.92506629765,16.25));
#9800=CARTESIAN_POINT('',(222.074934894443,68.5374677452446,15.25));
#9801=CARTESIAN_POINT('Origin',(263.537468043268,132.42506629765,15.75));
#9802=CARTESIAN_POINT('',(386.925067489743,131.92506629765,16.25));
#9803=CARTESIAN_POINT('',(263.537468043268,131.92506629765,16.25));
#9804=CARTESIAN_POINT('',(387.925067489743,132.92506629765,15.25));
#9805=CARTESIAN_POINT('',(386.925067489743,131.92506629765,16.25));
#9806=CARTESIAN_POINT('',(263.537468043268,132.92506629765,15.25));
#9807=CARTESIAN_POINT('Origin',(387.425067489743,111.462533446848,15.75));
#9808=CARTESIAN_POINT('',(387.925067489743,111.462533446848,15.25));
#9809=CARTESIAN_POINT('',(386.925067489743,111.462533446848,16.25));
#9810=CARTESIAN_POINT('Origin',(387.925067489743,132.92506629765,-0.25));
#9811=CARTESIAN_POINT('',(387.925067489743,47.0749348944428,2.74999999999998));
#9812=CARTESIAN_POINT('',(387.925067489743,47.0749348944428,-0.25));
#9813=CARTESIAN_POINT('',(387.925067489743,132.92506629765,2.75));
#9814=CARTESIAN_POINT('',(387.925067489743,84.7893847503787,2.75));
#9815=CARTESIAN_POINT('',(387.925067489743,132.92506629765,15.75));
#9816=CARTESIAN_POINT('Origin',(387.925067489743,47.0749348944428,-0.25));
#9817=CARTESIAN_POINT('',(222.074934894443,47.0749348944428,15.75));
#9818=CARTESIAN_POINT('',(294.475001192093,47.0749348944428,6.7));
#9819=CARTESIAN_POINT('',(294.475001192093,47.0749348944428,3.8));
#9820=CARTESIAN_POINT('',(315.525001192093,47.0749348944428,6.7));
#9821=CARTESIAN_POINT('',(331.725034340918,47.0749348944428,6.7));
#9822=CARTESIAN_POINT('',(315.525001192093,47.0749348944428,2.74999999999998));
#9823=CARTESIAN_POINT('',(315.525001192093,47.0749348944428,0.749999999999997));
#9824=CARTESIAN_POINT('',(373.525034340918,47.0749348944428,2.74999999999998));
#9825=CARTESIAN_POINT('Origin',(305.000001192093,90.0000005960464,16.25));
#9826=CARTESIAN_POINT('',(237.451082316795,115.749917683205,16.25));
#9827=CARTESIAN_POINT('',(372.499917683205,115.749917683205,16.25));
#9828=CARTESIAN_POINT('',(342.195459437649,115.749917683205,16.25));
#9829=CARTESIAN_POINT('',(373.999917683205,114.249917683205,16.25));
#9830=CARTESIAN_POINT('Origin',(372.499917683205,114.249917683205,16.25));
#9831=CARTESIAN_POINT('',(373.999917683205,65.7500823167948,16.25));
#9832=CARTESIAN_POINT('',(373.999917683205,72.8045414564207,16.25));
#9833=CARTESIAN_POINT('',(372.499917683205,64.2500823167949,16.25));
#9834=CARTESIAN_POINT('Origin',(372.499917683205,65.7500823167948,16.25));
#9835=CARTESIAN_POINT('',(237.451082316795,64.2500823167949,16.25));
#9836=CARTESIAN_POINT('',(267.804541754444,64.2500823167949,16.25));
#9837=CARTESIAN_POINT('',(235.951082316795,65.7500823167948,16.25));
#9838=CARTESIAN_POINT('Origin',(237.451082316795,65.7500823167948,16.25));
#9839=CARTESIAN_POINT('',(235.951082316795,114.249917683205,16.25));
#9840=CARTESIAN_POINT('',(235.951082316795,107.195459139626,16.25));
#9841=CARTESIAN_POINT('Origin',(237.451082316795,114.249917683205,16.25));
#9842=CARTESIAN_POINT('',(234.100000337232,75.0000011874363,16.25));
#9843=CARTESIAN_POINT('Origin',(232.100000337232,75.0000011874363,16.25));
#9844=CARTESIAN_POINT('',(379.90000726236,105.00000261236,16.25));
#9845=CARTESIAN_POINT('Origin',(377.90000726236,105.00000261236,16.25));
#9846=CARTESIAN_POINT('',(244.584767236824,122.677998666034,16.25));
#9847=CARTESIAN_POINT('Origin',(242.709767236824,122.677998666034,16.25));
#9848=CARTESIAN_POINT('',(369.184767236824,122.677998666034,16.25));
#9849=CARTESIAN_POINT('Origin',(367.309767236824,122.677998666034,16.25));
#9850=CARTESIAN_POINT('',(244.584767236824,57.677998666034,16.25));
#9851=CARTESIAN_POINT('Origin',(242.709767236824,57.677998666034,16.25));
#9852=CARTESIAN_POINT('',(369.184767236824,57.677998666034,16.25));
#9853=CARTESIAN_POINT('Origin',(367.309767236824,57.677998666034,16.25));
#9854=CARTESIAN_POINT('Origin',(316.025001192093,41.9037032031074,2.24999999999999));
#9855=CARTESIAN_POINT('',(315.525001192093,29.0537032031074,2.74999999999998));
#9856=CARTESIAN_POINT('',(315.525001192093,41.9037032031074,2.74999999999998));
#9857=CARTESIAN_POINT('',(318.518751192093,29.0537032031074,-0.243750000000019));
#9858=CARTESIAN_POINT('',(316.525001192093,46.0749348944428,1.75));
#9859=CARTESIAN_POINT('Origin',(373.525034340918,46.5749348944428,2.25));
#9860=CARTESIAN_POINT('',(388.925067489743,46.0749348944428,1.75));
#9861=CARTESIAN_POINT('Origin',(388.425067489743,84.7893847503787,2.25));
#9862=CARTESIAN_POINT('',(388.925067489743,133.92506629765,1.75));
#9863=CARTESIAN_POINT('Origin',(290.599968043268,133.42506629765,2.25000000000001));
#9864=CARTESIAN_POINT('',(222.074934894443,132.92506629765,2.75000000000001));
#9865=CARTESIAN_POINT('',(221.074934894443,133.92506629765,1.75));
#9866=CARTESIAN_POINT('',(316.550511478958,132.92506629765,2.75));
#9867=CARTESIAN_POINT('',(290.599968043268,132.92506629765,2.75000000000001));
#9868=CARTESIAN_POINT('Ctrl Pts',(316.550511478958,132.92506629765,2.75));
#9869=CARTESIAN_POINT('Ctrl Pts',(316.175349905636,133.231384444318,2.44368185333201));
#9870=CARTESIAN_POINT('Ctrl Pts',(315.834870332885,133.579844650292,2.09522164735763));
#9871=CARTESIAN_POINT('Ctrl Pts',(315.535899619585,133.92506629765,1.74999999999999));
#9872=CARTESIAN_POINT('Origin',(221.574934894443,41.8643190487751,2.25));
#9873=CARTESIAN_POINT('',(222.074934894443,41.8643190487751,2.75));
#9874=CARTESIAN_POINT('Origin',(293.975001192093,41.9037032031074,2.25));
#9875=CARTESIAN_POINT('',(294.475001192093,29.0537032031073,2.75));
#9876=CARTESIAN_POINT('',(303.018751192093,29.0537032031074,11.29375));
#9877=CARTESIAN_POINT('',(294.475001192093,41.9037032031074,2.75));
#9878=CARTESIAN_POINT('Origin',(319.000001229346,133.425066260397,2.25));
#9879=CARTESIAN_POINT('',(321.449490979733,132.92506629765,2.75));
#9880=CARTESIAN_POINT('Origin',(319.000001229346,133.425066260397,2.75));
#9881=CARTESIAN_POINT('Ctrl Pts',(321.449490979733,132.92506629765,2.75));
#9882=CARTESIAN_POINT('Ctrl Pts',(321.824652553056,133.231384444318,2.44368185333205));
#9883=CARTESIAN_POINT('Ctrl Pts',(322.165132125807,133.579844650292,2.09522164735775));
#9884=CARTESIAN_POINT('Ctrl Pts',(322.464102839106,133.92506629765,1.74999999999999));
#9885=CARTESIAN_POINT('Origin',(290.599968043268,133.42506629765,2.25));
#9886=CARTESIAN_POINT('',(290.599968043268,132.92506629765,2.75));
#9887=CARTESIAN_POINT('Origin',(315.525001192093,47.1537032031074,1.75));
#9888=CARTESIAN_POINT('',(315.525001192093,29.0537032031074,6.7));
#9889=CARTESIAN_POINT('',(315.525001192093,47.1537032031074,6.7));
#9890=CARTESIAN_POINT('',(315.525001192093,29.0537032031074,3.0375));
#9891=CARTESIAN_POINT('Origin',(386.675067489743,38.0642032031073,13.25));
#9892=CARTESIAN_POINT('Origin',(223.324934894443,38.0642032031073,13.25));
#9893=CARTESIAN_POINT('',(228.574934894443,96.4946347503787,13.25));
#9894=CARTESIAN_POINT('Origin',(228.574934894443,154.92506629765,14.25));
#9895=CARTESIAN_POINT('Origin',(223.324934894443,147.67506629765,14.25));
#9896=CARTESIAN_POINT('',(225.424934894443,147.67506629765,1.75));
#9897=CARTESIAN_POINT('Origin',(223.324934894443,147.67506629765,1.75));
#9898=CARTESIAN_POINT('',(225.424934894443,147.67506629765,14.25));
#9899=CARTESIAN_POINT('Origin',(359.125001192093,36.6537032031074,1.75));
#9900=CARTESIAN_POINT('Origin',(386.675067489743,147.67506629765,14.25));
#9901=CARTESIAN_POINT('',(388.775067489743,147.67506629765,1.75));
#9902=CARTESIAN_POINT('Origin',(386.675067489743,147.67506629765,1.75));
#9903=CARTESIAN_POINT('',(388.775067489743,147.67506629765,14.25));
#9904=CARTESIAN_POINT('Origin',(305.000001192093,93.9893847503787,16.05));
#9905=CARTESIAN_POINT('',(395.925067489743,27.0537032031073,16.05));
#9906=CARTESIAN_POINT('',(319.562501192093,27.0537032031073,16.05));
#9907=CARTESIAN_POINT('',(395.925067489743,148.92506629765,16.05));
#9908=CARTESIAN_POINT('',(395.925067489743,60.521543976743,16.05));
#9909=CARTESIAN_POINT('',(387.925067489743,156.92506629765,16.05));
#9910=CARTESIAN_POINT('Origin',(387.925067489743,148.92506629765,16.05));
#9911=CARTESIAN_POINT('',(222.074934894443,156.92506629765,16.05));
#9912=CARTESIAN_POINT('',(352.462534340918,156.92506629765,16.05));
#9913=CARTESIAN_POINT('',(214.074934894443,148.92506629765,16.05));
#9914=CARTESIAN_POINT('Origin',(222.074934894443,148.92506629765,16.05));
#9915=CARTESIAN_POINT('',(214.074934894443,27.0537032031073,16.05));
#9916=CARTESIAN_POINT('',(214.074934894443,127.457225524014,16.05));
#9917=CARTESIAN_POINT('',(319.562501192093,27.0537032031073,16.05));
#9918=CARTESIAN_POINT('Origin',(386.675067489743,27.0537032031073,8.8));
#9919=CARTESIAN_POINT('',(384.575067489743,27.0537032031073,8.8));
#9920=CARTESIAN_POINT('Origin',(359.125001192093,36.6537032031074,1.75));
#9921=CARTESIAN_POINT('Origin',(223.324934894443,27.0537032031073,8.8));
#9922=CARTESIAN_POINT('',(221.224934894443,27.0537032031073,8.8));
#9923=CARTESIAN_POINT('Origin',(359.125001192093,36.6537032031074,-0.25));
#9924=CARTESIAN_POINT('',(395.125067489743,27.0537032031073,-0.25));
#9925=CARTESIAN_POINT('',(395.125067489743,148.92506629765,-0.25));
#9926=CARTESIAN_POINT('',(395.125067489743,31.8537032031073,-0.25));
#9927=CARTESIAN_POINT('',(214.874934894443,27.0537032031073,-0.25));
#9928=CARTESIAN_POINT('',(346.625001192093,27.0537032031073,-0.25));
#9929=CARTESIAN_POINT('',(214.874934894443,148.92506629765,-0.25));
#9930=CARTESIAN_POINT('',(214.874934894443,98.7893847503787,-0.25));
#9931=CARTESIAN_POINT('',(222.074934894443,156.12506629765,-0.25));
#9932=CARTESIAN_POINT('Origin',(222.074934894443,148.92506629765,-0.25));
#9933=CARTESIAN_POINT('',(387.925067489743,156.12506629765,-0.25));
#9934=CARTESIAN_POINT('',(379.525034340918,156.12506629765,-0.25));
#9935=CARTESIAN_POINT('Origin',(387.925067489743,148.92506629765,-0.25));
#9936=CARTESIAN_POINT('',(310.500001192093,143.92506629765,-0.25));
#9937=CARTESIAN_POINT('Origin',(305.000001192093,143.92506629765,-0.25));
#9938=CARTESIAN_POINT('',(224.65,49.65,-0.25));
#9939=CARTESIAN_POINT('',(224.65,130.35,-0.25));
#9940=CARTESIAN_POINT('',(224.65,63.3268516015537,-0.25));
#9941=CARTESIAN_POINT('',(385.35,49.65,-0.25));
#9942=CARTESIAN_POINT('',(332.062500596046,49.65,-0.25));
#9943=CARTESIAN_POINT('',(385.35,130.35,-0.25));
#9944=CARTESIAN_POINT('',(385.35,63.3268516015537,-0.25));
#9945=CARTESIAN_POINT('',(332.062500596046,130.35,-0.25));
#9946=CARTESIAN_POINT('',(307.500001192093,40.6537032031073,-0.25));
#9947=CARTESIAN_POINT('',(307.500001192093,35.0037032031074,-0.25));
#9948=CARTESIAN_POINT('',(307.500001192093,39.2037032031074,-0.25));
#9949=CARTESIAN_POINT('',(306.000001192093,42.1537032031074,-0.25));
#9950=CARTESIAN_POINT('Origin',(306.000001192093,40.6537032031073,-0.25));
#9951=CARTESIAN_POINT('',(304.000001192093,42.1537032031074,-0.25));
#9952=CARTESIAN_POINT('',(311.312501192093,42.1537032031074,-0.25));
#9953=CARTESIAN_POINT('',(302.500001192093,40.6537032031073,-0.25));
#9954=CARTESIAN_POINT('Origin',(304.000001192093,40.6537032031073,-0.25));
#9955=CARTESIAN_POINT('',(302.500001192093,35.0037032031074,-0.25));
#9956=CARTESIAN_POINT('',(302.500001192093,35.8787032031074,-0.25));
#9957=CARTESIAN_POINT('',(304.000001192093,33.5037032031074,-0.25));
#9958=CARTESIAN_POINT('Origin',(304.000001192093,35.0037032031074,-0.25));
#9959=CARTESIAN_POINT('',(306.000001192093,33.5037032031074,-0.25));
#9960=CARTESIAN_POINT('',(312.812501192093,33.5037032031074,-0.25));
#9961=CARTESIAN_POINT('Origin',(306.000001192093,35.0037032031074,-0.25));
#9962=CARTESIAN_POINT('Origin',(224.75,63.3268516015537,-0.15));
#9963=CARTESIAN_POINT('',(224.85,130.15,-0.05));
#9964=CARTESIAN_POINT('',(224.65,130.35,-0.25));
#9965=CARTESIAN_POINT('',(224.85,49.85,-0.05));
#9966=CARTESIAN_POINT('',(224.85,63.3268516015537,-0.05));
#9967=CARTESIAN_POINT('',(224.85,49.85,-0.05));
#9968=CARTESIAN_POINT('Origin',(332.062500596046,130.25,-0.15));
#9969=CARTESIAN_POINT('',(385.15,130.15,-0.05));
#9970=CARTESIAN_POINT('',(385.35,130.35,-0.25));
#9971=CARTESIAN_POINT('',(332.062500596046,130.15,-0.05));
#9972=CARTESIAN_POINT('Origin',(385.25,63.3268516015537,-0.15));
#9973=CARTESIAN_POINT('',(385.15,49.85,-0.05));
#9974=CARTESIAN_POINT('',(385.15,63.3268516015537,-0.05));
#9975=CARTESIAN_POINT('',(385.15,49.85,-0.05));
#9976=CARTESIAN_POINT('Origin',(332.062500596046,49.75,-0.15));
#9977=CARTESIAN_POINT('',(332.062500596046,49.85,-0.05));
#9978=CARTESIAN_POINT('Origin',(305.,49.85,1.25));
#9979=CARTESIAN_POINT('',(224.85,49.85,2.50468293128221));
#9980=CARTESIAN_POINT('',(224.85,49.85,1.25));
#9981=CARTESIAN_POINT('',(385.15,49.85,2.5046829312821));
#9982=CARTESIAN_POINT('',(305.,49.85,2.50468293128221));
#9983=CARTESIAN_POINT('',(385.15,49.85,1.25));
#9984=CARTESIAN_POINT('Origin',(224.85,90.,1.25));
#9985=CARTESIAN_POINT('',(224.85,130.15,2.50468293128224));
#9986=CARTESIAN_POINT('',(224.85,130.15,1.25));
#9987=CARTESIAN_POINT('',(224.85,90.,2.50468293128221));
#9988=CARTESIAN_POINT('Origin',(214.474934894443,98.7893847503787,0.150000000000001));
#9989=CARTESIAN_POINT('',(214.074934894443,27.0537032031073,0.550000000000001));
#9990=CARTESIAN_POINT('',(244.487451468855,27.0537032031073,-29.8625165744125));
#9991=CARTESIAN_POINT('',(214.074934894443,148.92506629765,0.550000000000001));
#9992=CARTESIAN_POINT('',(214.074934894443,98.7893847503787,0.550000000000001));
#9993=CARTESIAN_POINT('',(214.074934894443,148.92506629765,0.550000000000001));
#9994=CARTESIAN_POINT('Origin',(222.074934894443,148.92506629765,0.150000000000001));
#9995=CARTESIAN_POINT('',(222.074934894443,156.92506629765,0.550000000000001));
#9996=CARTESIAN_POINT('Origin',(222.074934894443,148.92506629765,0.550000000000001));
#9997=CARTESIAN_POINT('',(222.074934894443,156.92506629765,0.550000000000001));
#9998=CARTESIAN_POINT('Origin',(379.525034340918,156.52506629765,0.150000000000001));
#9999=CARTESIAN_POINT('',(387.925067489743,156.92506629765,0.550000000000001));
#10000=CARTESIAN_POINT('',(387.925067489743,156.92506629765,0.550000000000001));
#10001=CARTESIAN_POINT('',(379.525034340918,156.92506629765,0.550000000000001));
#10002=CARTESIAN_POINT('Origin',(387.925067489743,148.92506629765,0.150000000000001));
#10003=CARTESIAN_POINT('',(395.925067489743,148.92506629765,0.550000000000001));
#10004=CARTESIAN_POINT('Origin',(387.925067489743,148.92506629765,0.550000000000001));
#10005=CARTESIAN_POINT('',(395.925067489743,148.92506629765,0.550000000000001));
#10006=CARTESIAN_POINT('Origin',(395.525067489743,31.8537032031073,0.150000000000001));
#10007=CARTESIAN_POINT('',(395.925067489743,27.0537032031073,0.550000000000001));
#10008=CARTESIAN_POINT('',(380.075050915331,27.0537032031073,-15.3000165744125));
#10009=CARTESIAN_POINT('',(395.925067489743,31.8537032031073,0.550000000000001));
#10010=CARTESIAN_POINT('Origin',(387.925067489743,148.92506629765,-0.25));
#10011=CARTESIAN_POINT('',(387.925067489743,156.92506629765,-0.25));
#10012=CARTESIAN_POINT('',(395.925067489743,148.92506629765,-0.25));
#10013=CARTESIAN_POINT('Origin',(399.925067489743,156.92506629765,-0.25));
#10014=CARTESIAN_POINT('',(222.074934894443,156.92506629765,-0.25));
#10015=CARTESIAN_POINT('Origin',(222.074934894443,148.92506629765,-0.25));
#10016=CARTESIAN_POINT('',(214.074934894443,148.92506629765,-0.25));
#10017=CARTESIAN_POINT('Origin',(214.074934894443,160.92506629765,-0.25));
#10018=CARTESIAN_POINT('',(214.074934894443,27.0537032031073,-0.25));
#10019=CARTESIAN_POINT('Origin',(395.925067489743,27.0537032031073,-0.25));
#10020=CARTESIAN_POINT('',(395.925067489743,27.0537032031073,-0.25));
#10021=CARTESIAN_POINT('Origin',(225.615332316795,129.384667683205,14.75));
#10022=CARTESIAN_POINT('',(225.615332316795,50.6153323167948,14.75));
#10023=CARTESIAN_POINT('',(225.615332316795,129.384667683205,14.75));
#10024=CARTESIAN_POINT('',(225.615332316795,106.399999918416,14.75));
#10025=CARTESIAN_POINT('',(225.615332316795,129.384667683205,15.25));
#10026=CARTESIAN_POINT('',(225.615332316795,129.384667683205,14.75));
#10027=CARTESIAN_POINT('',(225.615332316795,50.6153323167948,15.25));
#10028=CARTESIAN_POINT('',(225.615332316795,106.399999918416,15.25));
#10029=CARTESIAN_POINT('',(225.615332316795,50.6153323167948,14.75));
#10030=CARTESIAN_POINT('Origin',(384.384667683205,129.384667683205,14.75));
#10031=CARTESIAN_POINT('',(384.384667683205,129.384667683205,14.75));
#10032=CARTESIAN_POINT('',(341.399998292327,129.384667683205,14.75));
#10033=CARTESIAN_POINT('',(384.384667683205,129.384667683205,15.25));
#10034=CARTESIAN_POINT('',(384.384667683205,129.384667683205,14.75));
#10035=CARTESIAN_POINT('',(341.399998292327,129.384667683205,15.25));
#10036=CARTESIAN_POINT('Origin',(384.384667683205,50.6153323167948,14.75));
#10037=CARTESIAN_POINT('',(384.384667683205,50.6153323167948,14.75));
#10038=CARTESIAN_POINT('',(384.384667683205,106.399999918416,14.75));
#10039=CARTESIAN_POINT('',(384.384667683205,50.6153323167948,15.25));
#10040=CARTESIAN_POINT('',(384.384667683205,50.6153323167948,14.75));
#10041=CARTESIAN_POINT('',(384.384667683205,106.399999918416,15.25));
#10042=CARTESIAN_POINT('Origin',(225.615332316795,50.6153323167948,14.75));
#10043=CARTESIAN_POINT('',(341.399998292327,50.6153323167948,14.75));
#10044=CARTESIAN_POINT('',(341.399998292327,50.6153323167948,15.25));
#10045=CARTESIAN_POINT('Origin',(377.799996584654,122.799999836832,15.25));
#10046=CARTESIAN_POINT('',(237.451082316795,115.749917683205,15.25));
#10047=CARTESIAN_POINT('',(372.499917683205,115.749917683205,15.25));
#10048=CARTESIAN_POINT('',(378.595457133929,115.749917683205,15.25));
#10049=CARTESIAN_POINT('',(235.951082316795,114.249917683205,15.25));
#10050=CARTESIAN_POINT('Origin',(237.451082316795,114.249917683205,15.25));
#10051=CARTESIAN_POINT('',(235.951082316795,65.7500823167948,15.25));
#10052=CARTESIAN_POINT('',(235.951082316795,123.595458760019,15.25));
#10053=CARTESIAN_POINT('',(237.451082316795,64.2500823167949,15.25));
#10054=CARTESIAN_POINT('Origin',(237.451082316795,65.7500823167948,15.25));
#10055=CARTESIAN_POINT('',(372.499917683205,64.2500823167949,15.25));
#10056=CARTESIAN_POINT('',(304.204539450724,64.2500823167949,15.25));
#10057=CARTESIAN_POINT('',(373.999917683205,65.7500823167948,15.25));
#10058=CARTESIAN_POINT('Origin',(372.499917683205,65.7500823167948,15.25));
#10059=CARTESIAN_POINT('',(373.999917683205,114.249917683205,15.25));
#10060=CARTESIAN_POINT('',(373.999917683205,89.2045410768136,15.25));
#10061=CARTESIAN_POINT('Origin',(372.499917683205,114.249917683205,15.25));
#10062=CARTESIAN_POINT('',(234.100000337232,75.0000011874363,15.25));
#10063=CARTESIAN_POINT('Origin',(232.100000337232,75.0000011874363,15.25));
#10064=CARTESIAN_POINT('',(379.90000726236,105.00000261236,15.25));
#10065=CARTESIAN_POINT('Origin',(377.90000726236,105.00000261236,15.25));
#10066=CARTESIAN_POINT('',(244.584767236824,122.677998666034,15.25));
#10067=CARTESIAN_POINT('Origin',(242.709767236824,122.677998666034,15.25));
#10068=CARTESIAN_POINT('',(369.184767236824,122.677998666034,15.25));
#10069=CARTESIAN_POINT('Origin',(367.309767236824,122.677998666034,15.25));
#10070=CARTESIAN_POINT('',(244.584767236824,57.677998666034,15.25));
#10071=CARTESIAN_POINT('Origin',(242.709767236824,57.677998666034,15.25));
#10072=CARTESIAN_POINT('',(369.184767236824,57.677998666034,15.25));
#10073=CARTESIAN_POINT('Origin',(367.309767236824,57.677998666034,15.25));
#10074=CARTESIAN_POINT('Origin',(225.225292113228,90.,8.50935674292328));
#10075=CARTESIAN_POINT('',(225.456977027517,50.4569770275174,12.2163153715603));
#10076=CARTESIAN_POINT('',(225.456977027517,129.543022972483,12.2163153715603));
#10077=CARTESIAN_POINT('Origin',(305.,129.774707886772,8.50935674292328));
#10078=CARTESIAN_POINT('',(385.15,130.15,2.50468293128213));
#10079=CARTESIAN_POINT('',(305.,130.15,2.5046829312822));
#10080=CARTESIAN_POINT('',(384.543022972483,129.543022972483,12.2163153715603));
#10081=CARTESIAN_POINT('Origin',(384.774707886772,90.,8.50935674292328));
#10082=CARTESIAN_POINT('',(385.15,90.,2.50468293128236));
#10083=CARTESIAN_POINT('',(384.543022972483,50.4569770275174,12.2163153715603));
#10084=CARTESIAN_POINT('Origin',(305.,50.2252921132276,8.50935674292328));
#10085=CARTESIAN_POINT('Origin',(312.525001192093,45.4537032031074,5.85));
#10086=CARTESIAN_POINT('',(312.525001192093,45.4537032031074,6.7));
#10087=CARTESIAN_POINT('',(297.475001192093,45.4537032031074,6.7));
#10088=CARTESIAN_POINT('',(314.025001192093,45.4537032031074,6.7));
#10089=CARTESIAN_POINT('',(297.475001192093,45.4537032031073,4.95000000000002));
#10090=CARTESIAN_POINT('',(297.475001192093,45.4537032031073,5.85));
#10091=CARTESIAN_POINT('',(313.125001192093,45.4537032031074,4.95000000000001));
#10092=CARTESIAN_POINT('',(308.512501192093,45.4537032031073,4.95000000000002));
#10093=CARTESIAN_POINT('',(312.525001192093,45.4537032031074,5.55));
#10094=CARTESIAN_POINT('',(312.700001192093,45.4537032031074,5.375));
#10095=CARTESIAN_POINT('',(312.525001192093,45.4537032031074,5.85));
#10096=CARTESIAN_POINT('Origin',(237.451082316795,114.249917683205,14.65));
#10097=CARTESIAN_POINT('',(237.451082316795,115.749917683205,14.65));
#10098=CARTESIAN_POINT('',(235.951082316795,114.249917683205,14.65));
#10099=CARTESIAN_POINT('Origin',(235.951082316795,124.390917683205,14.65));
#10100=CARTESIAN_POINT('',(235.951082316795,65.7500823167948,14.65));
#10101=CARTESIAN_POINT('Origin',(237.451082316795,65.7500823167948,14.65));
#10102=CARTESIAN_POINT('',(237.451082316795,64.2500823167949,14.65));
#10103=CARTESIAN_POINT('Origin',(230.609082316795,64.2500823167949,14.65));
#10104=CARTESIAN_POINT('',(372.499917683205,64.2500823167949,14.65));
#10105=CARTESIAN_POINT('Origin',(372.499917683205,65.7500823167948,14.65));
#10106=CARTESIAN_POINT('',(373.999917683205,65.7500823167948,14.65));
#10107=CARTESIAN_POINT('Origin',(373.999917683205,55.6090823167948,14.65));
#10108=CARTESIAN_POINT('',(373.999917683205,114.249917683205,14.65));
#10109=CARTESIAN_POINT('Origin',(372.499917683205,114.249917683205,14.65));
#10110=CARTESIAN_POINT('',(372.499917683205,115.749917683205,14.65));
#10111=CARTESIAN_POINT('Origin',(379.390917683205,115.749917683205,14.65));
#10112=CARTESIAN_POINT('Origin',(232.100000337232,75.0000011874363,15.75));
#10113=CARTESIAN_POINT('',(234.100000337232,75.0000011874363,15.75));
#10114=CARTESIAN_POINT('Origin',(377.90000726236,105.00000261236,15.75));
#10115=CARTESIAN_POINT('',(379.90000726236,105.00000261236,15.75));
#10116=CARTESIAN_POINT('Origin',(242.709767236824,122.677998666034,15.75));
#10117=CARTESIAN_POINT('',(244.584767236824,122.677998666034,15.75));
#10118=CARTESIAN_POINT('Origin',(367.309767236824,122.677998666034,15.75));
#10119=CARTESIAN_POINT('',(369.184767236824,122.677998666034,15.75));
#10120=CARTESIAN_POINT('Origin',(242.709767236824,57.677998666034,15.75));
#10121=CARTESIAN_POINT('',(244.584767236824,57.677998666034,15.75));
#10122=CARTESIAN_POINT('Origin',(367.309767236824,57.677998666034,15.75));
#10123=CARTESIAN_POINT('',(369.184767236824,57.677998666034,15.75));
#10124=CARTESIAN_POINT('Origin',(273.450001192093,44.8537032031074,4.9));
#10125=CARTESIAN_POINT('',(273.450001192093,44.8537032031074,5.75));
#10126=CARTESIAN_POINT('',(253.050001192093,44.8537032031074,5.75));
#10127=CARTESIAN_POINT('',(262.750001192093,44.8537032031074,5.75));
#10128=CARTESIAN_POINT('',(273.450001192093,44.8537032031074,6.9));
#10129=CARTESIAN_POINT('',(273.450001192093,44.8537032031074,4.9));
#10130=CARTESIAN_POINT('',(253.050001192093,44.8537032031074,6.9));
#10131=CARTESIAN_POINT('',(274.950001192093,44.8537032031074,6.9));
#10132=CARTESIAN_POINT('',(253.050001192093,44.8537032031074,4.9));
#10133=CARTESIAN_POINT('Origin',(305.,130.15,1.25));
#10134=CARTESIAN_POINT('',(385.15,130.15,1.25));
#10135=CARTESIAN_POINT('Origin',(385.15,90.,1.25));
#10136=CARTESIAN_POINT('Origin',(307.000001192093,39.2037032031074,0.25));
#10137=CARTESIAN_POINT('',(306.500001192093,40.6537032031073,0.750000000000001));
#10138=CARTESIAN_POINT('',(306.500001192093,40.6537032031073,0.750000000000001));
#10139=CARTESIAN_POINT('',(306.500001192093,35.0037032031074,0.750000000000001));
#10140=CARTESIAN_POINT('',(307.500001192093,35.0037032031074,-0.25));
#10141=CARTESIAN_POINT('',(306.500001192093,39.4912032031074,0.750000000000001));
#10142=CARTESIAN_POINT('Origin',(306.000001192093,40.6537032031073,0.25));
#10143=CARTESIAN_POINT('',(306.000001192093,41.1537032031074,0.750000000000001));
#10144=CARTESIAN_POINT('Origin',(306.000001192093,40.6537032031073,0.750000000000001));
#10145=CARTESIAN_POINT('',(306.000001192093,41.1537032031074,0.750000000000001));
#10146=CARTESIAN_POINT('Origin',(311.312501192093,41.6537032031074,0.25));
#10147=CARTESIAN_POINT('',(304.000001192093,41.1537032031074,0.750000000000001));
#10148=CARTESIAN_POINT('',(304.000001192093,41.1537032031074,0.750000000000001));
#10149=CARTESIAN_POINT('',(304.250001192093,41.1537032031074,0.750000000000001));
#10150=CARTESIAN_POINT('Origin',(304.000001192093,40.6537032031073,0.25));
#10151=CARTESIAN_POINT('',(303.500001192093,40.6537032031073,0.750000000000001));
#10152=CARTESIAN_POINT('Origin',(304.000001192093,40.6537032031073,0.750000000000001));
#10153=CARTESIAN_POINT('',(303.500001192093,40.6537032031073,0.750000000000001));
#10154=CARTESIAN_POINT('Origin',(303.000001192093,35.8787032031074,0.25));
#10155=CARTESIAN_POINT('',(303.500001192093,35.0037032031074,0.750000000000001));
#10156=CARTESIAN_POINT('',(303.500001192093,35.0037032031074,0.750000000000001));
#10157=CARTESIAN_POINT('',(303.500001192093,36.1662032031074,0.750000000000001));
#10158=CARTESIAN_POINT('Origin',(304.000001192093,35.0037032031074,0.25));
#10159=CARTESIAN_POINT('',(304.000001192093,34.5037032031074,0.750000000000001));
#10160=CARTESIAN_POINT('Origin',(304.000001192093,35.0037032031074,0.750000000000001));
#10161=CARTESIAN_POINT('',(304.000001192093,34.5037032031074,0.750000000000001));
#10162=CARTESIAN_POINT('Origin',(312.812501192093,34.0037032031074,0.25));
#10163=CARTESIAN_POINT('',(306.000001192093,34.5037032031074,0.750000000000001));
#10164=CARTESIAN_POINT('',(306.000001192093,34.5037032031074,0.750000000000001));
#10165=CARTESIAN_POINT('',(305.750001192093,34.5037032031074,0.750000000000001));
#10166=CARTESIAN_POINT('Origin',(306.000001192093,35.0037032031074,0.25));
#10167=CARTESIAN_POINT('Origin',(306.000001192093,35.0037032031074,0.750000000000001));
#10168=CARTESIAN_POINT('Origin',(315.125001192093,143.92506629765,3.75));
#10169=CARTESIAN_POINT('',(317.500001192093,143.92506629765,3.75));
#10170=CARTESIAN_POINT('Origin',(315.125001192093,143.92506629765,3.75));
#10171=CARTESIAN_POINT('Origin',(297.475001192093,44.8537032031074,5.85));
#10172=CARTESIAN_POINT('',(297.475001192093,29.0537032031074,6.7));
#10173=CARTESIAN_POINT('',(297.475001192093,29.0537032031074,5.55));
#10174=CARTESIAN_POINT('',(297.475001192093,29.0537032031074,5.0875));
#10175=CARTESIAN_POINT('',(297.475001192093,44.8537032031074,5.55));
#10176=CARTESIAN_POINT('',(297.475001192093,46.0037032031074,5.55));
#10177=CARTESIAN_POINT('',(297.475001192093,45.0287032031074,5.375));
#10178=CARTESIAN_POINT('',(297.475001192093,46.0037032031074,6.7));
#10179=CARTESIAN_POINT('Origin',(296.975001192093,46.0037032031074,5.05));
#10180=CARTESIAN_POINT('',(296.475001192093,29.0537032031074,4.55));
#10181=CARTESIAN_POINT('',(304.568751192093,29.0537032031074,12.64375));
#10182=CARTESIAN_POINT('',(296.475001192093,45.8537032031074,4.55));
#10183=CARTESIAN_POINT('',(296.475001192093,47.1537032031074,4.55));
#10184=CARTESIAN_POINT('',(296.475001192093,45.8537032031074,4.55));
#10185=CARTESIAN_POINT('Origin',(304.500001192093,45.3537032031074,5.05));
#10186=CARTESIAN_POINT('',(296.475001192093,46.4537032031073,3.95000000000002));
#10187=CARTESIAN_POINT('',(296.475001192093,46.6287032031074,3.775));
#10188=CARTESIAN_POINT('',(313.525001192093,46.4537032031073,3.95000000000002));
#10189=CARTESIAN_POINT('',(304.750001192093,46.4537032031074,3.95000000000001));
#10190=CARTESIAN_POINT('',(313.525001192093,45.8537032031074,4.55000000000001));
#10191=CARTESIAN_POINT('',(313.525001192093,45.6037032031074,4.8));
#10192=CARTESIAN_POINT('',(312.525001192093,44.8537032031074,5.55));
#10193=CARTESIAN_POINT('Origin',(312.525001192093,29.4537032031074,5.85));
#10194=CARTESIAN_POINT('',(312.525001192093,29.0537032031074,5.55));
#10195=CARTESIAN_POINT('',(312.525001192093,29.0537032031074,6.7));
#10196=CARTESIAN_POINT('',(312.525001192093,29.0537032031073,5.0875));
#10197=CARTESIAN_POINT('',(312.525001192093,38.3037032031074,6.7));
#10198=CARTESIAN_POINT('',(312.525001192093,38.3037032031074,5.55));
#10199=CARTESIAN_POINT('Origin',(313.025001192093,38.3037032031074,5.05));
#10200=CARTESIAN_POINT('',(313.525001192093,29.0537032031074,4.55));
#10201=CARTESIAN_POINT('',(316.968751192093,29.0537032031074,1.10625));
#10202=CARTESIAN_POINT('',(313.525001192093,47.1537032031074,4.55));
#10203=CARTESIAN_POINT('Origin',(315.525001192093,47.1537032031074,6.7));
#10204=CARTESIAN_POINT('',(321.800001192093,29.0537032031074,6.7));
#10205=CARTESIAN_POINT('',(294.475001192093,29.0537032031074,6.7));
#10206=CARTESIAN_POINT('',(294.475001192093,47.1537032031074,6.7));
#10207=CARTESIAN_POINT('',(321.800001192093,29.0537032031074,6.7));
#10208=CARTESIAN_POINT('Origin',(319.000001229346,133.425066260397,6.25));
#10209=CARTESIAN_POINT('',(321.449490979733,132.92506629765,6.25));
#10210=CARTESIAN_POINT('',(316.550511478958,132.92506629765,6.25));
#10211=CARTESIAN_POINT('',(270.537468061894,132.92506629765,6.25));
#10212=CARTESIAN_POINT('Origin',(319.000001229346,133.425066260397,6.25));
#10213=CARTESIAN_POINT('Origin',(253.050001192093,44.8537032031074,4.9));
#10214=CARTESIAN_POINT('',(253.050001192093,29.0537032031073,5.75));
#10215=CARTESIAN_POINT('',(253.050001192093,45.9537032031074,5.75));
#10216=CARTESIAN_POINT('',(253.050001192093,29.0537032031073,6.9));
#10217=CARTESIAN_POINT('',(253.050001192093,38.5537032031074,6.9));
#10218=CARTESIAN_POINT('',(253.050001192093,29.0537032031073,5.6125));
#10219=CARTESIAN_POINT('Origin',(252.550001192093,45.9537032031074,5.25));
#10220=CARTESIAN_POINT('',(252.050001192093,29.0537032031073,4.75));
#10221=CARTESIAN_POINT('',(254.993751192093,29.0537032031073,7.69375));
#10222=CARTESIAN_POINT('',(252.050001192093,45.8537032031073,4.75));
#10223=CARTESIAN_POINT('',(252.050001192093,47.0537032031074,4.75));
#10224=CARTESIAN_POINT('',(252.050001192093,45.8537032031073,4.75));
#10225=CARTESIAN_POINT('Origin',(262.750001192093,45.3537032031074,5.25));
#10226=CARTESIAN_POINT('',(274.450001192093,45.8537032031073,4.75));
#10227=CARTESIAN_POINT('',(257.650001192093,45.8537032031073,4.75));
#10228=CARTESIAN_POINT('',(273.450001192093,44.8537032031074,5.75));
#10229=CARTESIAN_POINT('Origin',(273.450001192093,30.0537032031074,4.9));
#10230=CARTESIAN_POINT('',(273.450001192093,29.0537032031074,5.75));
#10231=CARTESIAN_POINT('',(273.450001192093,38.5537032031074,5.75));
#10232=CARTESIAN_POINT('',(273.450001192093,29.0537032031074,6.9));
#10233=CARTESIAN_POINT('',(273.450001192093,29.0537032031074,4.6125));
#10234=CARTESIAN_POINT('',(273.450001192093,38.5537032031074,6.9));
#10235=CARTESIAN_POINT('Origin',(273.950001192093,38.5537032031074,5.25));
#10236=CARTESIAN_POINT('',(274.450001192093,29.0537032031074,4.75));
#10237=CARTESIAN_POINT('',(271.506251192093,29.0537032031074,7.69375));
#10238=CARTESIAN_POINT('',(274.450001192093,47.0537032031074,4.75));
#10239=CARTESIAN_POINT('Origin',(276.450001192093,47.0537032031074,6.9));
#10240=CARTESIAN_POINT('',(276.450001192093,29.0537032031074,6.9));
#10241=CARTESIAN_POINT('',(269.850001192093,29.0537032031074,6.9));
#10242=CARTESIAN_POINT('',(276.450001192093,47.0744324637442,6.89999999999997));
#10243=CARTESIAN_POINT('',(276.450001192093,47.0744324637442,6.89999999999997));
#10244=CARTESIAN_POINT('',(250.700001192093,47.0744324637496,6.9));
#10245=CARTESIAN_POINT('',(269.850001192093,29.0537032031074,6.9));
#10246=CARTESIAN_POINT('Origin',(305.000001192093,37.2287032031074,0.750000000000001));
#10247=CARTESIAN_POINT('',(303.000001192093,27.0537032031074,0.750000000000001));
#10248=CARTESIAN_POINT('',(307.000001192093,27.0537032031074,0.750000000000001));
#10249=CARTESIAN_POINT('',(299.562501192093,27.0537032031073,0.750000000000001));
#10250=CARTESIAN_POINT('',(307.000001192093,41.6537032031074,0.750000000000001));
#10251=CARTESIAN_POINT('',(307.000001192093,27.0537032031074,0.750000000000001));
#10252=CARTESIAN_POINT('',(303.000001192093,41.6537032031074,0.750000000000001));
#10253=CARTESIAN_POINT('',(303.000001192093,41.6537032031074,0.750000000000001));
#10254=CARTESIAN_POINT('',(303.000001192093,41.0537032031074,0.750000000000001));
#10255=CARTESIAN_POINT('Origin',(305.000001192093,143.92506629765,1.75));
#10256=CARTESIAN_POINT('',(310.500001192093,143.92506629765,1.75));
#10257=CARTESIAN_POINT('Origin',(315.125001192093,143.92506629765,1.75));
#10258=CARTESIAN_POINT('',(317.500001192093,143.92506629765,1.75));
#10259=CARTESIAN_POINT('Origin',(222.074934894443,47.0749348944428,-0.25));
#10260=CARTESIAN_POINT('',(222.074934894443,132.92506629765,15.75));
#10261=CARTESIAN_POINT('Origin',(294.475001192093,47.1537032031074,7.85));
#10262=CARTESIAN_POINT('',(294.475001192093,29.0537032031073,6.0875));
#10263=CARTESIAN_POINT('Origin',(328.075001192093,29.0537032031074,4.325));
#10264=CARTESIAN_POINT('',(296.475001192093,29.0537032031073,3.0375));
#10265=CARTESIAN_POINT('Origin',(296.475001192093,47.1537032031074,1.75));
#10266=CARTESIAN_POINT('',(296.475001192093,46.4537032031074,2.7375));
#10267=CARTESIAN_POINT('Origin',(345.000001192093,46.4537032031074,3.725));
#10268=CARTESIAN_POINT('',(313.525001192093,46.4537032031074,4.7875));
#10269=CARTESIAN_POINT('Origin',(313.525001192093,47.1537032031074,5.85));
#10270=CARTESIAN_POINT('',(313.525001192093,29.0537032031074,5.0875));
#10271=CARTESIAN_POINT('Origin',(328.075001192093,29.0537032031074,4.325));
#10272=CARTESIAN_POINT('Origin',(319.000001229346,133.425066260397,1.75));
#10273=CARTESIAN_POINT('',(316.550511478958,132.92506629765,1.75));
#10274=CARTESIAN_POINT('',(321.449490979733,132.92506629765,1.75));
#10275=CARTESIAN_POINT('Origin',(222.074934894443,132.92506629765,-0.25));
#10276=CARTESIAN_POINT('Origin',(250.700001192093,47.0744324637496,1.74999999999999));
#10277=CARTESIAN_POINT('',(276.450001192093,47.0744324637442,1.74999999999997));
#10278=CARTESIAN_POINT('Origin',(263.250001192093,29.0537032031073,4.325));
#10279=CARTESIAN_POINT('',(252.050001192093,29.0537032031073,3.0375));
#10280=CARTESIAN_POINT('Origin',(252.050001192093,47.0537032031074,1.75));
#10281=CARTESIAN_POINT('',(252.050001192093,45.8537032031073,2.5375));
#10282=CARTESIAN_POINT('Origin',(263.250001192093,45.8537032031073,3.25));
#10283=CARTESIAN_POINT('',(274.450001192093,45.8537032031073,4.1125));
#10284=CARTESIAN_POINT('Origin',(274.450001192093,47.0537032031074,4.9));
#10285=CARTESIAN_POINT('',(274.450001192093,29.0537032031074,4.6125));
#10286=CARTESIAN_POINT('Origin',(263.250001192093,29.0537032031073,4.325));
#10287=CARTESIAN_POINT('',(276.450001192093,29.0537032031074,3.0375));
#10288=CARTESIAN_POINT('Origin',(276.450001192093,47.0537032031074,1.75));
#10289=CARTESIAN_POINT('Origin',(307.000001192093,41.0537032031074,1.75));
#10290=CARTESIAN_POINT('',(307.000001192093,27.0537032031073,0.750000000000001));
#10291=CARTESIAN_POINT('',(307.000001192093,41.6537032031074,1.75));
#10292=CARTESIAN_POINT('Origin',(343.000001192093,41.6537032031074,1.75));
#10293=CARTESIAN_POINT('',(303.000001192093,41.6537032031074,1.75));
#10294=CARTESIAN_POINT('Origin',(303.000001192093,33.4037032031074,1.75));
#10295=CARTESIAN_POINT('',(303.000001192093,27.0537032031073,0.750000000000001));
#10296=CARTESIAN_POINT('Origin',(334.125001192093,27.0537032031073,-0.249999999999999));
#10297=CARTESIAN_POINT('Origin',(319.000001229346,154.42506629765,6.25));
#10298=CARTESIAN_POINT('Origin',(285.7,49.,99.55));
#10299=CARTESIAN_POINT('',(285.9,49.,99.55));
#10300=CARTESIAN_POINT('',(285.7,49.2,99.55));
#10301=CARTESIAN_POINT('Origin',(285.7,49.,99.55));
#10302=CARTESIAN_POINT('',(285.7,49.2,97.55));
#10303=CARTESIAN_POINT('',(285.7,49.2,99.55));
#10304=CARTESIAN_POINT('',(285.9,49.,97.55));
#10305=CARTESIAN_POINT('Origin',(285.7,49.,97.55));
#10306=CARTESIAN_POINT('',(285.9,49.,99.55));
#10307=CARTESIAN_POINT('Origin',(269.6,49.2,99.55));
#10308=CARTESIAN_POINT('',(269.8,49.2,99.55));
#10309=CARTESIAN_POINT('',(287.300033744872,49.2,99.55));
#10310=CARTESIAN_POINT('',(269.8,49.2,97.55));
#10311=CARTESIAN_POINT('',(269.8,49.2,99.55));
#10312=CARTESIAN_POINT('',(287.300033744872,49.2,97.55));
#10313=CARTESIAN_POINT('Origin',(269.8,49.,99.55));
#10314=CARTESIAN_POINT('',(269.6,49.,99.55));
#10315=CARTESIAN_POINT('Origin',(269.8,49.,99.55));
#10316=CARTESIAN_POINT('',(269.6,49.,97.55));
#10317=CARTESIAN_POINT('',(269.6,49.,99.55));
#10318=CARTESIAN_POINT('Origin',(269.8,49.,97.55));
#10319=CARTESIAN_POINT('Origin',(269.6,35.3190402264807,99.55));
#10320=CARTESIAN_POINT('',(269.6,29.0540402264807,99.55));
#10321=CARTESIAN_POINT('',(269.6,63.686371714794,99.55));
#10322=CARTESIAN_POINT('',(269.6,29.0540402264807,97.55));
#10323=CARTESIAN_POINT('',(269.6,29.0540402264807,99.55));
#10324=CARTESIAN_POINT('',(269.6,63.686371714794,97.55));
#10325=CARTESIAN_POINT('Origin',(265.15,50.6,99.55));
#10326=CARTESIAN_POINT('',(265.75,50.6,99.55));
#10327=CARTESIAN_POINT('',(265.15,51.2,99.55));
#10328=CARTESIAN_POINT('Origin',(265.15,50.6,99.55));
#10329=CARTESIAN_POINT('',(265.15,51.2,97.55));
#10330=CARTESIAN_POINT('',(265.15,51.2,99.55));
#10331=CARTESIAN_POINT('',(265.75,50.6,97.55));
#10332=CARTESIAN_POINT('Origin',(265.15,50.6,97.55));
#10333=CARTESIAN_POINT('',(265.75,50.6,99.55));
#10334=CARTESIAN_POINT('Origin',(252.25,51.2,99.55));
#10335=CARTESIAN_POINT('',(252.85,51.2,99.55));
#10336=CARTESIAN_POINT('',(278.625033744872,51.2,99.55));
#10337=CARTESIAN_POINT('',(252.85,51.2,97.55));
#10338=CARTESIAN_POINT('',(252.85,51.2,99.55));
#10339=CARTESIAN_POINT('',(278.625033744872,51.2,97.55));
#10340=CARTESIAN_POINT('Origin',(252.85,50.6,99.55));
#10341=CARTESIAN_POINT('',(252.25,50.6,99.55));
#10342=CARTESIAN_POINT('Origin',(252.85,50.6,99.55));
#10343=CARTESIAN_POINT('',(252.25,50.6,97.55));
#10344=CARTESIAN_POINT('',(252.25,50.6,99.55));
#10345=CARTESIAN_POINT('Origin',(252.85,50.6,97.55));
#10346=CARTESIAN_POINT('Origin',(252.25,35.5,99.55));
#10347=CARTESIAN_POINT('',(252.25,29.054,99.55));
#10348=CARTESIAN_POINT('',(252.25,63.7768516015537,99.55));
#10349=CARTESIAN_POINT('',(252.25,29.054,97.55));
#10350=CARTESIAN_POINT('',(252.25,29.054,99.55));
#10351=CARTESIAN_POINT('',(252.25,63.7768516015537,97.55));
#10352=CARTESIAN_POINT('Origin',(234.45,50.9,99.55));
#10353=CARTESIAN_POINT('',(234.45,51.2,99.55));
#10354=CARTESIAN_POINT('',(234.15,50.9,99.55));
#10355=CARTESIAN_POINT('Origin',(234.45,50.9,99.55));
#10356=CARTESIAN_POINT('',(234.15,50.9,97.55));
#10357=CARTESIAN_POINT('',(234.15,50.9,99.55));
#10358=CARTESIAN_POINT('',(234.45,51.2,97.55));
#10359=CARTESIAN_POINT('Origin',(234.45,50.9,97.55));
#10360=CARTESIAN_POINT('',(234.45,51.2,99.55));
#10361=CARTESIAN_POINT('Origin',(234.15,35.3,99.55));
#10362=CARTESIAN_POINT('',(234.15,29.054,99.55));
#10363=CARTESIAN_POINT('',(234.15,63.6768516015537,99.55));
#10364=CARTESIAN_POINT('',(234.15,29.054,97.55));
#10365=CARTESIAN_POINT('',(234.15,29.054,99.55));
#10366=CARTESIAN_POINT('',(234.15,63.6768516015537,97.55));
#10367=CARTESIAN_POINT('Origin',(247.55,50.9,99.55));
#10368=CARTESIAN_POINT('',(247.85,50.9,99.55));
#10369=CARTESIAN_POINT('',(247.55,51.2,99.55));
#10370=CARTESIAN_POINT('Origin',(247.55,50.9,99.55));
#10371=CARTESIAN_POINT('',(247.55,51.2,97.55));
#10372=CARTESIAN_POINT('',(247.55,51.2,99.55));
#10373=CARTESIAN_POINT('',(247.85,50.9,97.55));
#10374=CARTESIAN_POINT('Origin',(247.55,50.9,97.55));
#10375=CARTESIAN_POINT('',(247.85,50.9,99.55));
#10376=CARTESIAN_POINT('Origin',(234.15,51.2,99.55));
#10377=CARTESIAN_POINT('',(269.575033744872,51.2,97.55));
#10378=CARTESIAN_POINT('',(269.575033744872,51.2,99.55));
#10379=CARTESIAN_POINT('Origin',(247.85,29.054,99.55));
#10380=CARTESIAN_POINT('',(247.85,29.054,97.55));
#10381=CARTESIAN_POINT('',(276.425033744872,29.054,97.55));
#10382=CARTESIAN_POINT('',(247.85,29.054,99.55));
#10383=CARTESIAN_POINT('',(276.425033744872,29.054,99.55));
#10384=CARTESIAN_POINT('',(247.85,29.054,99.55));
#10385=CARTESIAN_POINT('Origin',(265.75,29.054,99.55));
#10386=CARTESIAN_POINT('',(265.75,29.054,97.55));
#10387=CARTESIAN_POINT('',(285.375033744872,29.054,97.55));
#10388=CARTESIAN_POINT('',(265.75,29.054,99.55));
#10389=CARTESIAN_POINT('',(285.375033744872,29.054,99.55));
#10390=CARTESIAN_POINT('',(265.75,29.054,99.55));
#10391=CARTESIAN_POINT('Origin',(285.9,29.0540402264807,99.55));
#10392=CARTESIAN_POINT('',(285.9,29.0540402264807,97.55));
#10393=CARTESIAN_POINT('',(295.450033744872,29.0540402264807,97.55));
#10394=CARTESIAN_POINT('',(285.9,29.0540402264807,99.55));
#10395=CARTESIAN_POINT('',(295.450033744872,29.0540402264807,99.55));
#10396=CARTESIAN_POINT('',(285.9,29.0540402264807,99.55));
#10397=CARTESIAN_POINT('Origin',(247.85,51.2,99.55));
#10398=CARTESIAN_POINT('',(247.85,63.6768516015537,97.55));
#10399=CARTESIAN_POINT('',(247.85,63.6768516015537,99.55));
#10400=CARTESIAN_POINT('Origin',(265.75,51.2,99.55));
#10401=CARTESIAN_POINT('',(265.75,71.6268516015537,97.55));
#10402=CARTESIAN_POINT('',(265.75,71.6268516015537,99.55));
#10403=CARTESIAN_POINT('Origin',(285.9,49.2,99.55));
#10404=CARTESIAN_POINT('',(285.9,63.686371714794,97.55));
#10405=CARTESIAN_POINT('',(285.9,63.686371714794,99.55));
#10406=CARTESIAN_POINT('Origin',(226.574934894443,29.0537032031073,24.75));
#10407=CARTESIAN_POINT('',(228.574934894443,29.0537032031073,26.75));
#10408=CARTESIAN_POINT('',(224.574934894443,29.0537032031073,22.75));
#10409=CARTESIAN_POINT('',(226.824934894443,29.0537032031073,25.));
#10410=CARTESIAN_POINT('',(224.574934894443,43.5537032031073,22.75));
#10411=CARTESIAN_POINT('',(224.574934894443,29.0537032031073,22.75));
#10412=CARTESIAN_POINT('',(228.574934894443,43.5537032031073,26.75));
#10413=CARTESIAN_POINT('',(226.824934894443,43.5537032031073,25.));
#10414=CARTESIAN_POINT('',(228.574934894443,29.0537032031073,26.75));
#10415=CARTESIAN_POINT('Origin',(230.649934894443,29.0537032031073,22.75));
#10416=CARTESIAN_POINT('',(216.074934894443,29.0537032031073,22.75));
#10417=CARTESIAN_POINT('',(226.987434894443,29.0537032031073,22.75));
#10418=CARTESIAN_POINT('',(216.074934894443,43.5537032031073,22.75));
#10419=CARTESIAN_POINT('',(216.074934894443,91.9893847503787,22.75));
#10420=CARTESIAN_POINT('',(226.987434894443,43.5537032031073,22.75));
#10421=CARTESIAN_POINT('Origin',(223.324934894443,29.0537032031073,29.));
#10422=CARTESIAN_POINT('',(228.574934894443,29.0537032031073,35.25));
#10423=CARTESIAN_POINT('',(228.574934894443,29.0537032031073,32.6625));
#10424=CARTESIAN_POINT('',(216.074934894443,29.0537032031073,35.25));
#10425=CARTESIAN_POINT('',(219.662434894443,29.0537032031073,35.25));
#10426=CARTESIAN_POINT('',(216.074934894443,29.0537032031073,22.525));
#10427=CARTESIAN_POINT('',(220.624934894443,29.0537032031073,29.));
#10428=CARTESIAN_POINT('Origin',(223.324934894443,29.0537032031073,29.));
#10429=CARTESIAN_POINT('Origin',(383.425132461189,29.0537032031073,24.75));
#10430=CARTESIAN_POINT('',(381.425132461189,43.5537032031073,26.75));
#10431=CARTESIAN_POINT('',(385.425132461189,43.5537032031073,22.75));
#10432=CARTESIAN_POINT('',(383.175116218328,43.5537032031073,25.0000162428616));
#10433=CARTESIAN_POINT('',(385.425132461189,29.0537032031073,22.75));
#10434=CARTESIAN_POINT('',(385.425132461189,29.0537032031073,22.75));
#10435=CARTESIAN_POINT('',(381.425132461189,29.0537032031073,26.75));
#10436=CARTESIAN_POINT('',(383.175116218328,29.0537032031073,25.0000162428616));
#10437=CARTESIAN_POINT('',(381.425132461189,29.0537032031073,26.75));
#10438=CARTESIAN_POINT('Origin',(381.425132461189,29.0537032031073,21.675));
#10439=CARTESIAN_POINT('',(381.425132461189,29.0537032031073,35.25));
#10440=CARTESIAN_POINT('',(381.425132461189,29.0537032031073,25.3375));
#10441=CARTESIAN_POINT('',(381.425132461189,43.5537032031073,35.25));
#10442=CARTESIAN_POINT('',(381.425132461189,29.0537032031073,35.25));
#10443=CARTESIAN_POINT('',(381.425132461189,43.5537032031073,25.3375));
#10444=CARTESIAN_POINT('Origin',(386.675067489743,29.0537032031073,29.));
#10445=CARTESIAN_POINT('',(393.925067489743,29.0537032031073,22.75));
#10446=CARTESIAN_POINT('',(390.33753500402,29.0537032031073,22.75));
#10447=CARTESIAN_POINT('',(393.925067489743,29.0537032031073,35.25));
#10448=CARTESIAN_POINT('',(393.925067489743,29.0537032031073,43.4));
#10449=CARTESIAN_POINT('',(383.012599975466,29.0537032031073,35.25));
#10450=CARTESIAN_POINT('',(383.975067489743,29.0537032031073,29.));
#10451=CARTESIAN_POINT('Origin',(386.675067489743,29.0537032031073,29.));
#10452=CARTESIAN_POINT('Origin',(386.675067489743,29.3537032031073,29.));
#10453=CARTESIAN_POINT('',(384.575067489743,29.6537032031073,29.));
#10454=CARTESIAN_POINT('',(384.275067489743,29.3537032031073,29.));
#10455=CARTESIAN_POINT('Origin',(386.675067489743,29.6537032031073,29.));
#10456=CARTESIAN_POINT('Origin',(386.675067489743,29.0537032031073,29.));
#10457=CARTESIAN_POINT('',(384.575067489743,43.5537032031073,29.));
#10458=CARTESIAN_POINT('Origin',(386.675067489743,43.5537032031073,29.));
#10459=CARTESIAN_POINT('',(384.575067489743,29.0537032031073,29.));
#10460=CARTESIAN_POINT('Origin',(223.324934894443,29.3537032031073,29.));
#10461=CARTESIAN_POINT('',(221.224934894443,29.6537032031073,29.));
#10462=CARTESIAN_POINT('',(220.924934894443,29.3537032031073,29.));
#10463=CARTESIAN_POINT('Origin',(223.324934894443,29.6537032031073,29.));
#10464=CARTESIAN_POINT('Origin',(223.324934894443,29.0537032031073,29.));
#10465=CARTESIAN_POINT('',(221.224934894443,43.5537032031073,29.));
#10466=CARTESIAN_POINT('Origin',(223.324934894443,43.5537032031073,29.));
#10467=CARTESIAN_POINT('',(221.224934894443,29.0537032031073,29.));
#10468=CARTESIAN_POINT('Origin',(379.350132461189,29.0537032031073,35.25));
#10469=CARTESIAN_POINT('',(393.925067489743,43.5537032031073,35.25));
#10470=CARTESIAN_POINT('',(393.925067489743,60.521543976743,35.25));
#10471=CARTESIAN_POINT('',(383.012599975466,43.5537032031073,35.25));
#10472=CARTESIAN_POINT('Origin',(228.574934894443,29.0537032031073,36.325));
#10473=CARTESIAN_POINT('',(228.574934894443,43.5537032031073,35.25));
#10474=CARTESIAN_POINT('',(228.574934894443,43.5537032031073,32.6625));
#10475=CARTESIAN_POINT('',(228.574934894443,29.0537032031073,35.25));
#10476=CARTESIAN_POINT('Origin',(215.999934894443,29.0537032031073,35.25));
#10477=CARTESIAN_POINT('',(216.074934894443,43.5537032031073,35.25));
#10478=CARTESIAN_POINT('',(219.662434894443,43.5537032031073,35.25));
#10479=CARTESIAN_POINT('',(216.074934894443,91.9893847503787,35.25));
#10480=CARTESIAN_POINT('Origin',(223.324934894443,43.5537032031073,29.));
#10481=CARTESIAN_POINT('',(216.074934894443,43.5537032031073,22.525));
#10482=CARTESIAN_POINT('Origin',(394.000002518296,29.0537032031073,22.75));
#10483=CARTESIAN_POINT('',(393.925067489743,43.5537032031073,22.75));
#10484=CARTESIAN_POINT('',(390.33753500402,43.5537032031073,22.75));
#10485=CARTESIAN_POINT('',(393.925067489743,60.521543976743,22.75));
#10486=CARTESIAN_POINT('Origin',(386.675067489743,43.5537032031073,29.));
#10487=CARTESIAN_POINT('',(393.925067489743,43.5537032031073,43.4));
#10488=CARTESIAN_POINT('Origin',(305.000067489743,92.0537032031073,99.55));
#10489=CARTESIAN_POINT('',(222.075067489743,83.4643853908798,99.55));
#10490=CARTESIAN_POINT('',(387.925067489743,83.4643853908798,99.55));
#10491=CARTESIAN_POINT('',(259.537567489743,83.4643853908798,99.55));
#10492=CARTESIAN_POINT('',(222.075067489743,29.0537032031073,99.55));
#10493=CARTESIAN_POINT('',(222.075067489743,92.021543976743,99.55));
#10494=CARTESIAN_POINT('',(387.925067489743,29.0537032031073,99.55));
#10495=CARTESIAN_POINT('',(349.462567489743,29.0537032031073,99.55));
#10496=CARTESIAN_POINT('',(387.925067489743,92.021543976743,99.55));
#10497=CARTESIAN_POINT('',(286.650067489743,36.2590442969936,99.55));
#10498=CARTESIAN_POINT('',(290.850067489743,36.2590442969936,99.55));
#10499=CARTESIAN_POINT('Origin',(288.750067489743,36.2590442969936,99.55));
#10500=CARTESIAN_POINT('',(286.650067489743,76.2590442969936,99.55));
#10501=CARTESIAN_POINT('',(286.650067489743,64.1563737500505,99.55));
#10502=CARTESIAN_POINT('',(290.850067489743,76.2590442969936,99.55));
#10503=CARTESIAN_POINT('Origin',(288.750067489743,76.2590442969936,99.55));
#10504=CARTESIAN_POINT('',(290.850067489743,84.1563737500505,99.55));
#10505=CARTESIAN_POINT('',(319.150067489743,36.2590442969936,99.55));
#10506=CARTESIAN_POINT('',(323.350067489743,36.2590442969936,99.55));
#10507=CARTESIAN_POINT('Origin',(321.250067489743,36.2590442969936,99.55));
#10508=CARTESIAN_POINT('',(319.150067489743,76.2590442969936,99.55));
#10509=CARTESIAN_POINT('',(319.150067489743,64.1563737500505,99.55));
#10510=CARTESIAN_POINT('',(323.350067489743,76.2590442969936,99.55));
#10511=CARTESIAN_POINT('Origin',(321.250067489743,76.2590442969936,99.55));
#10512=CARTESIAN_POINT('',(323.350067489743,84.1563737500505,99.55));
#10513=CARTESIAN_POINT('',(351.650067489743,36.2590442969936,99.55));
#10514=CARTESIAN_POINT('',(355.850067489743,36.2590442969936,99.55));
#10515=CARTESIAN_POINT('Origin',(353.750067489743,36.2590442969936,99.55));
#10516=CARTESIAN_POINT('',(351.650067489743,76.2590442969936,99.55));
#10517=CARTESIAN_POINT('',(351.650067489743,64.1563737500505,99.55));
#10518=CARTESIAN_POINT('',(355.850067489743,76.2590442969936,99.55));
#10519=CARTESIAN_POINT('Origin',(353.750067489743,76.2590442969936,99.55));
#10520=CARTESIAN_POINT('',(355.850067489743,84.1563737500505,99.55));
#10521=CARTESIAN_POINT('',(375.500002235174,40.0000005960464,99.55));
#10522=CARTESIAN_POINT('Origin',(370.000002235174,40.0000005960464,99.55));
#10523=CARTESIAN_POINT('',(367.900020600878,50.2050005960299,99.55));
#10524=CARTESIAN_POINT('',(372.100020600878,50.2050005960299,99.55));
#10525=CARTESIAN_POINT('Origin',(370.000020600878,50.2050005960299,99.55));
#10526=CARTESIAN_POINT('',(367.900020600878,76.2590442969936,99.55));
#10527=CARTESIAN_POINT('',(367.900020600878,71.1293518995686,99.55));
#10528=CARTESIAN_POINT('',(372.100020600878,76.2590442969936,99.55));
#10529=CARTESIAN_POINT('Origin',(370.000020600878,76.2590442969936,99.55));
#10530=CARTESIAN_POINT('',(372.100020600878,84.1563737500505,99.55));
#10531=CARTESIAN_POINT('',(335.400067489743,36.2590442969936,99.55));
#10532=CARTESIAN_POINT('',(339.600067489743,36.2590442969936,99.55));
#10533=CARTESIAN_POINT('Origin',(337.500067489743,36.2590442969936,99.55));
#10534=CARTESIAN_POINT('',(335.400067489743,76.2590442969936,99.55));
#10535=CARTESIAN_POINT('',(335.400067489743,64.1563737500505,99.55));
#10536=CARTESIAN_POINT('',(339.600067489743,76.2590442969936,99.55));
#10537=CARTESIAN_POINT('Origin',(337.500067489743,76.2590442969936,99.55));
#10538=CARTESIAN_POINT('',(339.600067489743,84.1563737500505,99.55));
#10539=CARTESIAN_POINT('',(302.900067489743,36.2590442969936,99.55));
#10540=CARTESIAN_POINT('',(307.100067489743,36.2590442969936,99.55));
#10541=CARTESIAN_POINT('Origin',(305.000067489743,36.2590442969936,99.55));
#10542=CARTESIAN_POINT('',(302.900067489743,76.2590442969936,99.55));
#10543=CARTESIAN_POINT('',(302.900067489743,64.1563737500505,99.55));
#10544=CARTESIAN_POINT('',(307.100067489743,76.2590442969936,99.55));
#10545=CARTESIAN_POINT('Origin',(305.000067489743,76.2590442969936,99.55));
#10546=CARTESIAN_POINT('',(307.100067489743,84.1563737500505,99.55));
#10547=CARTESIAN_POINT('Origin',(288.750067489743,36.2590442969936,99.25));
#10548=CARTESIAN_POINT('',(287.250067489743,36.2590442969936,98.95));
#10549=CARTESIAN_POINT('',(287.250067489743,36.2590442969936,98.95));
#10550=CARTESIAN_POINT('',(290.250067489743,36.2590442969936,98.95));
#10551=CARTESIAN_POINT('',(290.850067489743,36.2590442969936,99.55));
#10552=CARTESIAN_POINT('Origin',(288.750067489743,36.2590442969936,98.95));
#10553=CARTESIAN_POINT('Origin',(286.950067489743,64.1563737500505,99.25));
#10554=CARTESIAN_POINT('',(287.250067489743,76.2590442969936,98.95));
#10555=CARTESIAN_POINT('',(287.250067489743,76.2590442969936,98.95));
#10556=CARTESIAN_POINT('',(287.250067489743,64.1563737500505,98.95));
#10557=CARTESIAN_POINT('Origin',(288.750067489743,76.2590442969936,99.25));
#10558=CARTESIAN_POINT('',(290.250067489743,76.2590442969936,98.95));
#10559=CARTESIAN_POINT('',(290.250067489743,76.2590442969936,98.95));
#10560=CARTESIAN_POINT('Origin',(288.750067489743,76.2590442969936,98.95));
#10561=CARTESIAN_POINT('Origin',(290.550067489743,84.1563737500505,99.25));
#10562=CARTESIAN_POINT('',(290.250067489743,84.1563737500505,98.95));
#10563=CARTESIAN_POINT('Origin',(287.250067489743,36.2590442969936,99.55));
#10564=CARTESIAN_POINT('',(287.250067489743,36.2590442969936,98.15));
#10565=CARTESIAN_POINT('',(287.250067489743,36.2590442969936,99.55));
#10566=CARTESIAN_POINT('',(287.250067489743,76.2590442969936,98.15));
#10567=CARTESIAN_POINT('',(287.250067489743,64.1563737500505,98.15));
#10568=CARTESIAN_POINT('',(287.250067489743,76.2590442969936,99.55));
#10569=CARTESIAN_POINT('Origin',(288.750067489743,36.2590442969936,99.55));
#10570=CARTESIAN_POINT('',(290.250067489743,36.2590442969936,98.15));
#10571=CARTESIAN_POINT('',(290.250067489743,36.2590442969936,99.55));
#10572=CARTESIAN_POINT('Origin',(288.750067489743,36.2590442969936,98.15));
#10573=CARTESIAN_POINT('Origin',(305.000067489743,36.2590442969936,99.25));
#10574=CARTESIAN_POINT('',(303.500067489743,36.2590442969936,98.95));
#10575=CARTESIAN_POINT('',(303.500067489743,36.2590442969936,98.95));
#10576=CARTESIAN_POINT('',(306.500067489743,36.2590442969936,98.95));
#10577=CARTESIAN_POINT('',(307.100067489743,36.2590442969936,99.55));
#10578=CARTESIAN_POINT('Origin',(305.000067489743,36.2590442969936,98.95));
#10579=CARTESIAN_POINT('Origin',(303.200067489743,64.1563737500505,99.25));
#10580=CARTESIAN_POINT('',(303.500067489743,76.2590442969936,98.95));
#10581=CARTESIAN_POINT('',(303.500067489743,76.2590442969936,98.95));
#10582=CARTESIAN_POINT('',(303.500067489743,64.1563737500505,98.95));
#10583=CARTESIAN_POINT('Origin',(305.000067489743,76.2590442969936,99.25));
#10584=CARTESIAN_POINT('',(306.500067489743,76.2590442969936,98.95));
#10585=CARTESIAN_POINT('',(306.500067489743,76.2590442969936,98.95));
#10586=CARTESIAN_POINT('Origin',(305.000067489743,76.2590442969936,98.95));
#10587=CARTESIAN_POINT('Origin',(306.800067489743,84.1563737500505,99.25));
#10588=CARTESIAN_POINT('',(306.500067489743,84.1563737500505,98.95));
#10589=CARTESIAN_POINT('Origin',(303.500067489743,36.2590442969936,99.55));
#10590=CARTESIAN_POINT('',(303.500067489743,36.2590442969936,98.15));
#10591=CARTESIAN_POINT('',(303.500067489743,36.2590442969936,99.55));
#10592=CARTESIAN_POINT('',(303.500067489743,76.2590442969936,98.15));
#10593=CARTESIAN_POINT('',(303.500067489743,64.1563737500505,98.15));
#10594=CARTESIAN_POINT('',(303.500067489743,76.2590442969936,99.55));
#10595=CARTESIAN_POINT('Origin',(305.000067489743,36.2590442969936,99.55));
#10596=CARTESIAN_POINT('',(306.500067489743,36.2590442969936,98.15));
#10597=CARTESIAN_POINT('',(306.500067489743,36.2590442969936,99.55));
#10598=CARTESIAN_POINT('Origin',(305.000067489743,36.2590442969936,98.15));
#10599=CARTESIAN_POINT('Origin',(321.250067489743,36.2590442969936,99.25));
#10600=CARTESIAN_POINT('',(319.750067489743,36.2590442969936,98.95));
#10601=CARTESIAN_POINT('',(319.750067489743,36.2590442969936,98.95));
#10602=CARTESIAN_POINT('',(322.750067489743,36.2590442969936,98.95));
#10603=CARTESIAN_POINT('',(323.350067489743,36.2590442969936,99.55));
#10604=CARTESIAN_POINT('Origin',(321.250067489743,36.2590442969936,98.95));
#10605=CARTESIAN_POINT('Origin',(319.450067489743,64.1563737500505,99.25));
#10606=CARTESIAN_POINT('',(319.750067489743,76.2590442969936,98.95));
#10607=CARTESIAN_POINT('',(319.750067489743,76.2590442969936,98.95));
#10608=CARTESIAN_POINT('',(319.750067489743,64.1563737500505,98.95));
#10609=CARTESIAN_POINT('Origin',(321.250067489743,76.2590442969936,99.25));
#10610=CARTESIAN_POINT('',(322.750067489743,76.2590442969936,98.95));
#10611=CARTESIAN_POINT('',(322.750067489743,76.2590442969936,98.95));
#10612=CARTESIAN_POINT('Origin',(321.250067489743,76.2590442969936,98.95));
#10613=CARTESIAN_POINT('Origin',(323.050067489743,84.1563737500505,99.25));
#10614=CARTESIAN_POINT('',(322.750067489743,84.1563737500505,98.95));
#10615=CARTESIAN_POINT('Origin',(319.750067489743,36.2590442969936,99.55));
#10616=CARTESIAN_POINT('',(319.750067489743,36.2590442969936,98.15));
#10617=CARTESIAN_POINT('',(319.750067489743,36.2590442969936,99.55));
#10618=CARTESIAN_POINT('',(319.750067489743,76.2590442969936,98.15));
#10619=CARTESIAN_POINT('',(319.750067489743,64.1563737500505,98.15));
#10620=CARTESIAN_POINT('',(319.750067489743,76.2590442969936,99.55));
#10621=CARTESIAN_POINT('Origin',(321.250067489743,36.2590442969936,99.55));
#10622=CARTESIAN_POINT('',(322.750067489743,36.2590442969936,98.15));
#10623=CARTESIAN_POINT('',(322.750067489743,36.2590442969936,99.55));
#10624=CARTESIAN_POINT('Origin',(321.250067489743,36.2590442969936,98.15));
#10625=CARTESIAN_POINT('Origin',(337.500067489743,36.2590442969936,99.25));
#10626=CARTESIAN_POINT('',(336.000067489743,36.2590442969936,98.95));
#10627=CARTESIAN_POINT('',(336.000067489743,36.2590442969936,98.95));
#10628=CARTESIAN_POINT('',(339.000067489743,36.2590442969936,98.95));
#10629=CARTESIAN_POINT('',(339.600067489743,36.2590442969936,99.55));
#10630=CARTESIAN_POINT('Origin',(337.500067489743,36.2590442969936,98.95));
#10631=CARTESIAN_POINT('Origin',(335.700067489743,64.1563737500505,99.25));
#10632=CARTESIAN_POINT('',(336.000067489743,76.2590442969936,98.95));
#10633=CARTESIAN_POINT('',(336.000067489743,76.2590442969936,98.95));
#10634=CARTESIAN_POINT('',(336.000067489743,64.1563737500505,98.95));
#10635=CARTESIAN_POINT('Origin',(337.500067489743,76.2590442969936,99.25));
#10636=CARTESIAN_POINT('',(339.000067489743,76.2590442969936,98.95));
#10637=CARTESIAN_POINT('',(339.000067489743,76.2590442969936,98.95));
#10638=CARTESIAN_POINT('Origin',(337.500067489743,76.2590442969936,98.95));
#10639=CARTESIAN_POINT('Origin',(339.300067489743,84.1563737500505,99.25));
#10640=CARTESIAN_POINT('',(339.000067489743,84.1563737500505,98.95));
#10641=CARTESIAN_POINT('Origin',(336.000067489743,36.2590442969936,99.55));
#10642=CARTESIAN_POINT('',(336.000067489743,36.2590442969936,98.15));
#10643=CARTESIAN_POINT('',(336.000067489743,36.2590442969936,99.55));
#10644=CARTESIAN_POINT('',(336.000067489743,76.2590442969936,98.15));
#10645=CARTESIAN_POINT('',(336.000067489743,64.1563737500505,98.15));
#10646=CARTESIAN_POINT('',(336.000067489743,76.2590442969936,99.55));
#10647=CARTESIAN_POINT('Origin',(337.500067489743,36.2590442969936,99.55));
#10648=CARTESIAN_POINT('',(339.000067489743,36.2590442969936,98.15));
#10649=CARTESIAN_POINT('',(339.000067489743,36.2590442969936,99.55));
#10650=CARTESIAN_POINT('Origin',(337.500067489743,36.2590442969936,98.15));
#10651=CARTESIAN_POINT('Origin',(353.750067489743,36.2590442969936,99.25));
#10652=CARTESIAN_POINT('',(352.250067489743,36.2590442969936,98.95));
#10653=CARTESIAN_POINT('',(352.250067489743,36.2590442969936,98.95));
#10654=CARTESIAN_POINT('',(355.250067489743,36.2590442969936,98.95));
#10655=CARTESIAN_POINT('',(355.850067489743,36.2590442969936,99.55));
#10656=CARTESIAN_POINT('Origin',(353.750067489743,36.2590442969936,98.95));
#10657=CARTESIAN_POINT('Origin',(351.950067489743,64.1563737500505,99.25));
#10658=CARTESIAN_POINT('',(352.250067489743,76.2590442969936,98.95));
#10659=CARTESIAN_POINT('',(352.250067489743,76.2590442969936,98.95));
#10660=CARTESIAN_POINT('',(352.250067489743,64.1563737500505,98.95));
#10661=CARTESIAN_POINT('Origin',(353.750067489743,76.2590442969936,99.25));
#10662=CARTESIAN_POINT('',(355.250067489743,76.2590442969936,98.95));
#10663=CARTESIAN_POINT('',(355.250067489743,76.2590442969936,98.95));
#10664=CARTESIAN_POINT('Origin',(353.750067489743,76.2590442969936,98.95));
#10665=CARTESIAN_POINT('Origin',(355.550067489743,84.1563737500505,99.25));
#10666=CARTESIAN_POINT('',(355.250067489743,84.1563737500505,98.95));
#10667=CARTESIAN_POINT('Origin',(352.250067489743,36.2590442969936,99.55));
#10668=CARTESIAN_POINT('',(352.250067489743,36.2590442969936,98.15));
#10669=CARTESIAN_POINT('',(352.250067489743,36.2590442969936,99.55));
#10670=CARTESIAN_POINT('',(352.250067489743,76.2590442969936,98.15));
#10671=CARTESIAN_POINT('',(352.250067489743,64.1563737500505,98.15));
#10672=CARTESIAN_POINT('',(352.250067489743,76.2590442969936,99.55));
#10673=CARTESIAN_POINT('Origin',(353.750067489743,36.2590442969936,99.55));
#10674=CARTESIAN_POINT('',(355.250067489743,36.2590442969936,98.15));
#10675=CARTESIAN_POINT('',(355.250067489743,36.2590442969936,99.55));
#10676=CARTESIAN_POINT('Origin',(353.750067489743,36.2590442969936,98.15));
#10677=CARTESIAN_POINT('Origin',(370.000020600878,50.2050005960299,99.25));
#10678=CARTESIAN_POINT('',(368.500020600878,50.2050005960299,98.95));
#10679=CARTESIAN_POINT('',(368.500020600878,50.2050005960299,98.95));
#10680=CARTESIAN_POINT('',(371.500020600878,50.2050005960299,98.95));
#10681=CARTESIAN_POINT('',(372.100020600878,50.2050005960299,99.55));
#10682=CARTESIAN_POINT('Origin',(370.000020600878,50.2050005960299,98.95));
#10683=CARTESIAN_POINT('Origin',(368.200020600878,71.1293518995686,99.25));
#10684=CARTESIAN_POINT('',(368.500020600878,76.2590442969936,98.95));
#10685=CARTESIAN_POINT('',(368.500020600878,76.2590442969936,98.95));
#10686=CARTESIAN_POINT('',(368.500020600878,71.1293518995686,98.95));
#10687=CARTESIAN_POINT('Origin',(370.000020600878,76.2590442969936,99.25));
#10688=CARTESIAN_POINT('',(371.500020600878,76.2590442969936,98.95));
#10689=CARTESIAN_POINT('',(371.500020600878,76.2590442969936,98.95));
#10690=CARTESIAN_POINT('Origin',(370.000020600878,76.2590442969936,98.95));
#10691=CARTESIAN_POINT('Origin',(371.800020600878,84.1563737500505,99.25));
#10692=CARTESIAN_POINT('',(371.500020600878,84.1563737500505,98.95));
#10693=CARTESIAN_POINT('Origin',(368.500020600878,50.2050005960299,99.55));
#10694=CARTESIAN_POINT('',(368.500020600878,50.2050005960299,98.15));
#10695=CARTESIAN_POINT('',(368.500020600878,50.2050005960299,99.55));
#10696=CARTESIAN_POINT('',(368.500020600878,76.2590442969936,98.15));
#10697=CARTESIAN_POINT('',(368.500020600878,71.1293518995686,98.15));
#10698=CARTESIAN_POINT('',(368.500020600878,76.2590442969936,99.55));
#10699=CARTESIAN_POINT('Origin',(370.000020600878,50.2050005960299,99.55));
#10700=CARTESIAN_POINT('',(371.500020600878,50.2050005960299,98.15));
#10701=CARTESIAN_POINT('',(371.500020600878,50.2050005960299,99.55));
#10702=CARTESIAN_POINT('Origin',(370.000020600878,50.2050005960299,98.15));
#10703=CARTESIAN_POINT('Origin',(305.000067489743,92.0537032031073,97.55));
#10704=CARTESIAN_POINT('',(226.075067489743,29.0537032031073,97.55));
#10705=CARTESIAN_POINT('',(226.075067489743,43.5537032031073,97.55));
#10706=CARTESIAN_POINT('',(226.075067489743,60.5537032031073,97.55));
#10707=CARTESIAN_POINT('',(222.074934894443,43.5537032031073,97.55));
#10708=CARTESIAN_POINT('',(263.162567489743,43.5537032031073,97.55));
#10709=CARTESIAN_POINT('',(222.074934894443,83.4643853908798,97.55));
#10710=CARTESIAN_POINT('',(222.074934894443,123.489384750379,97.55));
#10711=CARTESIAN_POINT('',(387.925067489743,83.4643853908798,97.55));
#10712=CARTESIAN_POINT('',(259.537567489743,83.4643853908798,97.55));
#10713=CARTESIAN_POINT('',(387.925067489743,43.5537032031073,97.55));
#10714=CARTESIAN_POINT('',(387.925067489743,92.021543976743,97.55));
#10715=CARTESIAN_POINT('',(383.925084882272,43.5537032031073,97.55));
#10716=CARTESIAN_POINT('',(346.837603355544,43.5537032031073,97.55));
#10717=CARTESIAN_POINT('',(383.925084882272,29.0537032031073,97.55));
#10718=CARTESIAN_POINT('',(383.925084882272,60.5537032031073,97.55));
#10719=CARTESIAN_POINT('',(305.000067489743,29.0537032031073,97.55));
#10720=CARTESIAN_POINT('',(307.100067489743,36.2590442969936,97.55));
#10721=CARTESIAN_POINT('',(302.900067489743,36.2590442969936,97.55));
#10722=CARTESIAN_POINT('Origin',(305.000067489743,36.2590442969936,97.55));
#10723=CARTESIAN_POINT('',(307.100067489743,76.2590442969936,97.55));
#10724=CARTESIAN_POINT('',(307.100067489743,84.1563737500505,97.55));
#10725=CARTESIAN_POINT('',(302.900067489743,76.2590442969936,97.55));
#10726=CARTESIAN_POINT('Origin',(305.000067489743,76.2590442969936,97.55));
#10727=CARTESIAN_POINT('',(302.900067489743,64.1563737500505,97.55));
#10728=CARTESIAN_POINT('',(339.600067489743,36.2590442969936,97.55));
#10729=CARTESIAN_POINT('',(335.400067489743,36.2590442969936,97.55));
#10730=CARTESIAN_POINT('Origin',(337.500067489743,36.2590442969936,97.55));
#10731=CARTESIAN_POINT('',(339.600067489743,76.2590442969936,97.55));
#10732=CARTESIAN_POINT('',(339.600067489743,84.1563737500505,97.55));
#10733=CARTESIAN_POINT('',(335.400067489743,76.2590442969936,97.55));
#10734=CARTESIAN_POINT('Origin',(337.500067489743,76.2590442969936,97.55));
#10735=CARTESIAN_POINT('',(335.400067489743,64.1563737500505,97.55));
#10736=CARTESIAN_POINT('',(372.100020600878,50.2050005960299,97.55));
#10737=CARTESIAN_POINT('',(367.900020600878,50.2050005960299,97.55));
#10738=CARTESIAN_POINT('Origin',(370.000020600878,50.2050005960299,97.55));
#10739=CARTESIAN_POINT('',(372.100020600878,76.2590442969936,97.55));
#10740=CARTESIAN_POINT('',(372.100020600878,84.1563737500505,97.55));
#10741=CARTESIAN_POINT('',(367.900020600878,76.2590442969936,97.55));
#10742=CARTESIAN_POINT('Origin',(370.000020600878,76.2590442969936,97.55));
#10743=CARTESIAN_POINT('',(367.900020600878,71.1293518995686,97.55));
#10744=CARTESIAN_POINT('',(375.500002235174,40.0000005960464,97.55));
#10745=CARTESIAN_POINT('Origin',(370.000002235174,40.0000005960464,97.55));
#10746=CARTESIAN_POINT('',(355.850067489743,36.2590442969936,97.55));
#10747=CARTESIAN_POINT('',(351.650067489743,36.2590442969936,97.55));
#10748=CARTESIAN_POINT('Origin',(353.750067489743,36.2590442969936,97.55));
#10749=CARTESIAN_POINT('',(355.850067489743,76.2590442969936,97.55));
#10750=CARTESIAN_POINT('',(355.850067489743,84.1563737500505,97.55));
#10751=CARTESIAN_POINT('',(351.650067489743,76.2590442969936,97.55));
#10752=CARTESIAN_POINT('Origin',(353.750067489743,76.2590442969936,97.55));
#10753=CARTESIAN_POINT('',(351.650067489743,64.1563737500505,97.55));
#10754=CARTESIAN_POINT('',(323.350067489743,36.2590442969936,97.55));
#10755=CARTESIAN_POINT('',(319.150067489743,36.2590442969936,97.55));
#10756=CARTESIAN_POINT('Origin',(321.250067489743,36.2590442969936,97.55));
#10757=CARTESIAN_POINT('',(323.350067489743,76.2590442969936,97.55));
#10758=CARTESIAN_POINT('',(323.350067489743,84.1563737500505,97.55));
#10759=CARTESIAN_POINT('',(319.150067489743,76.2590442969936,97.55));
#10760=CARTESIAN_POINT('Origin',(321.250067489743,76.2590442969936,97.55));
#10761=CARTESIAN_POINT('',(319.150067489743,64.1563737500505,97.55));
#10762=CARTESIAN_POINT('',(290.850067489743,36.2590442969936,97.55));
#10763=CARTESIAN_POINT('',(286.650067489743,36.2590442969936,97.55));
#10764=CARTESIAN_POINT('Origin',(288.750067489743,36.2590442969936,97.55));
#10765=CARTESIAN_POINT('',(290.850067489743,76.2590442969936,97.55));
#10766=CARTESIAN_POINT('',(290.850067489743,84.1563737500505,97.55));
#10767=CARTESIAN_POINT('',(286.650067489743,76.2590442969936,97.55));
#10768=CARTESIAN_POINT('Origin',(288.750067489743,76.2590442969936,97.55));
#10769=CARTESIAN_POINT('',(286.650067489743,64.1563737500505,97.55));
#10770=CARTESIAN_POINT('Origin',(288.750067489743,36.2590442969936,97.85));
#10771=CARTESIAN_POINT('',(290.250067489743,36.2590442969936,98.15));
#10772=CARTESIAN_POINT('',(286.650067489743,36.2590442969936,97.55));
#10773=CARTESIAN_POINT('Origin',(290.550067489743,84.1563737500505,97.85));
#10774=CARTESIAN_POINT('',(290.250067489743,76.2590442969936,98.15));
#10775=CARTESIAN_POINT('',(290.250067489743,76.2590442969936,98.15));
#10776=CARTESIAN_POINT('',(290.250067489743,84.1563737500505,98.15));
#10777=CARTESIAN_POINT('Origin',(288.750067489743,76.2590442969936,97.85));
#10778=CARTESIAN_POINT('',(287.250067489743,76.2590442969936,98.15));
#10779=CARTESIAN_POINT('Origin',(288.750067489743,76.2590442969936,98.15));
#10780=CARTESIAN_POINT('Origin',(286.950067489743,64.1563737500505,97.85));
#10781=CARTESIAN_POINT('Origin',(290.250067489743,76.2590442969936,99.55));
#10782=CARTESIAN_POINT('',(290.250067489743,76.2590442969936,99.55));
#10783=CARTESIAN_POINT('Origin',(305.000067489743,36.2590442969936,97.85));
#10784=CARTESIAN_POINT('',(306.500067489743,36.2590442969936,98.15));
#10785=CARTESIAN_POINT('',(302.900067489743,36.2590442969936,97.55));
#10786=CARTESIAN_POINT('Origin',(306.800067489743,84.1563737500505,97.85));
#10787=CARTESIAN_POINT('',(306.500067489743,76.2590442969936,98.15));
#10788=CARTESIAN_POINT('',(306.500067489743,76.2590442969936,98.15));
#10789=CARTESIAN_POINT('',(306.500067489743,84.1563737500505,98.15));
#10790=CARTESIAN_POINT('Origin',(305.000067489743,76.2590442969936,97.85));
#10791=CARTESIAN_POINT('',(303.500067489743,76.2590442969936,98.15));
#10792=CARTESIAN_POINT('Origin',(305.000067489743,76.2590442969936,98.15));
#10793=CARTESIAN_POINT('Origin',(303.200067489743,64.1563737500505,97.85));
#10794=CARTESIAN_POINT('Origin',(306.500067489743,76.2590442969936,99.55));
#10795=CARTESIAN_POINT('',(306.500067489743,76.2590442969936,99.55));
#10796=CARTESIAN_POINT('Origin',(321.250067489743,36.2590442969936,97.85));
#10797=CARTESIAN_POINT('',(322.750067489743,36.2590442969936,98.15));
#10798=CARTESIAN_POINT('',(319.150067489743,36.2590442969936,97.55));
#10799=CARTESIAN_POINT('Origin',(323.050067489743,84.1563737500505,97.85));
#10800=CARTESIAN_POINT('',(322.750067489743,76.2590442969936,98.15));
#10801=CARTESIAN_POINT('',(322.750067489743,76.2590442969936,98.15));
#10802=CARTESIAN_POINT('',(322.750067489743,84.1563737500505,98.15));
#10803=CARTESIAN_POINT('Origin',(321.250067489743,76.2590442969936,97.85));
#10804=CARTESIAN_POINT('',(319.750067489743,76.2590442969936,98.15));
#10805=CARTESIAN_POINT('Origin',(321.250067489743,76.2590442969936,98.15));
#10806=CARTESIAN_POINT('Origin',(319.450067489743,64.1563737500505,97.85));
#10807=CARTESIAN_POINT('Origin',(322.750067489743,76.2590442969936,99.55));
#10808=CARTESIAN_POINT('',(322.750067489743,76.2590442969936,99.55));
#10809=CARTESIAN_POINT('Origin',(337.500067489743,36.2590442969936,97.85));
#10810=CARTESIAN_POINT('',(339.000067489743,36.2590442969936,98.15));
#10811=CARTESIAN_POINT('',(335.400067489743,36.2590442969936,97.55));
#10812=CARTESIAN_POINT('Origin',(339.300067489743,84.1563737500505,97.85));
#10813=CARTESIAN_POINT('',(339.000067489743,76.2590442969936,98.15));
#10814=CARTESIAN_POINT('',(339.000067489743,76.2590442969936,98.15));
#10815=CARTESIAN_POINT('',(339.000067489743,84.1563737500505,98.15));
#10816=CARTESIAN_POINT('Origin',(337.500067489743,76.2590442969936,97.85));
#10817=CARTESIAN_POINT('',(336.000067489743,76.2590442969936,98.15));
#10818=CARTESIAN_POINT('Origin',(337.500067489743,76.2590442969936,98.15));
#10819=CARTESIAN_POINT('Origin',(335.700067489743,64.1563737500505,97.85));
#10820=CARTESIAN_POINT('Origin',(339.000067489743,76.2590442969936,99.55));
#10821=CARTESIAN_POINT('',(339.000067489743,76.2590442969936,99.55));
#10822=CARTESIAN_POINT('Origin',(353.750067489743,36.2590442969936,97.85));
#10823=CARTESIAN_POINT('',(355.250067489743,36.2590442969936,98.15));
#10824=CARTESIAN_POINT('',(351.650067489743,36.2590442969936,97.55));
#10825=CARTESIAN_POINT('Origin',(355.550067489743,84.1563737500505,97.85));
#10826=CARTESIAN_POINT('',(355.250067489743,76.2590442969936,98.15));
#10827=CARTESIAN_POINT('',(355.250067489743,76.2590442969936,98.15));
#10828=CARTESIAN_POINT('',(355.250067489743,84.1563737500505,98.15));
#10829=CARTESIAN_POINT('Origin',(353.750067489743,76.2590442969936,97.85));
#10830=CARTESIAN_POINT('',(352.250067489743,76.2590442969936,98.15));
#10831=CARTESIAN_POINT('Origin',(353.750067489743,76.2590442969936,98.15));
#10832=CARTESIAN_POINT('Origin',(351.950067489743,64.1563737500505,97.85));
#10833=CARTESIAN_POINT('Origin',(355.250067489743,76.2590442969936,99.55));
#10834=CARTESIAN_POINT('',(355.250067489743,76.2590442969936,99.55));
#10835=CARTESIAN_POINT('Origin',(370.000020600878,50.2050005960299,97.85));
#10836=CARTESIAN_POINT('',(371.500020600878,50.2050005960299,98.15));
#10837=CARTESIAN_POINT('',(367.900020600878,50.2050005960299,97.55));
#10838=CARTESIAN_POINT('Origin',(371.800020600878,84.1563737500505,97.85));
#10839=CARTESIAN_POINT('',(371.500020600878,76.2590442969936,98.15));
#10840=CARTESIAN_POINT('',(371.500020600878,76.2590442969936,98.15));
#10841=CARTESIAN_POINT('',(371.500020600878,84.1563737500505,98.15));
#10842=CARTESIAN_POINT('Origin',(370.000020600878,76.2590442969936,97.85));
#10843=CARTESIAN_POINT('',(368.500020600878,76.2590442969936,98.15));
#10844=CARTESIAN_POINT('Origin',(370.000020600878,76.2590442969936,98.15));
#10845=CARTESIAN_POINT('Origin',(368.200020600878,71.1293518995686,97.85));
#10846=CARTESIAN_POINT('Origin',(371.500020600878,76.2590442969936,99.55));
#10847=CARTESIAN_POINT('',(371.500020600878,76.2590442969936,99.55));
#10848=CARTESIAN_POINT('Origin',(370.000020600878,76.2590442969936,99.55));
#10849=CARTESIAN_POINT('Origin',(353.750067489743,76.2590442969936,99.55));
#10850=CARTESIAN_POINT('Origin',(337.500067489743,76.2590442969936,99.55));
#10851=CARTESIAN_POINT('Origin',(321.250067489743,76.2590442969936,99.55));
#10852=CARTESIAN_POINT('Origin',(305.000067489743,76.2590442969936,99.55));
#10853=CARTESIAN_POINT('Origin',(288.750067489743,76.2590442969936,99.55));
#10854=CARTESIAN_POINT('Origin',(383.925193560965,29.0537032031073,85.0506862354901));
#10855=CARTESIAN_POINT('',(383.925176172364,43.5537032031073,87.050577553171));
#10856=CARTESIAN_POINT('',(383.925162042414,43.5537032031073,88.6756862353152));
#10857=CARTESIAN_POINT('',(383.925176172364,29.0537032031073,87.0505775531709));
#10858=CARTESIAN_POINT('',(383.925176172364,44.7876235899252,87.0505775531709));
#10859=CARTESIAN_POINT('',(383.925493533987,29.0537032031073,50.5502996470374));
#10860=CARTESIAN_POINT('Origin',(393.925067489743,29.0537032031073,16.05));
#10861=CARTESIAN_POINT('',(226.074934894443,29.0537032031073,87.05));
#10862=CARTESIAN_POINT('',(226.075067489743,29.0537032031073,56.8));
#10863=CARTESIAN_POINT('',(393.925067489743,29.0537032031073,77.0507731821974));
#10864=CARTESIAN_POINT('',(406.67526078481,29.0537032031073,64.3006907466817));
#10865=CARTESIAN_POINT('',(393.925067489743,29.0537032031073,96.8415026221291));
#10866=CARTESIAN_POINT('',(393.925067489743,29.0537032031073,16.05));
#10867=CARTESIAN_POINT('Origin',(387.925067489743,29.0537032031073,91.55));
#10868=CARTESIAN_POINT('',(216.074946916881,29.0534433384755,96.8413659019016));
#10869=CARTESIAN_POINT('Origin',(222.075067489743,29.0537032031073,91.55));
#10870=CARTESIAN_POINT('',(216.074934894443,29.0534174271183,91.5898889210099));
#10871=CARTESIAN_POINT('',(216.074934894443,29.0534174271183,57.3));
#10872=CARTESIAN_POINT('',(216.074934894443,29.0534174271183,91.55));
#10873=CARTESIAN_POINT('',(216.074934894443,29.0534174271183,57.3));
#10874=CARTESIAN_POINT('',(216.074934894443,29.0537032031073,77.05));
#10875=CARTESIAN_POINT('',(216.074934894443,29.0537032031073,54.175));
#10876=CARTESIAN_POINT('',(247.787468043268,29.0537032031073,108.762533148825));
#10877=CARTESIAN_POINT('',(218.625067489743,29.0537032031073,92.3));
#10878=CARTESIAN_POINT('Origin',(221.325067489743,29.0537032031073,92.3));
#10879=CARTESIAN_POINT('',(385.975130523683,29.0537032031073,92.3007275353868));
#10880=CARTESIAN_POINT('Origin',(388.675130523683,29.0537032031073,92.3007275353868));
#10881=CARTESIAN_POINT('Origin',(388.675139221344,43.5537032031073,92.3007275353868));
#10882=CARTESIAN_POINT('',(393.925067489743,43.5537032031073,91.55));
#10883=CARTESIAN_POINT('Origin',(387.925067489743,43.5537032031073,91.55));
#10884=CARTESIAN_POINT('',(393.925067489743,43.5537032031073,77.0507731821974));
#10885=CARTESIAN_POINT('',(393.925067489743,43.5537032031073,75.0503637676934));
#10886=CARTESIAN_POINT('',(386.300085422851,43.5537032031073,84.6756889518907));
#10887=CARTESIAN_POINT('',(386.575130523683,43.5537032031073,92.3007275353868));
#10888=CARTESIAN_POINT('Origin',(388.675130523683,43.5537032031073,92.3007275353868));
#10889=CARTESIAN_POINT('Origin',(388.925067489932,60.521543976743,82.0507297083334));
#10890=CARTESIAN_POINT('',(393.925067489743,60.521543976743,77.0507731821974));
#10891=CARTESIAN_POINT('Origin',(221.074934894443,91.9893847503787,82.05));
#10892=CARTESIAN_POINT('',(216.074934894443,43.5537032031073,77.05));
#10893=CARTESIAN_POINT('',(226.074934894443,43.5537032031073,87.05));
#10894=CARTESIAN_POINT('',(223.699968043268,43.5537032031073,84.675033148825));
#10895=CARTESIAN_POINT('',(226.074934894443,91.9893847503787,87.05));
#10896=CARTESIAN_POINT('',(216.074934894443,91.9893847503787,77.05));
#10897=CARTESIAN_POINT('Origin',(388.675130523683,29.3537032031073,92.3007275353868));
#10898=CARTESIAN_POINT('',(386.575130523683,29.6537032031073,92.3007275353868));
#10899=CARTESIAN_POINT('',(386.275130523683,29.3537032031073,92.3007275353868));
#10900=CARTESIAN_POINT('Origin',(388.675130523683,29.6537032031073,92.3007275353868));
#10901=CARTESIAN_POINT('Origin',(388.675130523683,29.0537032031073,92.3007275353868));
#10902=CARTESIAN_POINT('',(386.575130523683,29.0537032031073,92.3007275353868));
#10903=CARTESIAN_POINT('Origin',(221.325067489743,29.3537032031073,92.3));
#10904=CARTESIAN_POINT('',(219.225067489743,29.6537032031074,92.3));
#10905=CARTESIAN_POINT('',(218.925067489743,29.3537032031073,92.3));
#10906=CARTESIAN_POINT('Origin',(221.325067489743,29.6537032031074,92.3));
#10907=CARTESIAN_POINT('Origin',(221.325067489743,29.0537032031073,92.3));
#10908=CARTESIAN_POINT('',(219.225067489743,43.5537032031073,92.3));
#10909=CARTESIAN_POINT('Origin',(221.325067489743,43.5537032031073,92.3));
#10910=CARTESIAN_POINT('',(219.225067489743,29.0537032031073,92.3));
#10911=CARTESIAN_POINT('Origin',(387.925067489743,148.925417427118,36.925));
#10912=CARTESIAN_POINT('',(387.925067489743,156.925417427118,18.0053464600866));
#10913=CARTESIAN_POINT('',(395.925067489743,148.925417427118,18.0053464600866));
#10914=CARTESIAN_POINT('Origin',(387.925067489743,148.925417427118,18.0053464600866));
#10915=CARTESIAN_POINT('',(395.925067489743,148.925417427118,16.05));
#10916=CARTESIAN_POINT('',(395.925067489743,148.925417427118,36.925));
#10917=CARTESIAN_POINT('',(387.925067489743,156.925417427118,16.05));
#10918=CARTESIAN_POINT('Origin',(387.925067489743,148.925417427118,16.05));
#10919=CARTESIAN_POINT('',(387.925067489743,156.925417427118,36.925));
#10920=CARTESIAN_POINT('Origin',(305.000067489743,27.0537032031074,16.05));
#10921=CARTESIAN_POINT('',(395.925067489743,27.0537032031074,16.05));
#10922=CARTESIAN_POINT('',(395.925067489743,154.392417427118,16.05));
#10923=CARTESIAN_POINT('',(393.925067489743,27.0537032031073,16.05));
#10924=CARTESIAN_POINT('',(305.000067489743,27.0537032031074,16.05));
#10925=CARTESIAN_POINT('',(393.925067489743,140.42506629765,16.05));
#10926=CARTESIAN_POINT('',(393.925067489743,89.7230603151129,16.05));
#10927=CARTESIAN_POINT('',(379.425067489743,140.42506629765,16.05));
#10928=CARTESIAN_POINT('',(342.212534340918,140.42506629765,16.05));
#10929=CARTESIAN_POINT('',(379.425067489743,154.925417427118,16.05));
#10930=CARTESIAN_POINT('',(379.425067489743,151.30006629765,16.05));
#10931=CARTESIAN_POINT('',(230.574934894443,154.925417427118,16.05));
#10932=CARTESIAN_POINT('',(305.000034340918,154.925417427118,16.05));
#10933=CARTESIAN_POINT('',(230.574934894443,140.42506629765,16.05));
#10934=CARTESIAN_POINT('',(230.574934894443,144.05006629765,16.05));
#10935=CARTESIAN_POINT('',(216.074934894443,140.42506629765,16.05));
#10936=CARTESIAN_POINT('',(260.537468043268,140.42506629765,16.05));
#10937=CARTESIAN_POINT('',(216.074934894443,27.0537032031074,16.05));
#10938=CARTESIAN_POINT('',(216.074934894443,90.9893847503787,16.05));
#10939=CARTESIAN_POINT('',(214.075067489743,27.0537032031074,16.05));
#10940=CARTESIAN_POINT('',(305.000067489743,27.0537032031074,16.05));
#10941=CARTESIAN_POINT('',(214.075067489743,148.925417427118,16.05));
#10942=CARTESIAN_POINT('',(214.075067489743,156.92506629765,16.05));
#10943=CARTESIAN_POINT('',(222.075067489743,156.925417427118,16.05));
#10944=CARTESIAN_POINT('Origin',(222.075067489743,148.925417427118,16.05));
#10945=CARTESIAN_POINT('',(260.537567489743,156.925417427118,16.05));
#10946=CARTESIAN_POINT('',(224.924934894443,147.67506629765,16.05));
#10947=CARTESIAN_POINT('Origin',(223.324934894443,147.67506629765,16.05));
#10948=CARTESIAN_POINT('',(388.275067489743,147.67506629765,16.05));
#10949=CARTESIAN_POINT('Origin',(386.675067489743,147.67506629765,16.05));
#10950=CARTESIAN_POINT('Origin',(222.075067489743,148.925417427118,36.925));
#10951=CARTESIAN_POINT('',(214.075067489743,148.925417427118,18.0053464600867));
#10952=CARTESIAN_POINT('',(222.075067489743,156.925417427118,18.0053464600866));
#10953=CARTESIAN_POINT('Origin',(222.075067489743,148.925417427118,18.0053464600866));
#10954=CARTESIAN_POINT('',(222.075067489743,156.925417427118,36.925));
#10955=CARTESIAN_POINT('',(214.075067489743,148.925417427118,36.925));
#10956=CARTESIAN_POINT('Origin',(387.925067489743,92.021543976743,91.55));
#10957=CARTESIAN_POINT('',(395.925067489743,27.0537032031073,91.55));
#10958=CARTESIAN_POINT('',(395.925067489743,83.4643853908798,91.55));
#10959=CARTESIAN_POINT('',(395.925067489743,92.021543976743,91.55));
#10960=CARTESIAN_POINT('Origin',(387.925067489743,83.4643853908798,91.55));
#10961=CARTESIAN_POINT('',(393.925067489743,27.0537032031073,96.8415026221291));
#10962=CARTESIAN_POINT('',(393.925067489743,92.021543976743,96.8415026221292));
#10963=CARTESIAN_POINT('Origin',(387.925067489743,27.0537032031073,91.55));
#10964=CARTESIAN_POINT('Origin',(221.325067489743,43.5537032031073,92.3));
#10965=CARTESIAN_POINT('',(216.074934894443,43.5537032031073,91.55));
#10966=CARTESIAN_POINT('',(216.074934894443,43.5537032031073,54.175));
#10967=CARTESIAN_POINT('Origin',(222.074934894443,43.5537032031073,91.55));
#10968=CARTESIAN_POINT('',(226.075067489743,43.5537032031073,94.925));
#10969=CARTESIAN_POINT('Origin',(226.075067489743,29.0537032031073,97.55));
#10970=CARTESIAN_POINT('Origin',(222.075067489743,92.021543976743,91.55));
#10971=CARTESIAN_POINT('',(214.075067489743,83.4643853908798,91.55));
#10972=CARTESIAN_POINT('Origin',(222.075067489743,83.4643853908798,91.55));
#10973=CARTESIAN_POINT('',(214.075067489743,27.0537032031073,91.55));
#10974=CARTESIAN_POINT('',(214.075067489743,92.021543976743,91.55));
#10975=CARTESIAN_POINT('',(216.074934894443,27.0537032031073,96.8413522693937));
#10976=CARTESIAN_POINT('Origin',(222.075067489743,27.0537032031073,91.55));
#10977=CARTESIAN_POINT('',(216.074934894443,92.021543976743,96.8413522693937));
#10978=CARTESIAN_POINT('Origin',(222.074934894443,123.489384750379,91.55));
#10979=CARTESIAN_POINT('',(216.074934894443,83.4643853908798,91.55));
#10980=CARTESIAN_POINT('',(216.074934894443,123.489384750379,91.55));
#10981=CARTESIAN_POINT('Origin',(222.074934894443,83.4643853908798,91.55));
#10982=CARTESIAN_POINT('Origin',(395.925067489743,91.9893847503787,57.8));
#10983=CARTESIAN_POINT('',(395.925067489743,27.0537032031073,16.05));
#10984=CARTESIAN_POINT('',(395.925067489743,92.5360150826457,81.3581371165371));
#10985=CARTESIAN_POINT('Origin',(393.925067489743,91.9893847503787,57.8));
#10986=CARTESIAN_POINT('',(393.925067489743,83.4643853908798,91.55));
#10987=CARTESIAN_POINT('',(393.925067489743,92.021543976743,91.55));
#10988=CARTESIAN_POINT('',(393.925067489743,140.42506629765,27.5553849996299));
#10989=CARTESIAN_POINT('',(393.925067489743,91.9442301334711,82.0230001305068));
#10990=CARTESIAN_POINT('',(393.925067489743,140.42506629765,36.925));
#10991=CARTESIAN_POINT('',(393.925067489743,27.0537032031073,57.8));
#10992=CARTESIAN_POINT('Origin',(387.925067489743,92.021543976743,91.55));
#10993=CARTESIAN_POINT('Origin',(387.925067489743,83.4643853908798,91.55));
#10994=CARTESIAN_POINT('Origin',(259.537534340918,148.925417427118,18.0053464600866));
#10995=CARTESIAN_POINT('',(379.425067489743,153.407209280338,21.9945245439043));
#10996=CARTESIAN_POINT('',(379.425067489743,154.925417427118,18.0053464600866));
#10997=CARTESIAN_POINT('Origin',(379.425067489743,148.925417427118,18.0053464600866));
#10998=CARTESIAN_POINT('',(230.574934894443,153.407209280338,21.9945245439043));
#10999=CARTESIAN_POINT('',(259.537534340918,153.407209280338,21.9945245439043));
#11000=CARTESIAN_POINT('',(230.574934894443,154.925417427118,18.0053464600866));
#11001=CARTESIAN_POINT('Origin',(230.574934894443,148.925417427118,18.0053464600866));
#11002=CARTESIAN_POINT('',(259.537534340918,154.925417427118,18.0053464600866));
#11003=CARTESIAN_POINT('Origin',(379.425067489743,154.92506629765,16.05));
#11004=CARTESIAN_POINT('',(379.425067489743,154.925417427118,36.425));
#11005=CARTESIAN_POINT('',(379.425067489743,140.42506629765,36.5798003663031));
#11006=CARTESIAN_POINT('',(379.425067489743,140.42506629765,16.05));
#11007=CARTESIAN_POINT('',(379.425067489743,120.703298330187,58.7369608516231));
#11008=CARTESIAN_POINT('Origin',(305.000001192093,154.925417427118,56.8));
#11009=CARTESIAN_POINT('',(230.574934894443,154.925417427118,36.425));
#11010=CARTESIAN_POINT('Origin',(222.075067489743,148.925417427118,18.0053464600867));
#11011=CARTESIAN_POINT('',(222.075067489743,154.901139898078,23.3242505718435));
#11012=CARTESIAN_POINT('Origin',(222.075067489743,148.925417427118,18.0053464600867));
#11013=CARTESIAN_POINT('Origin',(222.075067489743,148.925417427118,18.0053464600866));
#11014=CARTESIAN_POINT('Origin',(230.574934894443,140.42506629765,16.05));
#11015=CARTESIAN_POINT('',(230.574934894443,140.42506629765,36.5798003663031));
#11016=CARTESIAN_POINT('',(230.574934894443,117.498487831938,62.337525499372));
#11017=CARTESIAN_POINT('',(230.574934894443,140.42506629765,16.05));
#11018=CARTESIAN_POINT('Origin',(387.925067489743,148.925417427118,18.0053464600866));
#11019=CARTESIAN_POINT('',(387.925067489743,154.901139898078,23.3242505718435));
#11020=CARTESIAN_POINT('Origin',(387.925067489743,148.925417427118,18.0053464600866));
#11021=CARTESIAN_POINT('Origin',(387.925067489743,148.925417427118,18.0053464600867));
#11022=CARTESIAN_POINT('Ctrl Pts',(387.356885671561,144.75357284961,33.6999604892869));
#11023=CARTESIAN_POINT('Ctrl Pts',(386.856038042759,144.636685022986,33.9407175190586));
#11024=CARTESIAN_POINT('Ctrl Pts',(385.793408475712,144.666078295136,33.8801753984422));
#11025=CARTESIAN_POINT('Ctrl Pts',(384.427076572489,145.489087528219,32.1850009379799));
#11026=CARTESIAN_POINT('Ctrl Pts',(383.642824451769,146.877584582064,29.3250758612136));
#11027=CARTESIAN_POINT('Ctrl Pts',(383.642134148682,148.47285115171,26.0392619993683));
#11028=CARTESIAN_POINT('Ctrl Pts',(384.296856627529,149.629061925595,23.6577832795504));
#11029=CARTESIAN_POINT('Ctrl Pts',(385.110141648476,150.273019609365,22.331406156107));
#11030=CARTESIAN_POINT('Ctrl Pts',(385.822044743751,150.5860220514,21.6867065288467));
#11031=CARTESIAN_POINT('Ctrl Pts',(386.590568334619,150.707092722117,21.4373339815406));
#11032=CARTESIAN_POINT('Ctrl Pts',(387.10646185716,150.655003659002,21.544623238954));
#11033=CARTESIAN_POINT('Ctrl Pts',(387.356885671561,150.59655974569,21.6650017538398));
#11034=CARTESIAN_POINT('Ctrl Pts',(387.400266430986,144.763697051852,33.8744213081652));
#11035=CARTESIAN_POINT('Ctrl Pts',(386.868809950302,144.631820375998,34.1132391380201));
#11036=CARTESIAN_POINT('Ctrl Pts',(385.732389482956,144.665449993097,34.0533588821387));
#11037=CARTESIAN_POINT('Ctrl Pts',(384.302172627184,145.593208716091,32.3719523845293));
#11038=CARTESIAN_POINT('Ctrl Pts',(383.563141315726,147.12206703516,29.5434759636461));
#11039=CARTESIAN_POINT('Ctrl Pts',(383.716575934934,148.798075067895,26.3154838825344));
#11040=CARTESIAN_POINT('Ctrl Pts',(384.520255970448,149.89348767233,24.0231311914012));
#11041=CARTESIAN_POINT('Ctrl Pts',(385.356665244629,150.413602346294,22.7977751811532));
#11042=CARTESIAN_POINT('Ctrl Pts',(386.00109103866,150.625713070121,22.2305641944585));
#11043=CARTESIAN_POINT('Ctrl Pts',(386.611264302797,150.691505189095,22.0233312948143));
#11044=CARTESIAN_POINT('Ctrl Pts',(387.012964124473,150.664365901665,22.1120985219728));
#11045=CARTESIAN_POINT('Ctrl Pts',(387.220053997908,150.628493523604,22.2152863996258));
#11046=CARTESIAN_POINT('Ctrl Pts',(387.495904690394,144.745906380698,34.2233398206463));
#11047=CARTESIAN_POINT('Ctrl Pts',(386.895698099141,144.586818749654,34.4582751455668));
#11048=CARTESIAN_POINT('Ctrl Pts',(385.603048730005,144.627002209035,34.399110102007));
#11049=CARTESIAN_POINT('Ctrl Pts',(384.00847715272,145.745693122328,32.7450897994551));
#11050=CARTESIAN_POINT('Ctrl Pts',(383.279369884617,147.562261579677,29.9790200756526));
#11051=CARTESIAN_POINT('Ctrl Pts',(383.6449736166,149.485037393458,26.8664671471973));
#11052=CARTESIAN_POINT('Ctrl Pts',(384.72006131537,150.608237355953,24.7522317051028));
#11053=CARTESIAN_POINT('Ctrl Pts',(385.654982380086,151.008671840809,23.7297118521659));
#11054=CARTESIAN_POINT('Ctrl Pts',(386.241286075007,151.095235013925,23.3176266989319));
#11055=CARTESIAN_POINT('Ctrl Pts',(386.640373554457,151.084903906108,23.194928390806));
#11056=CARTESIAN_POINT('Ctrl Pts',(386.885708055583,151.09149540127,23.2458549346771));
#11057=CARTESIAN_POINT('Ctrl Pts',(387.038440460169,151.085253906541,23.3144961309319));
#11058=CARTESIAN_POINT('Ctrl Pts',(387.632083274,144.629597662573,34.6391851524295));
#11059=CARTESIAN_POINT('Ctrl Pts',(386.931763550647,144.444865915256,34.8717647970715));
#11060=CARTESIAN_POINT('Ctrl Pts',(385.427315395064,144.491411561329,34.8130164715741));
#11061=CARTESIAN_POINT('Ctrl Pts',(383.558051831362,145.791136668605,33.1756263405132));
#11062=CARTESIAN_POINT('Ctrl Pts',(382.669888949883,147.926124882813,30.4451314723444));
#11063=CARTESIAN_POINT('Ctrl Pts',(383.043960502039,150.238865327768,27.3929088665785));
#11064=CARTESIAN_POINT('Ctrl Pts',(384.280299152145,151.663299952851,25.3606083670871));
#11065=CARTESIAN_POINT('Ctrl Pts',(385.395028219846,152.227218605404,24.4219063735635));
#11066=CARTESIAN_POINT('Ctrl Pts',(386.115462666893,152.386210203798,24.0703376294418));
#11067=CARTESIAN_POINT('Ctrl Pts',(386.629261607083,152.399990564782,23.979465677416));
#11068=CARTESIAN_POINT('Ctrl Pts',(386.9485184411,152.396479177392,24.0161204525984));
#11069=CARTESIAN_POINT('Ctrl Pts',(387.14155346461,152.377602329269,24.0715351823229));
#11070=CARTESIAN_POINT('Ctrl Pts',(387.775982724507,144.446875204046,35.0253631062252));
#11071=CARTESIAN_POINT('Ctrl Pts',(386.968932822594,144.243211787501,35.2591518424861));
#11072=CARTESIAN_POINT('Ctrl Pts',(385.245218159648,144.294423464966,35.2004068551968));
#11073=CARTESIAN_POINT('Ctrl Pts',(383.06897294167,145.728001136471,33.5545671921932));
#11074=CARTESIAN_POINT('Ctrl Pts',(381.935440823782,148.11685194448,30.802664559271));
#11075=CARTESIAN_POINT('Ctrl Pts',(382.172478253788,150.786818030606,27.7054678709446));
#11076=CARTESIAN_POINT('Ctrl Pts',(383.438586962365,152.578552670139,25.5938571838072));
#11077=CARTESIAN_POINT('Ctrl Pts',(384.740690367854,153.436944723538,24.5566094429062));
#11078=CARTESIAN_POINT('Ctrl Pts',(385.712384295579,153.781732576584,24.1269748799429));
#11079=CARTESIAN_POINT('Ctrl Pts',(386.585981841017,153.884658471901,23.9925934023103));
#11080=CARTESIAN_POINT('Ctrl Pts',(387.154882698222,153.841776056211,24.048955023765));
#11081=CARTESIAN_POINT('Ctrl Pts',(387.456609588717,153.78426985379,24.1220004220064));
#11082=CARTESIAN_POINT('Ctrl Pts',(387.865430864941,144.299365402667,35.2352120693898));
#11083=CARTESIAN_POINT('Ctrl Pts',(386.991684839935,144.088322982524,35.472296129865));
#11084=CARTESIAN_POINT('Ctrl Pts',(385.133226925317,144.141075968073,35.4119605094005));
#11085=CARTESIAN_POINT('Ctrl Pts',(382.75976426162,145.626819437025,33.7425765557496));
#11086=CARTESIAN_POINT('Ctrl Pts',(381.44385350797,148.123240548251,30.9373624106381));
#11087=CARTESIAN_POINT('Ctrl Pts',(381.53864740175,150.965746345326,27.7442261953249));
#11088=CARTESIAN_POINT('Ctrl Pts',(382.766797116112,152.973886909446,25.4886783776966));
#11089=CARTESIAN_POINT('Ctrl Pts',(384.182782734821,154.039533254152,24.2928536982059));
#11090=CARTESIAN_POINT('Ctrl Pts',(385.354291644234,154.529380041338,23.742789871705));
#11091=CARTESIAN_POINT('Ctrl Pts',(386.547146284674,154.706953203439,23.5435785374536));
#11092=CARTESIAN_POINT('Ctrl Pts',(387.341344336366,154.631045353634,23.6279021467072));
#11093=CARTESIAN_POINT('Ctrl Pts',(387.736961534687,154.542261221065,23.7274462921489));
#11094=CARTESIAN_POINT('Ctrl Pts',(387.925067489743,144.186408248418,35.362118024211));
#11095=CARTESIAN_POINT('Ctrl Pts',(387.00684683694,143.972113899607,35.6028750539826));
#11096=CARTESIAN_POINT('Ctrl Pts',(385.058692630686,144.026001565215,35.5423329333662));
#11097=CARTESIAN_POINT('Ctrl Pts',(382.553750808111,145.534851825868,33.8471584729039));
#11098=CARTESIAN_POINT('Ctrl Pts',(381.115955253457,148.080429757918,30.9872333961376));
#11099=CARTESIAN_POINT('Ctrl Pts',(381.114689697797,151.005085135601,27.7014195342923));
#11100=CARTESIAN_POINT('Ctrl Pts',(382.315014242352,153.124804887725,25.3199408144744));
#11101=CARTESIAN_POINT('Ctrl Pts',(383.806036780753,154.305393974636,23.993563691031));
#11102=CARTESIAN_POINT('Ctrl Pts',(385.111192455424,154.879231785034,23.3488640637708));
#11103=CARTESIAN_POINT('Ctrl Pts',(386.520152372017,155.101194681348,23.0994915164646));
#11104=CARTESIAN_POINT('Ctrl Pts',(387.465957163341,155.005698065638,23.206780773878));
#11105=CARTESIAN_POINT('Ctrl Pts',(387.925067489743,154.898550891232,23.3271592887639));
#11106=CARTESIAN_POINT('',(385.616604753058,154.925417426311,23.2968490840469));
#11107=CARTESIAN_POINT('',(385.436213387596,154.901139898078,23.3242505718435));
#11108=CARTESIAN_POINT('Ctrl Pts',(385.616592214605,154.925409433777,23.2968861258694));
#11109=CARTESIAN_POINT('Ctrl Pts',(385.566589167714,154.919219022839,23.3038997079485));
#11110=CARTESIAN_POINT('Ctrl Pts',(385.51665886422,154.912596406213,23.3113770922304));
#11111=CARTESIAN_POINT('Ctrl Pts',(385.466796079358,154.905542184922,23.3193064470178));
#11112=CARTESIAN_POINT('Ctrl Pts',(385.456574054705,154.904096047805,23.3209319892001));
#11113=CARTESIAN_POINT('Ctrl Pts',(385.446357491484,154.902632138976,23.3225761093553));
#11114=CARTESIAN_POINT('Ctrl Pts',(385.436146377569,154.901150490527,23.3242386713596));
#11115=CARTESIAN_POINT('',(387.925067489743,144.186408248418,35.3621180242109));
#11116=CARTESIAN_POINT('Origin',(386.675067489743,149.542479569825,29.3446386564874));
#11117=CARTESIAN_POINT('',(387.356885671561,144.75357284961,33.6999604892869));
#11118=CARTESIAN_POINT('Origin',(387.925067489743,142.318994976243,33.6999604892869));
#11119=CARTESIAN_POINT('',(383.675067489743,147.67506629765,27.6824811215634));
#11120=CARTESIAN_POINT('Origin',(386.675067489743,147.67506629765,27.6824811215634));
#11121=CARTESIAN_POINT('',(387.356885671561,150.59655974569,21.6650017538398));
#11122=CARTESIAN_POINT('Origin',(386.675067489743,147.67506629765,27.6824811215634));
#11123=CARTESIAN_POINT('',(387.925067489743,154.898550891232,23.3271592887638));
#11124=CARTESIAN_POINT('Origin',(387.925067489743,153.031137619057,21.6650017538398));
#11125=CARTESIAN_POINT('',(387.913921591889,154.901139898078,23.3242505718435));
#11126=CARTESIAN_POINT('Origin',(386.675067489743,149.542479569825,29.3446386564874));
#11127=CARTESIAN_POINT('',(387.733530215289,154.925417427002,23.2968490824808));
#11128=CARTESIAN_POINT('Ctrl Pts',(387.913921591889,154.901139898078,23.3242505718435));
#11129=CARTESIAN_POINT('Ctrl Pts',(387.903713982477,154.902622369336,23.3225850338643));
#11130=CARTESIAN_POINT('Ctrl Pts',(387.893500848191,154.904087162227,23.3209379553415));
#11131=CARTESIAN_POINT('Ctrl Pts',(387.833470392411,154.912588102861,23.3113713441832));
#11132=CARTESIAN_POINT('Ctrl Pts',(387.783554010145,154.919217092488,23.3038796008486));
#11133=CARTESIAN_POINT('Ctrl Pts',(387.733530215289,154.925417426885,23.2968490824808));
#11134=CARTESIAN_POINT('Ctrl Pts',(387.733536481499,154.92540029142,23.29686590508));
#11135=CARTESIAN_POINT('Ctrl Pts',(387.638071306262,154.937219272886,23.2834621734378));
#11136=CARTESIAN_POINT('Ctrl Pts',(387.542219810352,154.947472510336,23.271743947805));
#11137=CARTESIAN_POINT('Ctrl Pts',(387.445963674883,154.956137525216,23.2618013171849));
#11138=CARTESIAN_POINT('Ctrl Pts',(387.426364931388,154.957901811754,23.2597768948845));
#11139=CARTESIAN_POINT('Ctrl Pts',(387.406749243922,154.959600219257,23.2578260652947));
#11140=CARTESIAN_POINT('Ctrl Pts',(387.387116208198,154.961232494937,23.255949567514));
#11141=CARTESIAN_POINT('Ctrl Pts',(387.279899052405,154.970146447845,23.2457019034383));
#11142=CARTESIAN_POINT('Ctrl Pts',(387.172646666072,154.977043744539,23.2377242948698));
#11143=CARTESIAN_POINT('Ctrl Pts',(387.065299915952,154.981935351289,23.2320600607152));
#11144=CARTESIAN_POINT('Ctrl Pts',(386.950688860585,154.987157979934,23.2260125198852));
#11145=CARTESIAN_POINT('Ctrl Pts',(386.835968315756,154.990095633061,23.2226010801698));
#11146=CARTESIAN_POINT('Ctrl Pts',(386.721021224123,154.990725786148,23.2218767582873));
#11147=CARTESIAN_POINT('Ctrl Pts',(386.655779008359,154.991083451427,23.2214656442359));
#11148=CARTESIAN_POINT('Ctrl Pts',(386.590463159223,154.99069698666,23.2219202446397));
#11149=CARTESIAN_POINT('Ctrl Pts',(386.525050640934,154.989555097196,23.2232516043912));
#11150=CARTESIAN_POINT('Ctrl Pts',(386.502951417384,154.989169316749,23.2237013962284));
#11151=CARTESIAN_POINT('Ctrl Pts',(386.480841166703,154.98869726329,23.2242512776215));
#11152=CARTESIAN_POINT('Ctrl Pts',(386.458719099374,154.988138620118,23.2249014334594));
#11153=CARTESIAN_POINT('Ctrl Pts',(386.350781114156,154.985412888495,23.2280736736564));
#11154=CARTESIAN_POINT('Ctrl Pts',(386.24332119345,154.980651725397,23.2336059367228));
#11155=CARTESIAN_POINT('Ctrl Pts',(386.136251522277,154.973910811722,23.2413950973652));
#11156=CARTESIAN_POINT('Ctrl Pts',(386.035036785096,154.967538514148,23.2487583201961));
#11157=CARTESIAN_POINT('Ctrl Pts',(385.934170110988,154.959395872859,23.2581392778348));
#11158=CARTESIAN_POINT('Ctrl Pts',(385.833617071052,154.949509535697,23.2694491100414));
#11159=CARTESIAN_POINT('Ctrl Pts',(385.761110418372,154.942380708807,23.2776043888493));
#11160=CARTESIAN_POINT('Ctrl Pts',(385.688767650444,154.934344801423,23.2867625759094));
#11161=CARTESIAN_POINT('Ctrl Pts',(385.616592214605,154.925409433777,23.2968861258694));
#11162=CARTESIAN_POINT('Ctrl Pts',(222.643189037333,150.596576623888,21.6649669893586));
#11163=CARTESIAN_POINT('Ctrl Pts',(222.893610854451,150.655013534008,21.5446028991364));
#11164=CARTESIAN_POINT('Ctrl Pts',(223.409547745289,150.707140545923,21.4372354775503));
#11165=CARTESIAN_POINT('Ctrl Pts',(224.177909344747,150.585900153198,21.6869576058842));
#11166=CARTESIAN_POINT('Ctrl Pts',(224.890151510603,150.273240387867,22.3309514126319));
#11167=CARTESIAN_POINT('Ctrl Pts',(225.347160769853,149.910608219212,23.0778747351599));
#11168=CARTESIAN_POINT('Ctrl Pts',(225.607148594066,149.625405806029,23.6653138882782));
#11169=CARTESIAN_POINT('Ctrl Pts',(225.767961779371,149.424552894425,24.0790160830693));
#11170=CARTESIAN_POINT('Ctrl Pts',(226.014458785419,149.047003797362,24.8566642080049));
#11171=CARTESIAN_POINT('Ctrl Pts',(226.356658293136,148.206356820016,26.5881676091539));
#11172=CARTESIAN_POINT('Ctrl Pts',(226.358283635021,146.877600650146,29.3250427653499));
#11173=CARTESIAN_POINT('Ctrl Pts',(225.572797406367,145.488821759024,32.1855483500057));
#11174=CARTESIAN_POINT('Ctrl Pts',(224.206565707932,144.666600155927,33.8791005076018));
#11175=CARTESIAN_POINT('Ctrl Pts',(223.14403267157,144.636682151172,33.9407234342126));
#11176=CARTESIAN_POINT('Ctrl Pts',(222.643189037334,144.753555971412,33.6999952537688));
#11177=CARTESIAN_POINT('Ctrl Pts',(222.78000822637,150.628503916583,22.2152566206276));
#11178=CARTESIAN_POINT('Ctrl Pts',(222.987094320612,150.664371458105,22.1120815135139));
#11179=CARTESIAN_POINT('Ctrl Pts',(223.388967377491,150.691574690201,22.023246448424));
#11180=CARTESIAN_POINT('Ctrl Pts',(223.999236585201,150.625550821953,22.2305474738105));
#11181=CARTESIAN_POINT('Ctrl Pts',(224.643873903262,150.414336633439,22.7971074396994));
#11182=CARTESIAN_POINT('Ctrl Pts',(225.11372617517,150.120531195214,23.487340059275));
#11183=CARTESIAN_POINT('Ctrl Pts',(225.397630596414,149.870310547875,24.0414360327578));
#11184=CARTESIAN_POINT('Ctrl Pts',(225.577890473457,149.689804660007,24.4340997619313));
#11185=CARTESIAN_POINT('Ctrl Pts',(225.865664531161,149.339270456419,25.1781067872499));
#11186=CARTESIAN_POINT('Ctrl Pts',(226.307236202008,148.517388734127,26.855083725033));
#11187=CARTESIAN_POINT('Ctrl Pts',(226.438689731207,147.12238791766,29.5432829687841));
#11188=CARTESIAN_POINT('Ctrl Pts',(225.697572554983,145.592550852773,32.3725288737249));
#11189=CARTESIAN_POINT('Ctrl Pts',(224.267622326379,144.666103407909,34.052184642972));
#11190=CARTESIAN_POINT('Ctrl Pts',(223.1312653507,144.63181709853,34.1132450128407));
#11191=CARTESIAN_POINT('Ctrl Pts',(222.599812698648,144.763678009637,33.8744557924477));
#11192=CARTESIAN_POINT('Ctrl Pts',(222.961611456023,151.085247175722,23.3144892759649));
#11193=CARTESIAN_POINT('Ctrl Pts',(223.114336802092,151.091486467008,23.2458575260197));
#11194=CARTESIAN_POINT('Ctrl Pts',(223.359997456739,151.084975760518,23.1948966190201));
#11195=CARTESIAN_POINT('Ctrl Pts',(223.759347761797,151.09552734936,23.3174295289536));
#11196=CARTESIAN_POINT('Ctrl Pts',(224.345985846239,151.010050664358,23.7285571233135));
#11197=CARTESIAN_POINT('Ctrl Pts',(224.870551354386,150.782892674015,24.3053478920624));
#11198=CARTESIAN_POINT('Ctrl Pts',(225.210450896068,150.555783224322,24.7926050344401));
#11199=CARTESIAN_POINT('Ctrl Pts',(225.432264952831,150.385074248621,25.143034657847));
#11200=CARTESIAN_POINT('Ctrl Pts',(225.800318243346,150.036799312841,25.8196125181925));
#11201=CARTESIAN_POINT('Ctrl Pts',(226.4123107457,149.161846138181,27.3872226057617));
#11202=CARTESIAN_POINT('Ctrl Pts',(226.723654593636,147.563116814319,29.9787034388107));
#11203=CARTESIAN_POINT('Ctrl Pts',(225.990888695354,145.744770183381,32.7459294277978));
#11204=CARTESIAN_POINT('Ctrl Pts',(224.397145451085,144.628089271484,34.3979488238176));
#11205=CARTESIAN_POINT('Ctrl Pts',(223.104387110948,144.586815017151,34.4582810211447));
#11206=CARTESIAN_POINT('Ctrl Pts',(222.504184403094,144.745883656181,34.2233738253847));
#11207=CARTESIAN_POINT('Ctrl Pts',(222.858508707532,152.37760463208,24.0715314951516));
#11208=CARTESIAN_POINT('Ctrl Pts',(223.051535591063,152.39647763222,24.01612490615));
#11209=CARTESIAN_POINT('Ctrl Pts',(223.371237981398,152.400036032943,23.979441984829));
#11210=CARTESIAN_POINT('Ctrl Pts',(223.885422252126,152.386505738087,24.0701157693302));
#11211=CARTESIAN_POINT('Ctrl Pts',(224.606277842884,152.228641514459,24.4205542094714));
#11212=CARTESIAN_POINT('Ctrl Pts',(225.231675357143,151.90943266434,24.9504912582718));
#11213=CARTESIAN_POINT('Ctrl Pts',(225.631301870253,151.608903721482,25.4090861298155));
#11214=CARTESIAN_POINT('Ctrl Pts',(225.890675183007,151.386363733919,25.7411121171452));
#11215=CARTESIAN_POINT('Ctrl Pts',(226.317512066117,150.940662013392,26.3875878716197));
#11216=CARTESIAN_POINT('Ctrl Pts',(227.014087644484,149.850712158151,27.9037564578325));
#11217=CARTESIAN_POINT('Ctrl Pts',(227.333648345308,147.926834556756,30.4447648866703));
#11218=CARTESIAN_POINT('Ctrl Pts',(226.441164218436,145.790182054648,33.1765919605238));
#11219=CARTESIAN_POINT('Ctrl Pts',(224.572982556094,144.49255134783,34.8118778942977));
#11220=CARTESIAN_POINT('Ctrl Pts',(223.06833527995,144.444861510431,34.8717706184628));
#11221=CARTESIAN_POINT('Ctrl Pts',(222.368020264224,144.629571178396,34.6392188134783));
#11222=CARTESIAN_POINT('Ctrl Pts',(222.543484608635,153.784284389917,24.1219953616035));
#11223=CARTESIAN_POINT('Ctrl Pts',(222.845204698551,153.841782688831,24.0489597748178));
#11224=CARTESIAN_POINT('Ctrl Pts',(223.414360781412,153.884726310614,23.9925427127512));
#11225=CARTESIAN_POINT('Ctrl Pts',(224.287925342474,153.78194459961,24.1267663154923));
#11226=CARTESIAN_POINT('Ctrl Pts',(225.260283646737,153.4379894702,24.5555378845536));
#11227=CARTESIAN_POINT('Ctrl Pts',(225.991188888966,152.953722892489,25.1404625417006));
#11228=CARTESIAN_POINT('Ctrl Pts',(226.435283595793,152.542649617522,25.6306258040131));
#11229=CARTESIAN_POINT('Ctrl Pts',(226.717834952392,152.246538530871,25.982378975704));
#11230=CARTESIAN_POINT('Ctrl Pts',(227.169682602154,151.67350295832,26.6597070557453));
#11231=CARTESIAN_POINT('Ctrl Pts',(227.863176334479,150.33983153422,28.2237194937022));
#11232=CARTESIAN_POINT('Ctrl Pts',(228.067580807052,148.117280609693,30.8022943292548));
#11233=CARTESIAN_POINT('Ctrl Pts',(226.930366592981,145.727264979853,33.5553437296209));
#11234=CARTESIAN_POINT('Ctrl Pts',(224.75496498969,144.295520261027,35.199198420789));
#11235=CARTESIAN_POINT('Ctrl Pts',(223.031180237914,144.243206992089,35.2591577131684));
#11236=CARTESIAN_POINT('Ctrl Pts',(222.22413622958,144.446846032665,35.0253969680218));
#11237=CARTESIAN_POINT('Ctrl Pts',(222.263155195251,154.542286878112,23.7274174667772));
#11238=CARTESIAN_POINT('Ctrl Pts',(222.658767446728,154.631059975285,23.6278856974404));
#11239=CARTESIAN_POINT('Ctrl Pts',(223.45325468605,154.70699127999,23.5435011196762));
#11240=CARTESIAN_POINT('Ctrl Pts',(224.646231610551,154.529300717601,23.7432246026308));
#11241=CARTESIAN_POINT('Ctrl Pts',(225.818163171341,154.040090003075,24.2920346726367));
#11242=CARTESIAN_POINT('Ctrl Pts',(226.613650183891,153.439706754343,24.9662394773597));
#11243=CARTESIAN_POINT('Ctrl Pts',(227.077615485031,152.956026285336,25.5092511905779));
#11244=CARTESIAN_POINT('Ctrl Pts',(227.367755379655,152.612886673982,25.8944199015405));
#11245=CARTESIAN_POINT('Ctrl Pts',(227.820065209052,151.961728500154,26.6255467756565));
#11246=CARTESIAN_POINT('Ctrl Pts',(228.4746926159,150.490318813846,28.277687083428));
#11247=CARTESIAN_POINT('Ctrl Pts',(228.558740539803,148.123411810357,30.9373874678048));
#11248=CARTESIAN_POINT('Ctrl Pts',(227.239877988424,145.62629546724,33.7434597632002));
#11249=CARTESIAN_POINT('Ctrl Pts',(224.866851217055,144.142158589609,35.4110734931625));
#11250=CARTESIAN_POINT('Ctrl Pts',(223.008436966872,144.088317789555,35.4723019667663));
#11251=CARTESIAN_POINT('Ctrl Pts',(222.134697692744,144.299334930467,35.2352463045275));
#11252=CARTESIAN_POINT('Ctrl Pts',(222.075067489741,154.898581834594,23.3271245242826));
#11253=CARTESIAN_POINT('Ctrl Pts',(222.534174154457,155.005716169815,23.2067604340604));
#11254=CARTESIAN_POINT('Ctrl Pts',(223.480058454328,155.101282358325,23.0993930124743));
#11255=CARTESIAN_POINT('Ctrl Pts',(224.888721386666,154.879008304995,23.3491151408082));
#11256=CARTESIAN_POINT('Ctrl Pts',(226.194498690737,154.305798735223,23.9931089475559));
#11257=CARTESIAN_POINT('Ctrl Pts',(227.032348999363,153.640973092689,24.740032270084));
#11258=CARTESIAN_POINT('Ctrl Pts',(227.508993343752,153.118102001853,25.3274714232022));
#11259=CARTESIAN_POINT('Ctrl Pts',(227.803817516811,152.749871663913,25.7411736179934));
#11260=CARTESIAN_POINT('Ctrl Pts',(228.255728694567,152.057698319297,26.5188217429289));
#11261=CARTESIAN_POINT('Ctrl Pts',(228.883094458715,150.516512194163,28.2503251440779));
#11262=CARTESIAN_POINT('Ctrl Pts',(228.886074252169,148.080459216067,30.9872003002739));
#11263=CARTESIAN_POINT('Ctrl Pts',(227.446016166303,145.534364582344,33.8477058849298));
#11264=CARTESIAN_POINT('Ctrl Pts',(224.941258052506,144.02695831,35.5412580425259));
#11265=CARTESIAN_POINT('Ctrl Pts',(222.993280819176,143.972108634614,35.6028809691366));
#11266=CARTESIAN_POINT('Ctrl Pts',(222.075067489743,144.186377305056,35.3621527886928));
#11267=CARTESIAN_POINT('',(222.266472150137,154.925417425839,23.2968490851183));
#11268=CARTESIAN_POINT('',(222.086080792296,154.901139898078,23.3242505718435));
#11269=CARTESIAN_POINT('Ctrl Pts',(222.266468255845,154.925402485245,23.2968634160826));
#11270=CARTESIAN_POINT('Ctrl Pts',(222.216825566358,154.919255613533,23.303834497342));
#11271=CARTESIAN_POINT('Ctrl Pts',(222.1672395548,154.91267952192,23.3112676799625));
#11272=CARTESIAN_POINT('Ctrl Pts',(222.117705114693,154.90567274594,23.3191535218635));
#11273=CARTESIAN_POINT('Ctrl Pts',(222.107157822733,154.904180803933,23.3208326420213));
#11274=CARTESIAN_POINT('Ctrl Pts',(222.09661638485,154.90266982662,23.3225317273726));
#11275=CARTESIAN_POINT('Ctrl Pts',(222.086080803757,154.901139837401,23.3242506400141));
#11276=CARTESIAN_POINT('',(222.075067489741,154.898581834594,23.3271245242827));
#11277=CARTESIAN_POINT('Origin',(223.324934894443,149.542479569825,29.3446386564874));
#11278=CARTESIAN_POINT('',(222.643189037332,150.596576623888,21.6649669893586));
#11279=CARTESIAN_POINT('Origin',(222.07506748974,153.031168562419,21.6649669893586));
#11280=CARTESIAN_POINT('',(222.643189037334,144.753555971412,33.6999952537688));
#11281=CARTESIAN_POINT('Origin',(223.324934894443,147.67506629765,27.6824811215634));
#11282=CARTESIAN_POINT('',(222.075067489743,144.186377305056,35.3621527886928));
#11283=CARTESIAN_POINT('Origin',(222.075067489743,142.318964032881,33.6999952537688));
#11284=CARTESIAN_POINT('',(224.563788996589,154.901139898078,23.3242505718435));
#11285=CARTESIAN_POINT('Origin',(223.324934894443,149.542479569825,29.3446386564874));
#11286=CARTESIAN_POINT('',(224.383397640916,154.925417425704,23.2968490854229));
#11287=CARTESIAN_POINT('Ctrl Pts',(224.563805739977,154.901091991151,23.3243043946795));
#11288=CARTESIAN_POINT('Ctrl Pts',(224.553267531715,154.902621412529,23.3225886556238));
#11289=CARTESIAN_POINT('Ctrl Pts',(224.542723538445,154.904131978369,23.3208925034723));
#11290=CARTESIAN_POINT('Ctrl Pts',(224.532173753649,154.905623650163,23.319216090839));
#11291=CARTESIAN_POINT('Ctrl Pts',(224.482623626049,154.912629719871,23.3113423321328));
#11292=CARTESIAN_POINT('Ctrl Pts',(224.433027287686,154.91920756187,23.3039169632525));
#11293=CARTESIAN_POINT('Ctrl Pts',(224.383378535365,154.925357516525,23.2969505649458));
#11294=CARTESIAN_POINT('Ctrl Pts',(224.383378535365,154.925357516525,23.2969505649458));
#11295=CARTESIAN_POINT('Ctrl Pts',(224.283811978652,154.937690753118,23.282980016651));
#11296=CARTESIAN_POINT('Ctrl Pts',(224.183990746182,154.948304993435,23.2708543448141));
#11297=CARTESIAN_POINT('Ctrl Pts',(224.08392269103,154.957185722754,23.2606634573524));
#11298=CARTESIAN_POINT('Ctrl Pts',(223.976536948901,154.96671587408,23.2497273398134));
#11299=CARTESIAN_POINT('Ctrl Pts',(223.868866635791,154.974250902564,23.2410185528825));
#11300=CARTESIAN_POINT('Ctrl Pts',(223.76086173777,154.979762249346,23.2346328140381));
#11301=CARTESIAN_POINT('Ctrl Pts',(223.665894157165,154.984608319102,23.2290179004598));
#11302=CARTESIAN_POINT('Ctrl Pts',(223.570666333923,154.987890159962,23.2251983029078));
#11303=CARTESIAN_POINT('Ctrl Pts',(223.475116330815,154.989570345171,23.2232389174996));
#11304=CARTESIAN_POINT('Ctrl Pts',(223.417315179173,154.990586741161,23.2220536246747));
#11305=CARTESIAN_POINT('Ctrl Pts',(223.359395675399,154.99101662998,23.2215491228779));
#11306=CARTESIAN_POINT('Ctrl Pts',(223.301340973033,154.99085264332,23.2217352195458));
#11307=CARTESIAN_POINT('Ctrl Pts',(223.189992724153,154.9905381188,23.2220921508062));
#11308=CARTESIAN_POINT('Ctrl Pts',(223.079153705222,154.988045345068,23.2249847029899));
#11309=CARTESIAN_POINT('Ctrl Pts',(222.968709420495,154.983441563679,23.2303167884569));
#11310=CARTESIAN_POINT('Ctrl Pts',(222.86367559626,154.979063312994,23.2353876649549));
#11311=CARTESIAN_POINT('Ctrl Pts',(222.758997305441,154.972774674592,23.2426657805783));
#11312=CARTESIAN_POINT('Ctrl Pts',(222.654610520623,154.96460381937,23.2520709346404));
#11313=CARTESIAN_POINT('Ctrl Pts',(222.557497778932,154.957002338455,23.2608207040541));
#11314=CARTESIAN_POINT('Ctrl Pts',(222.460636855576,154.947771011614,23.2714118902348));
#11315=CARTESIAN_POINT('Ctrl Pts',(222.364019463774,154.936919670847,23.2837729159505));
#11316=CARTESIAN_POINT('Ctrl Pts',(222.331474015684,154.933264410226,23.287936712067));
#11317=CARTESIAN_POINT('Ctrl Pts',(222.298956610862,154.929425267905,23.2923012345178));
#11318=CARTESIAN_POINT('Ctrl Pts',(222.266468255845,154.925402485245,23.2968634160826));
#11319=CARTESIAN_POINT('Origin',(215.075067489743,148.925417427118,18.0053464600866));
#11320=CARTESIAN_POINT('',(215.075067489743,154.901139898078,23.3242505718435));
#11321=CARTESIAN_POINT('',(215.075067489743,156.925417427118,18.0053464600866));
#11322=CARTESIAN_POINT('',(215.075067489743,154.901139898078,23.3242505718435));
#11323=CARTESIAN_POINT('',(215.075067489743,154.901139898078,23.3242505718435));
#11324=CARTESIAN_POINT('Ctrl Pts',(387.356885671561,150.59655974569,21.6650017538398));
#11325=CARTESIAN_POINT('Ctrl Pts',(387.601864862547,150.539386498667,21.7827630428744));
#11326=CARTESIAN_POINT('Ctrl Pts',(388.082236943099,150.361569316473,21.9812576916689));
#11327=CARTESIAN_POINT('Ctrl Pts',(388.715431486157,149.918483254644,22.2346310728326));
#11328=CARTESIAN_POINT('Ctrl Pts',(389.212214317132,149.334363791388,22.5466179956783));
#11329=CARTESIAN_POINT('Ctrl Pts',(389.532551014591,148.673060384396,23.0719758377639));
#11330=CARTESIAN_POINT('Ctrl Pts',(389.670625527052,148.046879953812,23.9103660871512));
#11331=CARTESIAN_POINT('Ctrl Pts',(389.681603003036,147.603419610265,24.7865120111061));
#11332=CARTESIAN_POINT('Ctrl Pts',(389.652499966732,147.285767751675,25.5377497746635));
#11333=CARTESIAN_POINT('Ctrl Pts',(389.614404158505,147.062985340924,26.1196377168677));
#11334=CARTESIAN_POINT('Ctrl Pts',(389.562429681049,146.852548070049,26.7129336641512));
#11335=CARTESIAN_POINT('Ctrl Pts',(389.4326896654,146.452415303881,27.9152786987323));
#11336=CARTESIAN_POINT('Ctrl Pts',(389.14702909392,145.912945151421,29.7407962098839));
#11337=CARTESIAN_POINT('Ctrl Pts',(388.641851687831,145.366788154625,31.7137923840942));
#11338=CARTESIAN_POINT('Ctrl Pts',(388.028138892712,144.974888725848,33.0825402885976));
#11339=CARTESIAN_POINT('Ctrl Pts',(387.601864862547,144.810746096633,33.5821992002524));
#11340=CARTESIAN_POINT('Ctrl Pts',(387.356885671561,144.75357284961,33.6999604892869));
#11341=CARTESIAN_POINT('Ctrl Pts',(387.220053997908,150.628493523604,22.2152863996257));
#11342=CARTESIAN_POINT('Ctrl Pts',(387.481173892329,150.579611962989,22.3381624490628));
#11343=CARTESIAN_POINT('Ctrl Pts',(387.987828399569,150.41220515505,22.5472965326228));
#11344=CARTESIAN_POINT('Ctrl Pts',(388.632438500645,149.990733238995,22.8163247284967));
#11345=CARTESIAN_POINT('Ctrl Pts',(389.111964396851,149.469533225416,23.1362389654826));
#11346=CARTESIAN_POINT('Ctrl Pts',(389.421321179837,148.95145172546,23.622874462193));
#11347=CARTESIAN_POINT('Ctrl Pts',(389.612831017951,148.458198337171,24.3599709837921));
#11348=CARTESIAN_POINT('Ctrl Pts',(389.690791922872,148.047945450752,25.1621391062438));
#11349=CARTESIAN_POINT('Ctrl Pts',(389.709655277888,147.730741737226,25.8696259693597));
#11350=CARTESIAN_POINT('Ctrl Pts',(389.704424604335,147.497716567797,26.4247405156732));
#11351=CARTESIAN_POINT('Ctrl Pts',(389.681119653119,147.270133908488,26.9963694299717));
#11352=CARTESIAN_POINT('Ctrl Pts',(389.600356375092,146.824821560455,28.1634147176987));
#11353=CARTESIAN_POINT('Ctrl Pts',(389.355953074117,146.191008589437,29.9573150232593));
#11354=CARTESIAN_POINT('Ctrl Pts',(388.838891760057,145.523058180183,31.908678443523));
#11355=CARTESIAN_POINT('Ctrl Pts',(388.164161947138,145.036508181492,33.2645506325311));
#11356=CARTESIAN_POINT('Ctrl Pts',(387.680845032383,144.833018959962,33.7588461349911));
#11357=CARTESIAN_POINT('Ctrl Pts',(387.400266430986,144.763697051852,33.8744213081652));
#11358=CARTESIAN_POINT('Ctrl Pts',(387.038497519284,151.084716803229,23.3138004458968));
#11359=CARTESIAN_POINT('Ctrl Pts',(387.365796160415,151.046866059864,23.4469218920781));
#11360=CARTESIAN_POINT('Ctrl Pts',(387.993364424153,150.885715420514,23.6775017175073));
#11361=CARTESIAN_POINT('Ctrl Pts',(388.766529181482,150.466234332286,23.9781033441747));
#11362=CARTESIAN_POINT('Ctrl Pts',(389.310891682573,150.001300855236,24.3141713798667));
#11363=CARTESIAN_POINT('Ctrl Pts',(389.664025938658,149.668052447711,24.7235239539364));
#11364=CARTESIAN_POINT('Ctrl Pts',(389.962602831049,149.333683696216,25.2578624143317));
#11365=CARTESIAN_POINT('Ctrl Pts',(390.136089660874,148.922976547092,25.9121046807749));
#11366=CARTESIAN_POINT('Ctrl Pts',(390.211341487299,148.566967311878,26.5320224492027));
#11367=CARTESIAN_POINT('Ctrl Pts',(390.239415014173,148.290093305482,27.0335833198239));
#11368=CARTESIAN_POINT('Ctrl Pts',(390.239870125051,148.010417625856,27.561850033624));
#11369=CARTESIAN_POINT('Ctrl Pts',(390.189215564373,147.449299695812,28.6582681506779));
#11370=CARTESIAN_POINT('Ctrl Pts',(389.930041038791,146.621799162946,30.3894954189761));
#11371=CARTESIAN_POINT('Ctrl Pts',(389.304769428463,145.741695125538,32.2981059662422));
#11372=CARTESIAN_POINT('Ctrl Pts',(388.462339811774,145.101266113214,33.6283645456766));
#11373=CARTESIAN_POINT('Ctrl Pts',(387.852005267119,144.835426592102,34.1121325134055));
#11374=CARTESIAN_POINT('Ctrl Pts',(387.495904745196,144.745901207818,34.2233354253466));
#11375=CARTESIAN_POINT('Ctrl Pts',(387.161494672179,152.637992742193,24.2272513638119));
#11376=CARTESIAN_POINT('Ctrl Pts',(387.64417258748,152.591198689392,24.3651173206751));
#11377=CARTESIAN_POINT('Ctrl Pts',(388.576120852709,152.383453702804,24.5973474961869));
#11378=CARTESIAN_POINT('Ctrl Pts',(389.759965350159,151.822709061221,24.879100752703));
#11379=CARTESIAN_POINT('Ctrl Pts',(390.637550299314,151.17231094773,25.1751449207553));
#11380=CARTESIAN_POINT('Ctrl Pts',(391.209699345528,150.65595135223,25.5056621218064));
#11381=CARTESIAN_POINT('Ctrl Pts',(391.595829921061,150.145747214168,25.9289962384222));
#11382=CARTESIAN_POINT('Ctrl Pts',(391.755668417511,149.590593042889,26.5154244446116));
#11383=CARTESIAN_POINT('Ctrl Pts',(391.789098670983,149.130391640112,27.0992753988536));
#11384=CARTESIAN_POINT('Ctrl Pts',(391.773800481126,148.78064206317,27.5808488846755));
#11385=CARTESIAN_POINT('Ctrl Pts',(391.721820381261,148.43368924834,28.0947552974742));
#11386=CARTESIAN_POINT('Ctrl Pts',(391.551452980717,147.748208200258,29.1711618052574));
#11387=CARTESIAN_POINT('Ctrl Pts',(391.068808543777,146.768006066291,30.8942061352642));
#11388=CARTESIAN_POINT('Ctrl Pts',(390.129942156303,145.752947420926,32.803698260999));
#11389=CARTESIAN_POINT('Ctrl Pts',(388.958545305128,145.019453431093,34.133588133043));
#11390=CARTESIAN_POINT('Ctrl Pts',(388.13553469605,144.712714495317,34.6143667707022));
#11391=CARTESIAN_POINT('Ctrl Pts',(387.659316906733,144.606374333083,34.7223804625533));
#11392=CARTESIAN_POINT('Ctrl Pts',(387.548512191212,154.078240677219,24.0331532489797));
#11393=CARTESIAN_POINT('Ctrl Pts',(388.149742497966,154.003146537032,24.1626686684958));
#11394=CARTESIAN_POINT('Ctrl Pts',(389.321872899825,153.715124779602,24.3632519488708));
#11395=CARTESIAN_POINT('Ctrl Pts',(390.852891792625,152.940780932114,24.5625824504));
#11396=CARTESIAN_POINT('Ctrl Pts',(392.038212929467,151.957647930973,24.7675740133081));
#11397=CARTESIAN_POINT('Ctrl Pts',(392.807938966282,150.973220207996,25.0888611902576));
#11398=CARTESIAN_POINT('Ctrl Pts',(393.196631539823,150.063856104283,25.6418619504924));
#11399=CARTESIAN_POINT('Ctrl Pts',(393.272429785396,149.349772394466,26.3474371727989));
#11400=CARTESIAN_POINT('Ctrl Pts',(393.227704566758,148.820240798853,27.0108832865725));
#11401=CARTESIAN_POINT('Ctrl Pts',(393.149706215096,148.441268120463,27.5459981934437));
#11402=CARTESIAN_POINT('Ctrl Pts',(393.033467827792,148.079809542113,28.1076883456251));
#11403=CARTESIAN_POINT('Ctrl Pts',(392.731838520848,147.387760126254,29.2705132072189));
#11404=CARTESIAN_POINT('Ctrl Pts',(392.043430887992,146.449100938399,31.0976113129626));
#11405=CARTESIAN_POINT('Ctrl Pts',(390.835522423132,145.498577379748,33.1010804662935));
#11406=CARTESIAN_POINT('Ctrl Pts',(389.384883110969,144.807611252769,34.4887802250637));
#11407=CARTESIAN_POINT('Ctrl Pts',(388.382357323081,144.510567006099,34.9878918657991));
#11408=CARTESIAN_POINT('Ctrl Pts',(387.805793633385,144.401436510972,35.0986142884844));
#11409=CARTESIAN_POINT('Ctrl Pts',(387.831014512215,154.720406056149,23.5273027904564));
#11410=CARTESIAN_POINT('Ctrl Pts',(388.474102817594,154.623132537162,23.64810085528));
#11411=CARTESIAN_POINT('Ctrl Pts',(389.733644982463,154.278198021849,23.8217312280121));
#11412=CARTESIAN_POINT('Ctrl Pts',(391.391269185807,153.362872845393,23.9613437131117));
#11413=CARTESIAN_POINT('Ctrl Pts',(392.68895272435,152.161121223026,24.1105046683251));
#11414=CARTESIAN_POINT('Ctrl Pts',(393.527208266306,150.861141794683,24.4564287671474));
#11415=CARTESIAN_POINT('Ctrl Pts',(393.901123331764,149.69370571471,25.1535289411413));
#11416=CARTESIAN_POINT('Ctrl Pts',(393.939787564077,148.897641898584,25.980232475526));
#11417=CARTESIAN_POINT('Ctrl Pts',(393.867938564457,148.343993003904,26.7233691362851));
#11418=CARTESIAN_POINT('Ctrl Pts',(393.7701654441,147.963125604086,27.3115466438543));
#11419=CARTESIAN_POINT('Ctrl Pts',(393.634958702098,147.609872185308,27.9204877516133));
#11420=CARTESIAN_POINT('Ctrl Pts',(393.295555893022,146.949469844974,29.1688093037729));
#11421=CARTESIAN_POINT('Ctrl Pts',(392.545268571124,146.091548534396,31.1000777272409));
#11422=CARTESIAN_POINT('Ctrl Pts',(391.226873545667,145.24275279779,33.2050394624124));
#11423=CARTESIAN_POINT('Ctrl Pts',(389.633682533588,144.623091969689,34.6603365559369));
#11424=CARTESIAN_POINT('Ctrl Pts',(388.529645274131,144.34912355232,35.1829672637341));
#11425=CARTESIAN_POINT('Ctrl Pts',(387.895249177342,144.242886825543,35.2986650468004));
#11426=CARTESIAN_POINT('Ctrl Pts',(387.925067489743,154.898550891232,23.3271592887639));
#11427=CARTESIAN_POINT('Ctrl Pts',(388.578345332372,154.79373327169,23.4449205777986));
#11428=CARTESIAN_POINT('Ctrl Pts',(389.859337547177,154.429864787785,23.6097074057587));
#11429=CARTESIAN_POINT('Ctrl Pts',(391.547856328665,153.468717827941,23.7306160211974));
#11430=CARTESIAN_POINT('Ctrl Pts',(392.8726105446,152.196665597594,23.863547510499));
#11431=CARTESIAN_POINT('Ctrl Pts',(393.726841737823,150.795388198338,24.2207790371275));
#11432=CARTESIAN_POINT('Ctrl Pts',(394.095040437721,149.545498017228,24.9684760461908));
#11433=CARTESIAN_POINT('Ctrl Pts',(394.12431370701,148.724075975192,25.837135093848));
#11434=CARTESIAN_POINT('Ctrl Pts',(394.0467056102,148.163602418372,26.6078552132294));
#11435=CARTESIAN_POINT('Ctrl Pts',(393.945116788262,147.782937937651,27.2144607763394));
#11436=CARTESIAN_POINT('Ctrl Pts',(393.806518181712,147.433221514218,27.8398756735041));
#11437=CARTESIAN_POINT('Ctrl Pts',(393.460544806648,146.785015566634,29.1182080134257));
#11438=CARTESIAN_POINT('Ctrl Pts',(392.698783282702,145.957246242373,31.0872600841673));
#11439=CARTESIAN_POINT('Ctrl Pts',(391.351643533133,145.147400500629,33.2306560889932));
#11440=CARTESIAN_POINT('Ctrl Pts',(389.71507607948,144.555681118344,34.7122338201105));
#11441=CARTESIAN_POINT('Ctrl Pts',(388.578345332376,144.291225867961,35.2443567351752));
#11442=CARTESIAN_POINT('Ctrl Pts',(387.925067489743,144.186408248418,35.3621180242109));
#11443=CARTESIAN_POINT('Ctrl Pts',(387.925067489743,144.186408248418,35.3621180242109));
#11444=CARTESIAN_POINT('Ctrl Pts',(388.578345332376,144.291225867961,35.2443567351752));
#11445=CARTESIAN_POINT('Ctrl Pts',(389.71507607948,144.555681118344,34.7122338201105));
#11446=CARTESIAN_POINT('Ctrl Pts',(391.351643533133,145.147400500629,33.2306560889932));
#11447=CARTESIAN_POINT('Ctrl Pts',(392.698783282702,145.957246242373,31.0872600841673));
#11448=CARTESIAN_POINT('Ctrl Pts',(393.460544806648,146.785015566634,29.1182080134257));
#11449=CARTESIAN_POINT('Ctrl Pts',(393.806518181712,147.433221514218,27.8398756735041));
#11450=CARTESIAN_POINT('Ctrl Pts',(393.945116788262,147.782937937651,27.2144607763394));
#11451=CARTESIAN_POINT('Ctrl Pts',(394.0467056102,148.163602418372,26.6078552132294));
#11452=CARTESIAN_POINT('Ctrl Pts',(394.12431370701,148.724075975192,25.837135093848));
#11453=CARTESIAN_POINT('Ctrl Pts',(394.095040437721,149.545498017228,24.9684760461908));
#11454=CARTESIAN_POINT('Ctrl Pts',(393.726841737823,150.795388198338,24.2207790371275));
#11455=CARTESIAN_POINT('Ctrl Pts',(392.8726105446,152.196665597594,23.863547510499));
#11456=CARTESIAN_POINT('Ctrl Pts',(391.547856328665,153.468717827941,23.7306160211974));
#11457=CARTESIAN_POINT('Ctrl Pts',(389.859337547177,154.429864787785,23.6097074057587));
#11458=CARTESIAN_POINT('Ctrl Pts',(388.578345332372,154.79373327169,23.4449205777986));
#11459=CARTESIAN_POINT('Ctrl Pts',(387.925067489743,154.898550891232,23.3271592887639));
#11460=CARTESIAN_POINT('Ctrl Pts',(387.356885671561,150.59655974569,21.6650017538398));
#11461=CARTESIAN_POINT('Ctrl Pts',(387.601864862547,150.539386498667,21.7827630428744));
#11462=CARTESIAN_POINT('Ctrl Pts',(388.082236943099,150.361569316473,21.9812576916689));
#11463=CARTESIAN_POINT('Ctrl Pts',(388.715431486157,149.918483254644,22.2346310728326));
#11464=CARTESIAN_POINT('Ctrl Pts',(389.212214317132,149.334363791388,22.5466179956783));
#11465=CARTESIAN_POINT('Ctrl Pts',(389.532551014591,148.673060384396,23.0719758377639));
#11466=CARTESIAN_POINT('Ctrl Pts',(389.670625527052,148.046879953812,23.9103660871512));
#11467=CARTESIAN_POINT('Ctrl Pts',(389.681603003036,147.603419610265,24.7865120111061));
#11468=CARTESIAN_POINT('Ctrl Pts',(389.652499966732,147.285767751675,25.5377497746635));
#11469=CARTESIAN_POINT('Ctrl Pts',(389.614404158505,147.062985340924,26.1196377168677));
#11470=CARTESIAN_POINT('Ctrl Pts',(389.562429681049,146.852548070049,26.7129336641512));
#11471=CARTESIAN_POINT('Ctrl Pts',(389.4326896654,146.452415303881,27.9152786987323));
#11472=CARTESIAN_POINT('Ctrl Pts',(389.14702909392,145.912945151421,29.7407962098839));
#11473=CARTESIAN_POINT('Ctrl Pts',(388.641851687831,145.366788154625,31.7137923840942));
#11474=CARTESIAN_POINT('Ctrl Pts',(388.028138892712,144.974888725848,33.0825402885976));
#11475=CARTESIAN_POINT('Ctrl Pts',(387.601864862547,144.810746096633,33.5821992002524));
#11476=CARTESIAN_POINT('Ctrl Pts',(387.356885671561,144.75357284961,33.6999604892869));
#11477=CARTESIAN_POINT('Origin',(387.925067489743,92.5360150826457,81.3581371165371));
#11478=CARTESIAN_POINT('',(387.925067489743,89.4401078618397,96.8689041117569));
#11479=CARTESIAN_POINT('',(387.925067489743,98.5117375536056,86.677041228294));
#11480=CARTESIAN_POINT('Origin',(387.925067489743,83.4643853908798,91.55));
#11481=CARTESIAN_POINT('',(387.925067489743,98.5117375536056,86.677041228294));
#11482=CARTESIAN_POINT('Origin',(214.075067489743,87.0537032031074,99.55));
#11483=CARTESIAN_POINT('',(222.075067489743,89.4401078618397,96.8689041117569));
#11484=CARTESIAN_POINT('',(222.075067489743,98.5117375536056,86.677041228294));
#11485=CARTESIAN_POINT('',(259.537567489743,89.4401078618397,96.8689041117569));
#11486=CARTESIAN_POINT('Origin',(386.675067489743,147.67506629765,18.05));
#11487=CARTESIAN_POINT('',(383.675067489743,147.67506629765,18.05));
#11488=CARTESIAN_POINT('Origin',(386.675067489743,147.67506629765,18.05));
#11489=CARTESIAN_POINT('',(383.675067489743,147.67506629765,18.05));
#11490=CARTESIAN_POINT('Ctrl Pts',(222.643189037334,144.753555971412,33.6999952537688));
#11491=CARTESIAN_POINT('Ctrl Pts',(222.398213205028,144.810722039684,33.5822487510032));
#11492=CARTESIAN_POINT('Ctrl Pts',(221.972367616744,144.97458894251,33.0829548599919));
#11493=CARTESIAN_POINT('Ctrl Pts',(221.358810633307,145.367104843865,31.7129638910612));
#11494=CARTESIAN_POINT('Ctrl Pts',(220.851085708365,145.911491332178,29.7435560379679));
#11495=CARTESIAN_POINT('Ctrl Pts',(220.473934352889,146.633093049199,27.3088954112));
#11496=CARTESIAN_POINT('Ctrl Pts',(220.328724348096,147.267212436913,25.512995057341));
#11497=CARTESIAN_POINT('Ctrl Pts',(220.322567799627,147.780393147477,24.4358691566153));
#11498=CARTESIAN_POINT('Ctrl Pts',(220.341150928877,148.012392289329,24.0202072982272));
#11499=CARTESIAN_POINT('Ctrl Pts',(220.367662229637,148.184398338104,23.7520087607075));
#11500=CARTESIAN_POINT('Ctrl Pts',(220.387264459011,148.285243339582,23.6064429803804));
#11501=CARTESIAN_POINT('Ctrl Pts',(220.409914903982,148.387678631623,23.4661496703524));
#11502=CARTESIAN_POINT('Ctrl Pts',(220.444365945239,148.518463462229,23.3014711797379));
#11503=CARTESIAN_POINT('Ctrl Pts',(220.547586447467,148.838984577337,22.9413934970325));
#11504=CARTESIAN_POINT('Ctrl Pts',(220.787960151274,149.333857599695,22.5459281771395));
#11505=CARTESIAN_POINT('Ctrl Pts',(221.449871570606,150.114599190622,22.1322976627599));
#11506=CARTESIAN_POINT('Ctrl Pts',(222.15323737272,150.482244487344,21.9004599948897));
#11507=CARTESIAN_POINT('Ctrl Pts',(222.643189037332,150.596576623888,21.6649669893586));
#11508=CARTESIAN_POINT('Ctrl Pts',(222.599812698648,144.763678009637,33.8744557924477));
#11509=CARTESIAN_POINT('Ctrl Pts',(222.319237605813,144.832991264098,33.7588951297321));
#11510=CARTESIAN_POINT('Ctrl Pts',(221.836441407518,145.036273184666,33.2649075106518));
#11511=CARTESIAN_POINT('Ctrl Pts',(221.161599872183,145.523333013708,31.9078590131897));
#11512=CARTESIAN_POINT('Ctrl Pts',(220.642065947735,146.190210939795,29.959854935372));
#11513=CARTESIAN_POINT('Ctrl Pts',(220.319389855363,147.03587837621,27.5674875692605));
#11514=CARTESIAN_POINT('Ctrl Pts',(220.268482580253,147.726147834935,25.837654835255));
#11515=CARTESIAN_POINT('Ctrl Pts',(220.339511827967,148.212462212692,24.8408228256988));
#11516=CARTESIAN_POINT('Ctrl Pts',(220.388798253895,148.417294204552,24.4638741244736));
#11517=CARTESIAN_POINT('Ctrl Pts',(220.434072851178,148.561415089413,24.2237766670383));
#11518=CARTESIAN_POINT('Ctrl Pts',(220.463139026908,148.643926999711,24.094006709422));
#11519=CARTESIAN_POINT('Ctrl Pts',(220.494355918009,148.726562558441,23.9692140880017));
#11520=CARTESIAN_POINT('Ctrl Pts',(220.537502965287,148.830268445367,23.8228340533275));
#11521=CARTESIAN_POINT('Ctrl Pts',(220.654942444724,149.08044514864,23.5020240137072));
#11522=CARTESIAN_POINT('Ctrl Pts',(220.887852242953,149.469171661956,23.1355468346273));
#11523=CARTESIAN_POINT('Ctrl Pts',(221.525517711713,150.164692712778,22.7110850154011));
#11524=CARTESIAN_POINT('Ctrl Pts',(222.257775118295,150.530753036033,22.4609783576041));
#11525=CARTESIAN_POINT('Ctrl Pts',(222.780008226369,150.628503916583,22.2152566206278));
#11526=CARTESIAN_POINT('Ctrl Pts',(222.504184340956,144.74587835609,34.2233693448627));
#11527=CARTESIAN_POINT('Ctrl Pts',(222.148087983052,144.835392603643,34.112180391753));
#11528=CARTESIAN_POINT('Ctrl Pts',(221.538447366032,145.101257138701,33.6286528782033));
#11529=CARTESIAN_POINT('Ctrl Pts',(220.695833450481,145.741770783984,32.2972067443805));
#11530=CARTESIAN_POINT('Ctrl Pts',(220.067874116352,146.622591510158,30.3916255186044));
#11531=CARTESIAN_POINT('Ctrl Pts',(219.725261651985,147.723485180888,28.0833733708882));
#11532=CARTESIAN_POINT('Ctrl Pts',(219.757926211169,148.582623045767,26.4850045419831));
#11533=CARTESIAN_POINT('Ctrl Pts',(219.932666673512,149.088858980863,25.6489464290569));
#11534=CARTESIAN_POINT('Ctrl Pts',(220.029101072348,149.275914901592,25.3495019632863));
#11535=CARTESIAN_POINT('Ctrl Pts',(220.106779809108,149.392522210004,25.1656671533355));
#11536=CARTESIAN_POINT('Ctrl Pts',(220.153519957702,149.455114637334,25.0675315612405));
#11537=CARTESIAN_POINT('Ctrl Pts',(220.201757529288,149.515229760197,24.9737806155669));
#11538=CARTESIAN_POINT('Ctrl Pts',(220.264455467626,149.586561492595,24.8640346072704));
#11539=CARTESIAN_POINT('Ctrl Pts',(220.423011256001,149.748964679333,24.6218370770672));
#11540=CARTESIAN_POINT('Ctrl Pts',(220.689349539486,150.00121228096,24.3132010675655));
#11541=CARTESIAN_POINT('Ctrl Pts',(221.412418557897,150.619975263931,23.8668691424117));
#11542=CARTESIAN_POINT('Ctrl Pts',(222.306962141153,151.009012610187,23.5799907334277));
#11543=CARTESIAN_POINT('Ctrl Pts',(222.961552060261,151.084704601081,23.3137797839331));
#11544=CARTESIAN_POINT('Ctrl Pts',(222.340789515815,144.606346984845,34.7224139718044));
#11545=CARTESIAN_POINT('Ctrl Pts',(221.864577615455,144.712673891137,34.6144138389225));
#11546=CARTESIAN_POINT('Ctrl Pts',(221.042436926875,145.019416527515,34.1337964469342));
#11547=CARTESIAN_POINT('Ctrl Pts',(219.871034638928,145.753045516164,32.8028450332923));
#11548=CARTESIAN_POINT('Ctrl Pts',(218.927816191852,146.768984738736,30.8960558783117));
#11549=CARTESIAN_POINT('Ctrl Pts',(218.290040028293,148.073001134463,28.5990282311263));
#11550=CARTESIAN_POINT('Ctrl Pts',(218.164906613523,149.141090600067,27.0437287513076));
#11551=CARTESIAN_POINT('Ctrl Pts',(218.307133310612,149.814717058179,26.2792288231639));
#11552=CARTESIAN_POINT('Ctrl Pts',(218.40777991014,150.074070436128,26.0171588221378));
#11553=CARTESIAN_POINT('Ctrl Pts',(218.499489203588,150.241965965718,25.8623269801325));
#11554=CARTESIAN_POINT('Ctrl Pts',(218.557790719127,150.333923073367,25.781175864276));
#11555=CARTESIAN_POINT('Ctrl Pts',(218.619984239045,150.423434998261,25.7045830746371));
#11556=CARTESIAN_POINT('Ctrl Pts',(218.704842144749,150.531608173542,25.6162101815551));
#11557=CARTESIAN_POINT('Ctrl Pts',(218.93196284562,150.782587334592,25.423875601127));
#11558=CARTESIAN_POINT('Ctrl Pts',(219.362358219129,151.172379628273,25.1741648933737));
#11559=CARTESIAN_POINT('Ctrl Pts',(220.530009388695,152.038586967618,24.7812103801375));
#11560=CARTESIAN_POINT('Ctrl Pts',(221.873222547258,152.544414052602,24.5029342907877));
#11561=CARTESIAN_POINT('Ctrl Pts',(222.838567547049,152.637990244648,24.22723507576));
#11562=CARTESIAN_POINT('Ctrl Pts',(222.194328513836,144.401406729687,35.0986481463794));
#11563=CARTESIAN_POINT('Ctrl Pts',(221.617772444089,144.510523571958,34.9879396266488));
#11564=CARTESIAN_POINT('Ctrl Pts',(220.616260129999,144.807308363723,34.4890703065273));
#11565=CARTESIAN_POINT('Ctrl Pts',(219.165986992355,145.498878978875,33.1002150324475));
#11566=CARTESIAN_POINT('Ctrl Pts',(217.952130792706,146.448218913802,31.0997739605958));
#11567=CARTESIAN_POINT('Ctrl Pts',(217.042917943067,147.700998298275,28.6642433753645));
#11568=CARTESIAN_POINT('Ctrl Pts',(216.720824022165,148.800650955341,26.9624009434507));
#11569=CARTESIAN_POINT('Ctrl Pts',(216.757239851442,149.635835524749,26.0639725548793));
#11570=CARTESIAN_POINT('Ctrl Pts',(216.826600948977,149.997930215586,25.7431118632945));
#11571=CARTESIAN_POINT('Ctrl Pts',(216.907364391329,150.258058289337,25.5490337483047));
#11572=CARTESIAN_POINT('Ctrl Pts',(216.963594320978,150.408436846982,25.4470035990941));
#11573=CARTESIAN_POINT('Ctrl Pts',(217.026643985825,150.559954242396,25.3507599214428));
#11574=CARTESIAN_POINT('Ctrl Pts',(217.118811936414,150.751720348476,25.2410445580292));
#11575=CARTESIAN_POINT('Ctrl Pts',(217.384355550041,151.218754401631,25.0095195941336));
#11576=CARTESIAN_POINT('Ctrl Pts',(217.962090023755,151.956984370035,24.7664924609428));
#11577=CARTESIAN_POINT('Ctrl Pts',(219.541259039207,153.269824286604,24.4959493197876));
#11578=CARTESIAN_POINT('Ctrl Pts',(221.249141655935,153.928085486824,24.2921282592356));
#11579=CARTESIAN_POINT('Ctrl Pts',(222.451587326218,154.078254732788,24.0331288437884));
#11580=CARTESIAN_POINT('Ctrl Pts',(222.104882591244,144.242856117761,35.2986995466101));
#11581=CARTESIAN_POINT('Ctrl Pts',(221.470495125685,144.349079518364,35.1830162913931));
#11582=CARTESIAN_POINT('Ctrl Pts',(220.367560556203,144.622549137665,34.660661815238));
#11583=CARTESIAN_POINT('Ctrl Pts',(218.774724203825,145.243285293198,33.2042195403008));
#11584=CARTESIAN_POINT('Ctrl Pts',(217.449700377134,146.089266372903,31.102607189349));
#11585=CARTESIAN_POINT('Ctrl Pts',(216.45900583605,147.237256606555,28.5277472063028));
#11586=CARTESIAN_POINT('Ctrl Pts',(216.080946925685,148.303022391143,26.6833493192711));
#11587=CARTESIAN_POINT('Ctrl Pts',(216.074692686015,149.215615848916,25.6491095700683));
#11588=CARTESIAN_POINT('Ctrl Pts',(216.128413017577,149.636493045157,25.2671360059157));
#11589=CARTESIAN_POINT('Ctrl Pts',(216.201422001259,149.953275387063,25.0309267051443));
#11590=CARTESIAN_POINT('Ctrl Pts',(216.254683540741,150.140458443226,24.9059012702163));
#11591=CARTESIAN_POINT('Ctrl Pts',(216.315826137967,150.331575953631,24.7875764081941));
#11592=CARTESIAN_POINT('Ctrl Pts',(216.408034004986,150.577626761462,24.6528202133879));
#11593=CARTESIAN_POINT('Ctrl Pts',(216.68201124904,151.187299008718,24.3711230405896));
#11594=CARTESIAN_POINT('Ctrl Pts',(217.311143900508,152.160080541232,24.1095363483103));
#11595=CARTESIAN_POINT('Ctrl Pts',(219.040022602079,153.766594989186,23.9139586722922));
#11596=CARTESIAN_POINT('Ctrl Pts',(220.882951954296,154.525911798469,23.7688370710144));
#11597=CARTESIAN_POINT('Ctrl Pts',(222.169111342494,154.720434356353,23.5272709955301));
#11598=CARTESIAN_POINT('Ctrl Pts',(222.075067489743,144.186377305056,35.3621527886928));
#11599=CARTESIAN_POINT('Ctrl Pts',(221.421798603593,144.291181763554,35.2444062859271));
#11600=CARTESIAN_POINT('Ctrl Pts',(220.286210368168,144.555085712654,34.7126076230031));
#11601=CARTESIAN_POINT('Ctrl Pts',(218.650058412339,145.147941322139,33.2297921924292));
#11602=CARTESIAN_POINT('Ctrl Pts',(217.296125279161,145.954527938639,31.0899727657962));
#11603=CARTESIAN_POINT('Ctrl Pts',(216.290388331225,147.063381396852,28.4647599377189));
#11604=CARTESIAN_POINT('Ctrl Pts',(215.903161651778,148.115368634208,26.5704473006965));
#11605=CARTESIAN_POINT('Ctrl Pts',(215.886744189193,149.051659464761,25.4892799914075));
#11606=CARTESIAN_POINT('Ctrl Pts',(215.936299200526,149.491030734406,25.0861144973681));
#11607=CARTESIAN_POINT('Ctrl Pts',(216.006996002554,149.825808497321,24.8352132947557));
#11608=CARTESIAN_POINT('Ctrl Pts',(216.059268614219,150.024720201062,24.7021347032853));
#11609=CARTESIAN_POINT('Ctrl Pts',(216.119669800807,150.228477077155,24.5760461264487));
#11610=CARTESIAN_POINT('Ctrl Pts',(216.21153924416,150.49188490246,24.432405373343));
#11611=CARTESIAN_POINT('Ctrl Pts',(216.486793916768,151.147253627079,24.1326280305408));
#11612=CARTESIAN_POINT('Ctrl Pts',(217.127790460252,152.195346498277,23.8625095962317));
#11613=CARTESIAN_POINT('Ctrl Pts',(218.892887578469,153.896349802808,23.6888850567241));
#11614=CARTESIAN_POINT('Ctrl Pts',(220.768529717442,154.688972917597,23.5626175298134));
#11615=CARTESIAN_POINT('Ctrl Pts',(222.075067489739,154.898581834594,23.3271245242827));
#11616=CARTESIAN_POINT('Ctrl Pts',(222.075067489739,154.898581834594,23.3271245242827));
#11617=CARTESIAN_POINT('Ctrl Pts',(220.768529717442,154.688972917597,23.5626175298134));
#11618=CARTESIAN_POINT('Ctrl Pts',(218.892887578469,153.896349802808,23.6888850567241));
#11619=CARTESIAN_POINT('Ctrl Pts',(217.127790460252,152.195346498277,23.8625095962317));
#11620=CARTESIAN_POINT('Ctrl Pts',(216.486793916768,151.147253627079,24.1326280305408));
#11621=CARTESIAN_POINT('Ctrl Pts',(216.21153924416,150.49188490246,24.432405373343));
#11622=CARTESIAN_POINT('Ctrl Pts',(216.119669800807,150.228477077155,24.5760461264487));
#11623=CARTESIAN_POINT('Ctrl Pts',(216.059268614219,150.024720201062,24.7021347032853));
#11624=CARTESIAN_POINT('Ctrl Pts',(216.006996002554,149.825808497321,24.8352132947557));
#11625=CARTESIAN_POINT('Ctrl Pts',(215.936299200526,149.491030734406,25.0861144973681));
#11626=CARTESIAN_POINT('Ctrl Pts',(215.886744189193,149.051659464761,25.4892799914075));
#11627=CARTESIAN_POINT('Ctrl Pts',(215.903161651778,148.115368634208,26.5704473006965));
#11628=CARTESIAN_POINT('Ctrl Pts',(216.290388331225,147.063381396852,28.4647599377189));
#11629=CARTESIAN_POINT('Ctrl Pts',(217.296125279161,145.954527938639,31.0899727657962));
#11630=CARTESIAN_POINT('Ctrl Pts',(218.650058412339,145.147941322139,33.2297921924292));
#11631=CARTESIAN_POINT('Ctrl Pts',(220.286210368168,144.555085712654,34.7126076230031));
#11632=CARTESIAN_POINT('Ctrl Pts',(221.421798603593,144.291181763554,35.2444062859271));
#11633=CARTESIAN_POINT('Ctrl Pts',(222.075067489743,144.186377305056,35.3621527886928));
#11634=CARTESIAN_POINT('',(220.324907946279,147.674933547469,24.6608162827462));
#11635=CARTESIAN_POINT('Ctrl Pts',(222.643189037334,144.753555971412,33.6999952537688));
#11636=CARTESIAN_POINT('Ctrl Pts',(222.398213205028,144.810722039684,33.5822487510032));
#11637=CARTESIAN_POINT('Ctrl Pts',(221.972367616744,144.97458894251,33.0829548599919));
#11638=CARTESIAN_POINT('Ctrl Pts',(221.358810633307,145.367104843865,31.7129638910612));
#11639=CARTESIAN_POINT('Ctrl Pts',(220.851085708365,145.911491332178,29.7435560379679));
#11640=CARTESIAN_POINT('Ctrl Pts',(220.473934352889,146.633093049199,27.3088954112));
#11641=CARTESIAN_POINT('Ctrl Pts',(220.335409081911,147.238020789137,25.5956692218385));
#11642=CARTESIAN_POINT('Ctrl Pts',(220.324962829378,147.624507755144,24.764833850412));
#11643=CARTESIAN_POINT('Ctrl Pts',(220.324907841209,147.675028690837,24.6606200173535));
#11644=CARTESIAN_POINT('Ctrl Pts',(220.324907946279,147.674933547469,24.6608162827462));
#11645=CARTESIAN_POINT('Ctrl Pts',(220.324867876006,147.710702785846,24.5870282169044));
#11646=CARTESIAN_POINT('Ctrl Pts',(220.326918614709,147.83471044527,24.3385514305103));
#11647=CARTESIAN_POINT('Ctrl Pts',(220.341150928877,148.012392289329,24.0202072982272));
#11648=CARTESIAN_POINT('Ctrl Pts',(220.367662229637,148.184398338104,23.7520087607075));
#11649=CARTESIAN_POINT('Ctrl Pts',(220.387264459011,148.285243339582,23.6064429803804));
#11650=CARTESIAN_POINT('Ctrl Pts',(220.409914903982,148.387678631623,23.4661496703524));
#11651=CARTESIAN_POINT('Ctrl Pts',(220.444365945239,148.518463462229,23.3014711797379));
#11652=CARTESIAN_POINT('Ctrl Pts',(220.547586447467,148.838984577337,22.9413934970325));
#11653=CARTESIAN_POINT('Ctrl Pts',(220.787960151274,149.333857599695,22.5459281771395));
#11654=CARTESIAN_POINT('Ctrl Pts',(221.449871570606,150.114599190622,22.1322976627599));
#11655=CARTESIAN_POINT('Ctrl Pts',(222.15323737272,150.482244487344,21.9004599948897));
#11656=CARTESIAN_POINT('Ctrl Pts',(222.643189037332,150.596576623888,21.6649669893586));
#11657=CARTESIAN_POINT('Origin',(214.075067489743,87.0537032031074,99.55));
#11658=CARTESIAN_POINT('',(222.075067489743,98.5117375536056,86.677041228294));
#11659=CARTESIAN_POINT('Origin',(214.075067489743,87.0537032031074,99.55));
#11660=CARTESIAN_POINT('Origin',(222.075067489743,92.5360150826457,81.3581371165371));
#11661=CARTESIAN_POINT('',(214.075067489743,92.5360150826457,81.3581371165371));
#11662=CARTESIAN_POINT('Origin',(222.075067489743,83.4643853908798,91.55));
#11663=CARTESIAN_POINT('Origin',(223.324934894443,147.67506629765,18.05));
#11664=CARTESIAN_POINT('',(220.324934894443,147.67506629765,18.05));
#11665=CARTESIAN_POINT('Origin',(223.324934894443,147.67506629765,18.05));
#11666=CARTESIAN_POINT('',(220.324934894443,147.67506629765,18.05));
#11667=CARTESIAN_POINT('Origin',(386.675067489743,147.67506629765,18.05));
#11668=CARTESIAN_POINT('',(388.275067489743,147.67506629765,18.05));
#11669=CARTESIAN_POINT('Origin',(386.675067489743,147.67506629765,18.05));
#11670=CARTESIAN_POINT('Origin',(223.324934894443,147.67506629765,18.05));
#11671=CARTESIAN_POINT('',(224.924934894443,147.67506629765,18.05));
#11672=CARTESIAN_POINT('Origin',(223.324934894443,147.67506629765,18.05));
#11673=CARTESIAN_POINT('Origin',(223.324934894443,147.67506629765,16.05));
#11674=CARTESIAN_POINT('',(224.924934894443,147.67506629765,16.05));
#11675=CARTESIAN_POINT('Origin',(216.074934894443,140.42506629765,16.05));
#11676=CARTESIAN_POINT('',(222.074934894443,140.42506629765,36.5798003663031));
#11677=CARTESIAN_POINT('',(215.075001192093,140.42506629765,36.5798003663031));
#11678=CARTESIAN_POINT('',(216.074934894443,140.42506629765,27.5553849996299));
#11679=CARTESIAN_POINT('Origin',(222.074934894443,140.42506629765,27.5553849996299));
#11680=CARTESIAN_POINT('',(216.074934894443,140.42506629765,16.05));
#11681=CARTESIAN_POINT('Origin',(214.075067489743,84.3762026870183,99.55));
#11682=CARTESIAN_POINT('',(387.925067489743,140.42506629765,36.5798003663031));
#11683=CARTESIAN_POINT('',(296.750067489743,140.42506629765,36.5798003663031));
#11684=CARTESIAN_POINT('',(387.925067489743,87.9461772440997,95.5391780838177));
#11685=CARTESIAN_POINT('',(387.925067489743,96.4260219866911,86.0121782143244));
#11686=CARTESIAN_POINT('',(222.074934894443,87.9461772440997,95.5391780838177));
#11687=CARTESIAN_POINT('',(259.537567489743,87.9461772440997,95.5391780838177));
#11688=CARTESIAN_POINT('',(222.074934894443,120.703298330187,58.7369608516231));
#11689=CARTESIAN_POINT('Origin',(216.074934894443,154.92506629765,16.05));
#11690=CARTESIAN_POINT('',(216.074934894443,27.0537032031073,57.8));
#11691=CARTESIAN_POINT('',(216.074934894443,116.221506476967,54.7477827678055));
#11692=CARTESIAN_POINT('Origin',(386.675067489743,147.67506629765,16.05));
#11693=CARTESIAN_POINT('',(388.275067489743,147.67506629765,16.05));
#11694=CARTESIAN_POINT('Origin',(379.425067489743,140.42506629765,16.05));
#11695=CARTESIAN_POINT('Origin',(387.925067489743,140.42506629765,27.5553849996299));
#11696=CARTESIAN_POINT('Origin',(387.925067489743,91.9442301334711,82.0230001305068));
#11697=CARTESIAN_POINT('Origin',(387.925067489743,83.4643853908798,91.55));
#11698=CARTESIAN_POINT('Origin',(370.000002235174,40.0000005960464,99.55));
#11699=CARTESIAN_POINT('',(375.500002235174,40.0000005960464,99.55));
#11700=CARTESIAN_POINT('Origin',(387.925067489743,83.4643853908798,91.55));
#11701=CARTESIAN_POINT('Origin',(387.925067489743,83.4643853908798,91.55));
#11702=CARTESIAN_POINT('Origin',(222.075067489743,83.4643853908798,91.55));
#11703=CARTESIAN_POINT('Origin',(222.075067489743,83.4643853908798,91.55));
#11704=CARTESIAN_POINT('Origin',(259.537567489743,83.4643853908798,91.55));
#11705=CARTESIAN_POINT('Origin',(216.075067489743,156.925417427118,16.05));
#11706=CARTESIAN_POINT('Origin',(305.000067489743,27.0537032031073,99.55));
#11707=CARTESIAN_POINT('Origin',(222.074934894443,83.4643853908798,91.55));
#11708=CARTESIAN_POINT('Origin',(222.074934894443,83.4643853908798,91.55));
#11709=CARTESIAN_POINT('Origin',(222.074934894443,83.4643853908798,91.55));
#11710=CARTESIAN_POINT('Origin',(387.925067489743,83.4643853908798,91.55));
#11711=CARTESIAN_POINT('Origin',(387.925067489743,83.4643853908798,91.55));
#11712=CARTESIAN_POINT('Origin',(259.537567489743,83.4643853908798,91.55));
#11713=CARTESIAN_POINT('Origin',(222.074934894443,116.221506476967,54.7477827678055));
#11714=CARTESIAN_POINT('Origin',(214.075067489743,91.9893847503787,57.8));
#11715=CARTESIAN_POINT('',(214.075067489743,27.0537032031073,16.05));
#11716=CARTESIAN_POINT('Origin',(305.000067489743,27.0537032031073,99.55));
#11717=CARTESIAN_POINT('Origin',(269.575000596047,30.3537032031073,96.05));
#11718=CARTESIAN_POINT('',(234.35,28.8537032031073,94.55));
#11719=CARTESIAN_POINT('',(234.35,31.8537032031074,97.55));
#11720=CARTESIAN_POINT('',(234.35,32.4652774023305,98.1615741992232));
#11721=CARTESIAN_POINT('',(247.65,31.8537032031074,97.55));
#11722=CARTESIAN_POINT('',(269.575000596047,31.8537032031074,97.55));
#11723=CARTESIAN_POINT('',(247.65,28.8537032031073,94.55));
#11724=CARTESIAN_POINT('',(247.65,31.9652774023305,97.6615741992232));
#11725=CARTESIAN_POINT('',(269.575000596047,28.8537032031073,94.55));
#11726=CARTESIAN_POINT('Origin',(234.15,35.3,97.55));
#11727=CARTESIAN_POINT('',(234.35,35.3,97.55));
#11728=CARTESIAN_POINT('',(234.35,35.3,97.55));
#11729=CARTESIAN_POINT('',(247.65,35.3,97.55));
#11730=CARTESIAN_POINT('',(276.425033744872,35.3,97.55));
#11731=CARTESIAN_POINT('',(247.65,35.3,97.55));
#11732=CARTESIAN_POINT('Origin',(278.625000596047,30.3537032031073,96.05));
#11733=CARTESIAN_POINT('',(252.45,28.8537032031073,94.55));
#11734=CARTESIAN_POINT('',(252.45,31.8537032031074,97.55));
#11735=CARTESIAN_POINT('',(252.45,32.5152774023305,98.2115741992232));
#11736=CARTESIAN_POINT('',(265.55,31.8537032031074,97.55));
#11737=CARTESIAN_POINT('',(278.625000596047,31.8537032031074,97.55));
#11738=CARTESIAN_POINT('',(265.55,28.8537032031073,94.55));
#11739=CARTESIAN_POINT('',(265.55,32.0152774023305,97.7115741992232));
#11740=CARTESIAN_POINT('',(278.625000596047,28.8537032031073,94.55));
#11741=CARTESIAN_POINT('Origin',(252.25,35.5,97.55));
#11742=CARTESIAN_POINT('',(252.45,36.5,97.55));
#11743=CARTESIAN_POINT('',(252.45,35.5,97.55));
#11744=CARTESIAN_POINT('',(265.55,36.5,97.55));
#11745=CARTESIAN_POINT('',(285.375033744872,36.5,97.55));
#11746=CARTESIAN_POINT('',(265.55,35.5,97.55));
#11747=CARTESIAN_POINT('Origin',(287.300000596047,30.3537032031073,96.05));
#11748=CARTESIAN_POINT('',(269.8,28.8537032031073,94.55));
#11749=CARTESIAN_POINT('',(269.8,31.8537032031074,97.55));
#11750=CARTESIAN_POINT('',(269.8,32.4700374589507,98.1663342558434));
#11751=CARTESIAN_POINT('',(285.7,31.8537032031074,97.55));
#11752=CARTESIAN_POINT('',(287.300000596047,31.8537032031074,97.55));
#11753=CARTESIAN_POINT('',(285.7,28.8537032031073,94.55));
#11754=CARTESIAN_POINT('',(285.7,31.9700374589507,97.6663342558434));
#11755=CARTESIAN_POINT('',(287.300000596047,28.8537032031073,94.55));
#11756=CARTESIAN_POINT('Origin',(269.6,35.3190402264807,97.55));
#11757=CARTESIAN_POINT('',(269.8,35.3190402264807,97.55));
#11758=CARTESIAN_POINT('',(269.8,35.3190402264807,97.55));
#11759=CARTESIAN_POINT('',(285.7,35.3190402264807,97.55));
#11760=CARTESIAN_POINT('',(295.450033744872,35.3190402264807,97.55));
#11761=CARTESIAN_POINT('',(285.7,35.3190402264807,97.55));
#11762=CARTESIAN_POINT('Origin',(222.075067489743,28.8537032031073,99.55));
#11763=CARTESIAN_POINT('',(265.55,28.8537032031073,99.55));
#11764=CARTESIAN_POINT('',(269.8,28.8537032031073,99.55));
#11765=CARTESIAN_POINT('',(263.537534340918,28.8537032031073,99.55));
#11766=CARTESIAN_POINT('',(265.55,36.5,99.55));
#11767=CARTESIAN_POINT('',(265.55,35.5,99.55));
#11768=CARTESIAN_POINT('',(252.45,36.5,99.55));
#11769=CARTESIAN_POINT('',(285.375033744872,36.5,99.55));
#11770=CARTESIAN_POINT('',(252.45,28.8537032031073,99.55));
#11771=CARTESIAN_POINT('',(252.45,35.5,99.55));
#11772=CARTESIAN_POINT('',(247.65,28.8537032031073,99.55));
#11773=CARTESIAN_POINT('',(263.537534340918,28.8537032031073,99.55));
#11774=CARTESIAN_POINT('',(247.65,35.3,99.55));
#11775=CARTESIAN_POINT('',(247.65,35.3,99.55));
#11776=CARTESIAN_POINT('',(234.35,35.3,99.55));
#11777=CARTESIAN_POINT('',(276.425033744872,35.3,99.55));
#11778=CARTESIAN_POINT('',(234.35,28.8537032031073,99.55));
#11779=CARTESIAN_POINT('',(234.35,35.3,99.55));
#11780=CARTESIAN_POINT('',(222.075067489743,28.8537032031073,99.55));
#11781=CARTESIAN_POINT('',(263.537534340918,28.8537032031073,99.55));
#11782=CARTESIAN_POINT('',(222.075067489743,27.0537032031073,99.55));
#11783=CARTESIAN_POINT('',(222.075067489743,28.8537032031073,99.55));
#11784=CARTESIAN_POINT('',(387.925067489743,27.0537032031073,99.55));
#11785=CARTESIAN_POINT('',(263.537534340918,27.0537032031073,99.55));
#11786=CARTESIAN_POINT('',(387.925067489743,28.8537032031073,99.55));
#11787=CARTESIAN_POINT('',(387.925067489743,28.8537032031073,99.55));
#11788=CARTESIAN_POINT('',(285.7,28.8537032031073,99.55));
#11789=CARTESIAN_POINT('',(263.537534340918,28.8537032031073,99.55));
#11790=CARTESIAN_POINT('',(285.7,35.3190402264807,99.55));
#11791=CARTESIAN_POINT('',(285.7,35.3190402264807,99.55));
#11792=CARTESIAN_POINT('',(269.8,35.3190402264807,99.55));
#11793=CARTESIAN_POINT('',(295.450033744872,35.3190402264807,99.55));
#11794=CARTESIAN_POINT('',(269.8,35.3190402264807,99.55));
#11795=CARTESIAN_POINT('Origin',(235.5,33.6037032031074,73.0000000000008));
#11796=CARTESIAN_POINT('',(237.6,33.8537032031074,73.0000000000008));
#11797=CARTESIAN_POINT('Origin',(235.5,33.8537032031074,73.0000000000008));
#11798=CARTESIAN_POINT('',(237.1,33.3537032031074,73.0000000000008));
#11799=CARTESIAN_POINT('',(237.35,33.6037032031074,73.0000000000008));
#11800=CARTESIAN_POINT('Origin',(235.5,33.3537032031074,73.0000000000008));
#11801=CARTESIAN_POINT('Origin',(235.5,33.8537032031074,44.0000000000008));
#11802=CARTESIAN_POINT('',(237.999999999999,33.8537032031074,15.0000002235174));
#11803=CARTESIAN_POINT('',(238.,33.8537032031074,73.0000000000008));
#11804=CARTESIAN_POINT('',(238.,33.8537032031074,58.5000000000007));
#11805=CARTESIAN_POINT('',(232.999999999999,33.8537032031074,15.0000001862646));
#11806=CARTESIAN_POINT('Origin',(235.499999999999,33.8537032031074,15.0000000000007));
#11807=CARTESIAN_POINT('',(233.,33.8537032031074,73.0000000000008));
#11808=CARTESIAN_POINT('',(233.,33.8537032031074,29.5000001117591));
#11809=CARTESIAN_POINT('Origin',(235.5,33.8537032031074,73.0000000000008));
#11810=CARTESIAN_POINT('',(237.599999999999,33.8537032031074,15.0000000000007));
#11811=CARTESIAN_POINT('Origin',(235.499999999999,33.8537032031074,15.0000000000007));
#11812=CARTESIAN_POINT('Origin',(235.5,28.8537032031073,73.0000000000008));
#11813=CARTESIAN_POINT('',(237.1,27.0537032031073,73.0000000000008));
#11814=CARTESIAN_POINT('',(237.1,28.8537032031073,73.0000000000008));
#11815=CARTESIAN_POINT('Origin',(235.5,27.0537032031073,73.0000000000008));
#11816=CARTESIAN_POINT('Origin',(235.499999999999,33.6037032031074,15.0000000000007));
#11817=CARTESIAN_POINT('',(237.099999999999,33.3537032031074,15.0000000000007));
#11818=CARTESIAN_POINT('',(237.349999999999,33.6037032031074,15.0000000000007));
#11819=CARTESIAN_POINT('Origin',(235.499999999999,33.3537032031074,15.0000000000007));
#11820=CARTESIAN_POINT('Origin',(235.499999999999,28.8537032031073,15.0000000000007));
#11821=CARTESIAN_POINT('',(237.099999999999,27.0537032031073,15.0000000000007));
#11822=CARTESIAN_POINT('',(237.099999999999,28.8537032031073,15.0000000000007));
#11823=CARTESIAN_POINT('Origin',(235.499999999999,27.0537032031073,15.0000000000007));
#11824=CARTESIAN_POINT('Origin',(284.499999999999,33.6037032031074,15.0000000000002));
#11825=CARTESIAN_POINT('',(286.999999999999,33.8537032031074,15.0000000000002));
#11826=CARTESIAN_POINT('Origin',(284.499999999999,33.8537032031074,15.0000000000002));
#11827=CARTESIAN_POINT('',(287.499999999999,33.3537032031074,15.0000000000002));
#11828=CARTESIAN_POINT('',(287.249999999999,33.6037032031074,15.0000000000002));
#11829=CARTESIAN_POINT('Origin',(284.499999999999,33.3537032031074,15.0000000000002));
#11830=CARTESIAN_POINT('Origin',(284.499999999999,33.8537032031074,15.0000000000002));
#11831=CARTESIAN_POINT('',(286.599999999999,33.8537032031074,15.0000000000002));
#11832=CARTESIAN_POINT('Origin',(284.499999999999,33.8537032031074,15.0000000000002));
#11833=CARTESIAN_POINT('Origin',(284.499999999999,28.8537032031073,15.0000000000002));
#11834=CARTESIAN_POINT('',(287.499999999999,29.3537032031073,15.0000000000002));
#11835=CARTESIAN_POINT('',(287.499999999999,28.8537032031073,15.0000000000002));
#11836=CARTESIAN_POINT('Origin',(284.499999999999,29.3537032031073,15.0000000000002));
#11837=CARTESIAN_POINT('Origin',(284.5,33.6037032031074,73.0000000000002));
#11838=CARTESIAN_POINT('',(287.,33.8537032031074,73.0000000000002));
#11839=CARTESIAN_POINT('Origin',(284.5,33.8537032031074,73.0000000000002));
#11840=CARTESIAN_POINT('',(287.5,33.3537032031074,73.0000000000002));
#11841=CARTESIAN_POINT('',(287.25,33.6037032031074,73.0000000000002));
#11842=CARTESIAN_POINT('Origin',(284.5,33.3537032031074,73.0000000000002));
#11843=CARTESIAN_POINT('Origin',(284.5,33.8537032031074,73.0000000000002));
#11844=CARTESIAN_POINT('',(286.6,33.8537032031074,73.0000000000002));
#11845=CARTESIAN_POINT('Origin',(284.5,33.8537032031074,73.0000000000002));
#11846=CARTESIAN_POINT('Origin',(284.5,28.8537032031073,73.0000000000002));
#11847=CARTESIAN_POINT('',(287.5,29.3537032031073,73.0000000000002));
#11848=CARTESIAN_POINT('',(287.5,28.8537032031073,73.0000000000002));
#11849=CARTESIAN_POINT('Origin',(284.5,29.3537032031073,73.0000000000002));
#11850=CARTESIAN_POINT('Origin',(284.499999999999,33.6037032031074,15.0000000000002));
#11851=CARTESIAN_POINT('',(286.099999999999,33.3537032031074,15.0000000000002));
#11852=CARTESIAN_POINT('',(286.349999999999,33.6037032031074,15.0000000000002));
#11853=CARTESIAN_POINT('Origin',(284.499999999999,33.3537032031074,15.0000000000002));
#11854=CARTESIAN_POINT('Origin',(284.499999999999,28.8537032031073,15.0000000000002));
#11855=CARTESIAN_POINT('',(286.099999999999,27.0537032031073,15.0000000000002));
#11856=CARTESIAN_POINT('',(286.099999999999,28.8537032031073,15.0000000000002));
#11857=CARTESIAN_POINT('Origin',(284.499999999999,27.0537032031073,15.0000000000002));
#11858=CARTESIAN_POINT('Origin',(284.5,33.6037032031074,73.0000000000002));
#11859=CARTESIAN_POINT('',(286.1,33.3537032031074,73.0000000000002));
#11860=CARTESIAN_POINT('',(286.35,33.6037032031074,73.0000000000002));
#11861=CARTESIAN_POINT('Origin',(284.5,33.3537032031074,73.0000000000002));
#11862=CARTESIAN_POINT('Origin',(284.5,28.8537032031073,73.0000000000002));
#11863=CARTESIAN_POINT('',(286.1,27.0537032031073,73.0000000000002));
#11864=CARTESIAN_POINT('',(286.1,28.8537032031073,73.0000000000002));
#11865=CARTESIAN_POINT('Origin',(284.5,27.0537032031073,73.0000000000002));
#11866=CARTESIAN_POINT('Origin',(284.499999999999,29.1037032031073,15.0000000000002));
#11867=CARTESIAN_POINT('',(287.999999999999,28.8537032031073,15.0000000000002));
#11868=CARTESIAN_POINT('Origin',(284.499999999999,28.8537032031073,15.0000000000002));
#11869=CARTESIAN_POINT('',(287.749999999999,29.1037032031073,15.0000000000002));
#11870=CARTESIAN_POINT('Origin',(284.5,29.1037032031073,73.0000000000002));
#11871=CARTESIAN_POINT('',(288.,28.8537032031073,73.0000000000002));
#11872=CARTESIAN_POINT('Origin',(284.5,28.8537032031073,73.0000000000002));
#11873=CARTESIAN_POINT('',(287.75,29.1037032031073,73.0000000000002));
#11874=CARTESIAN_POINT('Origin',(238.75,29.1037032031073,62.0623357963382));
#11875=CARTESIAN_POINT('',(238.5,29.3537032031073,73.0000000000008));
#11876=CARTESIAN_POINT('',(239.,28.8537032031073,73.0000000000008));
#11877=CARTESIAN_POINT('',(238.5,29.3537032031073,73.0000000000008));
#11878=CARTESIAN_POINT('',(238.999999999999,28.8537032031073,15.0000002235174));
#11879=CARTESIAN_POINT('',(239.,28.8537032031073,62.0623357963382));
#11880=CARTESIAN_POINT('',(238.499999999999,29.3537032031073,15.0000002235174));
#11881=CARTESIAN_POINT('',(238.999999999999,28.8537032031073,15.0000002235174));
#11882=CARTESIAN_POINT('',(238.5,29.3537032031073,62.0623357963382));
#11883=CARTESIAN_POINT('Origin',(235.5,29.1037032031073,73.0000000000008));
#11884=CARTESIAN_POINT('',(232.5,29.3537032031073,73.0000000000008));
#11885=CARTESIAN_POINT('',(232.,28.8537032031073,73.0000000000008));
#11886=CARTESIAN_POINT('',(232.5,29.3537032031073,73.0000000000008));
#11887=CARTESIAN_POINT('Origin',(235.5,28.8537032031073,73.0000000000008));
#11888=CARTESIAN_POINT('Origin',(235.5,29.3537032031073,73.0000000000008));
#11889=CARTESIAN_POINT('Origin',(232.25,29.1037032031073,33.0623359080965));
#11890=CARTESIAN_POINT('',(232.499999999999,29.3537032031073,15.0000002235174));
#11891=CARTESIAN_POINT('',(231.999999999999,28.8537032031073,15.0000002235174));
#11892=CARTESIAN_POINT('',(232.499999999999,29.3537032031073,15.0000002235174));
#11893=CARTESIAN_POINT('',(232.,28.8537032031073,33.0623359080965));
#11894=CARTESIAN_POINT('',(232.499999999999,29.3537032031073,33.0623359080965));
#11895=CARTESIAN_POINT('Origin',(235.499999999999,29.1037032031073,15.0000000000007));
#11896=CARTESIAN_POINT('Origin',(235.499999999999,28.8537032031073,15.0000000000007));
#11897=CARTESIAN_POINT('Origin',(235.499999999999,29.3537032031073,15.0000000000007));
#11898=CARTESIAN_POINT('Origin',(235.5,28.8537032031073,73.0000000000008));
#11899=CARTESIAN_POINT('',(238.5,33.3537032031074,73.0000000000008));
#11900=CARTESIAN_POINT('',(238.5,28.8537032031073,73.0000000000008));
#11901=CARTESIAN_POINT('',(232.5,33.3537032031074,73.0000000000008));
#11902=CARTESIAN_POINT('Origin',(235.5,33.3537032031074,73.0000000000008));
#11903=CARTESIAN_POINT('',(232.5,28.8537032031073,73.0000000000008));
#11904=CARTESIAN_POINT('Origin',(238.5,28.8537032031073,73.0000000000008));
#11905=CARTESIAN_POINT('',(238.499999999999,33.3537032031074,15.0000002235174));
#11906=CARTESIAN_POINT('',(238.499999999999,28.8537032031073,15.0000002235174));
#11907=CARTESIAN_POINT('',(238.5,33.3537032031074,58.5000000000007));
#11908=CARTESIAN_POINT('Origin',(238.25,33.6037032031074,58.5000000000007));
#11909=CARTESIAN_POINT('',(238.499999999999,33.3537032031074,15.0000002235174));
#11910=CARTESIAN_POINT('',(238.,33.8537032031074,73.0000000000008));
#11911=CARTESIAN_POINT('Origin',(235.499999999999,33.6037032031074,15.0000000000007));
#11912=CARTESIAN_POINT('',(232.499999999999,33.3537032031074,15.0000002235174));
#11913=CARTESIAN_POINT('',(232.499999999999,33.3537032031074,15.0000002235174));
#11914=CARTESIAN_POINT('Origin',(235.499999999999,33.3537032031074,15.0000000000007));
#11915=CARTESIAN_POINT('Origin',(232.749999999999,33.6037032031074,29.5000001117591));
#11916=CARTESIAN_POINT('',(232.5,33.3537032031074,73.0000000000008));
#11917=CARTESIAN_POINT('',(232.499999999999,33.3537032031074,29.5000001117591));
#11918=CARTESIAN_POINT('Origin',(235.5,33.6037032031074,73.0000000000008));
#11919=CARTESIAN_POINT('Origin',(235.499999999999,28.8537032031073,15.0000000000007));
#11920=CARTESIAN_POINT('',(232.499999999999,28.8537032031073,15.0000002235174));
#11921=CARTESIAN_POINT('Origin',(232.499999999999,28.8537032031073,15.0000002235174));
#11922=CARTESIAN_POINT('Origin',(305.000001192093,28.8537032031073,51.1246715926748));
#11923=CARTESIAN_POINT('',(247.65,28.8537032031073,74.3373357963374));
#11924=CARTESIAN_POINT('',(252.45,28.8537032031073,75.3373357963374));
#11925=CARTESIAN_POINT('',(265.55,28.8537032031073,74.3373357963374));
#11926=CARTESIAN_POINT('',(269.8,28.8537032031073,75.3373357963374));
#11927=CARTESIAN_POINT('',(285.7,28.8537032031073,74.3373357963374));
#11928=CARTESIAN_POINT('',(393.725067489743,28.8537032031073,96.9653619241621));
#11929=CARTESIAN_POINT('Origin',(387.925067489743,28.8537032031073,91.75));
#11930=CARTESIAN_POINT('',(393.725067489743,28.8537032031073,1.95));
#11931=CARTESIAN_POINT('',(393.725067489743,28.8537032031073,75.8120073890122));
#11932=CARTESIAN_POINT('',(216.274934894443,28.8537032031073,1.95));
#11933=CARTESIAN_POINT('',(349.462534340918,28.8537032031073,1.95));
#11934=CARTESIAN_POINT('',(216.274934894443,28.8537032031073,96.9652144612603));
#11935=CARTESIAN_POINT('',(216.274934894443,28.8537032031073,26.4373357963374));
#11936=CARTESIAN_POINT('Origin',(222.075067489743,28.8537032031073,91.75));
#11937=CARTESIAN_POINT('',(234.35,28.8537032031073,75.3373357963374));
#11938=CARTESIAN_POINT('',(222.975067489743,28.8537032031073,92.3));
#11939=CARTESIAN_POINT('Origin',(221.325067489743,28.8537032031073,92.3));
#11940=CARTESIAN_POINT('',(224.974934894443,28.8537032031073,9.));
#11941=CARTESIAN_POINT('Origin',(223.324934894443,28.8537032031073,9.));
#11942=CARTESIAN_POINT('',(390.325130523683,28.8537032031073,92.3007275353868));
#11943=CARTESIAN_POINT('Origin',(388.675130523683,28.8537032031073,92.3007275353868));
#11944=CARTESIAN_POINT('',(388.325067489743,28.8537032031073,9.));
#11945=CARTESIAN_POINT('Origin',(386.675067489743,28.8537032031073,9.));
#11946=CARTESIAN_POINT('',(388.325067489743,28.8537032031073,29.));
#11947=CARTESIAN_POINT('Origin',(386.675067489743,28.8537032031073,29.));
#11948=CARTESIAN_POINT('',(224.974934894443,28.8537032031073,29.));
#11949=CARTESIAN_POINT('Origin',(223.324934894443,28.8537032031073,29.));
#11950=CARTESIAN_POINT('Origin',(305.000001192093,27.0537032031073,51.1246715926748));
#11951=CARTESIAN_POINT('',(393.725067489743,27.0537032031073,96.9653619241621));
#11952=CARTESIAN_POINT('Origin',(387.925067489743,27.0537032031073,91.75));
#11953=CARTESIAN_POINT('',(216.274934894443,27.0537032031073,96.9652144612603));
#11954=CARTESIAN_POINT('Origin',(222.075067489743,27.0537032031073,91.75));
#11955=CARTESIAN_POINT('',(216.274934894443,27.0537032031073,1.95));
#11956=CARTESIAN_POINT('',(216.274934894443,27.0537032031073,26.4373357963374));
#11957=CARTESIAN_POINT('',(393.725067489743,27.0537032031073,1.95));
#11958=CARTESIAN_POINT('',(349.462534340918,27.0537032031073,1.95));
#11959=CARTESIAN_POINT('',(393.725067489743,27.0537032031073,75.8120073890122));
#11960=CARTESIAN_POINT('',(226.474934894443,27.0537032031073,29.));
#11961=CARTESIAN_POINT('Origin',(223.324934894443,27.0537032031073,29.));
#11962=CARTESIAN_POINT('',(389.825067489743,27.0537032031073,29.));
#11963=CARTESIAN_POINT('Origin',(386.675067489743,27.0537032031073,29.));
#11964=CARTESIAN_POINT('',(226.474934894443,27.0537032031073,9.));
#11965=CARTESIAN_POINT('Origin',(223.324934894443,27.0537032031073,9.));
#11966=CARTESIAN_POINT('',(391.825130523683,27.0537032031073,92.3007275353868));
#11967=CARTESIAN_POINT('Origin',(388.675130523683,27.0537032031073,92.3007275353868));
#11968=CARTESIAN_POINT('',(389.825067489743,27.0537032031073,9.));
#11969=CARTESIAN_POINT('Origin',(386.675067489743,27.0537032031073,9.));
#11970=CARTESIAN_POINT('',(224.475067489743,27.0537032031073,92.3));
#11971=CARTESIAN_POINT('Origin',(221.325067489743,27.0537032031073,92.3));
#11972=CARTESIAN_POINT('Origin',(221.325067489743,27.8037032031073,92.3));
#11973=CARTESIAN_POINT('',(222.975067489743,28.5537032031073,92.3));
#11974=CARTESIAN_POINT('',(223.725067489743,27.8037032031073,92.3));
#11975=CARTESIAN_POINT('Origin',(221.325067489743,28.5537032031073,92.3));
#11976=CARTESIAN_POINT('Origin',(221.325067489743,28.8537032031073,92.3));
#11977=CARTESIAN_POINT('',(222.975067489743,28.8537032031073,92.3));
#11978=CARTESIAN_POINT('Origin',(223.324934894443,27.8037032031073,9.));
#11979=CARTESIAN_POINT('',(224.974934894443,28.5537032031073,9.));
#11980=CARTESIAN_POINT('',(225.724934894443,27.8037032031073,9.));
#11981=CARTESIAN_POINT('Origin',(223.324934894443,28.5537032031073,9.));
#11982=CARTESIAN_POINT('Origin',(223.324934894443,28.8537032031073,9.));
#11983=CARTESIAN_POINT('',(224.974934894443,28.8537032031073,9.));
#11984=CARTESIAN_POINT('Origin',(386.675067489743,27.8037032031073,9.));
#11985=CARTESIAN_POINT('',(388.325067489743,28.5537032031073,9.));
#11986=CARTESIAN_POINT('',(389.075067489743,27.8037032031073,9.));
#11987=CARTESIAN_POINT('Origin',(386.675067489743,28.5537032031073,9.));
#11988=CARTESIAN_POINT('Origin',(386.675067489743,28.8537032031073,9.));
#11989=CARTESIAN_POINT('',(388.325067489743,28.8537032031073,9.));
#11990=CARTESIAN_POINT('Origin',(388.675130523683,27.8037032031073,92.3007275353868));
#11991=CARTESIAN_POINT('',(390.325130523683,28.5537032031073,92.3007275353868));
#11992=CARTESIAN_POINT('',(391.075130523683,27.8037032031073,92.3007275353868));
#11993=CARTESIAN_POINT('Origin',(388.675130523683,28.5537032031073,92.3007275353868));
#11994=CARTESIAN_POINT('Origin',(388.675130523683,28.8537032031073,92.3007275353868));
#11995=CARTESIAN_POINT('',(390.325130523683,28.8537032031073,92.3007275353868));
#11996=CARTESIAN_POINT('Origin',(387.925067489743,28.8537032031073,91.75));
#11997=CARTESIAN_POINT('',(393.725067489743,28.8537032031073,96.965361924162));
#11998=CARTESIAN_POINT('Origin',(222.075067489743,28.8537032031073,91.75));
#11999=CARTESIAN_POINT('',(216.274934894443,28.8537032031073,96.9652144612603));
#12000=CARTESIAN_POINT('Origin',(393.725067489743,27.0537032031073,100.49934318535));
#12001=CARTESIAN_POINT('',(393.725067489743,27.0537032031073,1.95));
#12002=CARTESIAN_POINT('Origin',(216.274934894443,27.0537032031073,1.75000000000001));
#12003=CARTESIAN_POINT('',(216.274934894443,27.0537032031073,1.95));
#12004=CARTESIAN_POINT('Origin',(393.925067489743,27.0537032031073,1.95));
#12005=CARTESIAN_POINT('Origin',(386.675067489743,27.8037032031073,29.));
#12006=CARTESIAN_POINT('',(388.325067489743,28.5537032031073,29.));
#12007=CARTESIAN_POINT('',(389.075067489743,27.8037032031073,29.));
#12008=CARTESIAN_POINT('Origin',(386.675067489743,28.5537032031073,29.));
#12009=CARTESIAN_POINT('Origin',(386.675067489743,28.8537032031073,29.));
#12010=CARTESIAN_POINT('',(388.325067489743,28.8537032031073,29.));
#12011=CARTESIAN_POINT('Origin',(223.324934894443,27.8037032031073,29.));
#12012=CARTESIAN_POINT('',(224.974934894443,28.5537032031073,29.));
#12013=CARTESIAN_POINT('',(225.724934894443,27.8037032031073,29.));
#12014=CARTESIAN_POINT('Origin',(223.324934894443,28.5537032031073,29.));
#12015=CARTESIAN_POINT('Origin',(223.324934894443,28.8537032031073,29.));
#12016=CARTESIAN_POINT('',(224.974934894443,28.8537032031073,29.));
#12017=CARTESIAN_POINT('Origin',(234.35,35.3,99.55));
#12018=CARTESIAN_POINT('',(234.35,35.3,99.05));
#12019=CARTESIAN_POINT('Origin',(247.65,35.3,97.55));
#12020=CARTESIAN_POINT('',(247.65,35.3,98.05));
#12021=CARTESIAN_POINT('Origin',(241.,35.3,98.55));
#12022=CARTESIAN_POINT('Origin',(259.,36.5,98.55));
#12023=CARTESIAN_POINT('',(252.45,36.5,99.05));
#12024=CARTESIAN_POINT('',(265.55,36.5,98.05));
#12025=CARTESIAN_POINT('Origin',(252.45,35.5,99.55));
#12026=CARTESIAN_POINT('Origin',(265.55,35.5,97.55));
#12027=CARTESIAN_POINT('Origin',(269.8,35.3190402264807,99.55));
#12028=CARTESIAN_POINT('',(269.8,35.3190402264807,99.05));
#12029=CARTESIAN_POINT('Origin',(285.7,35.3190402264807,97.55));
#12030=CARTESIAN_POINT('',(285.7,35.3190402264807,98.05));
#12031=CARTESIAN_POINT('Origin',(277.75,35.3190402264807,98.55));
#12032=UNCERTAINTY_MEASURE_WITH_UNIT(LENGTH_MEASURE(0.01),#12036,
'DISTANCE_ACCURACY_VALUE',
'Maximum model space distance between geometric entities at asserted c
onnectivities');
#12033=UNCERTAINTY_MEASURE_WITH_UNIT(LENGTH_MEASURE(0.01),#12036,
'DISTANCE_ACCURACY_VALUE',
'Maximum model space distance between geometric entities at asserted c
onnectivities');
#12034=(
GEOMETRIC_REPRESENTATION_CONTEXT(3)
GLOBAL_UNCERTAINTY_ASSIGNED_CONTEXT((#12032))
GLOBAL_UNIT_ASSIGNED_CONTEXT((#12036,#12038,#12039))
REPRESENTATION_CONTEXT('','3D')
);
#12035=(
GEOMETRIC_REPRESENTATION_CONTEXT(3)
GLOBAL_UNCERTAINTY_ASSIGNED_CONTEXT((#12033))
GLOBAL_UNIT_ASSIGNED_CONTEXT((#12036,#12038,#12039))
REPRESENTATION_CONTEXT('','3D')
);
#12036=(
LENGTH_UNIT()
NAMED_UNIT(*)
SI_UNIT(.MILLI.,.METRE.)
);
#12037=(
LENGTH_UNIT()
NAMED_UNIT(*)
SI_UNIT($,.METRE.)
);
#12038=(
NAMED_UNIT(*)
PLANE_ANGLE_UNIT()
SI_UNIT($,.RADIAN.)
);
#12039=(
NAMED_UNIT(*)
SI_UNIT($,.STERADIAN.)
SOLID_ANGLE_UNIT()
);
#12040=SHAPE_DEFINITION_REPRESENTATION(#12041,#12042);
#12041=PRODUCT_DEFINITION_SHAPE('',$,#12044);
#12042=SHAPE_REPRESENTATION('',(#6942),#12034);
#12043=PRODUCT_DEFINITION_CONTEXT('part definition',#12048,'design');
#12044=PRODUCT_DEFINITION('Whole Assembly (pi4)','Whole Assembly (pi4)',
#12045,#12043);
#12045=PRODUCT_DEFINITION_FORMATION('',$,#12050);
#12046=PRODUCT_RELATED_PRODUCT_CATEGORY('Whole Assembly (pi4)',
'Whole Assembly (pi4)',(#12050));
#12047=APPLICATION_PROTOCOL_DEFINITION('international standard',
'automotive_design',2009,#12048);
#12048=APPLICATION_CONTEXT(
'Core Data for Automotive Mechanical Design Process');
#12049=PRODUCT_CONTEXT('part definition',#12048,'mechanical');
#12050=PRODUCT('Whole Assembly (pi4)','Whole Assembly (pi4)',$,(#12049));
#12051=PRESENTATION_STYLE_ASSIGNMENT((#12052));
#12052=SURFACE_STYLE_USAGE(.BOTH.,#12053);
#12053=SURFACE_SIDE_STYLE('',(#12054));
#12054=SURFACE_STYLE_FILL_AREA(#12055);
#12055=FILL_AREA_STYLE('ABS (White)',(#12056));
#12056=FILL_AREA_STYLE_COLOUR('ABS (White)',#12057);
#12057=COLOUR_RGB('ABS (White)',0.964705882352941,0.964705882352941,0.952941176470588);
ENDSEC;
END-ISO-10303-21;
